date,nav,shares,flow
2006-05-31,33.962259,31507053.0,
2006-06-01,34.308765,31507053.0,0.0
2006-06-02,34.305468,31507053.0,0.0
2006-06-05,33.591203,31507053.0,0.0
2006-06-06,33.448232,31507053.0,0.0
2006-06-07,33.150464,30757053.0,-24862848.0
2006-06-08,33.133327,30757053.0,0.0
2006-06-09,32.893526,30757053.0,0.0
2006-06-12,32.434869,29757053.0,-32434869.0
2006-06-13,32.302393,29757053.0,0.0
2006-06-14,32.628463,30107053.0,11419962.05
2006-06-15,33.383947,30107053.0,0.0
2006-06-16,33.24261,29357053.0,-24931957.5
2006-06-19,32.965132,29857053.0,16482565.999999998
2006-06-20,32.957696,31857053.0,65915392.0
2006-06-21,33.341439,32057053.0,6668287.8
2006-06-22,33.168701,32057053.0,0.0
2006-06-23,33.207958,32057053.0,0.0
2006-06-26,33.323743,32507053.0,14995684.35
2006-06-27,32.969728,32907053.0,13187891.200000001
2006-06-28,33.105344,33257053.0,11586870.4
2006-06-29,33.829377,33257053.0,0.0
2006-06-30,33.825192,33257053.0,0.0
2006-07-03,33.978751,31257053.0,-67957502.0
2006-07-05,33.707669,31257053.0,0.0
2006-07-06,33.757781,31257053.0,0.0
2006-07-07,33.23731,31257053.0,0.0
2006-07-10,33.343714,31257053.0,0.0
2006-07-11,33.437098,31257053.0,0.0
2006-07-12,33.086431,31257053.0,0.0
2006-07-13,32.483719,31257053.0,0.0
2006-07-14,31.983869,32257053.0,31983869.0
2006-07-17,31.873763,31757053.0,-15936881.5
2006-07-18,32.005922,31757053.0,0.0
2006-07-19,32.671123,31407053.0,-11434893.05
2006-07-20,32.034994,31407053.0,0.0
2006-07-21,31.71173,30507053.0,-28540557.0
2006-07-24,32.239896,30207053.0,-9671968.8
2006-07-25,32.133921,30207053.0,0.0
2006-07-26,31.677758,30157053.0,-1583887.9000000001
2006-07-27,31.653278,31007053.0,26905286.3
2006-07-28,32.041096,32357053.0,43255479.6
2006-07-31,31.880308,32957053.0,19128184.8
2006-08-01,31.677694,33307053.0,11087192.9
2006-08-02,31.868607,33357895.0,1620263.717094
2006-08-03,32.145636,33357895.0,0.0
2006-08-04,32.066823,34207895.0,27256799.55
2006-08-07,31.898658,34307895.0,3189865.8000000003
2006-08-08,31.622482,34307895.0,0.0
2006-08-09,31.17554,34207895.0,-3117554.0
2006-08-10,31.40129,34307895.0,3140129.0
2006-08-11,31.229071,34307895.0,0.0
2006-08-14,31.315832,34307895.0,0.0
2006-08-15,31.874731,33307895.0,-31874731.0
2006-08-16,32.584219,32807895.0,-16292109.499999998
2006-08-17,32.65428,33857895.0,34286994.0
2006-08-18,32.545608,34607895.0,24409206.0
2006-08-21,32.255414,34607895.0,0.0
2006-08-22,32.26448,34607895.0,0.0
2006-08-23,32.077407,34807895.0,6415481.4
2006-08-24,31.886546,34807895.0,0.0
2006-08-25,31.861797,34807895.0,0.0
2006-08-28,32.060985,34707895.0,-3206098.5
2006-08-29,32.090114,34407895.0,-9627034.2
2006-08-30,32.125033,33757895.0,-20881271.450000003
2006-08-31,32.226397,33357895.0,-12890558.799999999
2006-09-01,32.437107,33457895.0,3243710.6999999997
2006-09-05,32.527564,31457895.0,-65055128.0
2006-09-06,32.258145,31957895.0,16129072.5
2006-09-07,32.06112,31807895.0,-4809168.0
2006-09-08,32.128495,31807895.0,0.0
2006-09-11,32.188051,31807895.0,0.0
2006-09-12,32.512324,31807895.0,0.0
2006-09-13,32.868232,31507895.0,-9860469.6
2006-09-14,32.748231,32007895.0,16374115.499999998
2006-09-15,32.732915,30007895.0,-65465830.0
2006-09-18,32.808147,32957895.0,96784033.64999999
2006-09-19,32.693091,32957895.0,0.0
2006-09-20,32.844712,32757895.0,-6568942.4
2006-09-21,32.499035,32857895.0,3249903.5
2006-09-22,32.406305,32757895.0,-3240630.5000000005
2006-09-25,32.771104,31907895.0,-27855438.400000002
2006-09-26,33.257163,31507895.0,-13302865.2
2006-09-27,33.330193,32107895.0,19998115.8
2006-09-28,33.49802,32859119.0,25164516.576479997
2006-09-29,33.351436,32859119.0,0.0
2006-10-02,33.457038,32859119.0,0.0
2006-10-03,33.659281,33909119.0,35342245.05
2006-10-04,34.083788,34109119.0,6816757.6
2006-10-05,34.414693,35909119.0,61946447.4
2006-10-06,34.264136,36109119.0,6852827.2
2006-10-09,34.292196,36109119.0,0.0
2006-10-10,34.385846,36109119.0,0.0
2006-10-11,34.294161,36109119.0,0.0
2006-10-12,34.621475,36109119.0,0.0
2006-10-13,34.601724,35909119.0,-6920344.8
2006-10-16,34.862039,35909119.0,0.0
2006-10-17,34.62373,34459119.0,-50204408.5
2006-10-18,34.546258,33609119.0,-29364319.3
2006-10-19,34.491069,33609119.0,0.0
2006-10-20,34.278928,34309119.0,23995249.6
2006-10-23,34.46592,33859119.0,-15509663.999999998
2006-10-24,34.521204,34259119.0,13808481.6
2006-10-25,34.483894,33959119.0,-10345168.2
2006-10-26,34.489143,34659119.0,24142400.099999998
2006-10-27,34.20054,34659119.0,0.0
2006-10-30,34.375214,34259119.0,-13750085.6
2006-10-31,34.259749,34259119.0,0.0
2006-11-01,34.05058,34009119.0,-8512645.0
2006-11-02,33.96132,33609119.0,-13584528.0
2006-11-03,33.860725,33309119.0,-10158217.5
2006-11-06,34.225578,33309119.0,0.0
2006-11-07,34.559744,33309119.0,0.0
2006-11-08,34.657083,32959119.0,-12129979.05
2006-11-09,34.384085,32759119.0,-6876817.0
2006-11-10,34.532272,32759119.0,0.0
2006-11-13,34.730933,30159119.0,-90300425.8
2006-11-14,34.87865,30159119.0,0.0
2006-11-15,35.162634,30509119.0,12306921.899999999
2006-11-16,35.394494,30509119.0,0.0
2006-11-17,35.399757,30509119.0,0.0
2006-11-20,35.272312,30009119.0,-17636156.0
2006-11-21,35.460035,30009119.0,0.0
2006-11-22,35.519071,30009119.0,0.0
2006-11-24,35.388705,29759119.0,-8847176.25
2006-11-27,34.90011,30459119.0,24430077.0
2006-11-28,34.820889,30659119.0,6964177.8
2006-11-29,35.106873,30659119.0,0.0
2006-11-30,35.118512,30659119.0,0.0
2006-12-01,34.939104,30659119.0,0.0
2006-12-04,35.318614,30659119.0,0.0
2006-12-05,35.434281,30459119.0,-7086856.199999999
2006-12-06,35.366735,30009119.0,-15915030.75
2006-12-07,35.299744,31409119.0,49419641.599999994
2006-12-08,35.281724,31409119.0,0.0
2006-12-11,35.210412,31409119.0,0.0
2006-12-12,35.158236,31409119.0,0.0
2006-12-13,35.009299,30559119.0,-29757904.15
2006-12-14,35.325083,30559119.0,0.0
2006-12-15,35.178436,27959119.0,-91463933.6
2006-12-18,35.211207,30109119.0,75704095.05
2006-12-19,35.292808,30109119.0,0.0
2006-12-20,35.338925,30359119.0,8834731.25
2006-12-21,35.231968,30359119.0,0.0
2006-12-22,34.987395,30359119.0,0.0
2006-12-26,35.132051,30359119.0,0.0
2006-12-27,35.357851,30509119.0,5303677.649999999
2006-12-28,35.243725,30511407.0,80637.6428
2006-12-29,35.0534,30511407.0,0.0
2007-01-03,35.202297,30511407.0,0.0
2007-01-04,35.110597,30511407.0,0.0
2007-01-05,34.898439,30711407.0,6979687.800000001
2007-01-08,35.069938,30711407.0,0.0
2007-01-09,35.096981,30711407.0,0.0
2007-01-10,35.176585,29961407.0,-26382438.750000004
2007-01-11,35.483172,29961407.0,0.0
2007-01-12,35.596873,30561407.0,21358123.8
2007-01-16,35.818074,30561407.0,0.0
2007-01-17,35.812562,30361407.0,-7162512.4
2007-01-18,35.754412,29861407.0,-17877206.0
2007-01-19,35.628487,29861407.0,0.0
2007-01-22,35.231775,29861407.0,0.0
2007-01-23,35.618417,29861407.0,0.0
2007-01-24,35.639477,31711407.0,65933032.449999996
2007-01-25,35.262725,31711407.0,0.0
2007-01-26,35.118195,33211407.0,52677292.5
2007-01-29,35.211486,33211407.0,0.0
2007-01-30,35.294733,34461407.0,44118416.25
2007-01-31,35.720303,35561407.0,39292333.300000004
2007-02-01,36.162745,35561407.0,0.0
2007-02-02,36.260938,33561407.0,-72521876.0
2007-02-05,36.248321,33561407.0,0.0
2007-02-06,36.26326,34011407.0,16318467.000000002
2007-02-07,36.25001,34311407.0,10875003.000000002
2007-02-08,36.008817,34311407.0,0.0
2007-02-09,35.823871,33461407.0,-30450290.349999998
2007-02-12,35.869702,33211407.0,-8967425.5
2007-02-13,36.145969,33211407.0,0.0
2007-02-14,36.71829,32111407.0,-40390119.0
2007-02-15,36.773124,31311407.0,-29418499.200000003
2007-02-16,36.636081,31011407.0,-10990824.299999999
2007-02-20,36.771147,30411407.0,-22062688.2
2007-02-21,36.773296,30111407.0,-11031988.8
2007-02-22,36.612363,30111407.0,0.0
2007-02-23,36.509939,30111407.0,0.0
2007-02-26,36.351387,28761407.0,-49074372.45
2007-02-27,35.245305,30761407.0,70490610.0
2007-02-28,35.360629,29161407.0,-56577006.400000006
2007-03-01,35.308776,27861407.0,-45901408.800000004
2007-03-02,34.893544,28611407.0,26170158.0
2007-03-05,34.687418,30611407.0,69374836.0
2007-03-06,35.051332,31111407.0,17525666.0
2007-03-07,35.058148,31061407.0,-1752907.4000000001
2007-03-08,35.316711,31061407.0,0.0
2007-03-09,35.361582,32061407.0,35361582.0
2007-03-12,35.592576,34211407.0,76524038.4
2007-03-13,34.914304,34311407.0,3491430.4
2007-03-14,35.14931,33761407.0,-19332120.5
2007-03-15,35.237948,33761407.0,0.0
2007-03-16,35.168345,31461407.0,-80887193.5
2007-03-19,35.523369,34461407.0,106570107.0
2007-03-20,35.625888,34461407.0,0.0
2007-03-21,36.118893,34461407.0,0.0
2007-03-22,36.085818,34311407.0,-5412872.7
2007-03-23,36.314377,34311407.0,0.0
2007-03-26,36.15324,34311407.0,0.0
2007-03-27,35.854235,34961407.0,23305252.75
2007-03-28,35.505653,35611407.0,23078674.450000003
2007-03-29,35.590803,34461996.0,-40908460.467033
2007-03-30,35.585531,30111996.0,-154797059.85000002
2007-04-02,35.575982,30111996.0,0.0
2007-04-03,35.872448,30111996.0,0.0
2007-04-04,35.784173,30611996.0,17892086.5
2007-04-05,35.785599,32111996.0,53678398.5
2007-04-09,35.86792,31011996.0,-39454712.0
2007-04-10,35.895767,31011996.0,0.0
2007-04-11,35.689811,30211996.0,-28551848.8
2007-04-12,36.048691,30211996.0,0.0
2007-04-13,36.089058,31761996.0,55938039.9
2007-04-16,36.34401,34111996.0,85408423.5
2007-04-17,36.363851,35911996.0,65454931.8
2007-04-18,36.531624,35911996.0,0.0
2007-04-19,36.585246,35411996.0,-18292623.0
2007-04-20,36.929157,35511996.0,3692915.6999999997
2007-04-23,36.951125,34561996.0,-35103568.75
2007-04-24,36.899491,34561996.0,0.0
2007-04-25,37.218918,34561996.0,0.0
2007-04-26,37.214075,34561996.0,0.0
2007-04-27,37.673209,34661996.0,3767320.9
2007-04-30,37.308121,34661996.0,0.0
2007-05-01,37.45483,34761996.0,3745483.0
2007-05-02,37.771188,35161996.0,15108475.200000001
2007-05-03,37.972879,35161996.0,0.0
2007-05-04,37.984355,35161996.0,0.0
2007-05-07,38.073321,35161996.0,0.0
2007-05-08,38.030375,34461996.0,-26621262.5
2007-05-09,38.285271,34611996.0,5742790.65
2007-05-10,37.805432,34611996.0,0.0
2007-05-11,38.139714,35111996.0,19069857.0
2007-05-14,38.023649,36261996.0,43727196.35
2007-05-15,38.080707,34261996.0,-76161414.0
2007-05-16,38.313136,33661996.0,-22987881.6
2007-05-17,38.293006,30661996.0,-114879018.0
2007-05-18,38.398478,31061996.0,15359391.2
2007-05-21,38.452921,34061996.0,115358763.00000001
2007-05-22,38.392111,34061996.0,0.0
2007-05-23,38.448548,34061996.0,0.0
2007-05-24,38.239963,33611996.0,-17207983.35
2007-05-25,38.491662,33611996.0,0.0
2007-05-29,38.57801,34411996.0,30862408.0
2007-05-30,38.932353,35011996.0,23359411.8
2007-05-31,39.152772,32261996.0,-107670123.0
2007-06-01,39.236623,33411996.0,45122116.45
2007-06-04,39.309399,32211996.0,-47171278.8
2007-06-05,39.143962,38011996.0,227034979.60000002
2007-06-06,38.778892,40111996.0,81435673.2
2007-06-07,38.128141,40661996.0,20970477.55
2007-06-08,38.715945,40661996.0,0.0
2007-06-11,38.734383,40661996.0,0.0
2007-06-12,38.327154,39011996.0,-63239804.1
2007-06-13,39.090795,40261996.0,48863493.75
2007-06-14,39.365996,40261996.0,0.0
2007-06-15,39.468183,37311996.0,-116431139.85000001
2007-06-18,39.307162,38311996.0,39307162.0
2007-06-19,39.622117,39511996.0,47546540.400000006
2007-06-20,39.290448,39761996.0,9822612.0
2007-06-21,39.493632,39761996.0,0.0
2007-06-22,39.104108,38411996.0,-52790545.8
2007-06-25,38.985701,38411996.0,0.0
2007-06-26,38.787049,37661996.0,-29090286.750000004
2007-06-27,38.986425,37161996.0,-19493212.5
2007-06-28,39.007389,37162708.0,27773.260968000002
2007-06-29,39.027893,37362708.0,7805578.6
2007-07-02,39.47104,33562708.0,-149989952.0
2007-07-03,39.581643,35562708.0,79163286.0
2007-07-05,39.582866,35562708.0,0.0
2007-07-06,39.746734,35562708.0,0.0
2007-07-09,40.026232,35812708.0,10006558.0
2007-07-10,39.42711,34512708.0,-51255243.0
2007-07-11,39.790112,34362708.0,-5968516.8
2007-07-12,40.471543,34362708.0,0.0
2007-07-13,40.756789,34562708.0,8151357.8
2007-07-16,41.012846,36062708.0,61519269.00000001
2007-07-17,41.281015,36062708.0,0.0
2007-07-18,41.223002,37162708.0,45345302.2
2007-07-19,41.524388,37162708.0,0.0
2007-07-20,40.953782,37712708.0,22524580.099999998
2007-07-23,41.218054,38012708.0,12365416.200000001
2007-07-24,40.592336,37712708.0,-12177700.8
2007-07-25,40.623109,37812708.0,4062310.9
2007-07-26,39.803258,37812708.0,0.0
2007-07-27,39.276047,38012708.0,7855209.399999999
2007-07-30,39.876324,38662708.0,25919610.599999998
2007-07-31,39.399614,38412708.0,-9849903.5
2007-08-01,39.741833,39012708.0,23845099.8
2007-08-02,40.059467,37612708.0,-56083253.8
2007-08-03,39.107305,41512708.0,152518489.5
2007-08-06,39.768051,44062708.0,101408530.05
2007-08-07,39.734679,45012708.0,37747945.05
2007-08-08,39.889406,45712708.0,27922584.2
2007-08-09,38.627816,45412708.0,-11588344.8
2007-08-10,38.696427,43112708.0,-89001782.1
2007-08-13,39.013652,42712708.0,-15605460.8
2007-08-14,38.236531,42462708.0,-9559132.75
2007-08-15,37.447498,42562708.0,3744749.8000000003
2007-08-16,37.204882,42062708.0,-18602441.0
2007-08-17,38.136391,42512708.0,17161375.950000003
2007-08-20,38.499856,46212708.0,142449467.20000002
2007-08-21,38.412973,44162708.0,-78746594.65
2007-08-22,39.147567,45062708.0,35232810.300000004
2007-08-23,38.823904,44312708.0,-29117928.0
2007-08-24,39.364439,42312708.0,-78728878.0
2007-08-27,39.193885,42312708.0,0.0
2007-08-28,38.150105,42462708.0,5722515.750000001
2007-08-29,38.998574,42412708.0,-1949928.7
2007-08-30,38.812262,42412708.0,0.0
2007-08-31,39.364045,42512708.0,3936404.4999999995
2007-09-04,39.590429,41312708.0,-47508514.8
2007-09-05,39.119112,41712708.0,15647644.8
2007-09-06,39.457422,41712708.0,0.0
2007-09-07,38.683755,42812708.0,42552130.5
2007-09-10,38.666829,39862708.0,-114067145.55
2007-09-11,39.087909,39862708.0,0.0
2007-09-12,39.148058,40262708.0,15659223.2
2007-09-13,39.478002,39862708.0,-15791200.799999999
2007-09-14,39.53223,40862708.0,39532230.0
2007-09-17,39.337797,40962708.0,3933779.7
2007-09-18,40.624065,42112708.0,46717674.75
2007-09-19,40.808672,41462708.0,-26525636.8
2007-09-20,40.572065,42212708.0,30429048.75
2007-09-21,40.574883,43962708.0,71006045.25
2007-09-24,40.273127,46812708.0,114778411.95
2007-09-25,40.536683,47062708.0,10134170.75
2007-09-26,40.728827,46312708.0,-30546620.250000004
2007-09-27,40.945585,47462708.0,47087422.75
2007-09-28,40.918137,48012708.0,22504975.35
2007-10-01,41.533638,48612708.0,24920182.8
2007-10-02,41.347801,48812708.0,8269560.199999999
2007-10-03,40.937345,49712708.0,36843610.5
2007-10-04,41.106409,48914099.0,-32827948.185080998
2007-10-05,41.551282,49414099.0,20775641.0
2007-10-08,41.464315,47414099.0,-82928630.0
2007-10-09,41.828663,47414099.0,0.0
2007-10-10,41.484071,46864099.0,-22816239.05
2007-10-11,41.200567,46964099.0,4120056.6999999997
2007-10-12,41.281202,46964099.0,0.0
2007-10-15,40.965557,45964099.0,-40965557.0
2007-10-16,40.765075,45214099.0,-30573806.250000004
2007-10-17,40.779103,44714099.0,-20389551.5
2007-10-18,40.977828,43814099.0,-36880045.2
2007-10-19,39.735068,43814099.0,0.0
2007-10-22,39.931885,43814099.0,0.0
2007-10-23,40.347135,44014099.0,8069427.0
2007-10-24,40.4524,43714099.0,-12135720.0
2007-10-25,40.222723,43414099.0,-12066816.9
2007-10-26,40.283944,43714099.0,12085183.2
2007-10-29,40.462523,43714099.0,0.0
2007-10-30,40.233262,43714099.0,0.0
2007-10-31,40.750108,43514099.0,-8150021.6
2007-11-01,39.900871,43664099.0,5985130.65
2007-11-02,40.189403,43664099.0,0.0
2007-11-05,40.187108,42764099.0,-36168397.2
2007-11-06,40.69672,42764099.0,0.0
2007-11-07,39.673277,47514099.0,188448065.75
2007-11-08,39.783245,42564099.0,-196927062.75
2007-11-09,38.972939,44414099.0,72099937.14999999
2007-11-12,38.579696,44814099.0,15431878.399999999
2007-11-13,39.486712,44814099.0,0.0
2007-11-14,39.308267,45814099.0,39308267.0
2007-11-15,38.803483,46014099.0,7760696.6
2007-11-16,38.751492,43914099.0,-81378133.2
2007-11-19,38.158509,43814099.0,-3815850.9000000004
2007-11-20,38.251131,43614099.0,-7650226.2
2007-11-21,37.672351,43114099.0,-18836175.5
2007-11-23,38.282178,45114099.0,76564356.0
2007-11-26,37.679198,45114099.0,0.0
2007-11-27,38.324895,45114099.0,0.0
2007-11-28,39.411048,46414099.0,51234362.4
2007-11-29,39.180207,49914099.0,137130724.5
2007-11-30,39.41814,49914099.0,0.0
2007-12-03,39.077032,49914099.0,0.0
2007-12-04,38.890632,49914099.0,0.0
2007-12-05,39.491013,49814099.0,-3949101.3000000003
2007-12-06,40.146095,44964099.0,-194708560.75
2007-12-07,40.276607,45764099.0,32221285.599999998
2007-12-10,40.511361,45714099.0,-2025568.05
2007-12-11,39.385226,44564099.0,-45293009.900000006
2007-12-12,39.63412,45064099.0,19817060.0
2007-12-13,39.945673,43314099.0,-69904927.75
2007-12-14,39.388699,43314099.0,0.0
2007-12-17,38.680418,43314099.0,0.0
2007-12-18,38.88909,43914099.0,23333454.0
2007-12-19,38.66017,44114099.0,7732034.0
2007-12-20,38.928348,50764099.0,258873514.2
2007-12-21,39.445338,44014099.0,-266256031.5
2007-12-24,39.849387,43914099.0,-3984938.7
2007-12-26,39.859293,43914099.0,0.0
2007-12-27,39.342037,44414099.0,19671018.5
2007-12-28,39.396298,42964099.0,-57124632.1
2007-12-31,39.110418,42514099.0,-17599688.1
2008-01-02,38.383651,41914099.0,-23030190.6
2008-01-03,38.585275,39264099.0,-102250978.75000001
2008-01-04,37.605381,39265525.0,53625.273306
2008-01-07,37.320288,36765525.0,-93300720.0
2008-01-08,36.429818,36765525.0,0.0
2008-01-09,36.686403,33815525.0,-108224888.85
2008-01-10,37.136201,34865525.0,38993011.05
2008-01-11,36.393132,42015525.0,260210893.8
2008-01-14,36.888047,41215525.0,-29510437.6
2008-01-15,36.026756,41965525.0,27020067.0
2008-01-16,35.888458,41615525.0,-12560960.3
2008-01-17,34.595832,41615525.0,0.0
2008-01-18,34.828354,41465525.0,-5224253.1
2008-01-22,34.811259,39165525.0,-80065895.7
2008-01-23,35.77062,38715525.0,-16096779.0
2008-01-24,35.988668,38465525.0,-8997167.0
2008-01-25,35.87986,38465525.0,0.0
2008-01-28,36.407674,38465525.0,0.0
2008-01-29,36.648254,39465525.0,36648254.0
2008-01-30,36.750785,39815525.0,12862774.75
2008-01-31,37.27332,40415525.0,22363992.0
2008-02-01,37.834668,35915525.0,-170256006.0
2008-02-04,37.53842,35915525.0,0.0
2008-02-05,36.439898,35915525.0,0.0
2008-02-06,36.331023,36015525.0,3633102.3000000003
2008-02-07,36.411182,35365525.0,-23667268.299999997
2008-02-08,36.22041,33065525.0,-83306943.0
2008-02-11,36.551246,33865525.0,29240996.8
2008-02-12,36.79274,33665525.0,-7358548.0
2008-02-13,37.492804,34665525.0,37492804.0
2008-02-14,36.985147,35065525.0,14794058.799999999
2008-02-15,36.809306,32765525.0,-84661403.8
2008-02-19,36.836134,32665525.0,-3683613.4
2008-02-20,37.04521,32565525.0,-3704520.9999999995
2008-02-21,36.594501,32765525.0,7318900.2
2008-02-22,36.823794,31965525.0,-29459035.2
2008-02-25,37.436075,31415525.0,-20589841.25
2008-02-26,37.578048,33915525.0,93945120.0
2008-02-27,37.490578,37015525.0,116220791.8
2008-02-28,37.306201,37115525.0,3730620.1
2008-02-29,36.402278,37215525.0,3640227.8000000003
2008-03-03,36.61402,36865525.0,-12814906.999999998
2008-03-04,36.45749,36965525.0,3645749.0
2008-03-05,36.823848,35515525.0,-53394579.599999994
2008-03-06,36.158754,35665525.0,5423813.100000001
2008-03-07,35.582893,34665525.0,-35582893.0
2008-03-10,34.938744,34415525.0,-8734686.0
2008-03-11,36.19146,34765525.0,12667011.0
2008-03-12,36.252723,35965525.0,43503267.6
2008-03-13,36.454921,38165525.0,80200826.2
2008-03-14,35.943927,37865525.0,-10783178.100000001
2008-03-17,35.889074,39565525.0,61011425.800000004
2008-03-18,37.305651,35865525.0,-138030908.7
2008-03-19,36.350937,37715525.0,67249233.45
2008-03-20,36.740839,34765525.0,-108385475.05
2008-03-24,37.345629,38765525.0,149382516.0
2008-03-25,37.620712,39965525.0,45144854.4
2008-03-26,37.354746,39915525.0,-1867737.3
2008-03-27,36.951157,39915525.0,0.0
2008-03-28,36.864169,43615525.0,136397425.29999998
2008-03-31,37.121473,43615525.0,0.0
2008-04-01,38.332284,43615525.0,0.0
2008-04-02,38.24434,53165525.0,365233447.0
2008-04-03,38.192418,54616724.0,55424798.809182
2008-04-04,38.364659,56616724.0,76729318.0
2008-04-07,38.244291,55866724.0,-28683218.249999996
2008-04-08,38.074983,55216724.0,-24748738.950000003
2008-04-09,37.668577,55916724.0,26368003.9
2008-04-10,37.89165,50516724.0,-204614910.0
2008-04-11,36.430833,50016724.0,-18215416.5
2008-04-14,36.427745,50016724.0,0.0
2008-04-15,36.55179,50016724.0,0.0
2008-04-16,37.540204,51266724.0,46925255.0
2008-04-17,37.236226,51266724.0,0.0
2008-04-18,38.279083,51266724.0,0.0
2008-04-21,38.082267,51466724.0,7616453.4
2008-04-22,37.669674,50616724.0,-32019222.900000002
2008-04-23,37.674216,50266724.0,-13185975.6
2008-04-24,38.041707,49516724.0,-28531280.25
2008-04-25,38.380329,49716724.0,7676065.800000001
2008-04-28,38.414062,45716724.0,-153656248.0
2008-04-29,38.282349,44166724.0,-59337640.95
2008-04-30,38.185673,43666724.0,-19092836.5
2008-05-01,38.791464,44716724.0,40731037.199999996
2008-05-02,38.90953,45816724.0,42800483.0
2008-05-05,38.729713,47416724.0,61967540.8
2008-05-06,39.001874,44516724.0,-113105434.60000001
2008-05-07,38.31355,42516724.0,-76627100.0
2008-05-08,38.568712,41266724.0,-48210890.0
2008-05-09,38.267299,39916724.0,-51660853.65
2008-05-12,38.788215,39616724.0,-11636464.5
2008-05-13,39.089,39616724.0,0.0
2008-05-14,39.195902,39866724.0,9798975.5
2008-05-15,39.365523,40216724.0,13777933.05
2008-05-16,39.269404,40516724.0,11780821.200000001
2008-05-19,39.445247,40516724.0,0.0
2008-05-20,39.013814,40866724.0,13654834.9
2008-05-21,38.375627,41466724.0,23025376.2
2008-05-22,38.294015,43016724.0,59355723.25
2008-05-23,37.777035,43266724.0,9444258.75
2008-05-27,38.097675,42266724.0,-38097675.0
2008-05-28,38.441021,42416724.0,5766153.149999999
2008-05-29,38.650989,42616724.0,7730197.800000001
2008-05-30,38.892651,41816724.0,-31114120.8
2008-06-02,38.480457,42066724.0,9620114.25
2008-06-03,38.168843,42066724.0,0.0
2008-06-04,38.126024,42866724.0,30500819.2
2008-06-05,38.582084,42866724.0,0.0
2008-06-06,37.17061,43466724.0,22302366.000000004
2008-06-09,37.3336,43316724.0,-5600040.0
2008-06-10,37.27103,43516724.0,7454206.000000001
2008-06-11,36.417084,44166724.0,23671104.6
2008-06-12,36.59609,43266724.0,-32936480.999999996
2008-06-13,37.071405,42866724.0,-14828562.0
2008-06-16,36.971285,43716724.0,31425592.25
2008-06-17,36.585866,43716724.0,0.0
2008-06-18,36.259631,44316724.0,21755778.599999998
2008-06-19,36.713513,41866724.0,-89948106.85
2008-06-20,35.941387,36966724.0,-176112796.29999998
2008-06-23,35.9706,39666724.0,97120620.0
2008-06-24,35.467442,39816724.0,5320116.3
2008-06-25,35.265515,38966724.0,-29975687.75
2008-06-26,33.912583,39466724.0,16956291.5
2008-06-27,33.737267,38016724.0,-48919037.150000006
2008-06-30,34.024513,37666724.0,-11908579.549999999
2008-07-01,34.033524,37616724.0,-1701676.2
2008-07-02,32.966247,38066724.0,14834811.15
2008-07-03,33.300603,38316724.0,8325150.750000001
2008-07-07,33.290655,38518261.0,6709298.736735
2008-07-08,34.049852,38518261.0,0.0
2008-07-09,33.253698,39868261.0,44892492.3
2008-07-10,33.655619,44468261.0,154815847.4
2008-07-11,33.276608,45468261.0,33276608.000000004
2008-07-14,33.151777,45468261.0,0.0
2008-07-15,32.552925,45818261.0,11393523.75
2008-07-16,33.562797,44568261.0,-41953496.25000001
2008-07-17,34.086536,43418261.0,-39199516.400000006
2008-07-18,34.051973,44068261.0,22133782.45
2008-07-21,34.082943,45618261.0,52828561.65
2008-07-22,34.788482,46018261.0,13915392.8
2008-07-23,35.130902,45818261.0,-7026180.399999999
2008-07-24,34.234287,45468261.0,-11982000.450000001
2008-07-25,34.48419,45218261.0,-8621047.5
2008-07-28,33.798595,45718261.0,16899297.5
2008-07-29,34.712416,44268261.0,-50333003.199999996
2008-07-30,35.261167,45768261.0,52891750.5
2008-07-31,34.500237,45768261.0,0.0
2008-08-01,34.27264,41668261.0,-140517824.0
2008-08-04,34.049667,41318261.0,-11917383.45
2008-08-05,35.058332,45318261.0,140233328.0
2008-08-06,35.124832,45318261.0,0.0
2008-08-07,34.628358,45818261.0,17314179.0
2008-08-08,35.744679,45818261.0,0.0
2008-08-11,35.831198,46068261.0,8957799.5
2008-08-12,35.435391,52118261.0,214384115.55
2008-08-13,35.217492,52818261.0,24652244.4
2008-08-14,35.414813,54318261.0,53122219.5
2008-08-15,35.661531,52268261.0,-73106138.55
2008-08-18,35.228266,52018261.0,-8807066.5
2008-08-19,34.647076,51468261.0,-19055891.8
2008-08-20,34.615991,48568261.0,-100386373.9
2008-08-21,34.697911,48918261.0,12144268.85
2008-08-22,35.238847,48918261.0,0.0
2008-08-25,34.557751,50518261.0,55292401.6
2008-08-26,34.606959,50318261.0,-6921391.800000001
2008-08-27,34.852793,49968261.0,-12198477.549999999
2008-08-28,35.690774,47968261.0,-71381548.0
2008-08-29,35.218565,46468261.0,-52827847.5
2008-09-02,35.161119,46468261.0,0.0
2008-09-03,34.95489,48268261.0,62918802.0
2008-09-04,33.681264,48718261.0,15156568.799999999
2008-09-05,33.722036,46218261.0,-84305090.0
2008-09-08,34.457792,45218261.0,-34457792.0
2008-09-09,33.267579,48718261.0,116436526.49999999
2008-09-10,33.528479,49668261.0,31852055.049999997
2008-09-11,34.155983,51068261.0,47818376.199999996
2008-09-12,34.063447,51068261.0,0.0
2008-09-15,32.684178,51868261.0,26147342.400000002
2008-09-16,33.03602,51768261.0,-3303602.0
2008-09-17,31.498746,48918261.0,-89771426.10000001
2008-09-18,32.625639,48518261.0,-13050255.6
2008-09-19,33.410737,45368261.0,-105243821.55
2008-09-22,32.348258,50468261.0,164976115.8
2008-09-23,31.590287,50718261.0,7897571.75
2008-09-24,31.151817,54418261.0,115261722.9
2008-09-25,31.510628,54518261.0,3151062.8000000003
2008-09-26,31.467986,54368261.0,-4720197.9
2008-09-29,29.525338,53218261.0,-33954138.7
2008-09-30,30.659377,52318261.0,-27593439.3
2008-10-01,29.89279,54268261.0,58290940.5
2008-10-02,27.907253,51969875.0,-64141639.593658
2008-10-03,27.616651,47269875.0,-129798259.7
2008-10-06,26.949829,52869875.0,150919042.4
2008-10-07,25.815755,53769875.0,23234179.5
2008-10-08,25.680089,54219875.0,11556040.049999999
2008-10-09,24.020124,53369875.0,-20417105.4
2008-10-10,24.234034,53569875.0,4846806.8
2008-10-13,26.217609,53619875.0,1310880.45
2008-10-14,25.789903,53719875.0,2578990.3
2008-10-15,23.473507,52869875.0,-19952480.950000003
2008-10-16,24.510064,52869875.0,0.0
2008-10-17,24.015633,53269875.0,9606253.200000001
2008-10-20,24.903385,52369875.0,-22413046.5
2008-10-21,24.2582,51719875.0,-15767830.0
2008-10-22,22.971141,49369875.0,-53982181.35
2008-10-23,23.075371,45669875.0,-85378872.7
2008-10-24,22.123543,46619875.0,21017365.85
2008-10-27,21.546405,52319875.0,122814508.5
2008-10-28,23.694416,53019875.0,16586091.200000001
2008-10-29,23.730061,53169875.0,3559509.15
2008-10-30,24.470931,53569875.0,9788372.4
2008-10-31,24.920084,54569875.0,24920084.0
2008-11-03,24.822733,52169875.0,-59574559.199999996
2008-11-04,26.146935,50019875.0,-56215910.25
2008-11-05,24.847185,52419875.0,59633244.0
2008-11-06,23.266232,52819875.0,9306492.799999999
2008-11-07,23.869425,54219875.0,33417195.0
2008-11-10,23.831316,53619875.0,-14298789.600000001
2008-11-11,23.228659,53419875.0,-4645731.8
2008-11-12,22.075864,50419875.0,-66227592.0
2008-11-13,23.398938,50619875.0,4679787.600000001
2008-11-14,22.342105,50719875.0,2234210.5
2008-11-17,21.897025,49269875.0,-31750686.25
2008-11-18,22.028837,56219875.0,153100417.15
2008-11-19,20.542342,54319875.0,-39030449.800000004
2008-11-20,19.418308,52469875.0,-35923869.8
2008-11-21,20.713154,49769875.0,-55925515.8
2008-11-24,21.709381,50919875.0,24965788.150000002
2008-11-25,21.991848,52969875.0,45083288.4
2008-11-26,22.645475,55069875.0,47555497.5
2008-11-28,23.201215,56169875.0,25521336.5
2008-12-01,21.251218,56419875.0,5312804.5
2008-12-02,22.189651,56319875.0,-2218965.1
2008-12-03,22.695796,53969875.0,-53335120.6
2008-12-04,22.09513,54219875.0,5523782.5
2008-12-05,22.621423,54069875.0,-3393213.45
2008-12-08,23.575624,53569875.0,-11787812.0
2008-12-09,22.855849,53569875.0,0.0
2008-12-10,23.164922,54419875.0,19690183.7
2008-12-11,22.197877,54819875.0,8879150.799999999
2008-12-12,22.265695,58019875.0,71250224.0
2008-12-15,22.133441,58369875.0,7746704.350000001
2008-12-16,23.33037,58469875.0,2333037.0
2008-12-17,23.335595,59219875.0,17501696.25
2008-12-18,22.696809,56869875.0,-53337501.15
2008-12-19,22.663377,52669875.0,-95186183.4
2008-12-22,22.357881,48969875.0,-82724159.7
2008-12-23,22.166523,49119875.0,3324978.45
2008-12-24,22.319872,48619875.0,-11159936.0
2008-12-26,22.458202,48819875.0,4491640.4
2008-12-29,22.195826,48269875.0,-12207704.3
2008-12-30,22.857662,48319875.0,1142883.1
2008-12-31,23.325411,48219875.0,-2332541.1
2009-01-02,24.28972,50021694.0,43765679.00068
2009-01-05,24.204955,51821694.0,43568919.0
2009-01-06,24.590764,52921694.0,27049840.4
2009-01-07,23.654352,52921694.0,0.0
2009-01-08,23.764495,52921694.0,0.0
2009-01-09,23.35848,52621694.0,-7007544.0
2009-01-12,22.790462,52471694.0,-3418569.3000000003
2009-01-13,22.31975,52471694.0,0.0
2009-01-14,21.532351,51821694.0,-13996028.149999999
2009-01-15,21.655683,51471694.0,-7579489.05
2009-01-16,21.88782,49571694.0,-41586858.0
2009-01-20,20.831614,49571694.0,0.0
2009-01-21,21.384412,52321694.0,58807133.0
2009-01-22,21.282833,51271694.0,-22346974.65
2009-01-23,20.701474,48721694.0,-52788758.7
2009-01-26,20.897113,43521694.0,-108664987.60000001
2009-01-27,21.289173,40771694.0,-58545225.75000001
2009-01-28,21.892316,40471694.0,-6567694.800000001
2009-01-29,21.07532,41771694.0,27397916.0
2009-01-30,20.573534,46271694.0,92580903.0
2009-02-02,20.08304,48871694.0,52215904.0
2009-02-03,20.52799,48971694.0,2052799.0
2009-02-04,20.469453,49371694.0,8187781.2
2009-02-05,20.71353,49871694.0,10356765.0
2009-02-06,21.180531,50221694.0,7413185.85
2009-02-09,21.589946,50221694.0,0.0
2009-02-10,20.461976,51221694.0,20461976.0
2009-02-11,20.594149,51221694.0,0.0
2009-02-12,20.382349,51221694.0,0.0
2009-02-13,20.364667,50821694.0,-8145866.800000001
2009-02-17,19.397183,50821694.0,0.0
2009-02-18,19.345679,50121694.0,-13541975.3
2009-02-19,19.00958,49221694.0,-17108622.0
2009-02-20,18.665203,47371694.0,-34530625.550000004
2009-02-23,17.808123,47571694.0,3561624.5999999996
2009-02-24,18.401019,47571694.0,0.0
2009-02-25,17.86814,46921694.0,-11614291.0
2009-02-26,17.601977,47121694.0,3520395.4000000004
2009-02-27,17.161218,45921694.0,-20593461.6
2009-03-02,16.044082,44671694.0,-20055102.5
2009-03-03,15.880657,42921694.0,-27791149.75
2009-03-04,16.340438,41921694.0,-16340437.999999998
2009-03-05,15.550886,44871694.0,45875113.7
2009-03-06,15.503107,49021694.0,64337894.05
2009-03-09,15.387109,49471694.0,6924199.05
2009-03-10,16.611376,49571694.0,1661137.6
2009-03-11,16.719337,52571694.0,50158011.0
2009-03-12,17.361341,52571694.0,0.0
2009-03-13,17.265001,52271694.0,-5179500.300000001
2009-03-16,17.500636,51771694.0,-8750318.0
2009-03-17,17.949037,51521694.0,-4487259.25
2009-03-18,18.227331,51021694.0,-9113665.5
2009-03-19,18.144315,50471694.0,-9979373.25
2009-03-20,17.399032,45871694.0,-80035547.19999999
2009-03-23,18.71787,50871694.0,93589350.0
2009-03-24,18.598903,53921694.0,56726654.15
2009-03-25,18.669167,56571694.0,49473292.550000004
2009-03-26,19.622766,54321694.0,-44151223.5
2009-03-27,19.218676,52321694.0,-38437352.0
2009-03-30,18.326049,48721694.0,-65973776.400000006
2009-03-31,18.514487,48271694.0,-8331519.149999999
2009-04-01,18.757453,48571694.0,5627235.9
2009-04-02,19.801536,50523462.0,38648004.315648
2009-04-03,19.932785,51273462.0,14949588.75
2009-04-06,20.038757,53773462.0,50096892.5
2009-04-07,19.400255,52773462.0,-19400255.0
2009-04-08,19.537802,51623462.0,-22468472.3
2009-04-09,20.559197,51123462.0,-10279598.5
2009-04-13,20.555902,46273462.0,-99696124.7
2009-04-14,20.239111,44473462.0,-36430399.800000004
2009-04-15,20.537926,43423462.0,-21564822.299999997
2009-04-16,21.140893,42623462.0,-16912714.4
2009-04-17,21.18371,44123462.0,31775565.000000004
2009-04-20,20.166075,46023462.0,38315542.5
2009-04-21,20.68646,48423462.0,49647504.0
2009-04-22,20.940687,61323462.0,270134862.3
2009-04-23,21.253671,61573462.0,5313417.75
2009-04-24,21.638017,62023462.0,9737107.65
2009-04-27,21.303217,62773462.0,15977412.75
2009-04-28,21.039093,62523462.0,-5259773.25
2009-04-29,21.673501,61023462.0,-32510251.500000004
2009-04-30,21.779223,60723462.0,-6533766.9
2009-05-01,22.034432,60423462.0,-6610329.6
2009-05-04,22.739442,59873462.0,-12506693.1
2009-05-05,22.768848,57373462.0,-56922119.99999999
2009-05-06,23.129614,56823462.0,-12721287.7
2009-05-07,22.710971,57123462.0,6813291.3
2009-05-08,23.473088,57223462.0,2347308.8000000003
2009-05-11,22.817286,57373462.0,3422592.9
2009-05-12,22.575293,56373462.0,-22575293.0
2009-05-13,21.702932,55473462.0,-19532638.8
2009-05-14,21.893801,52973462.0,-54734502.5
2009-05-15,21.784926,51473462.0,-32677388.999999996
2009-05-18,22.47344,48623462.0,-64049304.0
2009-05-19,22.496019,48173462.0,-10123208.55
2009-05-20,22.500526,47823462.0,-7875184.100000001
2009-05-21,21.750124,52773462.0,107663113.8
2009-05-22,21.710006,52773462.0,0.0
2009-05-26,22.360886,51523462.0,-27951107.5
2009-05-27,21.838266,53223462.0,37125052.2
2009-05-28,21.991674,52223462.0,-21991674.0
2009-05-29,22.390853,52423462.0,4478170.6
2009-06-01,23.46866,53573462.0,26988959.0
2009-06-02,23.58239,59673462.0,143852579.0
2009-06-03,23.119566,62673462.0,69358698.0
2009-06-04,23.546881,62773462.0,2354688.1
2009-06-05,23.760338,60173462.0,-61776878.800000004
2009-06-08,23.720799,59473462.0,-16604559.299999999
2009-06-09,23.697051,62973462.0,82939678.5
2009-06-10,23.558586,61773462.0,-28270303.2
2009-06-11,23.538102,61273462.0,-11769051.0
2009-06-12,23.584598,59823462.0,-34197667.1
2009-06-15,22.831344,58523462.0,-29680747.200000003
2009-06-16,22.500348,57773462.0,-16875261.0
2009-06-17,22.346462,55673462.0,-46927570.199999996
2009-06-18,22.348692,55423462.0,-5587173.0
2009-06-19,22.190174,48523462.0,-153112200.6
2009-06-22,21.401794,52373462.0,82396906.89999999
2009-06-23,21.345711,50123462.0,-48027849.75
2009-06-24,21.408792,56023462.0,126311872.8
2009-06-25,22.073292,55523462.0,-11036646.0
2009-06-26,22.022283,57323462.0,39640109.400000006
2009-06-29,22.206151,57323462.0,0.0
2009-06-30,21.931814,55873462.0,-31801130.3
2009-07-01,22.070578,54923462.0,-20967049.1
2009-07-02,21.310337,54274671.0,-13825954.852567
2009-07-06,21.331257,52124671.0,-45862202.550000004
2009-07-07,20.630741,52124671.0,0.0
2009-07-08,20.589114,49424671.0,-55590607.8
2009-07-09,20.698959,50924671.0,31048438.499999996
2009-07-10,20.765969,50924671.0,0.0
2009-07-13,21.286397,53224671.0,48958713.1
2009-07-14,21.536661,53974671.0,16152495.749999998
2009-07-15,22.247541,54024671.0,1112377.0499999998
2009-07-16,22.648609,57724671.0,83799853.3
2009-07-17,22.376206,53524671.0,-93980065.2
2009-07-20,22.877649,54224671.0,16014354.3
2009-07-21,22.828159,58374671.0,94736859.85
2009-07-22,22.892026,62374671.0,91568104.0
2009-07-23,23.433549,61374671.0,-23433549.0
2009-07-24,23.409454,62424671.0,24579926.7
2009-07-27,23.560235,61224671.0,-28272282.0
2009-07-28,23.511773,62924671.0,39970014.1
2009-07-29,23.370055,59924671.0,-70110165.0
2009-07-30,23.843828,57824671.0,-50072038.8
2009-07-31,23.936301,57524671.0,-7180890.3
2009-08-03,24.435164,57974671.0,10995823.8
2009-08-04,24.564717,62374671.0,108084754.80000001
2009-08-05,24.387829,63824671.0,35362352.05
2009-08-06,24.506889,64124671.0,7352066.7
2009-08-07,25.143765,64174671.0,1257188.25
2009-08-10,24.860343,67024671.0,70851977.55
2009-08-11,24.564812,65724671.0,-31934255.6
2009-08-12,25.006291,65374671.0,-8752201.85
2009-08-13,25.080812,65374671.0,0.0
2009-08-14,24.695893,65924671.0,13582741.15
2009-08-17,23.989647,65224671.0,-16792752.900000002
2009-08-18,24.329567,65024671.0,-4865913.4
2009-08-19,24.339981,64974671.0,-1216999.05
2009-08-20,24.643379,64924671.0,-1232168.95
2009-08-21,25.263611,66424671.0,37895416.5
2009-08-24,25.290082,66574671.0,3793512.3000000003
2009-08-25,25.456102,66574671.0,0.0
2009-08-26,25.222103,71124671.0,114760568.65
2009-08-27,25.443752,72374671.0,31804690.0
2009-08-28,25.33485,72674671.0,7600455.0
2009-08-31,25.040331,72924671.0,6260082.75
2009-09-01,24.593936,72974671.0,1229696.8
2009-09-02,24.481404,73724671.0,18361053.0
2009-09-03,24.846162,73024671.0,-17392313.4
2009-09-04,25.325633,73824671.0,20260506.4
2009-09-08,25.599551,73824671.0,0.0
2009-09-09,25.980343,75624671.0,46764617.400000006
2009-09-10,26.233364,71974671.0,-95751778.60000001
2009-09-11,26.363172,71974671.0,0.0
2009-09-14,26.624738,72774671.0,21299790.400000002
2009-09-15,26.904046,73024671.0,6726011.5
2009-09-16,27.246705,75574671.0,69479097.75
2009-09-17,27.246826,77174671.0,43594921.6
2009-09-18,27.115881,69974671.0,-195234343.20000002
2009-09-21,26.936434,78774671.0,237040619.2
2009-09-22,27.164817,77824671.0,-25806576.15
2009-09-23,26.887614,79274671.0,38987040.3
2009-09-24,26.514582,79274671.0,0.0
2009-09-25,26.228097,79274671.0,0.0
2009-09-28,26.646537,79374671.0,2664653.6999999997
2009-09-29,26.605268,78774671.0,-15963160.799999999
2009-09-30,26.390069,78174671.0,-15834041.4
2009-10-01,25.706853,76176000.0,-51379541.592363
2009-10-02,25.370067,72276000.0,-98943261.3
2009-10-05,25.832644,70626000.0,-42623862.599999994
2009-10-06,26.10724,72676000.0,53519842.0
2009-10-07,26.034654,74276000.0,41655446.4
2009-10-08,26.369933,74276000.0,0.0
2009-10-09,26.522926,76076000.0,47741266.8
2009-10-12,26.499274,76226000.0,3974891.1
2009-10-13,26.476643,76226000.0,0.0
2009-10-14,27.177798,76176000.0,-1358889.9
2009-10-15,27.269857,76576000.0,10907942.799999999
2009-10-16,27.083258,74726000.0,-50104027.300000004
2009-10-19,27.375508,74326000.0,-10950203.2
2009-10-20,27.196052,74026000.0,-8158815.600000001
2009-10-21,26.947016,73326000.0,-18862911.2
2009-10-22,27.199019,73326000.0,0.0
2009-10-23,26.716949,73326000.0,0.0
2009-10-26,26.452487,73676000.0,9258370.450000001
2009-10-27,26.15882,73176000.0,-13079410.0
2009-10-28,25.597189,73226000.0,1279859.45
2009-10-29,26.099929,70226000.0,-78299787.0
2009-10-30,25.325059,70276000.0,1266252.95
2009-11-02,25.560817,70676000.0,10224326.8
2009-11-03,25.972807,70676000.0,0.0
2009-11-04,25.962324,70526000.0,-3894348.5999999996
2009-11-05,26.62184,70526000.0,0.0
2009-11-06,26.86691,71226000.0,18806837.0
2009-11-09,27.510788,72626000.0,38515103.2
2009-11-10,27.434152,73626000.0,27434152.0
2009-11-11,27.575648,74026000.0,11030259.200000001
2009-11-12,27.306757,74026000.0,0.0
2009-11-13,27.503629,73576000.0,-12376633.05
2009-11-16,28.055596,74576000.0,28055596.0
2009-11-17,28.047105,74576000.0,0.0
2009-11-18,27.947142,74776000.0,5589428.399999999
2009-11-19,27.533358,74776000.0,0.0
2009-11-20,27.459745,74476000.0,-8237923.500000001
2009-11-23,27.853354,72226000.0,-62670046.5
2009-11-24,27.758125,72126000.0,-2775812.5
2009-11-25,27.956441,72126000.0,0.0
2009-11-27,27.507947,72476000.0,9627781.450000001
2009-11-30,27.542238,72226000.0,-6885559.5
2009-12-01,27.952883,71826000.0,-11181153.2
2009-12-02,27.913739,71126000.0,-19539617.3
2009-12-03,27.720657,71126000.0,0.0
2009-12-04,28.137946,71126000.0,0.0
2009-12-07,28.128967,71476000.0,9845138.45
2009-12-08,27.767374,71476000.0,0.0
2009-12-09,27.778718,71826000.0,9722551.3
2009-12-10,27.894942,72326000.0,13947471.0
2009-12-11,28.14213,73526000.0,33770556.0
2009-12-14,28.493787,73526000.0,0.0
2009-12-15,28.423485,73526000.0,0.0
2009-12-16,28.335209,74476000.0,26918448.55
2009-12-17,28.036877,73826000.0,-18223970.05
2009-12-18,27.823319,62326000.0,-319968168.5
2009-12-21,28.037892,69926000.0,213087979.2
2009-12-22,28.076772,72076000.0,60365059.8
2009-12-23,28.117079,70776000.0,-36552202.7
2009-12-24,28.23734,70776000.0,0.0
2009-12-28,28.20427,70776000.0,0.0
2009-12-29,28.253445,75076000.0,121489813.5
2009-12-30,28.186705,74776000.0,-8456011.5
2009-12-31,27.822045,74776000.0,0.0
2010-01-04,28.285914,74776000.0,0.0
2010-01-05,28.386119,73026000.0,-49675708.25
2010-01-06,28.459284,74076000.0,29882248.2
2010-01-07,28.779089,72926000.0,-33095952.349999998
2010-01-08,29.214985,72976000.0,1460749.25
2010-01-11,29.557949,73376000.0,11823179.6
2010-01-12,29.295787,77676000.0,125971884.10000001
2010-01-13,29.442501,79326000.0,48580126.65
2010-01-14,29.443298,75426000.0,-114828862.19999999
2010-01-15,29.089949,75426000.0,0.0
2010-01-19,29.356525,74926000.0,-14678262.5
2010-01-20,28.963793,75626000.0,20274655.099999998
2010-01-21,28.329385,78076000.0,69406993.25
2010-01-22,27.860555,76326000.0,-48755971.25
2010-01-25,27.968994,75276000.0,-29367443.7
2010-01-26,27.932809,73876000.0,-39105932.6
2010-01-27,27.993754,72976000.0,-25194378.599999998
2010-01-28,27.643262,73176000.0,5528652.4
2010-01-29,27.371307,74176000.0,27371307.0
2010-02-01,27.784354,72176000.0,-55568708.0
2010-02-02,28.300549,74776000.0,73581427.4
2010-02-03,28.216068,78176000.0,95934631.2
2010-02-04,27.36208,78726000.0,15049144.0
2010-02-05,27.228957,75626000.0,-84409766.7
2010-02-08,26.931831,77526000.0,51170478.9
2010-02-09,27.425375,79276000.0,47994406.25
2010-02-10,27.351085,80876000.0,43761736.0
2010-02-11,27.795012,85976000.0,141754561.2
2010-02-12,27.615047,83826000.0,-59372351.050000004
2010-02-16,28.223689,84326000.0,14111844.5
2010-02-17,28.42573,86726000.0,68221752.0
2010-02-18,28.718219,86826000.0,2871821.9
2010-02-19,28.868852,87526000.0,20208196.4
2010-02-22,28.874876,88076000.0,15881181.8
2010-02-23,28.526947,88176000.0,2852694.7
2010-02-24,28.795248,88976000.0,23036198.400000002
2010-02-25,28.754937,88976000.0,0.0
2010-02-26,28.854714,89726000.0,21641035.5
2010-03-01,29.185244,83326000.0,-186785561.6
2010-03-02,29.267279,82926000.0,-11706911.6
2010-03-03,29.307251,84776000.0,54218414.35
2010-03-04,29.432237,85476000.0,20602565.900000002
2010-03-05,29.882039,85726000.0,7470509.75
2010-03-08,29.741239,88126000.0,71378973.6
2010-03-09,29.974076,87826000.0,-8992222.8
2010-03-10,30.081973,87826000.0,0.0
2010-03-11,30.17669,89026000.0,36212028.0
2010-03-12,30.347468,89026000.0,0.0
2010-03-15,30.394531,89026000.0,0.0
2010-03-16,30.697921,92826000.0,116652099.8
2010-03-17,30.821739,93926000.0,33903912.9
2010-03-18,31.021901,93926000.0,0.0
2010-03-19,30.805531,88376000.0,-170970697.04999998
2010-03-22,30.892479,97326000.0,276487687.05
2010-03-23,31.230836,96576000.0,-23423127.0
2010-03-24,31.030682,97176000.0,18618409.2
2010-03-25,30.977732,96776000.0,-12391092.8
2010-03-26,31.072696,95876000.0,-27965426.400000002
2010-03-29,31.359418,95276000.0,-18815650.8
2010-03-30,31.427984,99676000.0,138283129.6
2010-03-31,31.239552,100876000.0,37487462.4
2010-04-01,31.428884,101376000.0,15714442.0
2010-04-05,31.674528,101376000.0,0.0
2010-04-06,31.671265,103776000.0,76011036.0
2010-04-07,31.494001,106226000.0,77160302.45
2010-04-08,31.601129,106726000.0,15800564.5
2010-04-09,31.781199,107826000.0,34959318.9
2010-04-12,31.860826,107826000.0,0.0
2010-04-13,31.92817,107926000.0,3192817.0
2010-04-14,32.315484,106776000.0,-37162806.599999994
2010-04-15,32.597322,108876000.0,68454376.2
2010-04-16,32.082942,109026000.0,4812441.300000001
2010-04-19,32.084807,107576000.0,-46522970.15
2010-04-20,32.336476,108326000.0,24252357.0
2010-04-21,32.633957,106976000.0,-44055841.95
2010-04-22,32.898404,115926000.0,294440715.8
2010-04-23,33.141959,121376000.0,180623676.55
2010-04-26,33.200635,121126000.0,-8300158.75
2010-04-27,32.376331,122876000.0,56658579.25
2010-04-28,32.624743,102776000.0,-655757334.3000001
2010-04-29,33.289232,102126000.0,-21638000.8
2010-04-30,32.576484,106026000.0,127048287.60000001
2010-05-03,33.261708,106176000.0,4989256.2
2010-05-04,32.168689,103576000.0,-83638591.4
2010-05-05,31.74417,98726000.0,-153959224.5
2010-05-06,30.693666,95176000.0,-108962514.3
2010-05-07,30.048134,88276000.0,-207332124.6
2010-05-10,31.750434,82226000.0,-192090125.7
2010-05-11,31.684542,86826000.0,145748893.2
2010-05-12,32.349126,97326000.0,339665823.0
2010-05-13,31.921143,102576000.0,167586000.75
2010-05-14,31.23346,104976000.0,74960304.0
2010-05-17,31.143074,101326000.0,-113672220.1
2010-05-18,30.73423,99226000.0,-64541883.0
2010-05-19,30.334301,95276000.0,-119820488.95
2010-05-20,28.959535,91926000.0,-97014442.25
2010-05-21,29.428847,84676000.0,-213359140.75
2010-05-24,28.977947,87376000.0,78240456.9
2010-05-25,28.932612,89926000.0,73778160.6
2010-05-26,29.019703,89226000.0,-20313792.1
2010-05-27,29.998613,91926000.0,80996255.1
2010-05-28,29.56122,96526000.0,135981612.0
2010-06-01,28.939189,92726000.0,-109968918.2
2010-06-02,29.672826,92626000.0,-2967282.6
2010-06-03,29.827115,89176000.0,-102903546.75
2010-06-04,28.452909,95226000.0,172140099.45
2010-06-07,27.713022,93976000.0,-34641277.5
2010-06-08,28.008021,93376000.0,-16804812.6
2010-06-09,27.986967,96626000.0,90957642.75
2010-06-10,29.007169,98076000.0,42060395.050000004
2010-06-11,29.177091,99476000.0,40847927.4
2010-06-14,29.148112,101276000.0,52466601.6
2010-06-15,30.037776,116326000.0,452068528.8
2010-06-16,29.965451,116776000.0,13484452.950000001
2010-06-17,30.031371,118626000.0,55558036.35
2010-06-18,29.990501,103426000.0,-455855615.2
2010-06-21,30.072827,112376000.0,269151801.65
2010-06-22,29.326809,115976000.0,105576512.4
2010-06-23,29.237178,112626000.0,-97944546.3
2010-06-24,28.71355,113926000.0,37327615.0
2010-06-25,28.908276,108826000.0,-147432207.6
2010-06-28,28.730887,110976000.0,61771407.05
2010-06-29,27.59779,106976000.0,-110391160.0
2010-06-30,27.439023,101476000.0,-150914626.5
2010-07-01,27.307694,99976000.0,-40961541.0
2010-07-02,27.033617,100176000.0,5406723.4
2010-07-06,27.048483,99876000.0,-8114544.9
2010-07-07,28.010218,99226000.0,-18206641.7
2010-07-08,28.383659,99876000.0,18449378.35
2010-07-09,28.617275,99176000.0,-20032092.5
2010-07-12,28.462099,100776000.0,45539358.4
2010-07-13,29.005171,99526000.0,-36256463.75
2010-07-14,29.076671,102176000.0,77053178.15
2010-07-15,29.046626,102976000.0,23237300.8
2010-07-16,28.076057,97226000.0,-161437327.75
2010-07-19,28.242785,94276000.0,-83316215.75
2010-07-20,28.694057,93026000.0,-35867571.25
2010-07-21,28.604827,87676000.0,-153035824.45
2010-07-22,29.512742,90526000.0,84111314.7
2010-07-23,30.082596,93126000.0,78214749.6
2010-07-26,30.585,97676000.0,139161750.0
2010-07-27,30.351363,103176000.0,166932496.5
2010-07-28,30.283893,103426000.0,7570973.25
2010-07-29,30.218407,105826000.0,72524176.8
2010-07-30,30.279038,104426000.0,-42390653.2
2010-08-02,30.881049,105176000.0,23160786.75
2010-08-03,30.732694,110176000.0,153663470.0
2010-08-04,30.974906,112176000.0,61949812.0
2010-08-05,31.007997,109176000.0,-93023991.0
2010-08-06,30.844269,117676000.0,262176286.5
2010-08-09,31.040158,118776000.0,34144173.800000004
2010-08-10,30.798077,122526000.0,115492788.75
2010-08-11,29.649344,121126000.0,-41509081.6
2010-08-12,29.428551,105826000.0,-450256830.29999995
2010-08-13,29.365026,98676000.0,-209959935.9
2010-08-16,29.345328,97526000.0,-33747127.199999996
2010-08-17,29.894403,101926000.0,131535373.2
2010-08-18,29.965872,100576000.0,-40453927.2
2010-08-19,29.347038,97576000.0,-88041114.0
2010-08-20,29.16629,94726000.0,-83123926.5
2010-08-23,28.828971,94076000.0,-18738831.15
2010-08-24,28.267062,93276000.0,-22613649.599999998
2010-08-25,28.216214,89726000.0,-100167559.7
2010-08-26,28.140591,89876000.0,4221088.65
2010-08-27,28.761661,89826000.0,-1438083.05
2010-08-30,28.28736,91526000.0,48088512.0
2010-08-31,28.206691,89776000.0,-49361709.25
2010-09-01,29.315601,87476000.0,-67425882.3
2010-09-02,29.716254,93626000.0,182754962.1
2010-09-03,30.139848,92326000.0,-39181802.4
2010-09-07,29.842658,93376000.0,31334790.9
2010-09-08,30.135847,92426000.0,-28629054.65
2010-09-09,30.148459,93226000.0,24118767.2
2010-09-10,30.379116,93676000.0,13670602.2
2010-09-13,30.704789,93426000.0,-7676197.25
2010-09-14,30.608502,92926000.0,-15304251.0
2010-09-15,30.617173,93076000.0,4592575.95
2010-09-16,30.560014,92076000.0,-30560014.0
2010-09-17,30.685084,83926000.0,-250083434.6
2010-09-20,31.158665,93826000.0,308470783.5
2010-09-21,31.215354,93976000.0,4682303.100000001
2010-09-22,31.049549,95176000.0,37259458.8
2010-09-23,30.604619,95526000.0,10711616.65
2010-09-24,31.458594,95426000.0,-3145859.4000000004
2010-09-27,31.21912,96676000.0,39023900.0
2010-09-28,31.412878,96126000.0,-17277082.9
2010-09-29,31.41398,94426000.0,-53403766.0
2010-09-30,31.281817,93676000.0,-23461362.75
2010-10-01,31.32358,93326000.0,-10963253.0
2010-10-04,30.976547,96576000.0,100673777.75
2010-10-05,31.826541,93076000.0,-111392893.5
2010-10-06,31.991474,94476000.0,44788063.6
2010-10-07,31.930329,95626000.0,36719878.35
2010-10-08,32.200104,94976000.0,-20930067.6
2010-10-11,32.127399,95076000.0,3212739.9
2010-10-12,32.074047,94426000.0,-20848130.55
2010-10-13,32.560771,93926000.0,-16280385.500000002
2010-10-14,32.446804,99876000.0,193058483.8
2010-10-15,32.237592,101876000.0,64475184.0
2010-10-18,32.276278,99126000.0,-88759764.5
2010-10-19,31.78516,99126000.0,0.0
2010-10-20,32.238624,95726000.0,-109611321.60000001
2010-10-21,32.484887,96176000.0,14618199.15
2010-10-22,32.502981,94726000.0,-47129322.449999996
2010-10-25,32.574067,93576000.0,-37460177.05
2010-10-26,32.454834,93976000.0,12981933.6
2010-10-27,32.236229,90976000.0,-96708687.0
2010-10-28,32.142092,87876000.0,-99640485.19999999
2010-10-29,32.17414,89126000.0,40217675.0
2010-11-01,32.214618,88976000.0,-4832192.7
2010-11-02,32.494092,88676000.0,-9748227.600000001
2010-11-03,32.543434,89576000.0,29289090.599999998
2010-11-04,33.242839,89976000.0,13297135.599999998
2010-11-05,33.414709,92176000.0,73512359.8
2010-11-08,33.303025,92576000.0,13321210.0
2010-11-09,32.997605,93276000.0,23098323.5
2010-11-10,32.982481,92426000.0,-28035108.85
2010-11-11,32.800636,92426000.0,0.0
2010-11-12,32.430669,93426000.0,32430669.0
2010-11-15,32.498315,93226000.0,-6499663.0
2010-11-16,31.998012,90126000.0,-99193837.2
2010-11-17,32.019612,89576000.0,-17610786.6
2010-11-18,32.607875,87476000.0,-68476537.5
2010-11-19,32.75594,90526000.0,99905617.00000001
2010-11-22,32.670795,95926000.0,176422293.0
2010-11-23,32.26998,97726000.0,58085963.99999999
2010-11-24,32.968403,96526000.0,-39562083.6
2010-11-26,32.740061,97726000.0,39288073.199999996
2010-11-29,32.712056,97326000.0,-13084822.399999999
2010-11-30,32.617007,97876000.0,17939353.85
2010-12-01,33.457481,98926000.0,35130355.050000004
2010-12-02,33.958174,99976000.0,35656082.7
2010-12-03,34.044074,104826000.0,165113758.9
2010-12-06,33.999887,108076000.0,110499632.75
2010-12-07,34.134561,104926000.0,-107523867.14999999
2010-12-08,34.026792,111726000.0,231382185.6
2010-12-09,34.100464,108426000.0,-112531531.2
2010-12-10,34.410291,107826000.0,-20646174.6
2010-12-13,34.424488,110126000.0,79176322.39999999
2010-12-14,34.580326,110726000.0,20748195.6
2010-12-15,34.432317,109276000.0,-49926859.65
2010-12-16,34.807205,112326000.0,106161975.25000001
2010-12-17,34.516559,110476000.0,-63855634.15
2010-12-20,34.52666,107476000.0,-103579980.0
2010-12-21,34.782584,106726000.0,-26086938.0
2010-12-22,34.892073,108426000.0,59316524.10000001
2010-12-23,34.812235,108726000.0,10443670.5
2010-12-27,34.854958,107676000.0,-36597705.900000006
2010-12-28,34.87472,107026000.0,-22668568.000000004
2010-12-29,34.873617,106426000.0,-20924170.200000003
2010-12-30,34.821325,107426000.0,34821325.0
2010-12-31,34.855014,107426000.0,0.0
2011-01-03,35.135259,108076000.0,22837918.349999998
2011-01-04,35.071188,108726000.0,22796272.2
2011-01-05,35.258627,109526000.0,28206901.599999998
2011-01-06,35.192861,108826000.0,-24635002.7
2011-01-07,35.260819,107726000.0,-38786900.9
2011-01-10,35.309782,107726000.0,0.0
2011-01-11,35.412805,107726000.0,0.0
2011-01-12,35.735531,106476000.0,-44669413.75
2011-01-13,35.772955,106926000.0,16097829.750000002
2011-01-14,35.92198,106576000.0,-12572693.0
2011-01-18,36.16029,107326000.0,27120217.500000004
2011-01-19,35.797842,105726000.0,-57276547.2
2011-01-20,35.613417,104876000.0,-30271404.45
2011-01-21,35.898367,107526000.0,95130672.55
2011-01-24,36.242256,109476000.0,70672399.19999999
2011-01-25,36.19042,110326000.0,30761857.000000004
2011-01-26,36.390655,113226000.0,105532899.5
2011-01-27,36.55354,113676000.0,16449093.0
2011-01-28,35.85582,114376000.0,25099074.0
2011-01-31,36.220279,115126000.0,27165209.25
2011-02-01,36.740128,115376000.0,9185032.0
2011-02-02,36.643509,117526000.0,78783544.35000001
2011-02-03,36.637895,118826000.0,47629263.5
2011-02-04,36.773185,118926000.0,3677318.5
2011-02-07,37.127307,119126000.0,7425461.4
2011-02-08,37.371672,120476000.0,50451757.199999996
2011-02-09,37.375887,120776000.0,11212766.1
2011-02-10,37.554746,120326000.0,-16899635.7
2011-02-11,37.834448,119826000.0,-18917224.0
2011-02-14,37.80606,119826000.0,0.0
2011-02-15,37.6728,119626000.0,-7534560.0
2011-02-16,37.857489,119126000.0,-18928744.5
2011-02-17,37.928824,118826000.0,-11378647.2
2011-02-18,38.046897,120626000.0,68484414.60000001
2011-02-22,36.943251,122476000.0,68345014.35
2011-02-23,36.29123,122626000.0,5443684.5
2011-02-24,36.474058,108476000.0,-516107920.7
2011-02-25,36.81856,105226000.0,-119660320.0
2011-02-28,37.016343,104476000.0,-27762257.25
2011-03-01,36.228345,104476000.0,0.0
2011-03-02,36.397223,104726000.0,9099305.75
2011-03-03,37.273368,103926000.0,-29818694.4
2011-03-04,36.856144,106676000.0,101354396.0
2011-03-07,36.513664,107776000.0,40165030.4
2011-03-08,37.067518,105476000.0,-85255291.4
2011-03-09,36.979603,104726000.0,-27734702.249999996
2011-03-10,36.246252,103426000.0,-47120127.6
2011-03-11,36.669872,101376000.0,-75173237.6
2011-03-14,36.3866,102526000.0,41844590.0
2011-03-15,36.030495,101676000.0,-30625920.75
2011-03-16,35.345576,99926000.0,-61854758.0
2011-03-17,35.900434,100426000.0,17950217.0
2011-03-18,36.008796,101176000.0,27006596.999999996
2011-03-21,36.748688,100226000.0,-34911253.6
2011-03-22,36.467095,100126000.0,-3646709.5
2011-03-23,36.597031,102676000.0,93322429.05
2011-03-24,36.958678,102376000.0,-11087603.4
2011-03-25,37.091287,105426000.0,113128425.35000001
2011-03-28,37.072726,106076000.0,24097271.900000002
2011-03-29,37.365848,106126000.0,1868292.4
2011-03-30,37.522573,108526000.0,90054175.2
2011-03-31,37.671622,109226000.0,26370135.4
2011-04-01,38.001794,108476000.0,-28501345.499999996
2011-04-04,38.032244,109276000.0,30425795.2
2011-04-05,37.882793,114776000.0,208355361.5
2011-04-06,37.931159,116076000.0,49310506.7
2011-04-07,37.764066,112976000.0,-117068604.6
2011-04-08,37.435085,110776000.0,-82357187.0
2011-04-11,37.390064,110926000.0,5608509.600000001
2011-04-12,37.09311,108876000.0,-76040875.5
2011-04-13,37.011037,107526000.0,-49964899.95
2011-04-14,36.993116,105176000.0,-86933822.6
2011-04-15,37.135392,105126000.0,-1856769.6
2011-04-18,36.614467,103176000.0,-71398210.64999999
2011-04-19,36.940301,99376000.0,-140373143.79999998
2011-04-20,37.509485,99576000.0,7501897.0
2011-04-21,37.63401,102726000.0,118547131.50000001
2011-04-25,37.517173,107526000.0,180082430.4
2011-04-26,38.221667,107776000.0,9555416.75
2011-04-27,38.412054,109576000.0,69141697.2
2011-04-28,38.543393,112676000.0,119484518.30000001
2011-04-29,38.698853,116926000.0,164470125.25
2011-05-02,38.638155,122776000.0,226033206.75
2011-05-03,38.472278,122776000.0,0.0
2011-05-04,37.939534,120376000.0,-91054881.60000001
2011-05-05,37.755754,114676000.0,-215207797.8
2011-05-06,38.058651,111176000.0,-133205278.49999999
2011-05-09,38.22673,112826000.0,63074104.50000001
2011-05-10,38.519791,112826000.0,0.0
2011-05-11,38.095749,115576000.0,104763309.75
2011-05-12,38.132042,113876000.0,-64824471.4
2011-05-13,37.69249,110676000.0,-120615968.0
2011-05-16,37.548378,107226000.0,-129541904.1
2011-05-17,37.057164,105026000.0,-81525760.8
2011-05-18,37.515076,96626000.0,-315126638.4
2011-05-19,37.761183,101226000.0,173701441.8
2011-05-20,37.388646,107126000.0,220593011.4
2011-05-23,36.874764,105126000.0,-73749528.0
2011-05-24,36.660571,104126000.0,-36660571.0
2011-05-25,36.959246,102576000.0,-57286831.3
2011-05-26,37.090991,108376000.0,215127747.8
2011-05-27,37.255174,112626000.0,158334489.5
2011-05-31,37.63265,111676000.0,-35751017.5
2011-06-01,36.412473,112626000.0,34591849.35
2011-06-02,36.579828,104026000.0,-314586520.8
2011-06-03,36.104883,109876000.0,211213565.55
2011-06-06,35.842346,108526000.0,-48387167.1
2011-06-07,35.813901,106676000.0,-66255716.85
2011-06-08,35.511493,105726000.0,-33735918.35
2011-06-09,35.768244,106626000.0,32191419.6
2011-06-10,35.205175,113626000.0,246436224.99999997
2011-06-13,35.229563,113626000.0,0.0
2011-06-14,35.885538,112626000.0,-35885538.0
2011-06-15,35.347736,116626000.0,141390944.0
2011-06-16,35.480342,108376000.0,-292712821.5
2011-06-17,35.446829,108426000.0,1772341.45
2011-06-20,35.746909,111026000.0,92941963.4
2011-06-21,36.316223,112376000.0,49026901.050000004
2011-06-22,36.113192,115576000.0,115562214.39999999
2011-06-23,36.034979,113126000.0,-88285698.55
2011-06-24,35.612252,111776000.0,-48076540.199999996
2011-06-27,35.915934,108226000.0,-127501565.7
2011-06-28,36.468115,109626000.0,51055361.0
2011-06-29,36.640682,108976000.0,-23816443.299999997
2011-06-30,37.25761,107526000.0,-54023534.5
2011-07-01,37.920192,111176000.0,138408700.8
2011-07-05,37.690851,116126000.0,186569712.45000002
2011-07-06,37.891075,113926000.0,-83360365.0
2011-07-07,38.279153,112426000.0,-57418729.5
2011-07-08,37.832027,115926000.0,132412094.49999999
2011-07-11,37.128163,110776000.0,-191210039.45000002
2011-07-12,36.756406,109126000.0,-60648069.9
2011-07-13,36.896254,103126000.0,-221377524.0
2011-07-14,36.512757,103126000.0,0.0
2011-07-15,36.548298,102176000.0,-34720883.1
2011-07-18,36.140683,101426000.0,-27105512.250000004
2011-07-19,36.604633,100176000.0,-45755791.25
2011-07-20,36.678774,101926000.0,64187854.49999999
2011-07-21,37.22037,101426000.0,-18610185.0
2011-07-22,36.855813,101826000.0,14742325.2
2011-07-25,36.81354,101176000.0,-23928801.000000004
2011-07-26,36.129159,101176000.0,0.0
2011-07-27,35.149641,95576000.0,-196837989.60000002
2011-07-28,34.831475,87776000.0,-271685505.0
2011-07-29,34.670094,96376000.0,298162808.4
2011-08-01,34.472731,97876000.0,51709096.50000001
2011-08-02,33.290903,104926000.0,234700866.15
2011-08-03,33.539307,102776000.0,-72109510.05
2011-08-04,31.730485,108326000.0,176104191.75
2011-08-05,31.746641,108926000.0,19047984.6
2011-08-08,29.538272,111976000.0,90091729.6
2011-08-09,30.94505,112926000.0,29397797.5
2011-08-10,29.461403,109276000.0,-107534120.95
2011-08-11,30.813474,108826000.0,-13866063.299999999
2011-08-12,31.384838,106976000.0,-58061950.3
2011-08-15,31.914017,108126000.0,36701119.550000004
2011-08-16,31.43438,99376000.0,-275050825.0
2011-08-17,31.338022,94826000.0,-142588000.1
2011-08-18,29.564797,91976000.0,-84259671.45
2011-08-19,29.12233,92726000.0,21841747.5
2011-08-22,29.228311,89976000.0,-80377855.25
2011-08-23,30.271193,92526000.0,77191542.15
2011-08-24,30.884459,96176000.0,112728275.35
2011-08-25,30.319351,99026000.0,86410150.35000001
2011-08-26,30.925515,96776000.0,-69582408.75
2011-08-29,31.921373,96776000.0,0.0
2011-08-30,32.192661,96826000.0,1609633.05
2011-08-31,32.41473,94926000.0,-61587987.0
2011-09-01,31.87786,92276000.0,-84476329.0
2011-09-02,30.891202,88076000.0,-129743048.4
2011-09-06,30.540512,84826000.0,-99256664.0
2011-09-07,31.479728,85076000.0,7869932.0
2011-09-08,31.007496,90076000.0,155037480.0
2011-09-09,30.192751,89526000.0,-16606013.05
2011-09-12,30.235981,90876000.0,40818574.35
2011-09-13,30.813802,89976000.0,-27732421.8
2011-09-14,31.340238,95926000.0,186474416.1
2011-09-15,31.981869,94976000.0,-30382775.55
2011-09-16,31.961463,95526000.0,17578804.65
2011-09-19,31.662633,94076000.0,-45910817.85
2011-09-20,31.431835,90076000.0,-125727340.0
2011-09-21,30.175426,90076000.0,0.0
2011-09-22,29.033243,85826000.0,-123391282.75
2011-09-23,29.329006,83076000.0,-80654766.5
2011-09-26,30.05835,86526000.0,103701307.5
2011-09-27,30.552553,86376000.0,-4582882.95
2011-09-28,29.810847,86876000.0,14905423.5
2011-09-29,30.217746,85676000.0,-36261295.2
2011-09-30,29.23004,85826000.0,4384506.0
2011-10-03,28.375546,80776000.0,-143296507.3
2011-10-04,29.144818,80876000.0,2914481.8000000003
2011-10-05,29.786007,82476000.0,47657611.2
2011-10-06,30.429819,86726000.0,129326730.75
2011-10-07,30.281717,88076000.0,40880317.95
2011-10-10,31.371924,86426000.0,-51763674.6
2011-10-11,31.49732,92576000.0,193708518.0
2011-10-12,31.89302,92076000.0,-15946510.0
2011-10-13,31.617389,97176000.0,161248683.9
2011-10-14,32.174919,93826000.0,-107785978.65
2011-10-17,31.294507,95576000.0,54765387.25
2011-10-18,32.197641,95076000.0,-16098820.499999998
2011-10-19,31.795199,94026000.0,-33384958.95
2011-10-20,32.006915,93126000.0,-28806223.5
2011-10-21,32.682672,91126000.0,-65365343.99999999
2011-10-24,33.269459,91826000.0,23288621.299999997
2011-10-25,32.586802,99726000.0,257435735.79999998
2011-10-26,32.827927,98876000.0,-27903737.950000003
2011-10-27,34.255313,99626000.0,25691484.75
2011-10-28,34.264481,103226000.0,123352131.60000001
2011-10-31,33.422407,103226000.0,0.0
2011-11-01,32.430454,102726000.0,-16215226.999999998
2011-11-02,33.021157,93576000.0,-302143586.55
2011-11-03,33.839408,91626000.0,-65986845.599999994
2011-11-04,33.615339,94776000.0,105888317.85
2011-11-07,33.663949,94576000.0,-6732789.800000001
2011-11-08,34.037786,93376000.0,-40845343.199999996
2011-11-09,32.759417,93876000.0,16379708.5
2011-11-10,33.105646,89726000.0,-137388430.9
2011-11-11,33.897672,88226000.0,-50846508.0
2011-11-14,33.692686,90126000.0,64016103.400000006
2011-11-15,33.887135,91326000.0,40664562.0
2011-11-16,33.399474,89226000.0,-70138895.39999999
2011-11-17,32.799154,87226000.0,-65598308.0
2011-11-18,32.920491,84576000.0,-87239301.14999999
2011-11-21,32.175479,83726000.0,-27349157.150000002
2011-11-22,31.945291,80476000.0,-103822195.75
2011-11-23,31.209195,81326000.0,26527815.75
2011-11-25,31.156466,78176000.0,-98142867.9
2011-11-28,32.227675,77226000.0,-30616291.249999996
2011-11-29,32.204567,79376000.0,69239819.05
2011-11-30,33.835086,79426000.0,1691754.2999999998
2011-12-01,33.756327,85876000.0,217728309.15
2011-12-02,33.703874,86276000.0,13481549.6
2011-12-05,34.062718,87526000.0,42578397.49999999
2011-12-06,34.092015,88276000.0,25569011.250000004
2011-12-07,34.015182,88976000.0,23810627.400000002
2011-12-08,33.231791,85476000.0,-116311268.5
2011-12-09,33.951489,84876000.0,-20370893.400000002
2011-12-12,33.354481,91026000.0,205130058.15
2011-12-13,32.953348,87526000.0,-115336718.0
2011-12-14,32.546016,81926000.0,-182257689.60000002
2011-12-15,32.759484,81476000.0,-14741767.8
2011-12-16,32.684181,81376000.0,-3268418.1
2011-12-19,32.326605,85026000.0,117992108.25
2011-12-20,33.440173,81476000.0,-118712614.15
2011-12-21,33.470977,87426000.0,199152313.14999998
2011-12-22,33.761928,83726000.0,-124919133.6
2011-12-23,34.069145,84876000.0,39179516.75
2011-12-27,34.027838,85276000.0,13611135.200000001
2011-12-28,33.535415,84176000.0,-36888956.5
2011-12-29,33.952937,79426000.0,-161276450.75
2011-12-30,33.770426,80276000.0,28704862.1
2012-01-03,34.46913,79626000.0,-22404934.5
2012-01-04,34.630278,87976000.0,289162821.29999995
2012-01-05,34.632784,92926000.0,171432280.8
2012-01-06,34.587953,93426000.0,17293976.5
2012-01-09,34.847681,94726000.0,45301985.300000004
2012-01-10,35.366608,99276000.0,160918066.4
2012-01-11,35.465796,104476000.0,184422139.2
2012-01-12,35.783597,102376000.0,-75145553.7
2012-01-13,35.510347,100876000.0,-53265520.50000001
2012-01-17,35.665942,100276000.0,-21399565.2
2012-01-18,36.006911,101876000.0,57611057.6
2012-01-19,36.347707,102326000.0,16356468.15
2012-01-20,36.200098,102926000.0,21720058.799999997
2012-01-23,36.121411,100076000.0,-102946021.35000001
2012-01-24,36.149987,100476000.0,14459994.8
2012-01-25,36.58198,100326000.0,-5487297.0
2012-01-26,36.505232,100676000.0,12776831.2
2012-01-27,36.454019,101676000.0,36454019.0
2012-01-30,36.323154,100926000.0,-27242365.5
2012-01-31,36.180011,100776000.0,-5427001.65
2012-02-01,36.602136,97876000.0,-106146194.4
2012-02-02,36.605406,100526000.0,97004325.9
2012-02-03,37.257197,98576000.0,-72651534.14999999
2012-02-06,37.158122,102376000.0,141200863.6
2012-02-07,37.141354,103476000.0,40855489.4
2012-02-08,37.240619,100826000.0,-98687640.35000001
2012-02-09,37.286336,100376000.0,-16778851.2
2012-02-10,36.979714,99726000.0,-24036814.1
2012-02-13,37.420004,95426000.0,-160906017.2
2012-02-14,37.301346,101026000.0,208887537.60000002
2012-02-15,36.814505,99076000.0,-71788284.75
2012-02-16,37.139766,100176000.0,40853742.6
2012-02-17,37.297203,103126000.0,110026748.85000001
2012-02-21,37.403203,101926000.0,-44883843.599999994
2012-02-22,37.367691,103326000.0,52314767.4
2012-02-23,37.483556,103126000.0,-7496711.2
2012-02-24,37.476322,103176000.0,1873816.1
2012-02-27,37.481974,103176000.0,0.0
2012-02-28,37.442095,106426000.0,121686808.75
2012-02-29,37.2378,104226000.0,-81923160.0
2012-03-01,37.354163,101176000.0,-113930197.15
2012-03-02,37.133531,99876000.0,-48273590.3
2012-03-05,36.897913,97926000.0,-71950930.35000001
2012-03-06,36.058702,96826000.0,-39664572.199999996
2012-03-07,36.403661,87826000.0,-327632949.0
2012-03-08,36.928488,91276000.0,127403283.60000001
2012-03-09,36.993041,90476000.0,-29594432.799999997
2012-03-12,37.013293,93426000.0,109189214.35
2012-03-13,37.780953,96476000.0,115231906.64999999
2012-03-14,37.694089,101126000.0,175277513.85
2012-03-15,38.158773,93826000.0,-278559042.9
2012-03-16,37.946481,92526000.0,-49330425.3
2012-03-19,37.977912,91826000.0,-26584538.400000002
2012-03-20,37.536829,89126000.0,-101349438.3
2012-03-21,37.531132,85076000.0,-152001084.6
2012-03-22,37.10383,86826000.0,64931702.5
2012-03-23,37.143864,84576000.0,-83573694.0
2012-03-26,37.699311,84826000.0,9424827.75
2012-03-27,37.606026,84126000.0,-26324218.2
2012-03-28,37.193635,82776000.0,-50211407.25
2012-03-29,37.255387,72026000.0,-400495410.25
2012-03-30,37.408341,74576000.0,95391269.55
2012-04-02,37.653828,79526000.0,186386448.6
2012-04-03,37.411895,86376000.0,256271480.75
2012-04-04,37.132786,90776000.0,163384258.4
2012-04-05,36.980296,87976000.0,-103544828.80000001
2012-04-09,36.392657,87476000.0,-18196328.5
2012-04-10,35.630371,85426000.0,-73042260.55
2012-04-11,36.018863,80426000.0,-180094315.00000003
2012-04-12,36.774888,81776000.0,49646098.8
2012-04-13,36.343047,91326000.0,347076098.84999996
2012-04-16,36.431728,88976000.0,-85614560.8
2012-04-17,37.002076,89076000.0,3700207.6
2012-04-18,36.88338,92576000.0,129091830.00000001
2012-04-19,36.479485,88326000.0,-155037811.25
2012-04-20,36.750163,80726000.0,-279301238.8
2012-04-23,36.385793,83076000.0,85506613.55
2012-04-24,36.806409,85476000.0,88335381.60000001
2012-04-25,36.913851,88426000.0,108895860.45
2012-04-26,37.12926,88776000.0,12995241.0
2012-04-27,37.344569,89926000.0,42946254.35
2012-04-30,37.024432,91826000.0,70346420.8
2012-05-01,37.094132,87926000.0,-144667114.8
2012-05-02,37.12887,85976000.0,-72401296.5
2012-05-03,36.807318,86226000.0,9201829.5
2012-05-04,36.296832,80076000.0,-223225516.8
2012-05-07,36.233273,76676000.0,-123193128.19999999
2012-05-08,36.124035,81676000.0,180620175.0
2012-05-09,35.716913,82526000.0,30359376.049999997
2012-05-10,35.758381,79826000.0,-96547628.7
2012-05-11,35.685785,80826000.0,35685785.0
2012-05-14,35.271661,81326000.0,17635830.5
2012-05-15,35.073318,79276000.0,-71900301.9
2012-05-16,35.013489,77826000.0,-50769559.05
2012-05-17,34.27759,81476000.0,125113203.49999999
2012-05-18,34.114186,81776000.0,10234255.799999999
2012-05-21,34.884068,82326000.0,19186237.4
2012-05-22,34.963178,87226000.0,171319572.2
2012-05-23,35.20144,86826000.0,-14080576.0
2012-05-24,35.155274,91376000.0,159956496.7
2012-05-25,34.939853,91376000.0,0.0
2012-05-29,35.39412,90576000.0,-28315296.0
2012-05-30,34.791075,89176000.0,-48707505.0
2012-05-31,34.662419,86776000.0,-83189805.6
2012-06-01,33.704599,87226000.0,15167069.55
2012-06-04,33.374113,87426000.0,6674822.600000001
2012-06-05,33.442702,87276000.0,-5016405.3
2012-06-06,34.362147,89476000.0,75596723.4
2012-06-07,34.560262,91526000.0,70848537.10000001
2012-06-08,34.812177,94726000.0,111398966.39999999
2012-06-11,34.361314,98076000.0,115110401.9
2012-06-12,34.90947,94326000.0,-130910512.5
2012-06-13,34.546701,98226000.0,134732133.9
2012-06-14,34.830347,94626000.0,-125389249.20000002
2012-06-15,34.961983,94626000.0,0.0
2012-06-18,35.055796,91876000.0,-96403439.0
2012-06-19,35.491417,91526000.0,-12421995.95
2012-06-20,35.329061,94126000.0,91855558.60000001
2012-06-21,34.632119,88226000.0,-204329502.10000002
2012-06-22,34.735986,83326000.0,-170206331.39999998
2012-06-25,34.111242,82426000.0,-30700117.799999997
2012-06-26,34.149701,77876000.0,-155381139.55
2012-06-27,34.515895,81276000.0,117354043.0
2012-06-28,34.481476,91526000.0,353435129.0
2012-06-29,35.633463,90826000.0,-24943424.099999998
2012-07-02,35.367984,99676000.0,313006658.4
2012-07-03,35.728858,96526000.0,-112545902.7
2012-07-05,35.677418,99026000.0,89193545.0
2012-07-06,35.204305,98876000.0,-5280645.75
2012-07-09,35.170378,95976000.0,-101994096.2
2012-07-10,34.610253,92226000.0,-129788448.75
2012-07-11,34.342762,79626000.0,-432718801.2
2012-07-12,34.207121,79426000.0,-6841424.2
2012-07-13,34.862065,78226000.0,-41834478.0
2012-07-16,34.642214,90476000.0,424367121.50000006
2012-07-17,34.811166,87826000.0,-92249589.9
2012-07-18,35.4196,91276000.0,122197620.00000001
2012-07-19,35.605562,103876000.0,448630081.2
2012-07-20,35.156503,93176000.0,-376174582.1
2012-07-23,35.002267,90826000.0,-82255327.45
2012-07-24,34.590544,89776000.0,-36320071.2
2012-07-25,34.694064,82426000.0,-255001370.39999998
2012-07-26,35.247392,90126000.0,271404918.4
2012-07-27,36.02024,89526000.0,-21612144.0
2012-07-30,35.921156,93776000.0,152664913.0
2012-07-31,35.812741,96576000.0,100275674.80000001
2012-08-01,35.588862,97326000.0,26691646.5
2012-08-02,35.402902,96726000.0,-21241741.2
2012-08-03,36.165974,94576000.0,-77756844.1
2012-08-06,36.174765,95176000.0,21704859.0
2012-08-07,36.518711,102476000.0,266586590.3
2012-08-08,36.493034,105926000.0,125900967.30000001
2012-08-09,36.502959,103276000.0,-96732841.35
2012-08-10,36.673835,104326000.0,38507526.75
2012-08-13,36.599042,100826000.0,-128096646.99999999
2012-08-14,36.547856,98676000.0,-78577890.4
2012-08-15,36.621582,98326000.0,-12817553.7
2012-08-16,36.994976,97426000.0,-33295478.400000002
2012-08-17,37.191411,96876000.0,-20455276.05
2012-08-20,37.120302,95576000.0,-48256392.6
2012-08-21,37.00107,95226000.0,-12950374.5
2012-08-22,36.844328,94126000.0,-40528760.8
2012-08-23,36.549154,94126000.0,0.0
2012-08-24,36.72408,93376000.0,-27543060.0
2012-08-27,36.604792,93326000.0,-1830239.6
2012-08-28,36.47234,95626000.0,83886382.0
2012-08-29,36.487889,96026000.0,14595155.600000001
2012-08-30,36.143006,96026000.0,0.0
2012-08-31,36.342212,93926000.0,-76318645.2
2012-09-04,36.006526,93576000.0,-12602284.1
2012-09-05,35.858704,91126000.0,-87853824.80000001
2012-09-06,36.683964,90726000.0,-14673585.600000001
2012-09-07,37.002165,91776000.0,38852273.25
2012-09-10,36.752137,93976000.0,80854701.39999999
2012-09-11,36.955231,95726000.0,64671654.24999999
2012-09-12,37.115872,99176000.0,128049758.4
2012-09-13,37.516911,100076000.0,33765219.9
2012-09-14,37.779216,98326000.0,-66113628.0
2012-09-17,37.583938,98876000.0,20671165.900000002
2012-09-18,37.577167,96876000.0,-75154334.0
2012-09-19,37.667732,97176000.0,11300319.6
2012-09-20,37.329306,93726000.0,-128786105.7
2012-09-21,37.003997,90976000.0,-101760991.75
2012-09-24,36.942908,86826000.0,-153313068.20000002
2012-09-25,36.470261,85576000.0,-45587826.25
2012-09-26,36.322968,85576000.0,0.0
2012-09-27,36.647603,86426000.0,31150462.549999997
2012-09-28,36.538142,88426000.0,73076284.0
2012-10-01,36.696549,87476000.0,-34861721.55
2012-10-02,36.670991,89076000.0,58673585.6
2012-10-03,36.816257,88526000.0,-20248941.35
2012-10-04,37.024917,87276000.0,-46281146.25
2012-10-05,37.142062,89326000.0,76141227.10000001
2012-10-08,37.052652,91026000.0,62989508.400000006
2012-10-09,36.624344,93176000.0,78742339.6
2012-10-10,36.309721,91526000.0,-59911039.650000006
2012-10-11,36.413472,88826000.0,-98316374.39999999
2012-10-12,36.453156,89026000.0,7290631.2
2012-10-15,36.686806,88376000.0,-23846423.9
2012-10-16,37.088031,88126000.0,-9272007.75
2012-10-17,37.311723,89576000.0,54101998.35
2012-10-18,37.408506,91526000.0,72946586.7
2012-10-19,36.786169,96176000.0,171055685.85
2012-10-22,36.714111,92776000.0,-124827977.4
2012-10-23,36.323848,88276000.0,-163457316.0
2012-10-24,36.095544,85476000.0,-101067523.19999999
2012-10-25,36.297099,83376000.0,-76223907.9
2012-10-26,36.313855,80826000.0,-92600330.24999999
2012-10-29,36.313722,80826000.0,0.0
2012-10-30,36.313558,80826000.0,0.0
2012-10-31,36.483056,80826000.0,0.0
2012-11-01,37.164562,84526000.0,137508879.39999998
2012-11-02,36.851055,88776000.0,156616983.75
2012-11-05,37.02381,90926000.0,79601191.5
2012-11-06,37.434379,91976000.0,39306097.95
2012-11-07,36.563717,94476000.0,91409292.49999999
2012-11-08,36.16895,95326000.0,30743607.500000004
2012-11-09,36.264782,94676000.0,-23572108.299999997
2012-11-12,36.397494,93126000.0,-56416115.7
2012-11-13,36.25674,91976000.0,-41695251.0
2012-11-14,35.410121,91976000.0,0.0
2012-11-15,35.407869,88376000.0,-127468328.39999999
2012-11-16,35.516062,87826000.0,-19533834.099999998
2012-11-19,36.197846,89476000.0,59726445.9
2012-11-20,36.223057,90626000.0,41656515.55
2012-11-21,36.274007,91776000.0,41715108.05
2012-11-23,36.743134,87126000.0,-170855573.1
2012-11-26,36.772819,87126000.0,0.0
2012-11-27,36.678127,87376000.0,9169531.75
2012-11-28,37.016315,92276000.0,181379943.5
2012-11-29,37.216606,92776000.0,18608303.0
2012-11-30,37.12105,91726000.0,-38977102.5
2012-12-03,36.772179,92326000.0,22063307.400000002
2012-12-04,36.863155,92826000.0,18431577.5
2012-12-05,37.245886,92026000.0,-29796708.8
2012-12-06,37.276714,95676000.0,136060006.1
2012-12-07,37.491459,95926000.0,9372864.75
2012-12-10,37.669227,95926000.0,0.0
2012-12-11,37.752672,97126000.0,45303206.4
2012-12-12,37.825485,95176000.0,-73759695.75
2012-12-13,37.668671,94926000.0,-9417167.75
2012-12-14,37.633478,93076000.0,-69621934.3
2012-12-17,37.953303,91426000.0,-62622949.949999996
2012-12-18,38.466467,93376000.0,75009610.65
2012-12-19,38.241848,95976000.0,99428804.8
2012-12-20,38.435116,99276000.0,126835882.8
2012-12-21,37.923878,97026000.0,-85328725.5
2012-12-24,37.811408,100826000.0,143683350.4
2012-12-26,37.686579,102376000.0,58414197.45
2012-12-27,37.64824,102376000.0,0.0
2012-12-28,37.220686,102626000.0,9305171.5
2012-12-31,37.900586,102326000.0,-11370175.799999999
2013-01-02,38.82066,101076000.0,-48525824.99999999
2013-01-03,38.836589,106026000.0,192241115.54999998
2013-01-04,39.117047,108126000.0,82145798.7
2013-01-07,38.959978,111726000.0,140255920.8
2013-01-08,38.657059,112276000.0,21261382.45
2013-01-09,39.034587,111526000.0,-29275940.25
2013-01-10,39.250873,111326000.0,-7850174.6
2013-01-11,39.097483,112126000.0,31277986.4
2013-01-14,39.228866,111976000.0,-5884329.899999999
2013-01-15,39.354208,111026000.0,-37386497.6
2013-01-16,39.201852,109726000.0,-50962407.6
2013-01-17,39.59271,108526000.0,-47511251.99999999
2013-01-18,39.934752,109476000.0,37938014.400000006
2013-01-22,40.092967,113326000.0,154357922.95000002
2013-01-23,40.121053,112976000.0,-14042368.55
2013-01-24,40.317939,112226000.0,-30238454.250000004
2013-01-25,40.477576,113076000.0,34405939.6
2013-01-28,40.453663,113076000.0,0.0
2013-01-29,40.579344,113076000.0,0.0
2013-01-30,40.242501,113376000.0,12072750.299999999
2013-01-31,40.057678,112176000.0,-48069213.6
2013-02-01,40.486845,112176000.0,0.0
2013-02-04,40.101597,113676000.0,60152395.5
2013-02-05,40.479767,113526000.0,-6071965.050000001
2013-02-06,40.515495,115026000.0,60773242.5
2013-02-07,40.463439,117276000.0,91042737.75
2013-02-08,40.602618,116726000.0,-22331439.9
2013-02-11,40.59972,117076000.0,14209902.0
2013-02-12,40.774026,118326000.0,50967532.5
2013-02-13,40.965741,117776000.0,-22531157.55
2013-02-14,41.014557,117776000.0,0.0
2013-02-15,41.050734,121076000.0,135467422.2
2013-02-19,41.390092,120876000.0,-8278018.4
2013-02-20,40.823665,122976000.0,85729696.5
2013-02-21,40.520141,121776000.0,-48624169.2
2013-02-22,40.840288,116576000.0,-212369497.6
2013-02-25,39.985372,117076000.0,19992686.0
2013-02-26,40.237397,116176000.0,-36213657.300000004
2013-02-27,41.010172,117626000.0,59464749.4
2013-02-28,40.992381,119576000.0,79935142.95
2013-03-01,40.885841,123076000.0,143100443.5
2013-03-04,40.827907,121576000.0,-61241860.50000001
2013-03-05,41.390939,117376000.0,-173841943.8
2013-03-06,41.412236,122376000.0,207061180.0
2013-03-07,41.437994,122576000.0,8287598.800000001
2013-03-08,41.817954,122326000.0,-10454488.5
2013-03-11,41.951883,122326000.0,0.0
2013-03-12,41.727553,121876000.0,-18777398.85
2013-03-13,41.919553,118476000.0,-142526480.2
2013-03-14,42.141326,121026000.0,107460381.3
2013-03-15,41.974534,120826000.0,-8394906.799999999
2013-03-18,41.734376,122576000.0,73035158.0
2013-03-19,41.670941,119376000.0,-133347011.2
2013-03-20,41.701133,118326000.0,-43786189.65
2013-03-21,41.307028,112926000.0,-223057951.20000002
2013-03-22,41.586723,114826000.0,79014773.7
2013-03-25,41.239749,114826000.0,0.0
2013-03-26,41.470352,111026000.0,-157587337.6
2013-03-27,41.459971,108426000.0,-107795924.60000001
2013-03-28,41.744405,108076000.0,-14610541.75
2013-04-01,41.260837,109126000.0,43323878.85
2013-04-02,41.172064,104126000.0,-205860320.0
2013-04-03,40.883156,104376000.0,10220789.0
2013-04-04,41.054908,103926000.0,-18474708.599999998
2013-04-05,40.964947,106026000.0,86026388.7
2013-04-08,41.202711,105226000.0,-32962168.8
2013-04-09,41.341764,106476000.0,51677205.0
2013-04-10,41.882687,109076000.0,108894986.19999999
2013-04-11,42.001524,111176000.0,88203200.4
2013-04-12,41.775205,110776000.0,-16710082.0
2013-04-15,40.470644,107776000.0,-121411932.0
2013-04-16,41.054899,98026000.0,-400285265.25
2013-04-17,40.372226,98576000.0,22204724.299999997
2013-04-18,40.164316,97876000.0,-28115021.2
2013-04-19,40.396174,101876000.0,161584696.0
2013-04-22,40.425243,102176000.0,12127572.9
2013-04-23,40.729982,102826000.0,26474488.3
2013-04-24,41.130308,103476000.0,26734700.2
2013-04-25,41.320223,103026000.0,-18594100.349999998
2013-04-26,41.246595,105226000.0,90742509.0
2013-04-29,41.439724,105476000.0,10359931.0
2013-04-30,41.434528,106326000.0,35219348.8
2013-05-01,40.923573,107576000.0,51154466.25
2013-05-02,41.414587,104926000.0,-109748655.55
2013-05-03,42.135868,104926000.0,0.0
2013-05-06,42.377923,108876000.0,167392795.85000002
2013-05-07,42.783704,112726000.0,164717260.4
2013-05-08,43.061666,114676000.0,83970248.7
2013-05-09,43.048664,114826000.0,6457299.600000001
2013-05-10,43.18325,114826000.0,0.0
2013-05-13,43.031703,111276000.0,-152762545.65
2013-05-14,43.537707,110926000.0,-15238197.45
2013-05-15,43.732201,111626000.0,30612540.700000003
2013-05-16,43.524981,111076000.0,-23938739.549999997
2013-05-17,44.170964,110576000.0,-22085482.0
2013-05-20,44.3011,111726000.0,50946265.0
2013-05-21,44.345663,114876000.0,139688838.45000002
2013-05-22,43.964713,116176000.0,57154126.900000006
2013-05-23,43.817738,114576000.0,-70108380.8
2013-05-24,43.712942,114276000.0,-13113882.6
2013-05-28,43.943222,115176000.0,39548899.8
2013-05-29,43.697936,118376000.0,139833395.2
2013-05-30,43.936545,118526000.0,6590481.75
2013-05-31,43.513883,118826000.0,13054164.9
2013-06-03,43.741984,120076000.0,54677480.0
2013-06-04,43.464469,112076000.0,-347715752.0
2013-06-05,42.746082,111976000.0,-4274608.2
2013-06-06,43.024674,110226000.0,-75293179.5
2013-06-07,43.77387,110926000.0,30641709.0
2013-06-10,43.645912,115776000.0,211682673.20000002
2013-06-11,43.266666,118276000.0,108166665.0
2013-06-12,42.93885,116526000.0,-75142987.5
2013-06-13,43.545482,117226000.0,30481837.4
2013-06-14,43.349747,116676000.0,-23842360.85
2013-06-17,43.609974,116826000.0,6541496.100000001
2013-06-18,44.145902,117576000.0,33109426.5
2013-06-19,43.522036,117926000.0,15232712.6
2013-06-20,42.527313,119726000.0,76549163.4
2013-06-21,42.313056,118276000.0,-61353931.2
2013-06-24,41.599717,119676000.0,58239603.8
2013-06-25,42.052101,116426000.0,-136669328.25
2013-06-26,42.515267,117126000.0,29760686.900000002
2013-06-27,42.911176,119676000.0,109423498.8
2013-06-28,42.648412,117126000.0,-108753450.6
2013-07-01,43.036621,114976000.0,-92528735.14999999
2013-07-02,42.606979,121776000.0,289727457.2
2013-07-03,42.648511,122276000.0,21324255.5
2013-07-05,43.2853,119976000.0,-99556190.0
2013-07-08,43.410883,119976000.0,0.0
2013-07-09,44.047261,119176000.0,-35237808.8
2013-07-10,44.020999,123076000.0,171681896.10000002
2013-07-11,44.713312,123526000.0,20120990.400000002
2013-07-12,44.473912,129426000.0,262396080.79999998
2013-07-15,44.616834,131626000.0,98157034.8
2013-07-16,44.377542,130276000.0,-59909681.699999996
2013-07-17,44.524082,130576000.0,13357224.6
2013-07-18,44.931641,130176000.0,-17972656.4
2013-07-19,45.407606,129626000.0,-24974183.3
2013-07-22,45.417722,128976000.0,-29521519.299999997
2013-07-23,45.397654,128876000.0,-4539765.4
2013-07-24,45.074239,126126000.0,-123954157.25
2013-07-25,45.066781,127576000.0,65346832.449999996
2013-07-26,44.951299,126876000.0,-31465909.3
2013-07-29,44.812447,126976000.0,4481244.7
2013-07-30,45.003253,126276000.0,-31502277.1
2013-07-31,45.119082,125876000.0,-18047632.8
2013-08-01,45.924593,128726000.0,130885090.05
2013-08-02,46.013751,131676000.0,135740565.45
2013-08-05,45.852218,131676000.0,0.0
2013-08-06,45.502646,132026000.0,15925926.1
2013-08-07,45.41048,131976000.0,-2270524.0
2013-08-08,45.628972,132926000.0,43347523.4
2013-08-09,45.502169,133376000.0,20475976.05
2013-08-12,45.543321,133376000.0,0.0
2013-08-13,45.7548,133676000.0,13726440.0
2013-08-14,45.437282,133826000.0,6815592.300000001
2013-08-15,44.916835,135076000.0,56146043.75
2013-08-16,44.979266,134826000.0,-11244816.5
2013-08-19,44.77668,134426000.0,-17910672.0
2013-08-20,44.801708,134376000.0,-2240085.4
2013-08-21,44.526574,134526000.0,6678986.1
2013-08-22,45.112531,134026000.0,-22556265.5
2013-08-23,45.153537,133676000.0,-15803737.95
2013-08-26,45.018677,133326000.0,-15756536.95
2013-08-27,44.115078,133526000.0,8823015.6
2013-08-28,44.162175,128176000.0,-236267636.25
2013-08-29,44.283491,128576000.0,17713396.4
2013-08-30,44.073564,128276000.0,-13222069.2
2013-09-03,44.322751,127626000.0,-28809788.15
2013-09-04,44.775272,128276000.0,29103926.8
2013-09-05,44.908961,129526000.0,56136201.25
2013-09-06,44.868977,128326000.0,-53842772.4
2013-09-09,45.424052,128676000.0,15898418.200000001
2013-09-10,46.061464,130176000.0,69092196.0
2013-09-11,46.283233,135576000.0,249929458.20000002
2013-09-12,46.082941,138326000.0,126728087.75
2013-09-13,46.201017,139626000.0,60061322.1
2013-09-16,46.77264,138276000.0,-63143064.0
2013-09-17,47.011115,141176000.0,136332233.5
2013-09-18,47.608509,144076000.0,138064676.1
2013-09-19,47.767662,147176000.0,148079752.20000002
2013-09-20,46.914993,147776000.0,28148995.8
2013-09-23,46.812408,147326000.0,-21065583.599999998
2013-09-24,46.959149,146626000.0,-32871404.299999997
2013-09-25,46.782448,147826000.0,56138937.6
2013-09-26,46.961304,148376000.0,25828717.2
2013-09-27,46.672937,147726000.0,-30337409.049999997
2013-09-30,46.390435,146976000.0,-34792826.25
2013-10-01,46.713484,147876000.0,42042135.6
2013-10-02,46.537024,148126000.0,11634256.0
2013-10-03,46.010221,147026000.0,-50611243.1
2013-10-04,46.239985,148026000.0,46239985.0
2013-10-07,45.977752,146826000.0,-55173302.400000006
2013-10-08,45.437942,147726000.0,40894147.8
2013-10-09,45.373243,146076000.0,-74865850.95
2013-10-10,46.583014,146076000.0,0.0
2013-10-11,46.841078,150226000.0,194390473.70000002
2013-10-14,46.960464,152526000.0,108009067.2
2013-10-15,46.515959,153576000.0,48841756.95
2013-10-16,46.81842,150926000.0,-124068813.00000001
2013-10-17,47.209577,152826000.0,89698196.30000001
2013-10-18,47.695991,153226000.0,19078396.4
2013-10-21,47.829633,154526000.0,62178522.9
2013-10-22,48.130128,154676000.0,7219519.2
2013-10-23,48.15546,154676000.0,0.0
2013-10-24,48.511959,154026000.0,-31532773.349999998
2013-10-25,48.755413,153726000.0,-14626623.899999999
2013-10-28,48.692244,154626000.0,43823019.6
2013-10-29,48.814491,154976000.0,17085071.849999998
2013-10-30,48.588818,153676000.0,-63165463.400000006
2013-10-31,48.603656,154076000.0,19441462.4
2013-11-01,48.948758,154776000.0,34264130.6
2013-11-04,49.134986,156626000.0,90899724.1
2013-11-05,49.071135,156876000.0,12267783.75
2013-11-06,49.243395,157876000.0,49243395.0
2013-11-07,48.683563,158876000.0,48683563.0
2013-11-08,49.351087,157976000.0,-44415978.3
2013-11-11,49.343634,158326000.0,17270271.900000002
2013-11-12,49.352854,159626000.0,64158710.2
2013-11-13,49.637501,164726000.0,253151255.1
2013-11-14,49.867276,163976000.0,-37400457.0
2013-11-15,50.013264,165476000.0,75019896.0
2013-11-18,50.089252,167176000.0,85151728.4
2013-11-19,49.767632,168476000.0,64697921.6
2013-11-20,49.514429,168326000.0,-7427164.35
2013-11-21,49.931268,167326000.0,-49931268.0
2013-11-22,50.334,168576000.0,62917500.00000001
2013-11-25,50.16881,169076000.0,25084405.0
2013-11-26,50.322983,168326000.0,-37742237.25
2013-11-27,50.55658,169526000.0,60667895.99999999
2013-11-29,50.377777,170926000.0,70528887.8
2013-12-02,50.145946,172076000.0,57667837.900000006
2013-12-03,49.781612,173026000.0,47292531.400000006
2013-12-04,49.581257,171576000.0,-71892822.65
2013-12-05,49.603329,172576000.0,49603329.0
2013-12-06,50.316779,172276000.0,-15095033.7
2013-12-09,50.435016,172526000.0,12608754.0
2013-12-10,50.321839,173776000.0,62902298.75
2013-12-11,49.570134,176026000.0,111532801.5
2013-12-12,49.589969,174426000.0,-79343950.4
2013-12-13,49.756252,174326000.0,-4975625.2
2013-12-16,50.267458,174026000.0,-15080237.399999999
2013-12-17,50.237841,175726000.0,85404329.7
2013-12-18,51.066718,175376000.0,-17873351.3
2013-12-19,51.096448,176776000.0,71535027.2
2013-12-20,51.230303,184576000.0,399596363.4
2013-12-23,51.420642,187076000.0,128551605.0
2013-12-24,51.692586,186926000.0,-7753887.899999999
2013-12-26,52.041455,188176000.0,65051818.75
2013-12-27,51.995599,187176000.0,-51995599.0
2013-12-30,51.977893,188576000.0,72769050.2
2013-12-31,52.221633,188926000.0,18277571.55
2014-01-02,51.563522,188126000.0,-41250817.6
2014-01-03,51.711649,188526000.0,20684659.6
2014-01-06,51.407391,187726000.0,-41125912.8
2014-01-07,51.672618,187726000.0,0.0
2014-01-08,51.62944,187826000.0,5162944.0
2014-01-09,51.818053,187076000.0,-38863539.75
2014-01-10,51.937445,187676000.0,31162466.999999996
2014-01-13,51.335981,186376000.0,-66736775.3
2014-01-14,51.871569,185926000.0,-23342206.05
2014-01-15,52.221252,185926000.0,0.0
2014-01-16,52.064078,186826000.0,46857670.2
2014-01-17,51.836715,188676000.0,95897922.75
2014-01-21,51.873772,188676000.0,0.0
2014-01-22,52.018396,187576000.0,-57220235.6
2014-01-23,51.407272,187076000.0,-25703636.0
2014-01-24,49.809825,186676000.0,-19923930.0
2014-01-27,49.908974,179376000.0,-364335510.2
2014-01-28,50.334513,177326000.0,-103185751.65
2014-01-29,49.817263,174426000.0,-144470062.7
2014-01-30,50.253468,174876000.0,22614060.599999998
2014-01-31,50.015503,177776000.0,145044958.70000002
2014-02-03,48.678386,178526000.0,36508789.5
2014-02-04,48.987009,176376000.0,-105322069.35
2014-02-05,48.945132,178226000.0,90548494.2
2014-02-06,49.631485,175676000.0,-126560286.75
2014-02-07,50.462261,175476000.0,-10092452.2
2014-02-10,50.177281,176876000.0,70248193.4
2014-02-11,50.739782,178426000.0,78646662.1
2014-02-12,50.93829,179376000.0,48391375.5
2014-02-13,51.055863,179376000.0,0.0
2014-02-14,51.422642,181026000.0,84847359.30000001
2014-02-18,51.320456,180176000.0,-43622387.6
2014-02-19,50.874734,180026000.0,-7631210.1
2014-02-20,51.369973,178626000.0,-71917962.2
2014-02-21,51.393564,177476000.0,-59102598.599999994
2014-02-24,51.800864,174426000.0,-157992635.2
2014-02-25,51.576752,171926000.0,-128941880.0
2014-02-26,51.623892,171926000.0,0.0
2014-02-27,51.924559,173426000.0,77886838.5
2014-02-28,52.079038,173426000.0,0.0
2014-03-03,51.727918,174626000.0,62073501.6
2014-03-04,52.503883,175826000.0,63004659.6
2014-03-05,52.576212,174576000.0,-65720265.0
2014-03-06,52.874578,172626000.0,-103105427.1
2014-03-07,53.020601,173226000.0,31812360.599999998
2014-03-10,52.741374,174276000.0,55378442.7
2014-03-11,52.383463,174276000.0,0.0
2014-03-12,52.288704,173276000.0,-52288704.0
2014-03-13,51.522606,174526000.0,64403257.50000001
2014-03-14,51.337406,172226000.0,-118076033.8
2014-03-17,52.002298,173126000.0,46802068.2
2014-03-18,52.257729,172976000.0,-7838659.35
2014-03-19,51.768455,174876000.0,98360064.5
2014-03-20,51.857615,175276000.0,20743046.0
2014-03-21,51.674728,174176000.0,-56842200.800000004
2014-03-24,51.491137,172626000.0,-79811262.35000001
2014-03-25,51.935885,166876000.0,-298631338.75
2014-03-26,51.434373,165676000.0,-61721247.6
2014-03-27,51.344812,163476000.0,-112958586.39999999
2014-03-28,51.743798,163476000.0,0.0
2014-03-31,52.308897,168476000.0,261544485.0
2014-04-01,52.696235,170076000.0,84313976.0
2014-04-02,53.037307,173876000.0,201541766.6
2014-04-03,53.110603,175326000.0,77010374.35
2014-04-04,52.500254,174926000.0,-21000101.599999998
2014-04-07,51.778849,173826000.0,-56956733.9
2014-04-08,51.799321,174326000.0,25899660.5
2014-04-09,52.467641,175676000.0,70831315.35
2014-04-10,51.457403,173076000.0,-133789247.8
2014-04-11,50.923355,170376000.0,-137493058.5
2014-04-14,51.223605,171076000.0,35856523.5
2014-04-15,51.529761,171226000.0,7729464.15
2014-04-16,52.337244,172876000.0,86356452.6
2014-04-17,52.730493,176126000.0,171374102.25
2014-04-18,52.730493,176676000.0,29001771.150000002
2014-04-21,52.899474,176676000.0,0.0
2014-04-22,52.911686,178126000.0,76721944.7
2014-04-23,53.123693,182426000.0,228431879.9
2014-04-24,53.004399,181176000.0,-66255498.75
2014-04-25,52.492853,184926000.0,196848198.75
2014-04-28,52.530727,182126000.0,-147086035.6
2014-04-29,52.67487,182776000.0,34238665.5
2014-04-30,53.023519,184576000.0,95442334.2
2014-05-01,52.884006,183026000.0,-81970209.3
2014-05-02,52.843997,182726000.0,-15853199.1
2014-05-05,52.894965,183076000.0,18513237.75
2014-05-06,52.503669,183276000.0,10500733.8
2014-05-07,52.971122,181826000.0,-76808126.9
2014-05-08,52.974757,183026000.0,63569708.4
2014-05-09,53.001285,183026000.0,0.0
2014-05-12,53.790709,182876000.0,-8068606.35
2014-05-13,53.912114,187676000.0,258778147.20000002
2014-05-14,53.483077,188026000.0,18719076.95
2014-05-15,52.96853,186926000.0,-58265383.0
2014-05-16,53.068989,186476000.0,-23881045.05
2014-05-19,53.29032,186726000.0,13322580.0
2014-05-20,52.603274,186876000.0,7890491.1
2014-05-21,53.092441,184476000.0,-127421858.4
2014-05-22,53.209218,185476000.0,53209218.0
2014-05-23,53.550129,186276000.0,42840103.199999996
2014-05-27,53.816959,185926000.0,-18835935.65
2014-05-28,53.881337,185726000.0,-10776267.4
2014-05-29,54.076818,191726000.0,324460908.0
2014-05-30,54.094029,192726000.0,54094029.0
2014-06-02,54.298838,193376000.0,35294244.7
2014-06-03,54.21174,193276000.0,-5421174.0
2014-06-04,54.193687,194126000.0,46064633.949999996
2014-06-05,54.775997,193776000.0,-19171598.95
2014-06-06,55.294337,193726000.0,-2764716.85
2014-06-09,55.600032,196126000.0,133440076.8
2014-06-10,55.46357,199176000.0,169163888.5
2014-06-11,55.033266,195676000.0,-192616431.0
2014-06-12,54.338816,196426000.0,40754112.0
2014-06-13,54.536779,195826000.0,-32722067.400000002
2014-06-16,54.468939,194826000.0,-54468939.0
2014-06-17,54.598502,194926000.0,5459850.2
2014-06-18,54.897117,197626000.0,148222215.9
2014-06-19,55.01677,194926000.0,-148545279.0
2014-06-20,55.020689,193776000.0,-63273792.349999994
2014-06-23,54.690704,193826000.0,2734535.1999999997
2014-06-24,54.123876,193426000.0,-21649550.400000002
2014-06-25,54.219605,193976000.0,29820782.75
2014-06-26,54.133048,194326000.0,18946566.8
2014-06-27,54.281601,193226000.0,-59709761.1
2014-06-30,54.070605,195276000.0,110844740.25
2014-07-01,54.38273,194176000.0,-59821003.0
2014-07-02,54.298353,191476000.0,-146605553.1
2014-07-03,54.749305,185926000.0,-303858642.75
2014-07-07,54.37653,185726000.0,-10875306.0
2014-07-08,53.989718,187276000.0,83684062.9
2014-07-09,54.075795,185726000.0,-83817482.25
2014-07-10,53.775266,184876000.0,-45708976.1
2014-07-11,54.059877,184676000.0,-10811975.4
2014-07-14,54.3637,184176000.0,-27181850.0
2014-07-15,54.389738,182426000.0,-95182041.5
2014-07-16,54.664697,181576000.0,-46464992.449999996
2014-07-17,53.807604,182026000.0,24213421.8
2014-07-18,54.261295,181576000.0,-24417582.75
2014-07-21,54.175584,180376000.0,-65010700.800000004
2014-07-22,54.430173,177976000.0,-130632415.2
2014-07-23,54.203484,179576000.0,86725574.4
2014-07-24,53.945608,177976000.0,-86312972.8
2014-07-25,53.801583,172476000.0,-295908706.5
2014-07-28,53.520279,171376000.0,-58872306.900000006
2014-07-29,52.85783,171076000.0,-15857349.0
2014-07-30,52.874439,169576000.0,-79311658.5
2014-07-31,51.841535,169476000.0,-5184153.5
2014-08-01,51.777522,170426000.0,49188645.9
2014-08-04,51.95642,171126000.0,36369494.0
2014-08-05,51.680429,170976000.0,-7752064.35
2014-08-06,51.405863,171576000.0,30843517.799999997
2014-08-07,51.4473,163626000.0,-409006035.0
2014-08-08,52.182922,158976000.0,-242650587.29999998
2014-08-11,52.403369,157476000.0,-78605053.5
2014-08-12,52.287255,157476000.0,0.0
2014-08-13,52.752721,154276000.0,-168808707.20000002
2014-08-14,53.011168,153476000.0,-42408934.4
2014-08-15,52.875566,153476000.0,0.0
2014-08-18,53.678046,153076000.0,-21471218.400000002
2014-08-19,53.834682,154176000.0,59218150.2
2014-08-20,54.387426,154976000.0,43509940.8
2014-08-21,54.358762,167176000.0,663176896.4
2014-08-22,54.141586,168226000.0,56848665.3
2014-08-25,54.333686,168226000.0,0.0
2014-08-26,54.166279,168226000.0,0.0
2014-08-27,54.157895,169026000.0,43326316.0
2014-08-28,54.027472,169026000.0,0.0
2014-08-29,54.042387,167526000.0,-81063580.5
2014-09-02,54.171017,166726000.0,-43336813.6
2014-09-03,54.129654,168526000.0,97433377.2
2014-09-04,54.155159,167026000.0,-81232738.5
2014-09-05,54.334635,167476000.0,24450585.75
2014-09-08,54.298616,166476000.0,-54298616.0
2014-09-09,54.088427,166526000.0,2704421.35
2014-09-10,54.127579,165576000.0,-51421200.05
2014-09-11,54.190371,165576000.0,0.0
2014-09-12,53.966595,165926000.0,18888308.25
2014-09-15,53.963617,165276000.0,-35076351.05
2014-09-16,54.245521,165226000.0,-2712276.05
2014-09-17,54.481532,164926000.0,-16344459.6
2014-09-18,54.766218,165476000.0,30121419.900000002
2014-09-19,54.434358,166426000.0,51712640.1
2014-09-22,53.822889,165776000.0,-34984877.85
2014-09-23,53.35849,165426000.0,-18675471.5
2014-09-24,53.642008,163226000.0,-118012417.6
2014-09-25,52.846005,160726000.0,-132115012.5
2014-09-26,53.345157,160676000.0,-2667257.85
2014-09-29,53.21055,161126000.0,23944747.5
2014-09-30,53.140576,163576000.0,130194411.2
2014-10-01,52.149687,161376000.0,-114729311.4
2014-10-02,52.100559,161726000.0,18235195.65
2014-10-03,52.812223,160526000.0,-63374667.6
2014-10-06,52.655787,162376000.0,97413205.94999999
2014-10-07,51.380453,101176000.0,-3144483723.6000004
2014-10-08,52.299968,156726000.0,2905263222.4
2014-10-09,51.075394,161676000.0,252823200.3
2014-10-10,50.327204,163026000.0,67941725.4
2014-10-13,49.545998,164076000.0,52023297.9
2014-10-14,50.21322,164426000.0,17574627.0
2014-10-15,50.117737,167076000.0,132812003.05
2014-10-16,50.512153,167526000.0,22730468.849999998
2014-10-17,51.48263,156476000.0,-568883061.5
2014-10-20,51.619872,156626000.0,7742980.8
2014-10-21,52.776589,165876000.0,488183448.25
2014-10-22,52.063397,165226000.0,-33841208.050000004
2014-10-23,53.238355,162126000.0,-165038900.5
2014-10-24,53.716086,164426000.0,123546997.8
2014-10-27,53.700609,162526000.0,-102031157.1
2014-10-28,54.657279,164576000.0,112047421.95
2014-10-29,54.440682,166076000.0,81661023.0
2014-10-30,54.661462,165676000.0,-21864584.8
2014-10-31,55.233515,169226000.0,196078978.25
2014-11-03,55.111843,168876000.0,-19289145.05
2014-11-04,55.116049,167326000.0,-85429875.94999999
2014-11-05,55.465027,167276000.0,-2773251.35
2014-11-06,56.056268,168576000.0,72873148.4
2014-11-07,56.112723,171176000.0,145893079.8
2014-11-10,56.389498,169676000.0,-84584247.0
2014-11-11,56.32271,168476000.0,-67587252.0
2014-11-12,56.398527,168626000.0,8459779.05
2014-11-13,56.256801,168776000.0,8438520.15
2014-11-14,56.29672,167476000.0,-73185736.0
2014-11-17,56.220282,168376000.0,50598253.8
2014-11-18,56.637919,166076000.0,-130267213.69999999
2014-11-19,56.491016,166576000.0,28245508.0
2014-11-20,56.61038,166976000.0,22644152.0
2014-11-21,57.191674,167076000.0,5719167.399999999
2014-11-24,57.353819,171276000.0,240886039.8
2014-11-25,57.472888,174226000.0,169545019.6
2014-11-26,57.396822,174776000.0,31568252.1
2014-11-28,56.906851,172526000.0,-128040414.75
2014-12-01,56.183323,172476000.0,-2809166.15
2014-12-02,56.649013,173126000.0,36821858.449999996
2014-12-03,57.406305,171626000.0,-86109457.5
2014-12-04,57.146327,172326000.0,40002428.9
2014-12-05,57.253353,172176000.0,-8588002.95
2014-12-08,56.611498,172276000.0,5661149.8
2014-12-09,56.683645,172076000.0,-11336729.0
2014-12-10,55.581437,169726000.0,-130616376.95
2014-12-11,55.838696,167976000.0,-97717718.0
2014-12-12,54.800164,167826000.0,-8220024.600000001
2014-12-15,54.684021,167626000.0,-10936804.200000001
2014-12-16,54.686691,165926000.0,-92967374.7
2014-12-17,55.209849,167576000.0,91096250.85
2014-12-18,56.633283,168426000.0,48138290.55
2014-12-19,56.582944,165576000.0,-161261390.4
2014-12-22,57.111076,165876000.0,17133322.8
2014-12-23,57.365494,163976000.0,-108994438.6
2014-12-24,57.397098,163726000.0,-14349274.5
2014-12-26,57.406803,163576000.0,-8611020.45
2014-12-29,57.437742,163826000.0,14359435.5
2014-12-30,57.166233,163526000.0,-17149869.9
2014-12-31,56.582654,163976000.0,25462194.3
2015-01-02,56.523339,163976000.0,0.0
2015-01-05,55.197106,163776000.0,-11039421.2
2015-01-06,54.576875,159026000.0,-259240156.25
2015-01-07,54.923838,159826000.0,43939070.400000006
2015-01-08,56.040801,159026000.0,-44832640.800000004
2015-01-09,55.431597,158326000.0,-38802117.9
2015-01-12,55.051708,157626000.0,-38536195.6
2015-01-13,54.94127,158076000.0,24723571.5
2015-01-14,54.63487,156226000.0,-101074509.5
2015-01-15,54.342976,155026000.0,-65211571.2
2015-01-16,54.728308,155376000.0,19154907.8
2015-01-20,55.134001,155776000.0,22053600.4
2015-01-21,55.537297,157126000.0,74975350.95
2015-01-22,56.452754,158676000.0,87501768.7
2015-01-23,55.985607,159176000.0,27992803.5
2015-01-26,56.079378,156626000.0,-143002413.9
2015-01-27,55.331184,154926000.0,-94063012.8
2015-01-28,54.834069,153526000.0,-76767696.6
2015-01-29,55.474501,149976000.0,-196934478.54999998
2015-01-30,54.557455,150226000.0,13639363.75
2015-02-02,55.384762,149426000.0,-44307809.6
2015-02-03,56.286788,151626000.0,123830933.60000001
2015-02-04,55.846742,155426000.0,212217619.6
2015-02-05,56.354005,152426000.0,-169062015.0
2015-02-06,56.22179,153426000.0,56221790.0
2015-02-09,56.053477,151826000.0,-89685563.2
2015-02-10,56.384325,152276000.0,25372946.25
2015-02-11,56.407338,150526000.0,-98712841.5
2015-02-12,56.919322,149776000.0,-42689491.5
2015-02-13,57.183695,149026000.0,-42887771.25
2015-02-17,57.270627,148176000.0,-48680032.949999996
2015-02-18,57.566635,147226000.0,-54688303.25
2015-02-19,57.648499,146926000.0,-17294549.7
2015-02-20,58.178643,146026000.0,-52360778.7
2015-02-23,57.937234,145026000.0,-57937234.0
2015-02-24,58.109536,143426000.0,-92975257.6
2015-02-25,58.056372,143876000.0,26125367.400000002
2015-02-26,57.784107,143476000.0,-23113642.8
2015-02-27,57.521607,143926000.0,25884723.150000002
2015-03-02,58.018231,141676000.0,-130541019.75
2015-03-03,57.643119,143276000.0,92228990.39999999
2015-03-04,57.189451,143376000.0,5718945.1
2015-03-05,57.257063,143026000.0,-20039972.05
2015-03-06,56.494912,143926000.0,50845420.8
2015-03-09,56.976011,143326000.0,-34185606.6
2015-03-10,55.934786,142826000.0,-27967393.0
2015-03-11,55.89015,142676000.0,-8383522.5
2015-03-12,56.606958,139376000.0,-186802961.4
2015-03-13,56.109374,138926000.0,-25249218.3
2015-03-16,57.022635,138976000.0,2851131.75
2015-03-17,56.790498,141276000.0,130618145.4
2015-03-18,57.448506,141476000.0,11489701.200000001
2015-03-19,57.063256,143626000.0,122686000.4
2015-03-20,57.101526,144526000.0,51391373.4
2015-03-23,56.644011,143226000.0,-73637214.3
2015-03-24,56.451867,143126000.0,-5645186.7
2015-03-25,55.500689,139876000.0,-180377239.25
2015-03-26,55.343497,138776000.0,-60877846.699999996
2015-03-27,55.577183,139276000.0,27788591.5
2015-03-30,56.353663,138776000.0,-28176831.5
2015-03-31,55.824204,139076000.0,16747261.200000001
2015-04-01,55.354971,138776000.0,-16606491.299999999
2015-04-02,55.432299,137876000.0,-49889069.1
2015-04-06,55.8432,138476000.0,33505920.0
2015-04-07,55.773915,137926000.0,-30675653.25
2015-04-08,55.889996,139476000.0,86629493.8
2015-04-09,56.189762,140076000.0,33713857.2
2015-04-10,56.971889,140976000.0,51274700.099999994
2015-04-13,56.420149,141826000.0,47957126.65
2015-04-14,56.47812,141526000.0,-16943436.0
2015-04-15,56.59929,141676000.0,8489893.5
2015-04-16,56.458419,142226000.0,31052130.45
2015-04-17,55.795056,141576000.0,-36266786.4
2015-04-20,56.457549,140376000.0,-67749058.8
2015-04-21,56.3671,138976000.0,-78913940.0
2015-04-22,56.613961,138976000.0,0.0
2015-04-23,56.546156,137426000.0,-87646541.80000001
2015-04-24,56.306026,136926000.0,-28153013.0
2015-04-27,56.286059,134976000.0,-109757815.05
2015-04-28,56.406482,132526000.0,-138195880.9
2015-04-29,56.126152,136176000.0,204860454.79999998
2015-04-30,55.641103,137026000.0,47294937.550000004
2015-05-01,56.322124,136976000.0,-2816106.2
2015-05-04,56.408936,139026000.0,115638318.8
2015-05-05,55.680231,138376000.0,-36192150.15
2015-05-06,55.627541,139276000.0,50064786.9
2015-05-07,55.917563,139526000.0,13979390.75
2015-05-08,56.578365,140926000.0,79209711.0
2015-05-11,56.526801,136526000.0,-248717924.4
2015-05-12,56.488217,140926000.0,248548154.79999998
2015-05-13,56.598198,141376000.0,25469189.099999998
2015-05-14,57.144134,139726000.0,-94287821.10000001
2015-05-15,57.097157,140176000.0,25693720.650000002
2015-05-18,57.217441,139326000.0,-48634824.85
2015-05-19,57.065394,141176000.0,105570978.89999999
2015-05-20,56.853713,143076000.0,108022054.7
2015-05-21,57.149197,139926000.0,-180019970.55
2015-05-22,56.896479,141226000.0,73965422.7
2015-05-26,56.275802,140476000.0,-42206851.5
2015-05-27,56.626871,139876000.0,-33976122.6
2015-05-28,56.384902,140676000.0,45107921.599999994
2015-05-29,55.823889,138326000.0,-131186139.15
2015-06-01,56.050197,136926000.0,-78470275.8
2015-06-02,56.150181,136126000.0,-44920144.800000004
2015-06-03,56.433276,136626000.0,28216638.0
2015-06-04,55.79877,137776000.0,64168585.5
2015-06-05,55.86475,138226000.0,25139137.5
2015-06-08,55.449209,137326000.0,-49904288.1
2015-06-09,55.444892,136876000.0,-24950201.400000002
2015-06-10,56.007477,135976000.0,-50406729.300000004
2015-06-11,56.274657,136526000.0,30951061.349999998
2015-06-12,55.97329,136426000.0,-5597329.0
2015-06-15,55.515132,135476000.0,-52739375.4
2015-06-16,55.560089,136426000.0,52782084.55
2015-06-17,55.684595,134626000.0,-100232271.0
2015-06-18,56.278183,134876000.0,14069545.75
2015-06-19,55.758853,136076000.0,66910623.6
2015-06-22,56.036388,135476000.0,-33621832.800000004
2015-06-23,55.91185,136626000.0,64298627.5
2015-06-24,55.398118,138476000.0,102486518.3
2015-06-25,54.978494,138726000.0,13744623.5
2015-06-26,55.08729,134726000.0,-220349160.0
2015-06-29,54.032443,134326000.0,-21612977.2
2015-06-30,54.109157,133276000.0,-56814614.85
2015-07-01,54.318996,132376000.0,-48887096.4
2015-07-02,54.281587,132876000.0,27140793.5
2015-07-06,53.98949,129976000.0,-156569521.0
2015-07-07,54.429191,131926000.0,106136922.45
2015-07-08,53.467053,125076000.0,-366249313.05
2015-07-09,53.645023,124226000.0,-45598269.550000004
2015-07-10,54.188284,120976000.0,-176111923.0
2015-07-13,54.749919,122876000.0,104024846.1
2015-07-14,54.90006,125276000.0,131760144.00000001
2015-07-15,54.69941,129076000.0,207857758.0
2015-07-16,54.960242,129976000.0,49464217.800000004
2015-07-17,54.926543,131526000.0,85136141.65
2015-07-20,54.951606,133126000.0,87922569.6
2015-07-21,54.374196,130776000.0,-127779360.6
2015-07-22,54.0814,129626000.0,-62193610.0
2015-07-23,53.596578,129476000.0,-8039486.7
2015-07-24,52.89627,128576000.0,-47606643.0
2015-07-27,52.646949,123976000.0,-242175965.4
2015-07-28,53.628043,124576000.0,32176825.799999997
2015-07-29,54.311471,128826000.0,230823751.75
2015-07-30,54.270911,130276000.0,78692820.95
2015-07-31,54.222725,129226000.0,-56933861.25
2015-08-03,53.991344,129976000.0,40493508.0
2015-08-04,53.903848,126476000.0,-188663468.0
2015-08-05,54.19181,126476000.0,0.0
2015-08-06,53.957985,127376000.0,48562186.5
2015-08-07,53.696672,130176000.0,150350681.6
2015-08-10,54.716246,130426000.0,13679061.5
2015-08-11,54.068919,131076000.0,35144797.35
2015-08-12,54.077574,129926000.0,-62189210.1
2015-08-13,54.042124,130226000.0,16212637.200000001
2015-08-14,54.364153,129776000.0,-24463868.85
2015-08-17,54.615156,129176000.0,-32769093.599999998
2015-08-18,54.545526,129276000.0,5454552.600000001
2015-08-19,54.06034,128376000.0,-48654306.0
2015-08-20,52.920561,128376000.0,0.0
2015-08-21,51.482982,125026000.0,-172467989.7
2015-08-24,49.76319,124376000.0,-32346073.5
2015-08-25,48.983431,123126000.0,-61229288.75000001
2015-08-26,50.494402,121226000.0,-95939363.8
2015-08-27,51.694656,121476000.0,12923664.0
2015-08-28,51.763965,120426000.0,-54352163.25
2015-08-31,51.298543,120476000.0,2564927.15
2015-09-01,49.980677,120826000.0,17493236.95
2015-09-02,51.039943,120776000.0,-2551997.15
2015-09-03,51.088537,123326000.0,130275769.35000001
2015-09-04,50.377968,124126000.0,40302374.4
2015-09-08,51.754909,114426000.0,-502022617.29999995
2015-09-09,51.21317,125226000.0,553102236.0
2015-09-10,51.252524,122676000.0,-130693936.2
2015-09-11,51.50795,121326000.0,-69535732.5
2015-09-14,51.264564,120726000.0,-30758738.4
2015-09-15,52.117205,121226000.0,26058602.5
2015-09-16,52.542177,122676000.0,76186156.65
2015-09-17,52.278212,127126000.0,232638043.4
2015-09-18,50.903868,128126000.0,50903868.0
2015-09-21,51.111852,125076000.0,-155891148.6
2015-09-22,50.393929,118826000.0,-314962056.25
2015-09-23,50.038374,120926000.0,105080585.39999999
2015-09-24,49.692071,121476000.0,27330639.05
2015-09-25,49.824372,122526000.0,52315590.599999994
2015-09-28,48.854922,122676000.0,7328238.300000001
2015-09-29,49.158089,120926000.0,-86026655.75
2015-09-30,49.908344,123926000.0,149725032.0
2015-10-01,49.802802,125376000.0,72214062.9
2015-10-02,50.391627,125076000.0,-15117488.1
2015-10-05,51.828507,125026000.0,-2591425.35
2015-10-06,51.77869,125276000.0,12944672.5
2015-10-07,52.461244,127526000.0,118037799.0
2015-10-08,53.226079,130276000.0,146371717.25
2015-10-09,53.370614,131476000.0,64044736.800000004
2015-10-12,53.409811,140576000.0,486029280.09999996
2015-10-13,52.818116,139576000.0,-52818116.0
2015-10-14,52.281127,140426000.0,44438957.949999996
2015-10-15,52.794347,140526000.0,5279434.7
2015-10-16,52.563793,134326000.0,-325895516.59999996
2015-10-19,52.583816,132226000.0,-110426013.6
2015-10-20,52.909593,131076000.0,-60846031.95
2015-10-21,52.969311,132426000.0,71508569.85
2015-10-22,54.451823,132276000.0,-8167773.449999999
2015-10-23,54.639018,134376000.0,114741937.8
2015-10-26,54.542827,134426000.0,2727141.35
2015-10-27,53.944828,134126000.0,-16183448.4
2015-10-28,54.370391,132976000.0,-62525949.65
2015-10-29,54.340646,132576000.0,-21736258.4
2015-10-30,54.25905,129676000.0,-157351245.0
2015-11-02,54.906337,128876000.0,-43925069.6
2015-11-03,54.894727,132426000.0,194876280.85000002
2015-11-04,54.782906,133526000.0,60261196.599999994
2015-11-05,54.829895,133526000.0,0.0
2015-11-06,54.857851,130476000.0,-167316445.54999998
2015-11-09,54.418114,126876000.0,-195905210.4
2015-11-10,54.427599,126876000.0,0.0
2015-11-11,54.520135,120576000.0,-343476850.5
2015-11-12,53.757003,119876000.0,-37629902.1
2015-11-13,53.519536,120226000.0,18731837.6
2015-11-16,54.190687,119726000.0,-27095343.5
2015-11-17,54.084796,116376000.0,-181184066.6
2015-11-18,54.834612,123476000.0,389325745.2
2015-11-19,55.067873,123926000.0,24780542.849999998
2015-11-20,55.354968,124626000.0,38748477.6
2015-11-23,55.115031,125776000.0,63382285.65
2015-11-24,54.980579,124976000.0,-43984463.199999996
2015-11-25,54.977621,128926000.0,217161602.95
2015-11-27,55.082961,129176000.0,13770740.25
2015-11-30,54.711826,130276000.0,60183008.6
2015-12-01,54.996867,130076000.0,-10999373.4
2015-12-02,54.43016,129126000.0,-51708652.0
2015-12-03,53.782534,129626000.0,26891267.0
2015-12-04,54.544214,128076000.0,-84543531.69999999
2015-12-07,54.301898,126826000.0,-67877372.5
2015-12-08,53.429545,123576000.0,-173646021.25
2015-12-09,53.266363,123276000.0,-15979908.9
2015-12-10,53.512938,120976000.0,-123079757.39999999
2015-12-11,52.633924,120326000.0,-34212050.6
2015-12-14,52.745243,116276000.0,-213618234.15
2015-12-15,52.782283,114826000.0,-76534310.35
2015-12-16,53.720325,116326000.0,80580487.5
2015-12-17,52.875178,117226000.0,47587660.199999996
2015-12-18,51.743421,118976000.0,90550986.75
2015-12-21,52.156318,115026000.0,-206017456.1
2015-12-22,52.823888,116876000.0,97724192.8
2015-12-23,53.483848,115626000.0,-66854810.0
2015-12-24,53.447663,116376000.0,40085747.25
2015-12-28,53.331606,115726000.0,-34665543.9
2015-12-29,53.830338,114176000.0,-83437023.89999999
2015-12-30,53.415533,114426000.0,13353883.25
2015-12-31,53.031633,112626000.0,-95456939.4
2016-01-04,52.307797,111826000.0,-41846237.6
2016-01-05,52.409935,110776000.0,-55030431.75
2016-01-06,51.64219,112126000.0,69716956.5
2016-01-07,50.245952,114126000.0,100491904.0
2016-01-08,49.750048,113926000.0,-9950009.6
2016-01-11,49.768133,115376000.0,72163792.85
2016-01-12,50.142487,114976000.0,-20056994.8
2016-01-13,48.964428,115676000.0,34275099.6
2016-01-14,49.56808,114426000.0,-61960100.0
2016-01-15,48.648807,111576000.0,-138649099.95
2016-01-19,48.650734,110576000.0,-48650734.0
2016-01-20,48.013199,111576000.0,48013199.0
2016-01-21,48.238983,110776000.0,-38591186.4
2016-01-22,48.654329,111476000.0,34058030.3
2016-01-25,48.019155,113076000.0,76830648.0
2016-01-26,48.916896,110476000.0,-127183929.60000001
2016-01-27,48.384865,111776000.0,62900324.5
2016-01-28,48.690225,111326000.0,-21910601.25
2016-01-29,50.026743,111676000.0,17509360.05
2016-02-01,49.902049,113576000.0,94813893.1
2016-02-02,48.891515,110576000.0,-146674545.0
2016-02-03,49.630199,106126000.0,-220854385.54999998
2016-02-04,50.51656,111276000.0,260160284.0
2016-02-05,50.038064,111926000.0,32524741.599999998
2016-02-08,49.620238,113126000.0,59544285.6
2016-02-09,49.885751,113576000.0,22448587.95
2016-02-10,49.685596,113226000.0,-17389958.599999998
2016-02-11,48.725028,111626000.0,-77960044.8
2016-02-12,49.654866,110176000.0,-71999555.7
2016-02-16,50.647122,110876000.0,35452985.4
2016-02-17,51.449356,110826000.0,-2572467.8000000003
2016-02-18,51.405366,115176000.0,223613342.1
2016-02-19,51.309373,114826000.0,-17958280.55
2016-02-22,52.192808,114376000.0,-23486763.6
2016-02-23,51.672661,119926000.0,286783268.55
2016-02-24,51.740294,116726000.0,-165568940.79999998
2016-02-25,52.389428,117026000.0,15716828.4
2016-02-26,52.460508,116876000.0,-7869076.199999999
2016-02-29,52.110883,117976000.0,57321971.300000004
2016-03-01,53.145326,119676000.0,90347054.19999999
2016-03-02,53.201648,122076000.0,127683955.2
2016-03-03,53.550074,120926000.0,-61582585.1
2016-03-04,53.761646,121476000.0,29568905.3
2016-03-07,53.904914,121326000.0,-8085737.1
2016-03-08,53.208153,123176000.0,98435083.05000001
2016-03-09,53.344591,121176000.0,-106689182.0
2016-03-10,53.287984,121776000.0,31972790.400000002
2016-03-11,54.059757,121976000.0,10811951.4
2016-03-14,54.089415,122826000.0,45976002.75
2016-03-15,54.018454,121426000.0,-75625835.6
2016-03-16,54.406157,122476000.0,57126464.85
2016-03-17,55.484724,114926000.0,-418909666.2
2016-03-18,55.675089,117776000.0,158674003.65
2016-03-21,55.800982,119676000.0,106021865.8
2016-03-22,55.620407,120326000.0,36153264.55
2016-03-23,55.267906,119276000.0,-58031301.300000004
2016-03-24,55.100141,120376000.0,60610155.1
2016-03-28,55.154045,118126000.0,-124096601.25000001
2016-03-29,55.472698,117676000.0,-24962714.1
2016-03-30,55.715443,117726000.0,2785772.15
2016-03-31,55.501487,119876000.0,119328197.05
2016-04-01,55.593763,119576000.0,-16678128.9
2016-04-04,55.092536,118276000.0,-71620296.8
2016-04-05,54.777645,117276000.0,-54777645.0
2016-04-06,54.910991,120076000.0,153750774.8
2016-04-07,54.507368,120076000.0,0.0
2016-04-08,54.820303,119726000.0,-19187106.05
2016-04-11,54.718498,119926000.0,10943699.6
2016-04-12,55.173154,120376000.0,24827919.299999997
2016-04-13,55.973842,120576000.0,11194768.4
2016-04-14,55.992903,121626000.0,58792548.15
2016-04-15,56.021224,124476000.0,159660488.39999998
2016-04-18,56.207645,125576000.0,61828409.5
2016-04-19,56.499607,125526000.0,-2824980.35
2016-04-20,56.43072,127676000.0,121326048.0
2016-04-21,56.255812,127176000.0,-28127906.0
2016-04-22,56.460707,128776000.0,90337131.2
2016-04-25,56.104782,127326000.0,-81351933.9
2016-04-26,56.622249,127176000.0,-8493337.35
2016-04-27,57.033786,127376000.0,11406757.2
2016-04-28,56.469012,127376000.0,0.0
2016-04-29,56.180866,123926000.0,-193823987.70000002
2016-05-02,56.421941,123626000.0,-16926582.3
2016-05-03,55.97372,123726000.0,5597372.0
2016-05-04,55.285197,122376000.0,-74635015.94999999
2016-05-05,55.239789,116326000.0,-334200723.45
2016-05-06,55.618114,116526000.0,11123622.799999999
2016-05-09,55.366204,116476000.0,-2768310.2
2016-05-10,56.310438,117076000.0,33786262.8
2016-05-11,55.877459,123726000.0,371585102.35
2016-05-12,55.757427,123276000.0,-25090842.15
2016-05-13,55.086062,121526000.0,-96400608.5
2016-05-16,55.715603,121026000.0,-27857801.5
2016-05-17,55.459288,121476000.0,24956679.6
2016-05-18,55.302074,121076000.0,-22120829.599999998
2016-05-19,54.77023,118876000.0,-120494506.0
2016-05-20,55.047993,117376000.0,-82571989.5
2016-05-23,54.926328,115826000.0,-85135808.39999999
2016-05-24,55.50818,115926000.0,5550818.0
2016-05-25,55.885021,117476000.0,86621782.55
2016-05-26,55.79726,119876000.0,133913424.0
2016-05-27,55.939242,121376000.0,83908863.0
2016-05-31,55.926716,121976000.0,33556029.6
2016-06-01,55.95583,122826000.0,47562455.5
2016-06-02,56.057581,120226000.0,-145749710.6
2016-06-03,56.049977,120826000.0,33629986.199999996
2016-06-06,56.489856,120776000.0,-2824492.8000000003
2016-06-07,56.732497,122876000.0,119138243.7
2016-06-08,57.130363,121876000.0,-57130363.0
2016-06-09,57.121834,122326000.0,25704825.3
2016-06-10,56.525272,122076000.0,-14131318.0
2016-06-13,55.887711,123126000.0,58682096.550000004
2016-06-14,55.880335,122476000.0,-36322217.75
2016-06-15,55.884559,119876000.0,-145299853.4
2016-06-16,55.995172,119676000.0,-11199034.399999999
2016-06-17,55.720165,119926000.0,13930041.25
2016-06-20,56.244425,117876000.0,-115301071.25
2016-06-21,56.193719,119376000.0,84290578.5
2016-06-22,56.02771,118676000.0,-39219397.0
2016-06-23,56.67398,118126000.0,-31170689.0
2016-06-24,54.373464,119426000.0,70685503.2
2016-06-27,53.107021,115026000.0,-233670892.4
2016-06-28,53.987908,117176000.0,116074002.19999999
2016-06-29,54.944265,116576000.0,-32966559.0
2016-06-30,56.020634,117376000.0,44816507.2
2016-07-01,56.24053,119626000.0,126541192.5
2016-07-05,55.710352,118426000.0,-66852422.4
2016-07-06,55.97607,119976000.0,86762908.5
2016-07-07,56.114425,114826000.0,-288989288.75
2016-07-08,57.214659,117326000.0,143036647.5
2016-07-11,57.554728,120376000.0,175541920.4
2016-07-12,58.098615,122876000.0,145246537.5
2016-07-13,58.252643,123026000.0,8737896.45
2016-07-14,58.67761,122876000.0,-8801641.5
2016-07-15,58.693179,123976000.0,64562496.9
2016-07-18,58.630472,123926000.0,-2931523.6
2016-07-19,58.645133,124376000.0,26390309.85
2016-07-20,58.798326,123976000.0,-23519330.400000002
2016-07-21,58.18958,123326000.0,-37823227.0
2016-07-22,58.291349,123976000.0,37889376.85
2016-07-25,57.990329,123126000.0,-49291779.650000006
2016-07-26,58.464615,121226000.0,-111082768.5
2016-07-27,58.198012,118676000.0,-148404930.6
2016-07-28,58.227478,117226000.0,-84429843.1
2016-07-29,58.066931,117126000.0,-5806693.1
2016-08-01,57.992171,118876000.0,101486299.25
2016-08-02,57.448213,118576000.0,-17234463.900000002
2016-08-03,57.705472,119276000.0,40393830.4
2016-08-04,57.731885,121276000.0,115463770.0
2016-08-05,58.340241,122226000.0,55423228.949999996
2016-08-08,58.341607,124276000.0,119600294.35000001
2016-08-09,58.365295,128226000.0,230542915.25
2016-08-10,58.354459,128226000.0,0.0
2016-08-11,58.733116,128626000.0,23493246.400000002
2016-08-12,58.547508,130926000.0,134659268.4
2016-08-15,58.920014,131226000.0,17676004.2
2016-08-16,58.665192,127776000.0,-202394912.4
2016-08-17,58.890232,128776000.0,58890232.0
2016-08-18,59.011602,129076000.0,17703480.6
2016-08-19,59.034903,127226000.0,-109214570.55
2016-08-22,58.979681,129476000.0,132704282.25
2016-08-23,59.01677,129776000.0,17705031.0
2016-08-24,58.869413,130226000.0,26491235.85
2016-08-25,58.826919,131176000.0,55885573.05
2016-08-26,58.65521,130326000.0,-49856928.5
2016-08-29,58.990426,130426000.0,5899042.6
2016-08-30,58.912218,131776000.0,79531494.3
2016-08-31,58.623951,131876000.0,5862395.1
2016-09-01,58.660299,130676000.0,-70392358.8
2016-09-02,58.906855,130376000.0,-17672056.5
2016-09-06,58.717903,129576000.0,-46974322.4
2016-09-07,58.814627,131576000.0,117629254.0
2016-09-08,58.770072,132326000.0,44077554.0
2016-09-09,57.129355,132776000.0,25708209.75
2016-09-12,57.879518,130776000.0,-115759036.0
2016-09-13,57.008187,127376000.0,-193827835.8
2016-09-14,56.946394,128626000.0,71182992.5
2016-09-15,57.402789,128276000.0,-20090976.15
2016-09-16,56.639274,128176000.0,-5663927.4
2016-09-19,56.859924,124276000.0,-221753703.6
2016-09-20,56.908993,126476000.0,125199784.60000001
2016-09-21,57.664378,125526000.0,-54781159.1
2016-09-22,58.078695,125776000.0,14519673.75
2016-09-23,57.688701,127226000.0,83648616.45
2016-09-26,57.432074,125676000.0,-89019714.7
2016-09-27,57.880236,123426000.0,-130230530.99999999
2016-09-28,58.315156,124876000.0,84556976.2
2016-09-29,57.87095,125326000.0,26041927.5
2016-09-30,58.389217,125176000.0,-8758382.55
2016-10-03,58.412381,125626000.0,26285571.450000003
2016-10-04,57.951218,125826000.0,11590243.6
2016-10-05,58.324174,125226000.0,-34994504.4
2016-10-06,58.315359,125476000.0,14578839.75
2016-10-07,57.592952,125826000.0,20157533.2
2016-10-10,57.607661,124226000.0,-92172257.6
2016-10-11,57.000766,124626000.0,22800306.4
2016-10-12,57.106421,126426000.0,102791557.8
2016-10-13,57.117749,127326000.0,51405974.1
2016-10-14,57.214535,126676000.0,-37189447.75
2016-10-17,57.092598,124726000.0,-111330566.10000001
2016-10-18,57.195237,126776000.0,117250235.85
2016-10-19,57.387188,127026000.0,14346797.0
2016-10-20,57.069079,128176000.0,65629440.85
2016-10-21,56.991678,128076000.0,-5699167.8
2016-10-24,57.138171,128776000.0,39996719.7
2016-10-25,56.935232,129826000.0,59781993.6
2016-10-26,57.165971,129726000.0,-5716597.1
2016-10-27,56.745111,131526000.0,102141199.8
2016-10-28,57.07375,130926000.0,-34244250.0
2016-10-31,57.208954,130326000.0,-34325372.4
2016-11-01,56.71664,129526000.0,-45373312.0
2016-11-02,56.524266,127176000.0,-132832025.1
2016-11-03,56.393549,125726000.0,-81770646.05
2016-11-04,56.475327,121826000.0,-220253775.3
2016-11-07,57.854657,122026000.0,11570931.4
2016-11-08,58.230988,124626000.0,151400568.8
2016-11-09,59.70467,127926000.0,197025411.0
2016-11-10,60.907483,135876000.0,484214489.84999996
2016-11-11,61.05302,148976000.0,799794562.0
2016-11-14,61.334741,153626000.0,285206545.65
2016-11-15,61.528065,155126000.0,92292097.5
2016-11-16,61.159178,156426000.0,79506931.39999999
2016-11-17,61.289504,156326000.0,-6128950.4
2016-11-18,61.293859,156176000.0,-9194078.85
2016-11-21,61.608711,158276000.0,129378293.1
2016-11-22,61.90082,159326000.0,64995861.0
2016-11-23,62.400271,157726000.0,-99840433.6
2016-11-25,62.70905,158026000.0,18812715.0
2016-11-28,62.258547,157626000.0,-24903418.8
2016-11-29,62.336974,159026000.0,87271763.6
2016-11-30,62.363421,158126000.0,-56127078.9
2016-12-01,62.83564,160276000.0,135096626.0
2016-12-02,62.793258,161176000.0,56513932.2
2016-12-05,62.743879,162126000.0,59606685.05
2016-12-06,62.898537,165326000.0,201275318.4
2016-12-07,64.032503,165526000.0,12806500.600000001
2016-12-08,63.704524,166426000.0,57334071.6
2016-12-09,63.982893,164276000.0,-137563219.95
2016-12-12,63.736604,164326000.0,3186830.2
2016-12-13,63.658564,164026000.0,-19097569.2
2016-12-14,63.028802,163826000.0,-12605760.4
2016-12-15,63.075532,161126000.0,-170303936.4
2016-12-16,62.529406,161476000.0,21885292.1
2016-12-19,62.897825,161626000.0,9434673.75
2016-12-20,63.280303,161326000.0,-18984090.900000002
2016-12-21,63.030097,163126000.0,113454174.6
2016-12-22,62.953789,165076000.0,122759888.55
2016-12-23,62.993173,161926000.0,-198428494.95
2016-12-27,63.093507,164876000.0,186125845.65
2016-12-28,62.475863,164526000.0,-21866552.05
2016-12-29,62.452507,163576000.0,-59329881.65
2016-12-30,62.204041,163526000.0,-3110202.05
2017-01-03,62.642306,163676000.0,9396345.9
2017-01-04,62.990834,164876000.0,75589000.8
2017-01-05,62.760003,165476000.0,37656001.8
2017-01-06,63.105923,169326000.0,242957803.54999998
2017-01-09,62.661349,171326000.0,125322698.0
2017-01-10,62.880829,171326000.0,0.0
2017-01-11,63.248009,171826000.0,31624004.5
2017-01-12,63.01439,171076000.0,-47260792.5
2017-01-13,63.23943,167826000.0,-205528147.5
2017-01-17,62.721179,167626000.0,-12544235.8
2017-01-18,62.982095,164676000.0,-185797180.25
2017-01-19,63.404617,166926000.0,142660388.25
2017-01-20,63.438652,168076000.0,72954449.8
2017-01-23,63.064781,167876000.0,-12612956.200000001
2017-01-24,63.725116,164976000.0,-184802836.4
2017-01-25,64.401894,164826000.0,-9660284.1
2017-01-26,64.573997,166176000.0,87174895.95
2017-01-27,64.472132,166876000.0,45130492.4
2017-01-30,63.975572,166376000.0,-31987786.0
2017-01-31,63.391475,165676000.0,-44374032.5
2017-02-01,63.320129,161876000.0,-240616490.20000002
2017-02-02,63.139358,161576000.0,-18941807.400000002
2017-02-03,63.644405,162576000.0,63644405.0
2017-02-06,63.674691,165676000.0,197391542.1
2017-02-07,63.797174,167476000.0,114834913.2
2017-02-08,63.751156,169076000.0,102001849.60000001
2017-02-09,64.24538,168976000.0,-6424538.0
2017-02-10,64.731798,169576000.0,38839078.8
2017-02-13,65.3653,169426000.0,-9804795.0
2017-02-14,65.386629,174776000.0,349818465.15
2017-02-15,65.742585,173826000.0,-62455455.75000001
2017-02-16,65.769093,173976000.0,9865363.95
2017-02-17,65.894412,174376000.0,26357764.8
2017-02-21,66.209,172576000.0,-119176200.0
2017-02-22,66.054182,172226000.0,-23118963.7
2017-02-23,65.584248,170676000.0,-101655584.4
2017-02-24,65.913752,166176000.0,-296611884.0
2017-02-27,66.158176,165926000.0,-16539544.0
2017-02-28,65.844134,169476000.0,233746675.7
2017-03-01,66.945053,167776000.0,-113806590.10000001
2017-03-02,66.285167,169676000.0,125941817.3
2017-03-03,66.347376,168676000.0,-66347376.0
2017-03-06,66.154842,168726000.0,3307742.1
2017-03-07,65.94574,167976000.0,-49459305.0
2017-03-08,65.716244,169076000.0,72287868.4
2017-03-09,65.4098,170876000.0,117737640.00000001
2017-03-10,65.814765,171476000.0,39488859.0
2017-03-13,65.79951,171976000.0,32899755.0
2017-03-14,65.206149,170576000.0,-91288608.6
2017-03-15,65.944508,170426000.0,-9891676.2
2017-03-16,65.694139,170026000.0,-26277655.6
2017-03-17,65.683344,168976000.0,-68967511.2
2017-03-20,65.565127,164776000.0,-275373533.40000004
2017-03-21,64.556691,166326000.0,100062871.05
2017-03-22,64.803518,164426000.0,-123126684.19999999
2017-03-23,64.696539,164276000.0,-9704480.85
2017-03-24,64.487877,161676000.0,-167668480.2
2017-03-27,64.271154,161526000.0,-9640673.1
2017-03-28,64.983585,160076000.0,-94226198.25
2017-03-29,64.956576,159526000.0,-35726116.8
2017-03-30,65.296611,160776000.0,81620763.75
2017-03-31,65.098451,163826000.0,198550275.54999998
2017-04-03,64.93636,165126000.0,84417267.99999999
2017-04-04,65.064914,164076000.0,-68318159.7
2017-04-05,64.871855,162876000.0,-77846226.0
2017-04-06,65.083087,163226000.0,22779080.450000003
2017-04-07,65.141425,164126000.0,58627282.5
2017-04-10,65.294485,164176000.0,3264724.2499999995
2017-04-11,65.395247,164726000.0,35967385.85
2017-04-12,64.503574,165376000.0,41927323.1
2017-04-13,64.05715,163476000.0,-121708584.99999999
2017-04-17,64.734848,164376000.0,58261363.2
2017-04-18,64.521981,163876000.0,-32260990.5
2017-04-19,64.58016,163776000.0,-6458016.000000001
2017-04-20,65.311968,164676000.0,58780771.199999996
2017-04-21,65.421497,165026000.0,22897523.95
2017-04-24,66.315727,164826000.0,-13263145.399999999
2017-04-25,66.696684,166276000.0,96710191.80000001
2017-04-26,66.614167,167976000.0,113244083.89999999
2017-04-27,66.61632,168876000.0,59954688.0
2017-04-28,66.32523,168676000.0,-13265046.000000002
2017-05-01,66.110357,169326000.0,42971732.05
2017-05-02,66.503016,168926000.0,-26601206.400000002
2017-05-03,66.538628,167126000.0,-119769530.4
2017-05-04,66.558389,167076000.0,-3327919.45
2017-05-05,66.937579,167526000.0,30121910.55
2017-05-08,66.745508,169426000.0,126816465.2
2017-05-09,66.89385,169426000.0,0.0
2017-05-10,66.691665,169426000.0,0.0
2017-05-11,66.682422,169126000.0,-20004726.6
2017-05-12,66.284039,169276000.0,9942605.850000001
2017-05-15,66.59258,168026000.0,-83240725.0
2017-05-16,66.521763,168976000.0,63195674.85000001
2017-05-17,65.226549,168976000.0,0.0
2017-05-18,65.324216,167876000.0,-71856637.60000001
2017-05-19,66.197774,165976000.0,-125775770.6
2017-05-22,66.662542,164926000.0,-69995669.10000001
2017-05-23,66.794502,164726000.0,-13358900.399999999
2017-05-24,66.87958,166076000.0,90287433.0
2017-05-25,67.34013,166476000.0,26936052.0
2017-05-26,67.435256,166676000.0,13487051.2
2017-05-30,67.377819,166976000.0,20213345.7
2017-05-31,67.502634,167076000.0,6750263.4
2017-06-01,67.960616,167176000.0,6796061.600000001
2017-06-02,68.26696,164576000.0,-177494096.0
2017-06-05,67.944053,164776000.0,13588810.6
2017-06-06,67.512201,157476000.0,-492839067.3
2017-06-07,67.430161,157476000.0,0.0
2017-06-08,67.66016,157126000.0,-23681056.0
2017-06-09,67.915228,155576000.0,-105268603.4
2017-06-12,68.158104,155426000.0,-10223715.6
2017-06-13,68.445808,154626000.0,-54756646.4
2017-06-14,68.347418,153926000.0,-47843192.6
2017-06-15,68.768703,154176000.0,17192175.75
2017-06-16,68.700032,156726000.0,175185081.6
2017-06-19,69.116486,157776000.0,72572310.3
2017-06-20,68.34625,158226000.0,30755812.5
2017-06-21,67.889311,158276000.0,3394465.5500000003
2017-06-22,67.768935,157476000.0,-54215148.0
2017-06-23,68.045024,159176000.0,115676540.8
2017-06-26,68.027627,157676000.0,-102041440.5
2017-06-27,67.49604,157976000.0,20248811.999999996
2017-06-28,68.156296,159576000.0,109050073.6
2017-06-29,67.581469,160076000.0,33790734.5
2017-06-30,68.134491,159126000.0,-64727766.449999996
2017-07-03,68.518728,159326000.0,13703745.6
2017-07-05,68.742134,160576000.0,85927667.49999999
2017-07-06,68.150159,161426000.0,57927635.15
2017-07-07,68.687052,160876000.0,-37777878.599999994
2017-07-10,68.833802,160426000.0,-30975210.900000002
2017-07-11,68.777997,160876000.0,30950098.65
2017-07-12,69.159918,160676000.0,-13831983.600000001
2017-07-13,69.106035,161276000.0,41463621.0
2017-07-14,69.44102,160776000.0,-34720510.0
2017-07-17,69.371515,161176000.0,27748606.0
2017-07-18,69.198047,160226000.0,-65738144.650000006
2017-07-19,69.290398,160076000.0,-10393559.7
2017-07-20,68.878666,158676000.0,-96430132.39999999
2017-07-21,68.797265,156826000.0,-127274940.24999999
2017-07-24,68.570782,158026000.0,82284938.39999999
2017-07-25,68.550008,157826000.0,-13710001.600000001
2017-07-26,68.627245,157926000.0,6862724.5
2017-07-27,68.222133,157676000.0,-17055533.25
2017-07-28,68.409957,154976000.0,-184706883.9
2017-07-31,68.29631,153976000.0,-68296310.0
2017-08-01,68.114227,154676000.0,47679958.9
2017-08-02,68.422056,157326000.0,181318448.4
2017-08-03,68.740076,164926000.0,522424577.6
2017-08-04,68.903841,169276000.0,299731708.35
2017-08-07,68.858876,172626000.0,230677234.6
2017-08-08,68.65895,173076000.0,30896527.500000004
2017-08-09,68.690608,173076000.0,0.0
2017-08-10,67.794942,173926000.0,57625700.7
2017-08-11,67.875256,176076000.0,145931800.39999998
2017-08-14,68.571288,175476000.0,-41142772.8
2017-08-15,68.429027,175176000.0,-20528708.1
2017-08-16,68.57087,176376000.0,82285044.0
2017-08-17,67.393323,176276000.0,-6739332.3
2017-08-18,67.173961,174476000.0,-120913129.80000001
2017-08-21,67.245841,173576000.0,-60521256.9
2017-08-22,68.020741,171626000.0,-132640444.95
2017-08-23,67.435545,172076000.0,30345995.250000004
2017-08-24,67.18513,171876000.0,-13437026.0
2017-08-25,67.470916,170276000.0,-107953465.60000001
2017-08-28,67.475315,169676000.0,-40485189.0
2017-08-29,67.961212,169376000.0,-20388363.6
2017-08-30,68.235265,169326000.0,-3411763.25
2017-08-31,68.472153,169526000.0,13694430.600000001
2017-09-01,68.523915,170526000.0,68523915.0
2017-09-05,67.806447,168726000.0,-122051604.60000001
2017-09-06,67.87143,164126000.0,-312208578.0
2017-09-07,68.019382,158926000.0,-353700786.4
2017-09-08,68.259056,154276000.0,-317404610.4
2017-09-11,68.863817,150526000.0,-258239313.75
2017-09-12,69.213099,153726000.0,221481916.8
2017-09-13,69.096589,155626000.0,131283519.1
2017-09-14,69.412049,157226000.0,111059278.39999999
2017-09-15,69.41334,156526000.0,-48589338.0
2017-09-18,69.785141,150376000.0,-429178617.15
2017-09-19,69.874091,150576000.0,13974818.200000001
2017-09-20,70.352029,152576000.0,140704058.0
2017-09-21,70.553844,153476000.0,63498459.6
2017-09-22,70.757503,154176000.0,49530252.1
2017-09-25,70.736728,154326000.0,10610509.2
2017-09-26,70.743195,153726000.0,-42445917.0
2017-09-27,70.826191,152826000.0,-63743571.9
2017-09-28,70.781655,154276000.0,102633399.75
2017-09-29,70.993541,154526000.0,17748385.25
2017-10-02,71.47375,155726000.0,85768500.0
2017-10-03,71.799097,160726000.0,358995485.0
2017-10-04,71.790422,166326000.0,402026363.20000005
2017-10-05,71.964952,169126000.0,201501865.6
2017-10-06,71.937739,174326000.0,374076242.79999995
2017-10-09,71.739698,174576000.0,17934924.5
2017-10-10,71.82227,174876000.0,21546681.0
2017-10-11,71.826067,176576000.0,122104313.89999999
2017-10-12,72.204559,177876000.0,93865926.7
2017-10-13,72.022825,181126000.0,234074181.25
2017-10-16,72.122096,181176000.0,3606104.8
2017-10-17,71.948504,181826000.0,46766527.6
2017-10-18,72.002274,183326000.0,108003411.0
2017-10-19,72.162558,182826000.0,-36081279.0
2017-10-20,72.951634,183076000.0,18237908.5
2017-10-23,72.487573,182426000.0,-47116922.449999996
2017-10-24,72.906376,181726000.0,-51034463.199999996
2017-10-25,72.176167,180376000.0,-97437825.45
2017-10-26,72.319098,177826000.0,-184413699.9
2017-10-27,72.306172,178476000.0,46999011.800000004
2017-10-30,71.804049,178026000.0,-32311822.050000004
2017-10-31,71.53101,176626000.0,-100143414.0
2017-11-01,71.480217,175776000.0,-60758184.449999996
2017-11-02,71.906689,174426000.0,-97074030.15
2017-11-03,71.818675,173976000.0,-32318403.75
2017-11-06,71.831919,174226000.0,17957979.75
2017-11-07,71.997305,174026000.0,-14399461.0
2017-11-08,71.861241,173076000.0,-68268178.95
2017-11-09,70.965432,174526000.0,102899876.4
2017-11-10,71.048685,172426000.0,-149202238.5
2017-11-13,70.813526,171476000.0,-67272849.7
2017-11-14,70.615425,171826000.0,24715398.75
2017-11-15,70.207887,173376000.0,108822224.85
2017-11-16,70.877266,174676000.0,92140445.80000001
2017-11-17,70.506641,174676000.0,0.0
2017-11-20,70.822413,174126000.0,-38952327.15
2017-11-21,71.295704,174026000.0,-7129570.4
2017-11-22,71.406953,172776000.0,-89258691.25
2017-11-24,71.390826,173126000.0,24986789.1
2017-11-27,71.525104,172776000.0,-25033786.4
2017-11-28,72.590255,172776000.0,0.0
2017-11-29,73.261055,174376000.0,117217688.0
2017-11-30,74.444034,176876000.0,186110085.0
2017-12-01,73.61128,181126000.0,312847940.0
2017-12-04,74.224436,177526000.0,-267207969.6
2017-12-05,73.567908,174376000.0,-231738910.20000002
2017-12-06,73.672696,170126000.0,-313108958.0
2017-12-07,74.35738,165426000.0,-349479686.0
2017-12-08,74.676363,167726000.0,171755634.89999998
2017-12-11,74.526289,167726000.0,0.0
2017-12-12,74.593038,167476000.0,-18648259.5
2017-12-13,74.887815,165976000.0,-112331722.5
2017-12-14,74.404612,166376000.0,29761844.8
2017-12-15,74.516324,165126000.0,-93145405.0
2017-12-18,75.038953,166776000.0,123814272.45000002
2017-12-19,75.075463,166726000.0,-3753773.15
2017-12-20,75.325824,167026000.0,22597747.2
2017-12-21,75.371425,165826000.0,-90445710.0
2017-12-22,75.395661,165726000.0,-7539566.100000001
2017-12-26,75.462891,165826000.0,7546289.1
2017-12-27,75.661791,165826000.0,0.0
2017-12-28,75.806269,165776000.0,-3790313.45
2017-12-29,75.577746,165776000.0,0.0
2018-01-02,76.121328,164876000.0,-68509195.2
2018-01-03,76.528294,170376000.0,420905617.0
2018-01-04,77.0787,176476000.0,470180070.0
2018-01-05,77.647352,181576000.0,396001495.2
2018-01-08,77.961128,187676000.0,475562880.8
2018-01-09,78.417359,188876000.0,94100830.80000001
2018-01-10,78.428832,188926000.0,3921441.6
2018-01-11,79.443088,192226000.0,262162190.4
2018-01-12,80.154701,193426000.0,96185641.2
2018-01-16,79.44247,194976000.0,123135828.5
2018-01-17,79.880275,195726000.0,59910206.25
2018-01-18,79.452966,197626000.0,150960635.4
2018-01-19,79.688493,197726000.0,7968849.3
2018-01-22,79.678385,197576000.0,-11951757.75
2018-01-23,79.720083,195576000.0,-159440166.0
2018-01-24,79.600295,196726000.0,91540339.25
2018-01-25,79.748752,193526000.0,-255196006.39999998
2018-01-26,80.67502,193326000.0,-16135004.0
2018-01-29,80.131452,192476000.0,-68111734.2
2018-01-30,79.465545,191426000.0,-83438822.25
2018-01-31,79.751717,188226000.0,-255205494.4
2018-02-01,79.632453,188626000.0,31852981.2
2018-02-02,78.018259,187776000.0,-66315520.15
2018-02-05,74.567084,185976000.0,-134220751.2
2018-02-06,75.786979,186476000.0,37893489.5
2018-02-07,75.97055,182576000.0,-296285145.0
2018-02-08,73.027415,180876000.0,-124146605.50000001
2018-02-09,73.799332,176626000.0,-313647161.0
2018-02-12,74.988726,174826000.0,-134979706.8
2018-02-13,75.178351,174026000.0,-60142680.800000004
2018-02-14,76.095748,173126000.0,-68486173.2
2018-02-15,77.246312,172726000.0,-30898524.8
2018-02-16,77.293448,172876000.0,11594017.2
2018-02-20,76.518278,171226000.0,-126255158.69999999
2018-02-21,76.525571,169976000.0,-95656963.75
2018-02-22,77.012693,168326000.0,-127070943.45
2018-02-23,77.666349,168326000.0,0.0
2018-02-26,78.734566,168376000.0,3936728.3000000003
2018-02-27,77.785559,168776000.0,31114223.6
2018-02-28,76.668358,169576000.0,61334686.4
2018-03-01,75.183255,169776000.0,15036651.0
2018-03-02,75.122499,162326000.0,-559662617.5500001
2018-03-05,76.020951,158776000.0,-269874376.05
2018-03-06,76.369703,165976000.0,549861861.6
2018-03-07,76.370418,162426000.0,-271114983.9
2018-03-08,76.752104,162526000.0,7675210.4
2018-03-09,78.427223,163226000.0,54899056.1
2018-03-12,77.479765,167026000.0,294423107.0
2018-03-13,77.114627,165526000.0,-115671940.5
2018-03-14,76.252069,167926000.0,183004965.60000002
2018-03-15,76.493018,169626000.0,130038130.60000001
2018-03-16,76.617873,169126000.0,-38308936.5
2018-03-19,75.989098,165526000.0,-273560752.8
2018-03-20,76.245354,161626000.0,-297356880.6
2018-03-21,76.335529,162526000.0,68701976.1
2018-03-22,73.839191,166626000.0,302740683.1
2018-03-23,72.814179,170326000.0,269412462.3
2018-03-26,74.485412,169476000.0,-63312600.199999996
2018-03-27,73.468914,171926000.0,179998839.29999998
2018-03-28,73.201031,170976000.0,-69540979.45
2018-03-29,74.304702,171726000.0,55728526.50000001
2018-04-02,72.771975,171076000.0,-47301783.75
2018-04-03,73.776077,173026000.0,143863350.15
2018-04-04,74.089635,174526000.0,111134452.5
2018-04-05,74.831312,178976000.0,332999338.4
2018-04-06,72.790406,179876000.0,65511365.400000006
2018-04-09,72.540354,178676000.0,-87048424.8
2018-04-10,73.657182,177676000.0,-73657182.0
2018-04-11,73.102804,176326000.0,-98688785.4
2018-04-12,74.169969,174676000.0,-122380448.85
2018-04-13,73.992401,175726000.0,77692021.05
2018-04-16,74.728897,176476000.0,56046672.75
2018-04-17,75.354926,176876000.0,30141970.400000002
2018-04-18,76.120186,177976000.0,83732204.60000001
2018-04-19,75.899231,181226000.0,246672500.75
2018-04-20,75.589795,184826000.0,272123262.0
2018-04-23,75.53091,184526000.0,-22659273.0
2018-04-24,73.413031,175476000.0,-664387930.5500001
2018-04-25,73.613396,170376000.0,-375428319.59999996
2018-04-26,73.303179,173176000.0,205248901.2
2018-04-27,73.218056,172876000.0,-21965416.8
2018-04-30,72.227566,171376000.0,-108341349.0
2018-05-01,71.898692,167126000.0,-305569441.0
2018-05-02,71.261333,169276000.0,153211865.95
2018-05-03,71.432388,168926000.0,-25001335.8
2018-05-04,72.242185,168526000.0,-28896874.000000004
2018-05-07,72.74177,165726000.0,-203676956.0
2018-05-08,73.262071,166226000.0,36631035.5
2018-05-09,74.071544,166126000.0,-7407154.4
2018-05-10,74.575225,169826000.0,275928332.5
2018-05-11,74.740809,170726000.0,67266728.1
2018-05-14,74.600761,170526000.0,-14920152.200000001
2018-05-15,74.328104,170176000.0,-26014836.4
2018-05-16,74.602949,169676000.0,-37301474.5
2018-05-17,74.898139,169676000.0,0.0
2018-05-18,75.327645,168426000.0,-94159556.25
2018-05-21,76.479047,168476000.0,3823952.3499999996
2018-05-22,75.529149,170976000.0,188822872.5
2018-05-23,75.419073,172826000.0,139525285.04999998
2018-05-24,75.874011,173076000.0,18968502.75
2018-05-25,75.73202,172776000.0,-22719606.0
2018-05-29,74.500094,172276000.0,-37250047.0
2018-05-30,75.450808,169726000.0,-192399560.39999998
2018-05-31,74.38357,172576000.0,211993174.50000003
2018-06-01,75.240868,171426000.0,-86526998.2
2018-06-04,75.142054,171576000.0,11271308.1
2018-06-05,75.281492,171326000.0,-18820373.0
2018-06-06,75.951243,171976000.0,49368307.95
2018-06-07,76.116325,171376000.0,-45669795.0
2018-06-08,76.439892,170976000.0,-30575956.8
2018-06-11,76.556075,170976000.0,0.0
2018-06-12,76.500436,170126000.0,-65025370.599999994
2018-06-13,75.879201,171076000.0,72085240.94999999
2018-06-14,75.579801,172176000.0,83137781.10000001
2018-06-15,75.120032,169126000.0,-229116097.6
2018-06-18,74.83547,167726000.0,-104769658.0
2018-06-19,73.237348,167276000.0,-32956806.599999998
2018-06-20,73.24976,161726000.0,-406536168.0
2018-06-21,72.38308,163926000.0,159242776.0
2018-06-22,72.59103,163676000.0,-18147757.5
2018-06-25,71.690899,164226000.0,39429994.45
2018-06-26,71.924221,167726000.0,251734773.5
2018-06-27,71.360544,168576000.0,60656462.400000006
2018-06-28,71.486536,163926000.0,-332412392.4
2018-06-29,71.632557,163426000.0,-35816278.5
2018-07-02,71.771162,164026000.0,43062697.2
2018-07-03,71.502389,162326000.0,-121554061.29999998
2018-07-05,71.873677,162876000.0,39530522.35
2018-07-06,72.150589,163976000.0,79365647.89999999
2018-07-09,73.453697,164376000.0,29381478.8
2018-07-10,73.713083,168376000.0,294852332.0
2018-07-11,72.522844,167426000.0,-68896701.80000001
2018-07-12,73.335225,164676000.0,-201671868.74999997
2018-07-13,73.769073,166076000.0,103276702.2
2018-07-16,73.444732,171576000.0,403946026.0
2018-07-17,73.722573,170576000.0,-73722573.0
2018-07-18,74.551518,170826000.0,18637879.5
2018-07-19,74.515164,172676000.0,137853053.4
2018-07-20,74.433187,169676000.0,-223299561.0
2018-07-23,73.973713,169276000.0,-29589485.200000003
2018-07-24,74.349256,167976000.0,-96654032.8
2018-07-25,75.346781,168726000.0,56510085.74999999
2018-07-26,75.981085,172226000.0,265933797.49999997
2018-07-27,75.979766,174226000.0,151959532.0
2018-07-30,75.270501,173076000.0,-86561076.14999999
2018-07-31,76.864762,174526000.0,111453904.89999999
2018-08-01,75.88021,174326000.0,-15176042.000000002
2018-08-02,75.765234,172226000.0,-159106991.4
2018-08-03,75.835904,172026000.0,-15167180.8
2018-08-06,75.930521,169426000.0,-197419354.6
2018-08-07,76.462613,167926000.0,-114693919.5
2018-08-08,76.148391,169826000.0,144681942.9
2018-08-09,75.743437,170726000.0,68169093.3
2018-08-10,75.136266,168226000.0,-187840665.00000003
2018-08-13,74.7494,166126000.0,-156973740.0
2018-08-14,75.238031,167226000.0,82761834.10000001
2018-08-15,74.873804,166776000.0,-33693211.800000004
2018-08-16,75.788104,167876000.0,83366914.4
2018-08-17,76.269591,167876000.0,0.0
2018-08-20,76.756645,166176000.0,-130486296.50000001
2018-08-21,77.343609,165376000.0,-61874887.2
2018-08-22,76.625706,168026000.0,203058120.89999998
2018-08-23,76.36798,166926000.0,-84004778.0
2018-08-24,76.698822,166426000.0,-38349411.0
2018-08-27,77.636659,167476000.0,81518491.94999999
2018-08-28,77.548261,170526000.0,236522196.04999998
2018-08-29,77.60617,170326000.0,-15521234.000000002
2018-08-30,77.038985,171676000.0,104002629.75
2018-08-31,77.0833,170426000.0,-96354125.0
2018-09-04,77.07918,169926000.0,-38539590.0
2018-09-05,77.543775,168526000.0,-108561285.0
2018-09-06,77.816924,173176000.0,361848696.6
2018-09-07,77.580541,171026000.0,-166798163.15
2018-09-10,77.993409,169126000.0,-148187477.1
2018-09-11,77.943315,170326000.0,93531978.0
2018-09-12,78.228934,169826000.0,-39114467.0
2018-09-13,78.624684,170426000.0,47174810.4
2018-09-14,79.063344,170426000.0,0.0
2018-09-17,79.084327,171176000.0,59313245.25
2018-09-18,79.787914,171326000.0,11968187.1
2018-09-19,79.753799,172776000.0,115643008.55
2018-09-20,79.843549,173326000.0,43913951.949999996
2018-09-21,79.713063,170576000.0,-219210923.25
2018-09-24,78.665859,168076000.0,-196664647.5
2018-09-25,78.406659,166376000.0,-133291320.30000001
2018-09-26,78.290601,163676000.0,-211384622.7
2018-09-27,78.407787,163326000.0,-27442725.45
2018-09-28,78.370495,165276000.0,152822465.25
2018-10-01,79.075193,164926000.0,-27676317.55
2018-10-02,79.224994,163426000.0,-118837491.0
2018-10-03,79.578466,167076000.0,290461400.90000004
2018-10-04,79.359493,168776000.0,134911138.1
2018-10-05,78.972181,167626000.0,-90818008.15
2018-10-08,79.121065,165926000.0,-134505810.5
2018-10-09,77.935844,166326000.0,31174337.6
2018-10-10,75.231092,165576000.0,-56423319.0
2018-10-11,73.522583,162926000.0,-194834844.95
2018-10-12,73.924563,157976000.0,-365926586.85
2018-10-15,74.083705,153826000.0,-307447375.75
2018-10-16,75.310398,157876000.0,305007111.90000004
2018-10-17,74.805717,160926000.0,228157436.85
2018-10-18,73.468086,160776000.0,-11020212.9
2018-10-19,73.187784,159326000.0,-106122286.8
2018-10-22,72.918486,157726000.0,-116669577.60000001
2018-10-23,71.757949,159976000.0,161455385.25
2018-10-24,69.301922,160276000.0,20790576.6
2018-10-25,69.814747,161526000.0,87268433.75
2018-10-26,69.135954,162226000.0,48395167.8
2018-10-29,67.976034,160276000.0,-132553266.3
2018-10-30,69.337684,158176000.0,-145609136.4
2018-10-31,69.906319,158276000.0,6990631.899999999
2018-11-01,71.124413,159476000.0,85349295.60000001
2018-11-02,70.927093,162076000.0,184410441.8
2018-11-05,71.300208,162276000.0,14260041.6
2018-11-06,72.091769,161676000.0,-43255061.4
2018-11-07,73.301936,164426000.0,201580324.0
2018-11-08,73.164256,168676000.0,310948088.0
2018-11-09,72.437557,161776000.0,-499819143.3
2018-11-12,70.999177,158726000.0,-216547489.85000002
2018-11-13,71.314807,157476000.0,-89143508.75
2018-11-14,71.05576,160676000.0,227378432.00000003
2018-11-15,71.990851,164026000.0,241169350.85000002
2018-11-16,71.985833,159426000.0,-331134831.8
2018-11-19,70.862303,160226000.0,56689842.4
2018-11-20,69.382039,159676000.0,-38160121.45
2018-11-21,69.862067,160226000.0,38424136.85
2018-11-23,69.712367,160026000.0,-13942473.4
2018-11-26,70.291168,159476000.0,-38660142.4
2018-11-27,70.113575,156726000.0,-192812331.25
2018-11-28,71.785966,156576000.0,-10767894.9
2018-11-29,71.808503,161976000.0,387765916.2
2018-11-30,72.578148,163976000.0,145156296.0
2018-12-03,73.421385,158026000.0,-436857240.75
2018-12-04,70.239078,158026000.0,0.0
2018-12-06,69.857066,157676000.0,-24449973.1
2018-12-07,68.040477,156326000.0,-91854643.94999999
2018-12-10,68.214608,156876000.0,37518034.4
2018-12-11,67.808656,156326000.0,-37294760.8
2018-12-12,68.173731,156876000.0,37495552.050000004
2018-12-13,68.025303,156726000.0,-10203795.45
2018-12-14,67.059417,157676000.0,63706446.15
2018-12-17,65.910165,157326000.0,-23068557.750000004
2018-12-18,66.290347,156276000.0,-69604864.35
2018-12-19,65.032557,154376000.0,-123561858.3
2018-12-20,63.864722,153526000.0,-54285013.7
2018-12-21,62.247363,151726000.0,-112045253.4
2018-12-24,60.29446,148526000.0,-192942272.0
2018-12-26,63.18472,148526000.0,0.0
2018-12-27,63.969201,153726000.0,332639845.2
2018-12-28,63.78155,153926000.0,12756310.0
2018-12-31,64.434879,159676000.0,370500554.25
2019-01-02,64.723116,150376000.0,-601924978.8000001
2019-01-03,62.814974,150476000.0,6281497.4
2019-01-04,65.228033,148876000.0,-104364852.8
2019-01-07,65.667246,152176000.0,216701911.8
2019-01-08,66.591703,152326000.0,9988755.45
2019-01-09,67.009637,147126000.0,-348450112.4
2019-01-10,67.975525,146376000.0,-50981643.75
2019-01-11,67.891683,146376000.0,0.0
2019-01-14,67.872574,147276000.0,61085316.6
2019-01-15,67.655066,148676000.0,94717092.4
2019-01-16,67.734489,145826000.0,-193043293.64999998
2019-01-17,68.857549,141726000.0,-282315950.90000004
2019-01-18,70.149426,142326000.0,42089655.6
2019-01-22,68.701302,142626000.0,20610390.599999998
2019-01-23,68.82579,140326000.0,-158299317.0
2019-01-24,69.210502,141326000.0,69210502.0
2019-01-25,70.097459,140926000.0,-28038983.6
2019-01-28,69.398685,141376000.0,31229408.25
2019-01-29,70.345724,140126000.0,-87932155.0
2019-01-30,71.441075,140826000.0,50008752.5
2019-01-31,71.765064,143276000.0,175824406.79999998
2019-02-01,71.914422,143076000.0,-14382884.4
2019-02-04,72.844203,142226000.0,-61917572.55
2019-02-05,73.481934,140976000.0,-91852417.5
2019-02-06,73.468063,139626000.0,-99181885.05
2019-02-07,72.962533,139476000.0,-10944379.95
2019-02-08,73.050945,136276000.0,-233763024.0
2019-02-11,73.457072,136976000.0,51419950.4
2019-02-12,74.598137,137726000.0,55948602.74999999
2019-02-13,75.069003,138776000.0,78822453.14999999
2019-02-14,74.687536,142526000.0,280078260.0
2019-02-15,75.685362,137676000.0,-367074005.7
2019-02-19,75.632072,138376000.0,52942450.4
2019-02-20,75.999519,137926000.0,-34199783.550000004
2019-02-21,75.717131,145376000.0,564092625.9499999
2019-02-22,76.205993,142776000.0,-198135581.8
2019-02-25,76.517176,144676000.0,145382634.4
2019-02-26,76.292259,139376000.0,-404348972.7
2019-02-27,76.594692,139076000.0,-22978407.599999998
2019-02-28,76.338241,142876000.0,290085315.8
2019-03-01,76.403988,139176000.0,-282694755.59999996
2019-03-04,76.043967,139126000.0,-3802198.3499999996
2019-03-05,75.560005,135826000.0,-249348016.5
2019-03-06,74.853869,136726000.0,67368482.10000001
2019-03-07,74.440322,135276000.0,-107938466.89999999
2019-03-08,74.263961,142876000.0,564406103.5999999
2019-03-11,74.924523,139626000.0,-243504699.74999997
2019-03-12,74.244245,141426000.0,133639641.00000001
2019-03-13,74.921624,143876000.0,183557978.79999998
2019-03-14,74.666315,146276000.0,179199156.0
2019-03-15,74.061982,145276000.0,-74061982.0
2019-03-18,74.704713,136276000.0,-672342417.0
2019-03-19,74.396945,138176000.0,141354195.5
2019-03-20,73.928118,138876000.0,51749682.6
2019-03-21,74.627334,137976000.0,-67164600.60000001
2019-03-22,72.934488,138976000.0,72934488.0
2019-03-25,73.111119,135726000.0,-237611136.75
2019-03-26,73.625562,134926000.0,-58900449.6
2019-03-27,73.702109,135976000.0,77387214.44999999
2019-03-28,74.284811,136476000.0,37142405.5
2019-03-29,75.034019,136476000.0,0.0
2019-04-01,76.585756,136626000.0,11487863.4
2019-04-02,76.537532,138426000.0,137767557.6
2019-04-03,76.334734,139026000.0,45800840.4
2019-04-04,76.794347,139626000.0,46076608.2
2019-04-05,77.021282,141126000.0,115531923.0
2019-04-08,76.682246,140426000.0,-53677572.2
2019-04-09,75.620813,139626000.0,-60496650.4
2019-04-10,75.609502,138776000.0,-64268076.7
2019-04-11,76.286256,138476000.0,-22885876.799999997
2019-04-12,77.263526,135476000.0,-231790578.0
2019-04-15,76.86495,137426000.0,149886652.5
2019-04-16,77.316143,137526000.0,7731614.3
2019-04-17,77.429391,137476000.0,-3871469.55
2019-04-18,78.306648,142226000.0,371956578.0
2019-04-22,78.057256,138076000.0,-323937612.4
2019-04-23,78.75323,138276000.0,15750646.0
2019-04-24,78.508844,137476000.0,-62807075.199999996
2019-04-25,76.951553,139726000.0,173140994.25
2019-04-26,77.504012,137076000.0,-205385631.8
2019-04-29,77.71506,139276000.0,170973132.0
2019-04-30,78.104314,138976000.0,-23431294.2
2019-05-01,77.526604,138076000.0,-69773943.60000001
2019-05-02,77.443236,136276000.0,-139397824.8
2019-05-03,78.400788,133026000.0,-254802561.00000003
2019-05-06,77.645155,133976000.0,73762897.25
2019-05-07,76.06208,133576000.0,-30424831.999999996
2019-05-08,76.06965,130776000.0,-212995020.0
2019-05-09,75.958315,133576000.0,212683282.0
2019-05-10,76.250746,135826000.0,171564178.5
2019-05-13,74.091707,135826000.0,0.0
2019-05-14,74.880073,133576000.0,-168480164.25
2019-05-15,74.971303,130476000.0,-232411039.3
2019-05-16,75.654921,133626000.0,238313001.15
2019-05-17,74.84466,130976000.0,-198338349.0
2019-05-20,74.637732,129126000.0,-138079804.2
2019-05-21,75.517629,128726000.0,-30207051.6
2019-05-22,74.903066,132226000.0,262160730.99999997
2019-05-23,73.770878,134476000.0,165984475.5
2019-05-24,73.803826,129676000.0,-354258364.8
2019-05-28,73.106529,128576000.0,-80417181.89999999
2019-05-29,72.777061,127776000.0,-58221648.800000004
2019-05-30,73.088712,131826000.0,296009283.6
2019-05-31,72.053049,132476000.0,46834481.85
2019-06-03,72.565022,130376000.0,-152386546.2
2019-06-04,74.282509,131976000.0,118852014.4
2019-06-05,75.074653,135626000.0,274022483.45
2019-06-06,75.092458,135326000.0,-22527737.4
2019-06-07,75.736638,135026000.0,-22720991.4
2019-06-10,75.831171,135576000.0,41707144.05
2019-06-11,75.152551,136476000.0,67637295.9
2019-06-12,75.30354,131876000.0,-346396284.0
2019-06-13,75.708953,133076000.0,90850743.6
2019-06-14,75.413539,131676000.0,-105578954.6
2019-06-17,75.170148,131926000.0,18792537.0
2019-06-18,76.587936,131976000.0,3829396.8
2019-06-19,76.574097,132226000.0,19143524.25
2019-06-20,77.806391,131526000.0,-54464473.7
2019-06-21,77.086014,132176000.0,50105909.1
2019-06-24,76.907738,133576000.0,107670833.19999999
2019-06-25,76.346315,134076000.0,38173157.5
2019-06-26,76.499999,135476000.0,107099998.60000001
2019-06-27,76.590555,136176000.0,53613388.5
2019-06-28,77.340231,135376000.0,-61872184.800000004
2019-07-01,77.525792,135576000.0,15505158.399999999
2019-07-02,77.422686,136426000.0,65809283.1
2019-07-03,77.837449,135176000.0,-97296811.25000001
2019-07-05,77.433901,136576000.0,108407461.4
2019-07-08,76.864895,135826000.0,-57648671.25
2019-07-09,76.711079,135826000.0,0.0
2019-07-10,76.488435,136776000.0,72664013.25
2019-07-11,77.031535,134026000.0,-211836721.25
2019-07-12,78.396943,131976000.0,-160713733.14999998
2019-07-15,78.076096,135226000.0,253747312.00000003
2019-07-16,78.583398,135126000.0,-7858339.8
2019-07-17,76.8763,134376000.0,-57657225.0
2019-07-18,77.067341,132526000.0,-142574580.85
2019-07-19,77.44077,131326000.0,-92928924.0
2019-07-22,77.523206,131326000.0,0.0
2019-07-23,78.469026,131376000.0,3923451.3
2019-07-24,78.810459,134326000.0,232490854.04999998
2019-07-25,78.647982,135376000.0,82580381.1
2019-07-26,78.514745,134326000.0,-82440482.25
2019-07-29,78.37544,133976000.0,-27431404.0
2019-07-30,78.676278,134426000.0,35404325.1
2019-07-31,77.849498,134426000.0,0.0
2019-08-01,76.318669,131926000.0,-190796672.5
2019-08-02,75.832778,131126000.0,-60666222.400000006
2019-08-05,73.739027,130926000.0,-14747805.399999999
2019-08-06,74.840999,130326000.0,-44904599.4
2019-08-07,74.756787,129976000.0,-26164875.45
2019-08-08,76.035274,128226000.0,-133061729.5
2019-08-09,75.407121,128226000.0,0.0
2019-08-12,74.380174,129726000.0,111570261.0
2019-08-13,75.234836,129376000.0,-26332192.6
2019-08-14,72.985394,129826000.0,32843427.3
2019-08-15,72.893346,136076000.0,455583412.49999994
2019-08-16,74.292475,128826000.0,-538620443.75
2019-08-19,75.039346,129276000.0,33767705.699999996
2019-08-20,74.527774,129326000.0,3726388.6999999997
2019-08-21,75.030184,129426000.0,7503018.4
2019-08-22,75.136657,129126000.0,-22540997.1
2019-08-23,73.113268,127276000.0,-135259545.8
2019-08-26,73.650346,119526000.0,-570790181.5
2019-08-27,73.335257,117126000.0,-176004616.79999998
2019-08-28,74.108168,118326000.0,88929801.60000001
2019-08-29,75.446333,127126000.0,663927730.4
2019-08-30,75.795019,129676000.0,193277298.45
2019-09-03,74.730304,126976000.0,-201771820.8
2019-09-04,75.699614,128376000.0,105979459.6
2019-09-05,77.04348,127026000.0,-104008698.0
2019-09-06,77.182636,128926000.0,146647008.4
2019-09-09,77.39955,128926000.0,0.0
2019-09-10,78.169707,129626000.0,54718794.9
2019-09-11,78.918011,128826000.0,-63134408.800000004
2019-09-12,78.979521,125626000.0,-252734467.20000002
2019-09-13,79.39669,126026000.0,31758676.000000004
2019-09-16,79.277363,126676000.0,51530285.949999996
2019-09-17,79.244427,126676000.0,0.0
2019-09-18,79.133466,126676000.0,0.0
2019-09-19,78.744154,126976000.0,23623246.2
2019-09-20,77.815092,127826000.0,66142828.2
2019-09-23,77.67863,127476000.0,-27187520.5
2019-09-24,77.182234,130476000.0,231546701.99999997
2019-09-25,77.731976,129826000.0,-50525784.4
2019-09-26,77.795407,131026000.0,93354488.39999999
2019-09-27,77.493318,130026000.0,-77493318.0
2019-09-30,77.65727,126326000.0,-287331899.0
2019-10-01,75.798415,126226000.0,-7579841.500000001
2019-10-02,74.308896,124326000.0,-141186902.4
2019-10-03,74.831937,123126000.0,-89798324.39999999
2019-10-04,75.649936,123676000.0,41607464.8
2019-10-07,75.241489,123326000.0,-26334521.150000002
2019-10-08,74.068361,121876000.0,-107399123.44999999
2019-10-09,74.698122,122026000.0,11204718.299999999
2019-10-10,75.349322,123776000.0,131861313.5
2019-10-11,76.830207,122326000.0,-111403800.15
2019-10-14,76.648299,127176000.0,371744250.15
2019-10-15,77.252204,126676000.0,-38626102.0
2019-10-16,77.219128,127626000.0,73358171.6
2019-10-17,77.583241,128026000.0,31033296.400000002
2019-10-18,76.927135,128126000.0,7692713.500000001
2019-10-21,77.394281,129026000.0,69654852.9
2019-10-22,78.017038,129176000.0,11702555.7
2019-10-23,78.0027,131526000.0,183306345.0
2019-10-24,78.10189,129276000.0,-175729252.5
2019-10-25,78.597458,129076000.0,-15719491.600000001
2019-10-28,78.797151,129176000.0,7879715.1
2019-10-29,79.104182,129926000.0,59328136.49999999
2019-10-30,79.369554,129226000.0,-55558687.8
2019-10-31,78.487589,127926000.0,-102033865.7
2019-11-01,80.215357,126776000.0,-92247660.55
2019-11-04,81.177286,132176000.0,438357344.4
2019-11-05,81.339669,134976000.0,227751073.2
2019-11-06,81.378167,133576000.0,-113929433.80000001
2019-11-07,81.612898,135626000.0,167306440.9
2019-11-08,81.753302,136776000.0,94016297.30000001
2019-11-11,81.813121,138426000.0,134991649.65
2019-11-12,81.786571,138876000.0,36803956.949999996
2019-11-13,81.467577,138276000.0,-48880546.2
2019-11-14,81.719477,138676000.0,32687790.8
2019-11-15,82.30018,138476000.0,-16460036.0
2019-11-18,82.030107,136276000.0,-180466235.4
2019-11-19,81.933846,136876000.0,49160307.6
2019-11-20,81.32565,135426000.0,-117922192.5
2019-11-21,81.232118,137776000.0,190895477.3
2019-11-22,81.672691,134076000.0,-302188956.7
2019-11-25,82.25462,134076000.0,0.0
2019-11-26,82.496678,134576000.0,41248339.0
2019-11-27,82.385801,137026000.0,201845212.45
2019-11-29,81.974001,136976000.0,-4098700.0500000003
2019-12-02,80.661668,133226000.0,-302481255.0
2019-12-03,79.779386,131776000.0,-115680109.7
2019-12-04,80.038027,128876000.0,-232110278.3
2019-12-05,80.09304,129176000.0,24027912.0
2019-12-06,81.099817,133226000.0,328454258.85
2019-12-09,80.819964,132776000.0,-36368983.8
2019-12-10,80.682011,131076000.0,-137159418.70000002
2019-12-11,81.22596,130026000.0,-85287258.0
2019-12-12,81.92481,130226000.0,16384961.999999998
2019-12-13,81.707725,131226000.0,81707725.0
2019-12-16,81.682016,131226000.0,0.0
2019-12-17,81.621519,129826000.0,-114270126.60000001
2019-12-18,81.215124,129076000.0,-60911343.0
2019-12-19,81.473527,135726000.0,541798954.5500001
2019-12-20,81.540669,128976000.0,-550399515.75
2019-12-23,82.056281,128826000.0,-12308442.15
2019-12-24,81.776644,129026000.0,16355328.8
2019-12-26,81.967261,129026000.0,0.0
2019-12-27,81.936022,129976000.0,77839220.89999999
2019-12-30,81.48964,129776000.0,-16297927.999999998
2019-12-31,81.517078,129526000.0,-20379269.5
2020-01-02,82.988693,128626000.0,-74689823.7
2020-01-03,82.891017,133376000.0,393732330.75
2020-01-06,82.868489,141826000.0,700238732.05
2020-01-07,82.775548,144026000.0,182106205.6
2020-01-08,82.966591,146276000.0,186674829.75
2020-01-09,83.346912,150026000.0,312550920.0
2020-01-10,82.751833,150876000.0,70339058.05
2020-01-13,83.485665,150776000.0,-8348566.5
2020-01-14,83.484621,151326000.0,45916541.550000004
2020-01-15,83.556141,151676000.0,29244649.349999998
2020-01-16,84.403773,154026000.0,198348866.55
2020-01-17,84.420104,153426000.0,-50652062.4
2020-01-21,83.504231,153976000.0,45927327.050000004
2020-01-22,83.020143,153976000.0,0.0
2020-01-23,83.954359,153226000.0,-62965769.25
2020-01-24,83.55424,153626000.0,33421695.999999996
2020-01-27,81.997554,152026000.0,-131196086.39999999
2020-01-28,82.510184,147876000.0,-342417263.59999996
2020-01-29,82.96584,147226000.0,-53927796.0
2020-01-30,83.042719,146826000.0,-33217087.6
2020-01-31,81.142516,144376000.0,-198799164.2
2020-02-03,81.108871,142976000.0,-113552419.39999999
2020-02-04,82.599409,141176000.0,-148678936.2
2020-02-05,83.972475,140376000.0,-67177980.0
2020-02-06,84.243197,144026000.0,307487669.04999995
2020-02-07,83.656941,144026000.0,0.0
2020-02-10,84.130804,142326000.0,-143022366.79999998
2020-02-11,84.427909,140976000.0,-113977677.15
2020-02-12,85.200556,141426000.0,38340250.2
2020-02-13,84.704895,142326000.0,76234405.5
2020-02-14,84.659935,141526000.0,-67727948.0
2020-02-18,84.185532,141226000.0,-25255659.599999998
2020-02-19,84.147537,142476000.0,105184421.25
2020-02-20,84.016033,141926000.0,-46208818.15
2020-02-21,83.652582,142426000.0,41826291.0
2020-02-24,81.193655,149526000.0,576474950.5
2020-02-25,77.930281,139076000.0,-814371436.4499999
2020-02-26,77.313542,136276000.0,-216477917.6
2020-02-27,74.449632,134076000.0,-163789190.39999998
2020-02-28,73.5912,130676000.0,-250210080.0
2020-03-02,75.609608,126126000.0,-344023716.4
2020-03-03,73.785014,123976000.0,-158637780.1
2020-03-04,76.866206,124476000.0,38433103.0
2020-03-05,73.075652,130226000.0,420184999.0
2020-03-06,72.430942,130126000.0,-7243094.2
2020-03-09,65.785463,131526000.0,92099648.19999999
2020-03-10,69.20718,131076000.0,-31143230.999999996
2020-03-11,65.101445,133326000.0,146478251.25
2020-03-12,58.416579,132026000.0,-75941552.7
2020-03-13,62.983858,130926000.0,-69282243.8
2020-03-16,55.795549,130376000.0,-30687551.95
2020-03-17,58.130004,131376000.0,58130004.0
2020-03-18,53.984509,134276000.0,156555076.1
2020-03-19,54.160704,131976000.0,-124569619.2
2020-03-20,51.438313,131326000.0,-33434903.45
2020-03-23,48.753412,127476000.0,-187700636.2
2020-03-24,54.957965,124576000.0,-159378098.5
2020-03-25,57.86175,123876000.0,-40503225.0
2020-03-26,61.567495,123276000.0,-36940497.0
2020-03-27,58.903582,120526000.0,-161984850.5
2020-03-30,59.809142,116276000.0,-254188853.5
2020-03-31,59.054277,116826000.0,32479852.349999998
2020-04-01,56.352879,116276000.0,-30994083.45
2020-04-02,57.174115,116076000.0,-11434823.0
2020-04-03,56.28871,116326000.0,14072177.5
2020-04-06,60.22877,116426000.0,6022877.0
2020-04-07,60.118597,121826000.0,324640423.8
2020-04-08,62.314526,121976000.0,9347178.9
2020-04-09,63.200971,122626000.0,41080631.15
2020-04-13,61.398477,125026000.0,147356344.8
2020-04-14,62.55609,121626000.0,-212690706.0
2020-04-15,60.795882,120676000.0,-57756087.9
2020-04-16,60.284327,118526000.0,-129611303.05
2020-04-17,63.134631,116726000.0,-113642335.8
2020-04-20,61.433481,118926000.0,135153658.2
2020-04-21,59.950617,118926000.0,0.0
2020-04-22,60.636504,118426000.0,-30318252.0
2020-04-23,61.100697,118526000.0,6110069.699999999
2020-04-24,61.568033,118776000.0,15392008.25
2020-04-27,63.124812,118726000.0,-3156240.6
2020-04-28,64.285186,121326000.0,167141483.6
2020-04-29,65.533341,120976000.0,-22936669.349999998
2020-04-30,64.1962,119676000.0,-83455060.0
2020-05-01,62.286101,117126000.0,-158829557.55
2020-05-04,61.458015,117676000.0,33801908.25
2020-05-05,61.719791,119026000.0,83321717.85
2020-05-06,60.877447,118876000.0,-9131617.049999999
2020-05-07,61.584867,117626000.0,-76981083.75
2020-05-08,63.122904,117626000.0,0.0
2020-05-11,62.339459,117326000.0,-18701837.7
2020-05-12,60.570155,117326000.0,0.0
2020-05-13,59.027896,113926000.0,-200694846.4
2020-05-14,59.656493,110576000.0,-199849251.54999998
2020-05-15,59.476845,110726000.0,8921526.75
2020-05-18,63.4011,109776000.0,-60231045.0
2020-05-19,62.589454,113076000.0,206545198.20000002
2020-05-20,63.718724,114176000.0,70090596.4
2020-05-21,63.862747,112226000.0,-124532356.64999999
2020-05-22,63.815313,112176000.0,-3190765.6500000004
2020-05-26,66.515596,112176000.0,0.0
2020-05-27,68.734206,116126000.0,271500113.7
2020-05-28,68.097965,121426000.0,360919214.5
2020-05-29,67.70374,124876000.0,233577903.0
2020-06-01,67.846957,120676000.0,-284957219.40000004
2020-06-02,68.717182,119026000.0,-113383350.3
2020-06-03,71.39791,118876000.0,-10709686.5
2020-06-04,72.157134,122526000.0,263373539.1
2020-06-05,74.830831,126826000.0,321772573.3
2020-06-08,76.303081,131776000.0,377700250.95000005
2020-06-09,74.391256,138376000.0,490982289.59999996
2020-06-10,72.622288,136526000.0,-134351232.79999998
2020-06-11,67.520101,136076000.0,-30384045.45
2020-06-12,68.835725,132876000.0,-220274320.0
2020-06-15,69.471995,132326000.0,-38209597.25000001
2020-06-16,70.815202,134376000.0,145171164.1
2020-06-17,70.345078,134476000.0,7034507.8
2020-06-18,70.113234,133976000.0,-35056617.0
2020-06-19,69.232921,133926000.0,-3461646.0500000003
2020-06-22,69.06091,130876000.0,-210635775.50000003
2020-06-23,69.061283,133226000.0,162294015.05
2020-06-24,66.638581,133126000.0,-6663858.100000001
2020-06-25,67.382608,129676000.0,-232469997.60000002
2020-06-26,66.169882,130176000.0,33084941.0
2020-06-29,68.297004,127476000.0,-184401910.8
2020-06-30,68.742907,132326000.0,333403098.95
2020-07-01,68.419783,135876000.0,242890229.64999998
2020-07-02,68.963398,136226000.0,24137189.3
2020-07-06,69.983729,137426000.0,83980474.8
2020-07-07,68.630302,138826000.0,96082422.8
2020-07-08,68.607842,138876000.0,3430392.1
2020-07-09,67.143331,139626000.0,50357498.25
2020-07-10,68.006455,135826000.0,-258424529.0
2020-07-13,68.289962,135226000.0,-40973977.2
2020-07-14,69.775591,135426000.0,13955118.200000001
2020-07-15,71.55446,135076000.0,-25044061.000000004
2020-07-16,71.557094,139126000.0,289806230.70000005
2020-07-17,71.964885,141276000.0,154724502.75
2020-07-20,71.133907,141526000.0,17783476.75
2020-07-21,72.06192,138176000.0,-241407432.0
2020-07-22,72.65375,137676000.0,-36326875.0
2020-07-23,72.405663,138676000.0,72405663.0
2020-07-24,71.826951,137576000.0,-79009646.1
2020-07-27,72.114548,138726000.0,82931730.2
2020-07-28,71.639243,138676000.0,-3581962.1499999994
2020-07-29,72.706688,138926000.0,18176672.0
2020-07-30,72.00726,139526000.0,43204356.0
2020-07-31,71.717545,138576000.0,-68131667.75
2020-08-03,72.003854,137826000.0,-54002890.5
2020-08-04,72.199157,137026000.0,-57759325.6
2020-08-05,73.617427,136526000.0,-36808713.5
2020-08-06,73.85886,136826000.0,22157658.000000004
2020-08-07,75.137075,137126000.0,22541122.5
2020-08-10,76.961497,139126000.0,153922994.0
2020-08-11,77.367515,144276000.0,398442702.25
2020-08-12,77.644458,148826000.0,353282283.9
2020-08-13,77.206451,145926000.0,-223898707.9
2020-08-14,77.529576,143226000.0,-209329855.20000002
2020-08-17,77.146108,144376000.0,88718024.2
2020-08-18,76.73134,142976000.0,-107423876.0
2020-08-19,76.516952,142776000.0,-15303390.4
2020-08-20,76.159598,142076000.0,-53311718.6
2020-08-21,76.433469,143076000.0,76433469.0
2020-08-24,77.802283,141426000.0,-128373766.95
2020-08-25,77.729629,143526000.0,163232220.9
2020-08-26,77.767711,145076000.0,120539952.05000001
2020-08-27,78.029381,145326000.0,19507345.25
2020-08-28,78.783821,146026000.0,55148674.7
2020-08-31,77.879467,147276000.0,97349333.75
2020-09-01,78.62179,147976000.0,55035253.0
2020-09-02,79.897121,148126000.0,11984568.15
2020-09-03,77.685151,150526000.0,186444362.4
2020-09-04,77.847676,150326000.0,-15569535.200000001
2020-09-08,76.351819,151726000.0,106892546.60000001
2020-09-09,77.544659,150976000.0,-58158494.25
2020-09-10,76.565138,150776000.0,-15313027.600000001
2020-09-11,77.624622,151626000.0,65980928.7
2020-09-14,78.641289,152226000.0,47184773.4
2020-09-15,78.704154,153076000.0,66898530.9
2020-09-16,79.477685,151976000.0,-87425453.5
2020-09-17,79.663769,153826000.0,147377972.65
2020-09-18,78.801871,158626000.0,378248980.8
2020-09-21,75.842251,161076000.0,185813514.95000002
2020-09-22,76.622683,158876000.0,-168569902.6
2020-09-23,75.27285,159526000.0,48927352.5
2020-09-24,75.336046,155176000.0,-327711800.09999996
2020-09-25,76.466446,155076000.0,-7646644.600000001
2020-09-28,77.847259,156176000.0,85631984.89999999
2020-09-29,77.175648,158476000.0,177503990.39999998
2020-09-30,76.976811,158076000.0,-30790724.4
2020-10-01,76.748002,158226000.0,11512200.3
2020-10-02,77.584891,159626000.0,108618847.4
2020-10-05,78.850296,161176000.0,122217958.8
2020-10-06,77.900365,162876000.0,132430620.49999999
2020-10-07,79.627103,162326000.0,-43794906.650000006
2020-10-08,80.376708,163176000.0,68320201.8
2020-10-09,80.693547,163476000.0,24208064.099999998
2020-10-12,81.161546,164476000.0,81161546.0
2020-10-13,80.297968,165076000.0,48178780.8
2020-10-14,80.729996,164126000.0,-76693496.2
2020-10-15,81.008706,164926000.0,64806964.800000004
2020-10-16,81.579566,163676000.0,-101974457.5
2020-10-19,80.570354,163026000.0,-52370730.099999994
2020-10-20,81.005324,162976000.0,-4050266.2
2020-10-21,80.204202,163376000.0,32081680.799999997
2020-10-22,80.806309,165076000.0,137370725.3
2020-10-23,81.147489,165976000.0,73032740.1
2020-10-26,79.125464,167676000.0,134513288.79999998
2020-10-27,77.403225,166426000.0,-96754031.25000001
2020-10-28,74.845463,165326000.0,-82330009.3
2020-10-29,75.935279,162376000.0,-224009073.04999998
2020-10-30,75.86741,161626000.0,-56900557.50000001
2020-11-02,77.939089,159026000.0,-202641631.39999998
2020-11-03,80.202947,157676000.0,-108273978.44999999
2020-11-04,79.409873,161326000.0,289846036.45
2020-11-05,81.247951,159526000.0,-146246311.8
2020-11-06,81.356826,160526000.0,81356826.0
2020-11-09,84.0779,160976000.0,37835055.0
2020-11-10,85.584489,166026000.0,432201669.45000005
2020-11-11,84.835986,168776000.0,233298961.50000003
2020-11-12,83.929413,168776000.0,0.0
2020-11-13,85.730155,168376000.0,-34292062.0
2020-11-16,87.851132,168526000.0,13177669.8
2020-11-17,87.604459,170376000.0,162068249.15
2020-11-18,87.209811,173226000.0,248547961.35
2020-11-19,87.464976,176476000.0,284261172.0
2020-11-20,86.671422,176176000.0,-26001426.6
2020-11-23,88.088558,176576000.0,35235423.2
2020-11-24,89.667148,180426000.0,345218519.8
2020-11-25,88.971725,179976000.0,-40037276.25
2020-11-27,88.814023,179626000.0,-31084908.05
2020-11-30,87.955474,179426000.0,-17591094.8
2020-12-01,87.809707,179426000.0,0.0
2020-12-02,87.911506,179126000.0,-26373451.8
2020-12-03,88.160061,177526000.0,-141056097.6
2020-12-04,89.231087,179726000.0,196308391.4
2020-12-07,88.799932,177926000.0,-159839877.6
2020-12-08,89.178775,178426000.0,44589387.5
2020-12-09,89.392288,178826000.0,35756915.199999996
2020-12-10,88.560946,181826000.0,265682838.0
2020-12-11,88.771625,184876000.0,270753456.25
2020-12-14,87.638797,186676000.0,157749834.6
2020-12-15,88.839601,186676000.0,0.0
2020-12-16,88.295488,189026000.0,207494396.8
2020-12-17,88.81955,189276000.0,22204887.5
2020-12-18,88.850655,188676000.0,-53310393.0
2020-12-21,87.973583,187326000.0,-118764337.05000001
2020-12-22,87.503128,186526000.0,-70002502.4
2020-12-23,87.902861,183076000.0,-303264870.45
2020-12-24,87.964489,182776000.0,-26389346.7
2020-12-28,88.082803,182776000.0,0.0
2020-12-29,87.489263,182676000.0,-8748926.299999999
2020-12-30,88.088277,182126000.0,-48448552.35
2020-12-31,88.629332,182526000.0,35451732.800000004
2021-01-04,86.372628,183726000.0,103647153.60000001
2021-01-05,87.251563,182526000.0,-104701875.60000001
2021-01-06,89.312291,181926000.0,-53587374.6
2021-01-07,89.803289,184476000.0,228998386.95000002
2021-01-08,89.603635,185326000.0,76163089.75
2021-01-11,89.551028,187126000.0,161191850.4
2021-01-12,90.474496,184426000.0,-244281139.20000002
2021-01-13,89.695759,186126000.0,152482790.29999998
2021-01-14,89.967018,184776000.0,-121455474.3
2021-01-15,88.821143,184926000.0,13323171.450000001
2021-01-19,89.122061,184726000.0,-17824412.2
2021-01-20,89.688978,184276000.0,-40360040.1
2021-01-21,88.962107,183376000.0,-80065896.3
2021-01-22,88.521388,183976000.0,53112832.800000004
2021-01-25,87.913117,182826000.0,-101100084.55
2021-01-26,87.111585,181776000.0,-91467164.25
2021-01-27,85.339349,181626000.0,-12800902.35
2021-01-28,86.626726,179376000.0,-194910133.5
2021-01-29,84.81569,180926000.0,131464319.5
2021-02-01,85.63259,180226000.0,-59942812.99999999
2021-02-02,87.47764,180026000.0,-17495528.0
2021-02-03,87.525498,180176000.0,13128824.7
2021-02-04,88.49554,182576000.0,212389296.0
2021-02-05,88.965887,181776000.0,-71172709.6
2021-02-08,89.773089,182126000.0,31420581.15
2021-02-09,89.967506,182926000.0,71974004.8
2021-02-10,89.820382,183126000.0,17964076.4
2021-02-11,89.681557,181376000.0,-156942724.75
2021-02-12,90.282117,178926000.0,-221191186.65
2021-02-16,90.239542,179226000.0,27071862.6
2021-02-17,89.962455,178126000.0,-98958700.5
2021-02-18,89.526902,179026000.0,80574211.80000001
2021-02-19,90.984327,178476000.0,-50041379.849999994
2021-02-22,91.260151,178826000.0,31941052.849999998
2021-02-23,91.515153,178976000.0,13727272.95
2021-02-24,93.281022,180276000.0,121265328.6
2021-02-25,91.544432,183876000.0,329559955.2
2021-02-26,90.642426,184626000.0,67981819.5
2021-03-01,92.910459,186226000.0,148656734.4
2021-03-02,92.664481,187076000.0,78764808.85
2021-03-03,92.732853,186726000.0,-32456498.55
2021-03-04,91.255538,189376000.0,241827175.70000002
2021-03-05,93.439218,190026000.0,60735491.699999996
2021-03-08,94.420996,191676000.0,155794643.4
2021-03-09,94.056757,194026000.0,221033378.95000002
2021-03-10,95.411035,194676000.0,62017172.75
2021-03-11,95.502855,193926000.0,-71627141.25
2021-03-12,96.779213,197276000.0,324210363.55
2021-03-15,97.579881,198326000.0,102458875.05
2021-03-16,96.185356,199076000.0,72139017.0
2021-03-17,97.260822,195776000.0,-320960712.6
2021-03-18,97.211178,198126000.0,228446268.3
2021-03-19,96.5103,199976000.0,178544055.0
2021-03-22,96.118918,198426000.0,-148984322.89999998
2021-03-23,94.427109,199076000.0,61377620.85
2021-03-24,95.114978,196776000.0,-218764449.39999998
2021-03-25,96.59991,196976000.0,19319982.0
2021-03-26,98.303359,199226000.0,221182557.75
2021-03-29,98.310562,200126000.0,88479505.8
2021-03-30,98.70269,201826000.0,167794573.0
2021-03-31,98.381564,204376000.0,250872988.2
2021-04-01,98.773375,204476000.0,9877337.5
2021-04-05,100.02334,203826000.0,-65015171.0
2021-04-06,99.758222,204526000.0,69830755.4
2021-04-07,99.315768,203076000.0,-144007863.6
2021-04-08,99.530265,201726000.0,-134365857.75
2021-04-09,100.51427,202926000.0,120617124.0
2021-04-12,100.855757,203626000.0,70599029.89999999
2021-04-13,100.39907,203776000.0,15059860.5
2021-04-14,100.506585,203976000.0,20101317.0
2021-04-15,100.893293,203976000.0,0.0
2021-04-16,101.101069,203776000.0,-20220213.8
2021-04-19,100.692238,203626000.0,-15103835.700000001
2021-04-20,99.593884,205526000.0,189228379.6
2021-04-21,100.943832,203026000.0,-252359580.0
2021-04-22,100.467308,204426000.0,140654231.20000002
2021-04-23,101.560559,204326000.0,-10156055.9
2021-04-26,101.268475,204926000.0,60761085.0
2021-04-27,102.147868,207276000.0,240047489.8
2021-04-28,101.874423,206476000.0,-81499538.39999999
2021-04-29,102.582358,203576000.0,-297488838.2
2021-04-30,101.903208,204326000.0,76427406.0
2021-05-03,102.951505,203026000.0,-133836956.5
2021-05-04,103.375678,203476000.0,46519055.099999994
2021-05-05,103.511108,203376000.0,-10351110.799999999
2021-05-06,104.238902,203976000.0,62543341.199999996
2021-05-07,105.333997,202026000.0,-205401294.15
2021-05-10,105.416636,198476000.0,-374229057.8
2021-05-11,103.903043,201676000.0,332489737.59999996
2021-05-12,101.366315,198026000.0,-369987049.75
2021-05-13,103.329703,195426000.0,-268657227.8
2021-05-14,104.71664,196926000.0,157074960.0
2021-05-17,104.421105,197976000.0,109642160.25
2021-05-18,102.883474,199076000.0,113171821.4
2021-05-19,102.285082,198576000.0,-51142541.0
2021-05-20,102.560564,197926000.0,-66664366.6
2021-05-21,103.026971,197476000.0,-46362136.95
2021-05-24,103.641461,197476000.0,0.0
2021-05-25,103.341072,198926000.0,149844554.4
2021-05-26,103.695186,199176000.0,25923796.5
2021-05-27,105.150636,199076000.0,-10515063.600000001
2021-05-28,105.087476,200126000.0,110341849.8
2021-06-01,105.53212,199926000.0,-21106424.0
2021-06-02,105.221432,200226000.0,31566429.599999998
2021-06-03,104.977807,200526000.0,31493342.099999998
2021-06-04,105.329802,200426000.0,-10532980.2
2021-06-07,104.608994,200726000.0,31382698.2
2021-06-08,104.87617,199576000.0,-120607595.5
2021-06-09,103.800755,199176000.0,-41520302.0
2021-06-10,103.310856,198826000.0,-36158799.6
2021-06-11,103.508326,198326000.0,-51754163.0
2021-06-14,103.011641,197526000.0,-82409312.8
2021-06-15,103.492948,196576000.0,-98318300.6
2021-06-16,102.482385,196426000.0,-15372357.749999998
2021-06-17,100.895203,196026000.0,-40358081.199999996
2021-06-18,99.641331,193076000.0,-293941926.45
2021-06-21,101.492063,190776000.0,-233431744.9
2021-06-22,101.622395,191476000.0,71135676.5
2021-06-23,101.346892,194326000.0,288838642.2
2021-06-24,102.124265,193726000.0,-61274559.0
2021-06-25,102.355511,193576000.0,-15353326.65
2021-06-28,101.81943,192426000.0,-117092344.5
2021-06-29,101.591724,191326000.0,-111750896.4
2021-06-30,102.444195,188676000.0,-271477116.75
2021-07-01,103.083873,189226000.0,56696130.15
2021-07-02,103.269936,189276000.0,5163496.8
2021-07-06,102.309795,190726000.0,148349202.75
2021-07-07,103.334053,188776000.0,-201501403.35
2021-07-08,101.861215,189926000.0,117140397.25
2021-07-09,103.508238,188476000.0,-150086945.1
2021-07-12,103.616311,190576000.0,217594253.1
2021-07-13,102.615674,189976000.0,-61569404.4
2021-07-14,102.579629,189976000.0,0.0
2021-07-15,102.810954,188626000.0,-138794787.9
2021-07-16,101.928974,188276000.0,-35675140.9
2021-07-19,99.771343,184926000.0,-334233999.05
2021-07-20,102.50004,182526000.0,-246000096.0
2021-07-21,103.524923,185276000.0,284693538.25
2021-07-22,103.168706,188076000.0,288872376.8
2021-07-23,103.596351,187926000.0,-15539452.65
2021-07-26,103.585621,189126000.0,124302745.2
2021-07-27,103.034258,189326000.0,20606851.599999998
2021-07-28,102.732644,189726000.0,41093057.599999994
2021-07-29,103.526384,189076000.0,-67292149.6
2021-07-30,103.346603,189876000.0,82677282.4
2021-08-02,102.597212,189326000.0,-56428466.6
2021-08-03,104.007972,187326000.0,-208015944.0
2021-08-04,102.58675,188026000.0,71810725.0
2021-08-05,103.096011,187276000.0,-77322008.25
2021-08-06,103.535138,185926000.0,-139772436.3
2021-08-09,103.120553,186176000.0,25780138.25
2021-08-10,104.163379,186176000.0,0.0
2021-08-11,105.519174,185376000.0,-84415339.2
2021-08-12,105.322504,188026000.0,279104635.59999996
2021-08-13,104.991876,187626000.0,-41996750.4
2021-08-16,105.351699,187426000.0,-21070339.8
2021-08-17,104.23909,186976000.0,-46907590.5
2021-08-18,103.093547,185426000.0,-159794997.85
2021-08-19,102.33848,184076000.0,-138156948.0
2021-08-20,102.631088,188076000.0,410524352.0
2021-08-23,103.459654,182776000.0,-548336166.2
2021-08-24,104.010222,182926000.0,15601533.3
2021-08-25,104.637034,183326000.0,41854813.6
2021-08-26,104.194454,184776000.0,151081958.29999998
2021-08-27,104.92319,184776000.0,0.0
2021-08-30,104.793143,185726000.0,99553485.85
2021-08-31,104.519645,185376000.0,-36581875.75
2021-09-01,104.142222,183676000.0,-177041777.4
2021-09-02,105.226076,182676000.0,-105226076.0
2021-09-03,104.576098,181076000.0,-167321756.8
2021-09-07,102.72688,180276000.0,-82181504.0
2021-09-08,102.906849,175876000.0,-452790135.59999996
2021-09-09,102.419517,175076000.0,-81935613.6
2021-09-10,101.944005,174876000.0,-20388801.0
2021-09-13,102.218529,175026000.0,15332779.350000001
2021-09-14,100.963121,175826000.0,80770496.8
2021-09-15,102.092649,176326000.0,51046324.5
2021-09-16,101.418097,176226000.0,-10141809.700000001
2021-09-17,100.355369,173476000.0,-275977264.75
2021-09-20,98.880758,169526000.0,-390578994.1
2021-09-21,98.186737,171726000.0,216010821.39999998
2021-09-22,99.132155,172926000.0,118958586.0
2021-09-23,100.663696,174826000.0,191261022.4
2021-09-24,100.832129,175426000.0,60499277.4
2021-09-27,100.94037,175926000.0,50470185.0
2021-09-28,99.781308,176976000.0,104770373.39999999
2021-09-29,99.879423,175476000.0,-149819134.5
2021-09-30,97.773873,175926000.0,43998242.849999994
2021-10-01,99.152819,177626000.0,168559792.29999998
2021-10-04,98.624838,178026000.0,39449935.199999996
2021-10-05,99.711146,176976000.0,-104696703.3
2021-10-06,100.164729,177276000.0,30049418.7
2021-10-07,100.942833,173726000.0,-358347057.15
2021-10-08,100.918286,172376000.0,-136239686.1
2021-10-11,100.152164,172226000.0,-15022824.6
2021-10-12,99.823504,172476000.0,24955876.0
2021-10-13,100.005779,174126000.0,165009535.35
2021-10-14,101.895597,174676000.0,56042578.349999994
2021-10-15,102.877194,175376000.0,72014035.8
2021-10-18,102.970841,177376000.0,205941682.0
2021-10-19,103.557756,176676000.0,-72490429.2
2021-10-20,104.204738,176326000.0,-36471658.300000004
2021-10-21,104.435361,175026000.0,-135765969.3
2021-10-22,104.768143,174876000.0,-15715221.45
2021-10-25,105.005199,175476000.0,63003119.400000006
2021-10-26,104.420065,174376000.0,-114862071.5
2021-10-27,103.153332,173226000.0,-118626331.80000001
2021-10-28,104.488109,171576000.0,-172405379.85
2021-10-29,104.488184,170676000.0,-94039365.60000001
2021-11-01,104.806944,170076000.0,-62884166.4
2021-11-02,105.124137,169426000.0,-68330689.05
2021-11-03,104.92215,169926000.0,52461075.0
2021-11-04,105.370776,169576000.0,-36879771.6
2021-11-05,106.415411,170376000.0,85132328.80000001
2021-11-08,106.832641,173276000.0,309814658.9
2021-11-09,107.104854,173226000.0,-5355242.7
2021-11-10,106.479461,174176000.0,101155487.95
2021-11-11,106.03459,172726000.0,-153750155.5
2021-11-12,106.901971,172476000.0,-26725492.75
2021-11-15,107.071084,171276000.0,-128485300.8
2021-11-16,107.065161,170426000.0,-91005386.85000001
2021-11-17,106.463398,170576000.0,15969509.7
2021-11-18,106.251837,170026000.0,-58438510.349999994
2021-11-19,105.717407,169326000.0,-74002184.89999999
2021-11-22,106.016215,170376000.0,111317025.75
2021-11-23,106.201574,170026000.0,-37170550.9
2021-11-24,106.068821,168426000.0,-169710113.6
2021-11-26,103.179714,167226000.0,-123815656.80000001
2021-11-29,103.43213,165726000.0,-155148195.0
2021-11-30,100.823363,165926000.0,20164672.6
2021-12-01,99.380728,164126000.0,-178885310.4
2021-12-02,102.262834,163126000.0,-102262834.0
2021-12-03,102.216592,164826000.0,173768206.4
2021-12-06,103.890563,165476000.0,67528865.95
2021-12-07,104.963757,165376000.0,-10496375.7
2021-12-08,105.249726,165726000.0,36837404.1
2021-12-09,104.92516,166626000.0,94432644.0
2021-12-10,105.340617,166426000.0,-21068123.4
2021-12-13,104.24209,167176000.0,78181567.5
2021-12-14,103.23579,163276000.0,-402619581.0
2021-12-15,104.154848,163876000.0,62492908.8
2021-12-16,104.225448,168226000.0,453380698.8
2021-12-17,102.48647,168576000.0,35870264.5
2021-12-20,100.41528,167026000.0,-155643684.0
2021-12-21,102.383914,167526000.0,51191957.0
2021-12-22,102.724375,168126000.0,61634625.0
2021-12-23,103.917587,167976000.0,-15587638.049999999
2021-12-27,105.008775,166576000.0,-147012285.0
2021-12-28,105.544716,164876000.0,-179426017.2
2021-12-29,105.718355,165326000.0,47573259.75
2021-12-30,105.325174,165326000.0,0.0
2021-12-31,105.792315,165326000.0,0.0
2022-01-03,104.920854,165776000.0,47214384.300000004
2022-01-04,107.05407,164376000.0,-149875698.0
2022-01-05,106.027594,166176000.0,190849669.2
2022-01-06,106.506916,170876000.0,500582505.20000005
2022-01-07,106.477757,171876000.0,106477757.0
2022-01-10,105.252441,173526000.0,173666527.65
2022-01-11,105.918702,174126000.0,63551221.199999996
2022-01-12,106.231183,174526000.0,42492473.2
2022-01-13,106.437069,175026000.0,53218534.5
2022-01-14,105.828021,175076000.0,5291401.050000001
2022-01-18,104.570933,175126000.0,5228546.649999999
2022-01-19,103.439421,173126000.0,-206878842.0
2022-01-20,102.160143,172126000.0,-102160143.0
2022-01-21,101.172619,170676000.0,-146700297.54999998
2022-01-24,101.712466,168826000.0,-188168062.10000002
2022-01-25,100.763961,168926000.0,10076396.1
2022-01-26,99.932463,167126000.0,-179878433.4
2022-01-27,99.007918,167526000.0,39603167.2
2022-01-28,99.685614,168026000.0,49842807.0
2022-01-31,100.784604,167376000.0,-65509992.6
2022-02-01,102.22058,166476000.0,-91998522.0
2022-02-02,102.903362,166526000.0,5145168.1
2022-02-03,101.193644,167826000.0,131551737.2
2022-02-04,100.112964,167626000.0,-20022592.8
2022-02-07,100.185602,165026000.0,-260482565.20000002
2022-02-08,101.192151,165076000.0,5059607.55
2022-02-09,102.575628,167226000.0,220537600.2
2022-02-10,100.893941,166376000.0,-85759849.85
2022-02-11,99.383942,163926000.0,-243490657.9
2022-02-14,98.988615,163226000.0,-69292030.5
2022-02-15,100.485463,164026000.0,80388370.39999999
2022-02-16,101.007598,164526000.0,50503799.0
2022-02-17,99.169976,165126000.0,59501985.6
2022-02-18,98.303657,163326000.0,-176946582.6
2022-02-22,97.398302,163226000.0,-9739830.2
2022-02-23,95.571118,162726000.0,-47785559.0
2022-02-24,96.81064,162976000.0,24202660.0
2022-02-25,99.177192,163326000.0,34712017.2
2022-02-28,99.894595,162626000.0,-69926216.5
2022-03-01,98.371666,162976000.0,34430083.1
2022-03-02,100.524967,160726000.0,-226181175.75
2022-03-03,100.613093,163226000.0,251532732.50000003
2022-03-04,100.391366,164226000.0,100391366.0
2022-03-07,97.69648,162226000.0,-195392960.0
2022-03-08,97.076418,162876000.0,63099671.7
2022-03-09,98.839643,162726000.0,-14825946.45
2022-03-10,98.73984,160026000.0,-266597568.0
2022-03-11,97.950106,158776000.0,-122437632.5
2022-03-14,98.269121,158876000.0,9826912.1
2022-03-15,99.794014,159776000.0,89814612.60000001
2022-03-16,101.117873,159126000.0,-65726617.45
2022-03-17,102.472496,161026000.0,194697742.4
2022-03-18,102.886273,161626000.0,61731763.800000004
2022-03-21,102.718928,156176000.0,-559818157.6
2022-03-22,103.262409,158526000.0,242666661.15
2022-03-23,102.317758,159176000.0,66506542.699999996
2022-03-24,103.080333,157226000.0,-201006649.35
2022-03-25,103.726904,157226000.0,0.0
2022-03-28,103.758138,157126000.0,-10375813.8
2022-03-29,104.689425,157026000.0,-10468942.5
2022-03-30,104.555643,158076000.0,109783425.15
2022-03-31,102.920646,157076000.0,-102920646.0
2022-04-01,102.200424,156926000.0,-15330063.6
2022-04-04,102.023907,156076000.0,-86720320.94999999
2022-04-05,100.601517,156176000.0,10060151.7
2022-04-06,99.832073,152226000.0,-394336688.34999996
2022-04-07,100.149611,151876000.0,-35052363.849999994
2022-04-08,99.54301,151426000.0,-44794354.5
2022-04-11,99.250112,152076000.0,64512572.800000004
2022-04-12,99.110158,151976000.0,-9911015.8
2022-04-13,100.067853,150126000.0,-185125528.05
2022-04-14,99.970757,149776000.0,-34989764.95
2022-04-18,99.588714,150626000.0,84650406.89999999
2022-04-19,101.387576,150576000.0,-5069378.8
2022-04-20,101.938839,151826000.0,127423548.75
2022-04-21,100.919439,152376000.0,55505691.449999996
2022-04-22,98.429815,152026000.0,-34450435.25
2022-04-25,98.431013,151526000.0,-49215506.5
2022-04-26,96.278761,151526000.0,0.0
2022-04-27,96.619677,151726000.0,19323935.4
2022-04-28,97.731243,151526000.0,-19546248.6
2022-04-29,95.169264,151626000.0,9516926.4
2022-05-02,95.329742,152676000.0,100096229.1
2022-05-03,95.996042,152826000.0,14399406.3
2022-05-04,98.751313,153026000.0,19750262.599999998
2022-05-05,96.132098,153176000.0,14419814.7
2022-05-06,95.512229,148876000.0,-410702584.70000005
2022-05-09,93.215566,146226000.0,-247021249.89999998
2022-05-10,92.615898,146676000.0,41677154.1
2022-05-11,91.757341,146976000.0,27527202.3
2022-05-12,91.936014,147826000.0,78145611.9
2022-05-13,93.116687,147326000.0,-46558343.5
2022-05-16,92.962609,146426000.0,-83666348.1
2022-05-17,95.078226,146376000.0,-4753911.3
2022-05-18,91.513409,146126000.0,-22878352.25
2022-05-19,90.723759,149376000.0,294852216.75
2022-05-20,89.752339,145226000.0,-372472206.85
2022-05-23,91.216199,146326000.0,100337818.9
2022-05-24,91.107843,147126000.0,72886274.4
2022-05-25,91.693522,147376000.0,22923380.5
2022-05-26,93.528583,146326000.0,-98205012.14999999
2022-05-27,95.489745,152776000.0,615908855.25
2022-05-31,94.706616,145126000.0,-724505612.4
2022-06-01,94.119992,145876000.0,70589994.0
2022-06-02,95.923249,145376000.0,-47961624.5
2022-06-03,95.578189,146526000.0,109914917.35
2022-06-06,95.966798,146576000.0,4798339.899999999
2022-06-07,97.267635,146926000.0,34043672.25
2022-06-08,95.489382,147026000.0,9548938.200000001
2022-06-09,93.61272,147576000.0,51486996.0
2022-06-10,90.845209,147226000.0,-31795823.15
2022-06-13,88.096344,148026000.0,70477075.2
2022-06-14,87.879674,150726000.0,237275119.79999998
2022-06-15,88.765558,150376000.0,-31067945.3
2022-06-16,85.769345,150426000.0,4288467.25
2022-06-17,85.575484,150026000.0,-34230193.6
2022-06-21,86.722048,147326000.0,-234149529.6
2022-06-22,86.26314,147376000.0,4313157.0
2022-06-23,85.808411,147176000.0,-17161682.200000003
2022-06-24,88.81569,147176000.0,0.0
2022-06-27,88.597228,147626000.0,39868752.6
2022-06-28,87.57884,146726000.0,-78820956.0
2022-06-29,87.06006,146476000.0,-21765015.0
2022-06-30,87.316927,146426000.0,-4365846.350000001
2022-07-01,88.107192,144476000.0,-171809024.4
2022-07-05,86.761195,143976000.0,-43380597.5
2022-07-06,87.288715,139626000.0,-379705910.25
2022-07-07,88.324545,138176000.0,-128070590.25
2022-07-08,87.917128,139226000.0,92312984.4
2022-07-11,87.328616,138826000.0,-34931446.4
2022-07-12,87.047646,137476000.0,-117514322.1
2022-07-13,86.002707,137976000.0,43001353.5
2022-07-14,85.502859,137776000.0,-17100571.8
2022-07-15,86.855458,137376000.0,-34742183.2
2022-07-18,86.335241,138276000.0,77701716.89999999
2022-07-19,89.449029,138376000.0,8944902.9
2022-07-20,90.109195,138776000.0,36043678.0
2022-07-21,90.72514,138176000.0,-54435084.0
2022-07-22,90.445698,137776000.0,-36178279.199999996
2022-07-25,90.870613,135676000.0,-190828287.3
2022-07-26,90.39675,136126000.0,40678537.5
2022-07-27,91.822524,137376000.0,114778155.0
2022-07-28,93.725518,137076000.0,-28117655.4
2022-07-29,95.602695,136476000.0,-57361617.0
2022-08-01,95.722463,138376000.0,181872679.70000002
2022-08-02,94.714574,138176000.0,-18942914.8
2022-08-03,95.637499,141026000.0,272566872.15000004
2022-08-04,95.938415,141276000.0,23984603.75
2022-08-05,96.15204,141026000.0,-24038010.0
2022-08-08,96.079186,141026000.0,0.0
2022-08-09,95.723553,142226000.0,114868263.6
2022-08-10,97.847229,141726000.0,-48923614.5
2022-08-11,98.347799,141976000.0,24586949.75
2022-08-12,99.837031,144526000.0,254584429.04999998
2022-08-15,100.070248,145126000.0,60042148.800000004
2022-08-16,100.520417,144876000.0,-25130104.25
2022-08-17,99.742269,144426000.0,-44884021.05
2022-08-18,100.109144,143476000.0,-95103686.8
2022-08-19,98.871172,143126000.0,-34604910.2
2022-08-22,96.954372,140426000.0,-261776804.4
2022-08-23,97.134524,140376000.0,-4856726.2
2022-08-24,97.451382,138226000.0,-209520471.29999998
2022-08-25,98.938998,138226000.0,0.0
2022-08-26,95.485799,139776000.0,148002988.45
2022-08-29,95.066747,139576000.0,-19013349.400000002
2022-08-30,93.704879,138626000.0,-89019635.05000001
2022-08-31,92.919962,139526000.0,83627965.8
2022-09-01,93.07185,141626000.0,195450885.0
2022-09-02,92.158701,140526000.0,-101374571.1
2022-09-06,92.302741,140076000.0,-41536233.449999996
2022-09-07,93.802813,139276000.0,-75042250.4
2022-09-08,94.072181,136976000.0,-216366016.3
2022-09-09,95.285595,137476000.0,47642797.5
2022-09-12,95.860591,139626000.0,206100270.65
2022-09-13,92.241037,138526000.0,-101465140.7
2022-09-14,92.074738,136526000.0,-184149476.0
2022-09-15,91.095717,136276000.0,-22773929.25
2022-09-16,89.226215,144926000.0,771806759.75
2022-09-19,89.983568,138326000.0,-593891548.8000001
2022-09-20,88.872694,139876000.0,137752675.7
2022-09-21,87.682988,140026000.0,13152448.2
2022-09-22,86.377385,139676000.0,-30232084.75
2022-09-23,84.770652,139526000.0,-12715597.799999999
2022-09-26,83.811861,139276000.0,-20952965.25
2022-09-27,83.552515,137676000.0,-133684024.0
2022-09-28,85.423187,135476000.0,-187931011.4
2022-09-29,83.884563,134576000.0,-75496106.7
2022-09-30,82.793169,134776000.0,16558633.8
2022-10-03,85.320969,134126000.0,-55458629.85
2022-10-04,88.297763,134276000.0,13244664.450000001
2022-10-05,87.788655,135276000.0,87788655.0
2022-10-06,86.840312,134476000.0,-69472249.6
2022-10-07,85.170773,134676000.0,17034154.599999998
2022-10-10,85.448948,134526000.0,-12817342.200000001
2022-10-11,85.45927,134026000.0,-42729635.0
2022-10-12,84.763318,133126000.0,-76286986.2
2022-10-13,86.628654,134426000.0,112617250.2
2022-10-14,84.694251,135326000.0,76224825.89999999
2022-10-17,86.602671,135176000.0,-12990400.65
2022-10-18,88.646386,135276000.0,8864638.600000001
2022-10-19,88.035088,134526000.0,-66026316.0
2022-10-20,86.353917,133976000.0,-47494654.349999994
2022-10-21,88.66242,133126000.0,-75363057.0
2022-10-24,89.859854,133476000.0,31450948.9
2022-10-25,91.070895,133676000.0,18214179.0
2022-10-26,91.390036,133676000.0,0.0
2022-10-27,92.439345,136026000.0,217232460.75
2022-10-28,94.63886,135976000.0,-4731943.0
2022-10-31,94.318496,135326000.0,-61307022.4
2022-11-01,94.262562,136476000.0,108401946.3
2022-11-02,92.601311,136026000.0,-41670589.949999996
2022-11-03,93.576605,137226000.0,112291926.0
2022-11-04,95.062719,137526000.0,28518815.7
2022-11-07,96.074908,137376000.0,-14411236.2
2022-11-08,96.899204,137426000.0,4844960.2
2022-11-09,95.54701,137026000.0,-38218804.0
2022-11-10,99.639595,136726000.0,-29891878.5
2022-11-11,99.53619,139576000.0,283678141.5
2022-11-14,98.868515,141376000.0,177963327.0
2022-11-15,99.631882,142926000.0,154429417.1
2022-11-16,98.85873,143076000.0,14828809.5
2022-11-17,98.688812,140226000.0,-281263114.2
2022-11-18,99.391701,140076000.0,-14908755.15
2022-11-21,99.761238,141176000.0,109737361.80000001
2022-11-22,100.512391,142026000.0,85435532.35
2022-11-23,100.906776,143276000.0,126133469.99999999
2022-11-25,101.289057,142326000.0,-96224604.15
2022-11-28,99.463383,142226000.0,-9946338.299999999
2022-11-29,100.088327,139526000.0,-270238482.90000004
2022-11-30,101.71016,143676000.0,422097164.0
2022-12-01,101.723306,137226000.0,-656115323.6999999
2022-12-02,102.352876,135976000.0,-127941095.0
2022-12-05,100.613163,139776000.0,382330019.4
2022-12-06,99.463728,138026000.0,-174061524.0
2022-12-07,99.327657,139426000.0,139058719.8
2022-12-08,99.893809,137676000.0,-174814165.75
2022-12-09,99.093296,136576000.0,-109002625.6
2022-12-12,100.782251,136776000.0,20156450.2
2022-12-13,101.140367,138376000.0,161824587.2
2022-12-14,100.956789,140476000.0,212009256.9
2022-12-15,98.52458,140826000.0,34483603.0
2022-12-16,98.086517,139276000.0,-152034101.35
2022-12-19,97.118714,135676000.0,-349627370.4
2022-12-20,97.256788,135326000.0,-34039875.8
2022-12-21,99.057947,137626000.0,227833278.1
2022-12-22,97.815411,139576000.0,190740051.45
2022-12-23,98.372114,137076000.0,-245930285.0
2022-12-27,98.693718,137526000.0,44412173.1
2022-12-28,97.395925,137526000.0,0.0
2022-12-29,98.61327,137076000.0,-44375971.5
2022-12-30,98.22751,136526000.0,-54025130.5
2023-01-03,98.429372,137776000.0,123036715.0
2023-01-04,99.327771,135976000.0,-178789987.8
2023-01-05,98.249957,139076000.0,304574866.7
2023-01-06,100.892838,140776000.0,171517824.6
2023-01-09,100.471853,146176000.0,542548006.1999999
2023-01-10,101.01468,147726000.0,156572754.0
2023-01-11,101.981458,147076000.0,-66287947.7
2023-01-12,102.562676,145576000.0,-153844014.0
2023-01-13,102.435253,145876000.0,30730575.900000002
2023-01-17,101.572495,145476000.0,-40628998.0
2023-01-18,99.698367,145076000.0,-39879346.800000004
2023-01-19,97.654663,142826000.0,-219722991.75
2023-01-20,99.024352,142076000.0,-74268264.0
2023-01-23,100.107577,139076000.0,-300322731.0
2023-01-24,100.75456,139976000.0,90679104.0
2023-01-25,100.22027,139326000.0,-65143175.5
2023-01-26,100.777616,139876000.0,55427688.8
2023-01-27,101.131286,138626000.0,-126414107.5
2023-01-30,100.151914,136276000.0,-235356997.9
2023-01-31,101.867677,138426000.0,219015505.55
2023-02-01,102.600162,138726000.0,30780048.599999998
2023-02-02,103.405672,139726000.0,103405672.0
2023-02-03,102.868809,139076000.0,-66864725.85
2023-02-06,102.654582,140826000.0,179645518.5
2023-02-07,102.912052,140176000.0,-66892833.800000004
2023-02-08,102.306745,138976000.0,-122768094.00000001
2023-02-09,101.414896,138326000.0,-65919682.4
2023-02-10,102.164742,139226000.0,91948267.8
2023-02-13,103.069114,139326000.0,10306911.4
2023-02-14,102.780935,138426000.0,-92502841.5
2023-02-15,103.42621,137976000.0,-46541794.5
2023-02-16,102.342338,138276000.0,30702701.4
2023-02-17,103.035279,139376000.0,113338806.9
2023-02-21,100.675813,140026000.0,65439278.45
2023-02-22,100.417749,138076000.0,-195814610.55
2023-02-23,100.885295,137676000.0,-40354118.0
2023-02-24,100.310066,139176000.0,150465099.0
2023-02-27,101.184638,138176000.0,-101184638.0
2023-02-28,100.954334,138476000.0,30286300.2
2023-03-01,101.333714,141526000.0,309067827.7
2023-03-02,102.557287,140326000.0,-123068744.4
2023-03-03,103.656516,140676000.0,36279780.6
2023-03-06,103.455729,142826000.0,222429817.35000002
2023-03-07,102.147456,143226000.0,40858982.4
2023-03-08,102.380685,143576000.0,35833239.75
2023-03-09,100.897738,142976000.0,-60538642.800000004
2023-03-10,99.066488,142326000.0,-64393217.2
2023-03-13,98.462156,141626000.0,-68923509.19999999
2023-03-14,99.505237,139526000.0,-208960997.7
2023-03-15,97.00826,142026000.0,242520650.00000003
2023-03-16,98.240448,135176000.0,-672947068.8
2023-03-17,96.650562,136526000.0,130478258.69999999
2023-03-20,97.561107,133076000.0,-336585819.15000004
2023-03-21,98.662463,139226000.0,606774147.45
2023-03-22,96.781508,141776000.0,246792845.4
2023-03-23,96.563195,139926000.0,-178641910.75
2023-03-24,96.901259,137726000.0,-213182769.79999998
2023-03-27,97.69934,137026000.0,-68389538.0
2023-03-28,98.231048,137476000.0,44203971.6
2023-03-29,99.625308,136726000.0,-74718981.0
2023-03-30,99.875868,135976000.0,-74906901.0
2023-03-31,101.194544,136676000.0,70836180.8
2023-04-03,101.385242,137226000.0,55761883.1
2023-04-04,99.100936,136976000.0,-24775234.0
2023-04-05,97.812181,137676000.0,68468526.7
2023-04-06,97.787225,135826000.0,-180906366.25
2023-04-10,98.664111,134626000.0,-118396933.2
2023-04-11,99.245818,134976000.0,34736036.3
2023-04-12,99.575557,134926000.0,-4978777.850000001
2023-04-13,99.96126,134426000.0,-49980630.0
2023-04-14,99.839851,132026000.0,-239615642.39999998
2023-04-17,100.627917,132676000.0,65408146.05
2023-04-18,101.094214,133426000.0,75820660.5
2023-04-19,101.023207,133126000.0,-30306962.1
2023-04-20,100.837765,134726000.0,161340424.0
2023-04-21,100.613688,136426000.0,171043269.6
2023-04-24,100.840985,134926000.0,-151261477.5
2023-04-25,98.990418,133926000.0,-98990418.0
2023-04-26,97.145598,133776000.0,-14571839.700000001
2023-04-27,99.07624,130176000.0,-356674464.0
2023-04-28,99.989868,132326000.0,214978216.2
2023-05-01,100.539573,132776000.0,45242807.85
2023-05-02,99.485944,133276000.0,49742972.0
2023-05-03,99.10388,132826000.0,-44596746.0
2023-05-04,98.034709,133476000.0,63722560.85
2023-05-05,99.525148,133026000.0,-44786316.6
2023-05-08,99.157128,131926000.0,-109072840.8
2023-05-09,99.333187,131376000.0,-54633252.849999994
2023-05-10,99.021927,132826000.0,143581794.15
2023-05-11,98.422586,132576000.0,-24605646.5
2023-05-12,98.480036,129876000.0,-265896097.2
2023-05-15,98.978858,131726000.0,183110887.3
2023-05-16,97.634822,132076000.0,34172187.7
2023-05-17,99.293776,132126000.0,4964688.8
2023-05-18,100.029416,133576000.0,145042653.2
2023-05-19,99.758972,131976000.0,-159614355.2
2023-05-22,99.764128,132126000.0,14964619.2
2023-05-23,98.534822,130526000.0,-157655715.20000002
2023-05-24,97.289503,129376000.0,-111882928.45
2023-05-25,97.591432,129776000.0,39036572.8
2023-05-26,98.357032,131426000.0,162289102.8
2023-05-30,98.167072,131426000.0,0.0
2023-05-31,96.818591,129326000.0,-203319041.1
2023-06-01,98.063803,128226000.0,-107870183.3
2023-06-02,100.971718,130176000.0,196894850.1
2023-06-05,100.253611,135776000.0,561420221.6
2023-06-06,100.86009,137126000.0,136161121.5
2023-06-07,102.459067,137076000.0,-5122953.350000001
2023-06-08,102.661338,135326000.0,-179657341.5
2023-06-09,102.398646,135176000.0,-15359796.9
2023-06-12,103.110792,135826000.0,67022014.800000004
2023-06-13,104.303581,137426000.0,166885729.6
2023-06-14,104.007575,140576000.0,327623861.25
2023-06-15,105.579535,141126000.0,58068744.25000001
2023-06-16,105.428391,141726000.0,63257034.6
2023-06-20,104.215929,141326000.0,-41686371.6
2023-06-21,104.805814,139326000.0,-209611628.0
2023-06-22,104.064076,140176000.0,88454464.6
2023-06-23,103.284069,137476000.0,-278866986.3
2023-06-26,104.103022,136776000.0,-72872115.39999999
2023-06-27,105.409493,137376000.0,63245695.8
2023-06-28,105.368774,137726000.0,36879070.9
2023-06-29,106.380481,137676000.0,-5319024.05
2023-06-30,107.30944,138476000.0,85847552.0
2023-07-03,107.381958,138776000.0,32214587.4
2023-07-05,106.734973,139926000.0,122745218.95
2023-07-06,105.95552,139826000.0,-10595552.0
2023-07-07,106.201432,139276000.0,-58410787.6
2023-07-10,107.680852,139576000.0,32304255.6
2023-07-11,108.973675,140326000.0,81730256.25
2023-07-12,108.753327,141226000.0,97877994.3
2023-07-13,108.91938,142676000.0,157933101.0
2023-07-14,108.560231,143426000.0,81420173.25
2023-07-17,109.016502,144376000.0,103565676.9
2023-07-18,109.633066,145826000.0,158967945.7
2023-07-19,109.600286,146876000.0,115080300.3
2023-07-20,110.047522,145026000.0,-203587915.7
2023-07-21,109.540947,145376000.0,38339331.45
2023-07-24,109.800955,144476000.0,-98820859.5
2023-07-25,109.65822,144826000.0,38380377.0
2023-07-26,110.392086,145276000.0,49676438.7
2023-07-27,109.489798,145726000.0,49270409.099999994
2023-07-28,110.167016,146676000.0,104658665.2
2023-07-31,110.419536,146476000.0,-22083907.2
2023-08-01,110.768062,146776000.0,33230418.6
2023-08-02,109.570779,145326000.0,-158877629.55
2023-08-03,108.913481,146126000.0,87130784.8
2023-08-04,108.213155,146026000.0,-10821315.5
2023-08-07,109.573546,147476000.0,158881641.7
2023-08-08,109.072102,148376000.0,98164891.8
2023-08-09,108.988944,148126000.0,-27247236.0
2023-08-10,108.717379,147626000.0,-54358689.5
2023-08-11,108.876945,152876000.0,571603961.25
2023-08-14,108.912623,146576000.0,-686149524.9
2023-08-15,107.525914,145976000.0,-64515548.4
2023-08-16,106.936297,145826000.0,-16040444.549999999
2023-08-17,106.073814,145226000.0,-63644288.4
2023-08-18,106.226948,145176000.0,-5311347.399999999
2023-08-21,106.081356,145226000.0,5304067.8
2023-08-22,105.865771,145076000.0,-15879865.649999999
2023-08-23,106.918032,146476000.0,149685244.79999998
2023-08-24,105.627332,144326000.0,-227098763.79999998
2023-08-25,106.559616,144126000.0,-21311923.2
2023-08-28,107.382959,143776000.0,-37584035.65
2023-08-29,108.215032,144776000.0,108215032.0
2023-08-30,108.731759,144376000.0,-43492703.6
2023-08-31,108.211493,143976000.0,-43284597.2
2023-09-01,108.77898,142676000.0,-141412674.0
2023-09-05,106.948444,143676000.0,106948444.0
2023-09-06,106.437114,143226000.0,-47896701.3
2023-09-07,106.126925,143676000.0,47757116.25
2023-09-08,105.644693,143676000.0,0.0
2023-09-11,105.637106,143126000.0,-58100408.300000004
2023-09-12,105.245618,142826000.0,-31573685.4
2023-09-13,104.54642,142676000.0,-15681963.0
2023-09-14,105.583235,142326000.0,-36954132.25
2023-09-15,105.020194,141976000.0,-36757067.9
2023-09-18,104.711929,143576000.0,167539086.4
2023-09-19,104.225132,143426000.0,-15633769.8
2023-09-20,103.818753,143726000.0,31145625.9
2023-09-21,102.130826,144476000.0,76598119.5
2023-09-22,101.790782,144376000.0,-10179078.2
2023-09-25,102.262958,146876000.0,255657395.0
2023-09-26,100.709415,147326000.0,45319236.75
2023-09-27,101.477421,144176000.0,-319653876.15000004
2023-09-28,101.934671,142676000.0,-152902006.5
2023-09-29,101.337687,142476000.0,-20267537.400000002
2023-10-02,100.410854,142226000.0,-25102713.5
2023-10-03,99.668804,142626000.0,39867521.599999994
2023-10-04,100.050565,142576000.0,-5002528.25
2023-10-05,99.424524,143276000.0,69597166.8
2023-10-06,100.746931,138426000.0,-488622615.35
2023-10-09,102.365726,140626000.0,225204597.2
2023-10-10,102.953045,141276000.0,66919479.25
2023-10-11,103.597519,141126000.0,-15539627.850000001
2023-10-12,102.631572,142276000.0,118026307.80000001
2023-10-13,101.753636,142426000.0,15263045.4
2023-10-16,102.822221,141826000.0,-61693332.6
2023-10-17,103.145038,141726000.0,-10314503.8
2023-10-18,100.638263,142076000.0,35223392.05
2023-10-19,99.731235,141326000.0,-74798426.25
2023-10-20,98.726615,139776000.0,-153026253.25
2023-10-23,98.267548,142626000.0,280062511.8
2023-10-24,98.972178,142076000.0,-54434697.9
2023-10-25,97.722416,141926000.0,-14658362.399999999
2023-10-26,97.295862,139526000.0,-233510068.8
2023-10-27,96.445133,141276000.0,168778982.75
2023-10-30,97.627621,141126000.0,-14644143.15
2023-10-31,98.373839,141476000.0,34430843.65
2023-11-01,98.695771,140726000.0,-74021828.25
2023-11-02,100.731048,140326000.0,-40292419.2
2023-11-03,101.568684,139676000.0,-66019644.6
2023-11-06,101.305409,138626000.0,-106370679.45
2023-11-07,101.048645,138176000.0,-45471890.25
2023-11-08,101.323562,137626000.0,-55727959.099999994
2023-11-09,101.105004,137326000.0,-30331501.2
2023-11-10,102.511825,140376000.0,312661066.25
2023-11-13,102.615272,135926000.0,-456637960.40000004
2023-11-14,104.719908,136576000.0,68067940.2
2023-11-15,104.927957,136426000.0,-15739193.55
2023-11-16,104.942314,136826000.0,41976925.6
2023-11-17,105.557313,136426000.0,-42222925.199999996
2023-11-20,105.90495,136076000.0,-37066732.5
2023-11-21,105.848707,137876000.0,190527672.6
2023-11-22,106.063423,137626000.0,-26515855.75
2023-11-24,106.381279,138626000.0,106381279.0
2023-11-27,105.765235,139676000.0,111053496.75
2023-11-28,105.509017,135876000.0,-400934264.6
2023-11-29,105.864504,135976000.0,10586450.4
2023-11-30,107.041903,136626000.0,69577236.95
2023-12-01,108.716694,134976000.0,-179382545.1
2023-12-04,108.938893,135226000.0,27234723.25
2023-12-05,108.002883,138726000.0,378010090.5
2023-12-06,108.514208,137326000.0,-151919891.2
2023-12-07,108.631313,137326000.0,0.0
2023-12-08,108.99951,136976000.0,-38149828.5
2023-12-11,109.980568,136876000.0,-10998056.8
2023-12-12,110.485828,136326000.0,-60767205.4
2023-12-13,111.746513,137326000.0,111746513.0
2023-12-14,113.180389,138176000.0,96203330.65
2023-12-15,112.964736,138826000.0,73427078.4
2023-12-18,112.431997,135576000.0,-365403990.25
2023-12-19,113.250572,141126000.0,628540674.6
2023-12-20,111.405129,141476000.0,38991795.15
2023-12-21,112.589931,137926000.0,-399694255.05
2023-12-22,113.081546,137726000.0,-22616309.2
2023-12-26,113.902554,138126000.0,45561021.6
2023-12-27,114.104803,137126000.0,-114104803.0
2023-12-28,114.137188,136326000.0,-91309750.39999999
2023-12-29,113.913383,135226000.0,-125304721.3
2024-01-02,112.832748,134626000.0,-67699648.8
2024-01-03,111.130686,136726000.0,233374440.6
2024-01-04,111.236925,137926000.0,133484310.0
2024-01-05,111.464505,139026000.0,122610955.5
2024-01-08,112.113884,138476000.0,-61662636.2
2024-01-09,111.841977,136376000.0,-234868151.7
2024-01-10,112.37742,137226000.0,95520807.0
2024-01-11,112.153302,135926000.0,-145799292.6
2024-01-12,112.102766,135826000.0,-11210276.6
2024-01-16,111.00469,136626000.0,88803752.0
2024-01-17,110.260155,138676000.0,226033317.75
2024-01-18,111.748932,138726000.0,5587446.6
2024-01-19,112.454019,138126000.0,-67472411.4
2024-01-22,113.287097,136776000.0,-152937580.95000002
2024-01-23,113.220836,138026000.0,141526045.0
2024-01-24,112.493523,136676000.0,-151866256.04999998
2024-01-25,113.589102,136776000.0,11358910.2
2024-01-26,113.425526,138626000.0,209837223.10000002
2024-01-29,114.145533,138526000.0,-11414553.3
2024-01-30,114.200227,138276000.0,-28550056.75
2024-01-31,112.900729,138176000.0,-11290072.9
2024-02-01,114.83072,137926000.0,-28707680.0
2024-02-02,115.576775,137376000.0,-63567226.25
2024-02-05,114.954847,138026000.0,74720650.55
2024-02-06,115.978222,137326000.0,-81184755.4
2024-02-07,116.723969,138476000.0,134232564.35
2024-02-08,116.794763,138976000.0,58397381.5
2024-02-09,116.932421,139226000.0,29233105.25
2024-02-12,117.085032,138176000.0,-122939283.6
2024-02-13,115.903839,139676000.0,173855758.5
2024-02-14,117.849797,140076000.0,47139918.8
2024-02-15,118.701595,140126000.0,5935079.75
2024-02-16,118.032037,138976000.0,-135736842.55
2024-02-20,117.617113,139676000.0,82331979.10000001
2024-02-21,118.110735,138426000.0,-147638418.75
2024-02-22,119.585415,137576000.0,-101647602.75
2024-02-23,120.194347,138176000.0,72116608.2
2024-02-26,120.057811,137876000.0,-36017343.3
2024-02-27,120.196979,137826000.0,-6009848.95
2024-02-28,120.589654,139126000.0,156766550.2
2024-02-29,121.055958,138176000.0,-115003160.10000001
2024-03-01,121.486574,138426000.0,30371643.5
2024-03-04,121.952645,139776000.0,164636070.75
2024-03-05,120.948856,144026000.0,514032638.0
2024-03-06,121.548554,142226000.0,-218787397.2
2024-03-07,122.585139,141676000.0,-67421826.45
2024-03-08,122.283099,140626000.0,-128397253.95
2024-03-11,121.640293,138976000.0,-200706483.45
2024-03-12,122.192621,139176000.0,24438524.2
2024-03-13,122.489078,142276000.0,379716141.8
2024-03-14,121.973754,141076000.0,-146368504.8
2024-03-15,122.072333,142726000.0,201419349.45
2024-03-18,121.898864,141276000.0,-176753352.8
2024-03-19,122.904799,140376000.0,-110614319.1
2024-03-20,124.39598,140826000.0,55978191.0
2024-03-21,125.640071,142026000.0,150768085.20000002
2024-03-22,125.219005,143426000.0,175306607.0
2024-03-25,124.361461,143876000.0,55962657.45
2024-03-26,123.908418,145476000.0,198253468.79999998
2024-03-27,125.915507,145376000.0,-12591550.700000001
2024-03-28,125.999035,144876000.0,-62999517.5
2024-04-01,125.009122,143926000.0,-118758665.9
2024-04-02,124.358923,144976000.0,130576869.15
2024-04-03,124.995865,146576000.0,199993384.0
2024-04-04,123.925318,147976000.0,173495445.20000002
2024-04-05,125.692695,147826000.0,-18853904.25
2024-04-08,125.42367,147976000.0,18813550.5
2024-04-09,125.143907,147176000.0,-100115125.6
2024-04-10,124.095607,146226000.0,-117890826.65
2024-04-11,124.237502,147426000.0,149085002.4
2024-04-12,122.919274,146926000.0,-61459637.0
2024-04-15,122.026966,147876000.0,115925617.7
2024-04-16,121.78985,148026000.0,18268477.5
2024-04-17,121.100898,146476000.0,-187706391.9
2024-04-18,120.675648,147026000.0,66371606.4
2024-04-19,120.467117,149426000.0,289121080.8
2024-04-22,121.367821,151676000.0,273077597.25
2024-04-23,123.071082,151576000.0,-12307108.200000001
2024-04-24,122.106005,150126000.0,-177053707.25
2024-04-25,122.455294,148326000.0,-220419529.2
2024-04-26,122.665205,146676000.0,-202397588.25
2024-04-29,123.51343,146876000.0,24702686.0
2024-04-30,121.486945,146976000.0,12148694.5
2024-05-01,121.232276,147776000.0,96985820.8
2024-05-02,121.928858,148676000.0,109735972.2
2024-05-03,122.797668,149476000.0,98238134.4
2024-05-06,124.031202,148826000.0,-80620281.3
2024-05-07,124.33737,147976000.0,-105686764.5
2024-05-08,124.371497,147426000.0,-68404323.35000001
2024-05-09,125.540922,147376000.0,-6277046.1
2024-05-10,125.686042,151626000.0,534165678.5
2024-05-13,125.119239,147676000.0,-494220994.04999995
2024-05-14,125.124982,148326000.0,81331238.3
2024-05-15,125.911626,149526000.0,151093951.2
2024-05-16,125.157615,149526000.0,0.0
2024-05-17,125.310967,148676000.0,-106514321.95
2024-05-20,125.524342,148376000.0,-37657302.6
2024-05-21,125.106897,147826000.0,-68808793.35000001
2024-05-22,125.298701,147226000.0,-75179220.6
2024-05-23,123.801116,148076000.0,105230948.6
2024-05-24,124.490882,147276000.0,-99592705.6
2024-05-28,122.919996,148276000.0,122919996.0
2024-05-29,121.170155,148526000.0,30292538.75
2024-05-30,122.024535,145376000.0,-384377285.25
2024-05-31,123.480358,150176000.0,592705718.4
2024-06-03,121.979379,150876000.0,85385565.3
2024-06-04,121.707235,147426000.0,-419889960.75
2024-06-05,122.928761,148226000.0,98343008.8
2024-06-06,122.193979,149126000.0,109974581.1
2024-06-07,122.334058,149676000.0,67283731.9
2024-06-10,122.691602,149626000.0,-6134580.100000001
2024-06-11,122.029512,150576000.0,115928036.39999999
2024-06-12,123.159171,147476000.0,-381793430.1
2024-06-13,122.368063,149826000.0,287564948.05
2024-06-14,121.130798,148976000.0,-102961178.3
2024-06-17,122.432786,144976000.0,-489731144.0
2024-06-18,123.110658,147126000.0,264687914.7
2024-06-20,123.178249,150226000.0,381852571.9
2024-06-21,123.010968,149376000.0,-104559322.80000001
2024-06-24,123.049471,149726000.0,43067314.85
2024-06-25,122.014444,149876000.0,18302166.599999998
2024-06-26,121.71983,151376000.0,182579745.0
2024-06-27,121.775741,148826000.0,-310528139.55
2024-06-28,121.898463,148576000.0,-30474615.75
2024-07-01,120.558568,148076000.0,-60279284.0
2024-07-02,121.223709,147576000.0,-60611854.5
2024-07-03,121.710524,149626000.0,249506574.20000002
2024-07-05,121.233476,149726000.0,12123347.6
2024-07-08,121.389047,149326000.0,-48555618.800000004
2024-07-09,120.838199,147776000.0,-187299208.45000002
2024-07-10,121.92407,147926000.0,18288610.5
2024-07-11,123.476169,147176000.0,-92607126.75
2024-07-12,124.130787,150476000.0,409631597.09999996
2024-07-15,125.00102,152576000.0,262502142.0
2024-07-16,128.170358,153976000.0,179438501.2
2024-07-17,126.509506,159126000.0,651523955.9
2024-07-18,125.581747,158626000.0,-62790873.5
2024-07-19,124.830276,157826000.0,-99864220.8
2024-07-22,126.189343,155076000.0,-347020693.25
2024-07-23,125.927039,154526000.0,-69259871.45
2024-07-24,123.199219,154676000.0,18479882.85
2024-07-25,124.134339,154526000.0,-18620150.849999998
2024-07-26,126.278132,152976000.0,-195731104.6
2024-07-29,126.079618,155726000.0,346718949.5
2024-07-30,126.429545,154376000.0,-170679885.75
2024-07-31,127.85842,153626000.0,-95893815.0
2024-08-01,125.522719,153076000.0,-69037495.45
2024-08-02,122.77395,151926000.0,-141190042.5
2024-08-05,120.66962,150926000.0,-120669620.0
2024-08-06,122.089288,151726000.0,97671430.39999999
2024-08-07,121.444524,150226000.0,-182166786.0
2024-08-08,124.242726,149726000.0,-62121363.0
2024-08-09,124.266303,151376000.0,205039399.95
2024-08-12,123.659083,151176000.0,-24731816.599999998
2024-08-13,124.982383,151126000.0,-6249119.15
2024-08-14,125.50888,150676000.0,-56478996.0
2024-08-15,127.169083,151076000.0,50867633.2
2024-08-16,126.987848,150826000.0,-31746962.0
2024-08-19,127.774921,154926000.0,523877176.1
2024-08-20,127.40998,150426000.0,-573344910.0
2024-08-21,128.192102,150626000.0,25638420.400000002
2024-08-22,127.963726,150276000.0,-44787304.1
2024-08-23,129.300709,150976000.0,90510496.30000001
2024-08-26,129.148444,152126000.0,148520710.60000002
2024-08-27,129.167761,149926000.0,-284169074.20000005
2024-08-28,129.117959,149726000.0,-25823591.800000004
2024-08-29,130.02287,149826000.0,13002287.000000002
2024-08-30,131.506254,151176000.0,177533442.9
2024-09-03,128.563284,149476000.0,-218557582.8
2024-09-04,128.713083,149426000.0,-6435654.15
2024-09-05,127.190036,149776000.0,44516512.6
2024-09-06,125.838709,149126000.0,-81795160.85
2024-09-09,127.814034,149526000.0,51125613.6
2024-09-10,128.036372,149376000.0,-19205455.8
2024-09-11,128.309657,147876000.0,-192464485.49999997
2024-09-12,129.240808,147826000.0,-6462040.399999999
2024-09-13,130.54245,147576000.0,-32635612.5
2024-09-16,131.23776,148276000.0,91866432.0
2024-09-17,131.9183,147726000.0,-72555065.0
2024-09-18,131.804172,149876000.0,283378969.8
2024-09-19,134.110766,149076000.0,-107288612.80000001
2024-09-20,133.186013,148426000.0,-86570908.45
2024-09-23,133.632968,149776000.0,180404506.8
2024-09-24,134.570534,148176000.0,-215312854.4
2024-09-25,133.960818,146776000.0,-187545145.2
2024-09-26,134.634739,145226000.0,-208683845.45
2024-09-27,134.83701,145076000.0,-20225551.5
2024-09-30,135.508716,144776000.0,-40652614.8
2024-10-01,135.494665,144176000.0,-81296799.0
2024-10-02,135.233602,146076000.0,256943843.79999998
2024-10-03,134.569808,146426000.0,47099432.8
2024-10-04,135.550074,147176000.0,101662555.5
2024-10-07,135.159405,147776000.0,81095643.0
2024-10-08,135.451738,149676000.0,257358302.20000002
2024-10-09,136.69835,147926000.0,-239222112.5
2024-10-10,135.962226,147626000.0,-40788667.8
2024-10-11,138.404795,147976000.0,48441678.25
2024-10-14,139.194117,146376000.0,-222710587.20000002
2024-10-15,138.159899,146676000.0,41447969.699999996
2024-10-16,139.219486,147726000.0,146180460.29999998
2024-10-17,138.871269,148126000.0,55548507.6
2024-10-18,139.233649,149176000.0,146195331.45000002
2024-10-21,138.766799,146576000.0,-360793677.4
2024-10-22,137.121677,147026000.0,61704754.650000006
2024-10-23,136.716516,147626000.0,82029909.60000001
2024-10-24,135.748931,146276000.0,-183261056.85
2024-10-25,135.417471,145926000.0,-47396114.85
2024-10-28,135.781451,145626000.0,-40734435.300000004
2024-10-29,135.596309,146176000.0,74577969.94999999
2024-10-30,135.341361,143226000.0,-399257014.95000005
2024-10-31,133.813324,148226000.0,669066620.0
2024-11-01,134.042462,153426000.0,697020802.4
2024-11-04,133.860531,151326000.0,-281107115.1
2024-11-05,136.090223,149826000.0,-204135334.5
2024-11-06,141.442367,149626000.0,-28288473.4
2024-11-07,140.600479,154026000.0,618642107.6
2024-11-08,142.029854,152776000.0,-177537317.5
2024-11-11,143.159806,152026000.0,-107369854.5
2024-11-12,141.921294,151976000.0,-7096064.699999999
2024-11-13,142.235126,153926000.0,277358495.7
2024-11-14,139.836895,153526000.0,-55934758.0
2024-11-15,139.076844,153276000.0,-34769211.0
2024-11-18,138.89473,157826000.0,631971021.5
2024-11-19,138.807501,153426000.0,-610753004.4
2024-11-20,138.939965,153526000.0,13893996.5
2024-11-21,140.647312,153476000.0,-7032365.6
2024-11-22,142.567755,154876000.0,199594857.0
2024-11-25,143.515733,154026000.0,-121988373.05000001
2024-11-26,143.735326,154726000.0,100614728.19999999
2024-11-27,143.218592,155076000.0,50126507.2
2024-11-29,143.850302,155826000.0,107887726.5
2024-12-02,142.929956,156026000.0,28585991.2
2024-12-03,142.000572,156276000.0,35500143.0
2024-12-04,142.62884,156276000.0,0.0
2024-12-05,140.909675,156676000.0,56363870.0
2024-12-06,140.571461,157576000.0,126514314.9
2024-12-09,139.287711,157176000.0,-55715084.4
2024-12-10,138.977665,157626000.0,62539949.25
2024-12-11,138.706644,157426000.0,-27741328.8
2024-12-12,137.766271,157626000.0,27553254.2
2024-12-13,137.418799,157026000.0,-82451279.4
2024-12-16,137.523992,156676000.0,-48133397.199999996
2024-12-17,136.285131,157026000.0,47699795.85
2024-12-18,132.43604,156526000.0,-66218019.99999999
2024-12-19,132.29779,154176000.0,-310899806.5
2024-12-20,133.844757,156026000.0,247612800.45
2024-12-23,133.124043,156226000.0,26624808.6
2024-12-24,134.189568,160126000.0,523339315.20000005
2024-12-26,134.275688,160026000.0,-13427568.8
2024-12-27,133.196642,158226000.0,-239753955.6
2024-12-30,131.897226,157026000.0,-158276671.2
2024-12-31,131.746414,156876000.0,-19761962.099999998
2025-01-02,131.264816,155076000.0,-236276668.79999998
2025-01-03,132.721086,152526000.0,-338438769.3
2025-01-06,132.439909,153476000.0,125817913.55
2025-01-07,132.30465,153726000.0,33076162.500000004
2025-01-08,132.848617,153726000.0,0.0
2025-01-10,131.378294,154226000.0,65689147.00000001
2025-01-13,132.895768,152876000.0,-179409286.8
2025-01-14,134.432501,154126000.0,168040626.25
2025-01-15,135.337393,154326000.0,27067478.599999998
2025-01-16,136.940229,154176000.0,-20541034.349999998
2025-01-17,137.721866,153976000.0,-27544373.200000003
2025-01-21,140.543705,154626000.0,91353408.25
2025-01-22,140.309666,156926000.0,322712231.8
2025-01-23,141.650748,157326000.0,56660299.199999996
2025-01-24,141.051816,156776000.0,-77578498.8
2025-01-27,139.194891,156476000.0,-41758467.300000004
2025-01-28,138.303928,157526000.0,145219124.4
2025-01-29,137.778517,159576000.0,282445959.84999996
2025-01-30,139.355645,160276000.0,97548951.5
2025-01-31,138.366558,160726000.0,62264951.1
2025-02-03,136.935644,160176000.0,-75314604.2
2025-02-04,137.028281,159626000.0,-75365554.55
2025-02-05,137.157531,159576000.0,-6857876.550000001
2025-02-06,137.730013,160176000.0,82638007.80000001
2025-02-07,137.289745,160026000.0,-20593461.75
2025-02-10,138.542102,160126000.0,13854210.2
2025-02-11,138.573967,159126000.0,-138573967.0
2025-02-12,137.776522,157576000.0,-213553609.1
2025-02-13,137.906351,157026000.0,-75848493.05
2025-02-14,137.542518,158026000.0,137542518.0
2025-02-18,138.649769,159176000.0,159447234.35
2025-02-19,138.766746,158726000.0,-62445035.7
2025-02-20,137.829519,160126000.0,192961326.6
2025-02-21,134.794142,160126000.0,0.0
2025-02-24,134.211141,158626000.0,-201316711.5
2025-02-25,134.920619,158026000.0,-80952371.39999999
2025-02-26,135.004832,157876000.0,-20250724.8
2025-02-27,134.503863,157376000.0,-67251931.5
2025-02-28,136.375849,156626000.0,-102281886.74999999
2025-03-03,134.42699,156476000.0,-20164048.5
2025-03-04,131.800076,155676000.0,-105440060.8
2025-03-05,133.894152,155476000.0,-26778830.4
2025-03-06,132.665493,154726000.0,-99499119.75
2025-03-07,134.261677,155726000.0,134261677.0
2025-03-10,132.152125,157626000.0,251089037.50000003
2025-03-11,130.116469,154776000.0,-370831936.65
2025-03-12,130.125425,154026000.0,-97594068.75
2025-03-13,128.756086,154026000.0,0.0
2025-03-14,131.164657,154426000.0,52465862.800000004
2025-03-17,132.932482,154626000.0,26586496.4
2025-03-18,131.905058,153176000.0,-191262334.1
2025-03-19,133.609077,152576000.0,-80165446.2
2025-03-20,132.997756,151526000.0,-139647643.8
2025-03-21,132.277209,150276000.0,-165346511.25
2025-03-24,134.346437,148526000.0,-235106264.75000003
2025-03-25,134.488173,151276000.0,369842475.74999994
2025-03-26,133.61006,151276000.0,0.0
2025-03-27,132.923576,151726000.0,59815609.199999996
2025-03-28,130.21595,153026000.0,169280735.0
2025-03-31,131.072435,152726000.0,-39321730.50000001
2025-04-01,131.858985,152226000.0,-65929492.49999999
2025-04-02,133.09163,151176000.0,-139746211.5
2025-04-03,125.89669,151676000.0,62948345.0
2025-04-04,117.980261,151176000.0,-58990130.5
2025-04-07,117.45731,150926000.0,-29364327.5
2025-04-08,116.407161,149476000.0,-168790383.45000002
2025-04-09,126.851925,148976000.0,-63425962.5
2025-04-10,123.538686,148976000.0,0.0
2025-04-11,125.692341,146476000.0,-314230852.5
2025-04-14,127.001263,145976000.0,-63500631.5
2025-04-15,126.328719,146976000.0,126328719.0
2025-04-16,124.5864,146926000.0,-6229320.0
2025-04-17,125.301414,146376000.0,-68915777.7
2025-04-21,122.49266,145526000.0,-104118761.0
2025-04-22,124.657266,147626000.0,261780258.60000002
2025-04-23,126.209323,148526000.0,113588390.7
2025-04-24,129.022352,147826000.0,-90315646.4
2025-04-25,129.048221,147826000.0,0.0
2025-04-28,129.448048,147676000.0,-19417207.2
2025-04-29,130.271539,147626000.0,-6513576.949999999
2025-04-30,131.317904,147576000.0,-6565895.2
2025-05-01,132.233446,146226000.0,-178515152.1
2025-05-02,134.645169,145576000.0,-87519359.85000001
2025-05-05,134.611233,145176000.0,-53844493.2
2025-05-06,133.46202,145076000.0,-13346202.0
2025-05-07,134.14535,144676000.0,-53658140.0
2025-05-08,135.936928,144976000.0,40781078.4
2025-05-09,136.089898,144926000.0,-6804494.9
2025-05-12,140.263856,144576000.0,-49092349.6
2025-05-13,141.275035,144626000.0,7063751.75
2025-05-14,140.611635,145626000.0,140611635.0
2025-05-15,142.179937,145976000.0,49762977.949999996
2025-05-16,143.689935,146276000.0,43106980.5
2025-05-19,144.282615,145226000.0,-151496745.75
2025-05-20,143.755094,145276000.0,7187754.700000001
2025-05-21,141.335843,145276000.0,0.0
2025-05-22,141.329588,146026000.0,105997191.0
2025-05-23,140.812964,146776000.0,105609723.0
2025-05-27,143.337016,147176000.0,57334806.4
2025-05-28,142.59198,147426000.0,35647995.0
2025-05-29,142.709039,147426000.0,0.0
2025-05-30,142.903666,148776000.0,192919949.1
2025-06-02,142.600517,149876000.0,156860568.7
2025-06-03,143.695478,146726000.0,-452640755.70000005
2025-06-04,143.822175,147076000.0,50337761.24999999
2025-06-05,143.691897,148076000.0,143691897.0
2025-06-06,144.931848,146976000.0,-159425032.8
2025-06-09,144.802293,147326000.0,50680802.55
2025-06-10,144.167793,148276000.0,136959403.35
2025-06-11,144.205741,147976000.0,-43261722.3
2025-06-12,143.867725,146426000.0,-222994973.75
2025-06-13,142.646855,146526000.0,14264685.499999998
2025-06-16,143.666124,146626000.0,14366612.4
2025-06-17,142.583001,146676000.0,7129150.05
2025-06-18,142.22832,144826000.0,-263122392.0
2025-06-20,142.420788,143626000.0,-170904945.6
2025-06-23,143.844441,143176000.0,-64729998.449999996
2025-06-24,145.076467,150426000.0,1051804385.75
2025-06-25,143.731082,149626000.0,-114984865.6
2025-06-26,145.318249,148876000.0,-108988686.75
2025-06-27,146.783827,149076000.0,29356765.400000002
2025-06-30,147.553112,148876000.0,-29510622.4
2025-07-01,147.988888,149326000.0,66594999.6
2025-07-02,148.142088,148876000.0,-66663939.6
2025-07-03,149.366846,149376000.0,74683423.0
2025-07-07,148.870936,149326000.0,-7443546.8
2025-07-08,148.879065,147826000.0,-223318597.5
2025-07-09,149.91971,147926000.0,14991971.0
2025-07-10,150.703956,148276000.0,52746384.6
2025-07-11,150.240488,148026000.0,-37560122.0
2025-07-14,151.056761,148326000.0,45317028.3
2025-07-15,149.902636,148476000.0,22485395.4
2025-07-16,150.429224,148776000.0,45128767.2
2025-07-17,151.744579,149076000.0,45523373.699999996
2025-07-18,151.455124,148826000.0,-37863781.0
2025-07-21,150.587136,149226000.0,60234854.39999999
2025-07-22,151.039315,150426000.0,181247178.0
2025-07-23,153.678889,151226000.0,122943111.2
2025-07-24,153.42911,150876000.0,-53700188.5
2025-07-25,154.932703,150976000.0,15493270.3
2025-07-28,154.477695,151276000.0,46343308.5
2025-07-29,152.71862,151926000.0,99267102.99999999
2025-07-30,151.975646,151476000.0,-68389040.7
2025-07-31,151.979389,151926000.0,68390725.05
2025-08-01,149.765394,153076000.0,172230203.1
2025-08-04,151.127461,153526000.0,68007357.45
2025-08-05,150.799228,154726000.0,180959073.6
2025-08-06,150.892628,154876000.0,22633894.2
2025-08-07,150.716014,154476000.0,-60286405.6
2025-08-08,150.705078,153526000.0,-143169824.1
2025-08-11,150.279722,151576000.0,-293045457.9
2025-08-12,151.90973,153476000.0,288628487.0
2025-08-13,152.508924,154276000.0,122007139.2
2025-08-14,151.170037,154476000.0,30234007.400000002
2025-08-15,150.41288,154526000.0,7520644.0
2025-08-18,151.065006,154076000.0,-67979252.7
2025-08-19,151.349341,153826000.0,-37837335.25
2025-08-20,151.206473,153276000.0,-83163560.14999999
2025-08-21,150.696695,152526000.0,-113022521.25
2025-08-22,153.14992,152926000.0,61259968.0
2025-08-25,151.602035,154126000.0,181922442.0
2025-08-26,153.164371,153426000.0,-107215059.69999999
2025-08-27,153.138951,153326000.0,-15313895.1
2025-08-28,153.396882,153326000.0,0.0
2025-08-29,151.978591,153326000.0,0.0
2025-09-02,150.57965,152476000.0,-127992702.49999999
2025-09-03,149.856996,153426000.0,142364146.20000002
2025-09-04,151.483748,153576000.0,22722562.2
2025-09-05,150.897827,153326000.0,-37724456.75
2025-09-08,151.220105,153276000.0,-7561005.249999999
2025-09-09,150.241953,153276000.0,0.0
2025-09-10,151.334145,153676000.0,60533658.0
2025-09-11,152.787236,153876000.0,30557447.200000003
2025-09-12,151.569118,155276000.0,212196765.20000002
2025-09-15,152.251171,155526000.0,38062792.75
2025-09-16,151.82225,155176000.0,-53137787.5
2025-09-17,151.134056,153826000.0,-204030975.6
2025-09-18,152.728123,153626000.0,-30545624.6
2025-09-19,153.047969,154376000.0,114785976.75
2025-09-22,152.997285,154476000.0,15299728.5
2025-09-23,153.018695,154376000.0,-15301869.5
2025-09-24,152.242961,154426000.0,7612148.050000001
2025-09-25,151.239119,154326000.0,-15123911.899999999
2025-09-26,152.554614,154426000.0,15255461.399999999
2025-09-29,153.040517,154976000.0,84172284.35
2025-09-30,154.290036,154676000.0,-46287010.8
2025-10-01,153.793735,155026000.0,53827807.25
2025-10-02,154.168427,155176000.0,23125264.05
2025-10-03,154.380998,155176000.0,0.0
2025-10-06,155.108833,155326000.0,23266324.95
2025-10-07,154.228825,155026000.0,-46268647.5
2025-10-08,155.539165,154476000.0,-85546540.75
2025-10-09,153.301469,154726000.0,38325367.25
2025-10-10,149.904275,154276000.0,-67456923.75
2025-10-13,151.468968,152876000.0,-212056555.2
2025-10-14,153.246028,153226000.0,53636109.8
2025-10-15,152.524943,153926000.0,106767460.10000001
2025-10-16,151.621283,153426000.0,-75810641.5
2025-10-17,151.691909,153626000.0,30338381.8
2025-10-20,153.517001,153276000.0,-53730950.349999994
2025-10-21,154.868294,153876000.0,92920976.39999999
2025-10-22,152.834151,156776000.0,443219037.9
2025-10-23,154.776484,156126000.0,-100604714.60000001
2025-10-24,154.869416,156876000.0,116152062.0
2025-10-27,155.792637,157076000.0,31158527.400000002
2025-10-28,154.660291,156876000.0,-30932058.2
2025-10-29,155.056671,156726000.0,-23258500.65
2025-10-30,154.673469,156676000.0,-7733673.45
2025-10-31,155.007499,156826000.0,23251124.849999998
2025-11-03,154.353646,155826000.0,-154353646.0
2025-11-04,152.578651,156176000.0,53402527.85
2025-11-05,153.184722,156076000.0,-15318472.2
2025-11-06,152.564873,156126000.0,7628243.65
2025-11-07,153.312116,156426000.0,45993634.800000004
2025-11-10,154.210589,155926000.0,-77105294.5
2025-11-11,154.219735,155826000.0,-15421973.499999998
2025-11-12,154.373134,156326000.0,77186567.0
2025-11-13,152.021569,157126000.0,121617255.2
2025-11-14,152.051223,156276000.0,-129243539.55
2025-11-17,150.536388,156376000.0,15053638.799999999
2025-11-18,149.818713,155626000.0,-112364034.75
2025-11-19,150.354449,154926000.0,-105248114.3
2025-11-20,147.792676,155576000.0,96065239.4
2025-11-21,149.604953,156626000.0,157085200.65
2025-11-24,150.033645,156826000.0,30006729.0
2025-11-25,151.914467,157326000.0,75957233.5
2025-11-26,152.798707,157926000.0,91679224.2
2025-11-28,153.675878,157826000.0,-15367587.8
2025-12-01,151.424298,159726000.0,287706166.2
2025-12-02,152.744507,159976000.0,38186126.75
2025-12-03,154.190132,160526000.0,84804572.60000001
2025-12-04,154.975956,160826000.0,46492786.8
2025-12-05,154.590413,161326000.0,77295206.5
2025-12-08,154.372096,160926000.0,-61748838.4
2025-12-09,153.243759,161376000.0,68959691.55000001
2025-12-10,156.056161,161626000.0,39014040.25
2025-12-11,157.708494,163226000.0,252333590.4
2025-12-12,156.728589,163326000.0,15672858.9
2025-12-15,156.97601,162776000.0,-86336805.5
2025-12-16,156.071388,163076000.0,46821416.400000006
2025-12-17,153.517377,164176000.0,168869114.70000002
2025-12-18,154.493481,163476000.0,-108145436.7
2025-12-19,155.872422,164126000.0,101317074.3
2025-12-22,157.080963,164326000.0,31416192.599999998
2025-12-23,156.999423,165026000.0,109899596.10000001
2025-12-24,157.498975,165026000.0,0.0
2025-12-26,157.181664,164426000.0,-94308998.4
2025-12-29,156.838586,164426000.0,0.0
2025-12-30,156.410424,164426000.0,0.0
2025-12-31,155.077742,164776000.0,54277209.7
2026-01-02,157.998049,164776000.0,0.0
2026-01-05,159.80142,165776000.0,159801420.0
2026-01-06,162.011977,169626000.0,623746111.45
2026-01-07,158.938477,169576000.0,-7946923.850000001
2026-01-08,160.179487,169776000.0,32035897.4
2026-01-09,161.95886,170476000.0,113371201.99999999
2026-01-12,163.17969,169926000.0,-89748829.5
2026-01-13,164.017313,169926000.0,0.0
2026-01-14,164.247543,170026000.0,16424754.3
2026-01-15,165.773563,169726000.0,-49732068.9
2026-01-16,166.860194,169676000.0,-8343009.7
2026-01-20,163.572408,168526000.0,-188108269.2
2026-01-21,166.36673,167626000.0,-149730057.0
2026-01-22,165.515233,167726000.0,16551523.299999999
2026-01-23,164.195152,167376000.0,-57468303.2
2026-01-26,164.362926,167026000.0,-57527024.099999994
2026-01-27,165.048647,166776000.0,-41262161.75
2026-01-28,164.190894,166826000.0,8209544.699999999
2026-01-29,165.868342,166576000.0,-41467085.5
2026-01-30,165.410242,169176000.0,430066629.20000005
2026-02-02,167.491545,168076000.0,-184240699.5
2026-02-03,168.988612,170426000.0,397123238.2
2026-02-04,169.392877,172126000.0,287967890.9
2026-02-05,168.363112,172176000.0,8418155.6
2026-02-06,173.169569,172776000.0,103901741.39999999
2026-02-09,173.745786,173626000.0,147683918.1
2026-02-10,173.949775,174176000.0,95672376.25
2026-02-11,174.846136,174276000.0,17484613.6
2026-02-12,172.751625,174126000.0,-25912743.75
2026-02-13,174.213815,174676000.0,95817598.25
2026-02-17,175.037918,176726000.0,358827731.9
2026-02-18,175.049816,177626000.0,157544834.4
2026-02-19,176.400806,177626000.0,0.0
2026-02-20,177.23378,178126000.0,88616890.0
2026-02-23,174.815347,178076000.0,-8740767.35
2026-02-24,176.963604,177426000.0,-115026342.60000001
2026-02-25,175.57256,178626000.0,210687072.0
2026-02-26,176.689026,179576000.0,167854574.70000002
2026-02-27,177.170173,178626000.0,-168311664.35
2026-03-02,178.935978,178026000.0,-107361586.8
2026-03-03,175.421843,177926000.0,-17542184.3
2026-03-04,175.988503,176826000.0,-193587353.3
2026-03-05,172.107249,175476000.0,-232344786.15
2026-03-06,169.959827,173926000.0,-263437731.85
2026-03-09,170.93593,174476000.0,94014761.5
2026-03-10,169.973983,173276000.0,-203968779.6
2026-03-11,169.516966,173176000.0,-16951696.6
2026-03-12,165.244213,173326000.0,24786631.95
2026-03-13,164.64049,173076000.0,-41160122.5
2026-03-16,166.048777,172076000.0,-166048777.0
2026-03-17,166.463435,172126000.0,8323171.75
2026-03-18,165.180553,171976000.0,-24777082.95
2026-03-19,164.076377,172426000.0,73834369.65
2026-03-20,161.620797,171126000.0,-210107036.10000002
2026-03-23,163.041969,171026000.0,-16304196.9
2026-03-24,163.973463,173726000.0,442728350.1
2026-03-25,165.085283,174326000.0,99051169.8
2026-03-26,161.260588,172676000.0,-266079970.20000002
2026-03-27,159.217716,173826000.0,183100373.4
2026-03-30,156.653834,174726000.0,140988450.6
2026-03-31,161.750683,175176000.0,72787807.35000001
2026-04-01,164.422346,173526000.0,-271296870.90000004
2026-04-02,163.789368,173726000.0,32757873.599999998
2026-04-06,164.607717,172526000.0,-197529260.4
2026-04-07,164.260389,173176000.0,106769252.85000001
2026-04-08,170.425379,173076000.0,-17042537.9
2026-04-09,172.201274,176026000.0,507993758.3
2026-04-10,171.4761,177476000.0,248640345.0
2026-04-13,172.784239,176676000.0,-138227391.20000002
2026-04-14,173.362904,177376000.0,121354032.8
2026-04-15,171.206342,175626000.0,-299611098.5
2026-04-16,170.370757,176126000.0,85185378.5
2026-04-17,173.46816,176076000.0,-8673408.0
2026-04-20,173.801219,176976000.0,156421097.1
2026-04-21,171.390701,176976000.0,0.0
2026-04-22,171.050269,177526000.0,94077647.94999999
2026-04-23,174.04966,174076000.0,-600471327.0
2026-04-24,172.508402,175676000.0,276013443.2
2026-04-27,172.458457,173526000.0,-370785682.55
2026-04-28,170.945996,173076000.0,-76925698.2
2026-04-29,169.880255,173126000.0,8494012.75
2026-04-30,174.568222,172376000.0,-130926166.5
2026-05-01,172.941539,174076000.0,294000616.3
2026-05-04,170.931295,174976000.0,153838165.5
2026-05-05,172.407372,175376000.0,68962948.8
2026-05-06,176.886027,175876000.0,88443013.5
2026-05-07,174.019978,178176000.0,400245949.40000004
2026-05-08,173.268755,176776000.0,-242576257.0
2026-05-11,175.025653,178276000.0,262538479.5
2026-05-12,174.324403,177876000.0,-69729761.2
2026-05-13,173.600014,177426000.0,-78120006.3
2026-05-14,174.47743,175926000.0,-261716145.0
2026-05-15,171.355297,174426000.0,-257032945.5
2026-05-18,170.68769,171876000.0,-435253609.5
2026-05-19,168.689311,173426000.0,261468432.05
2026-05-20,170.713676,172926000.0,-85356838.0
2026-05-21,170.512,173376000.0,76730400.0
2026-05-22,171.741281,174026000.0,111631832.64999999
2026-05-26,174.281361,174326000.0,52284408.300000004
2026-05-27,174.320787,175576000.0,217900983.75
2026-05-28,173.852904,175276000.0,-52155871.199999996
2026-05-29,173.138783,174526000.0,-129854087.24999999
2026-06-01,172.396269,174576000.0,8619813.45
2026-06-02,174.120533,174476000.0,-17412053.3
2026-06-03,173.947718,174776000.0,52184315.400000006
2026-06-04,176.101119,175026000.0,44025279.75
2026-06-05,174.200552,175976000.0,165490524.39999998
2026-06-08,173.620044,175776000.0,-34724008.800000004
2026-06-09,175.626662,175576000.0,-35125332.4
2026-06-10,169.633701,175926000.0,59371795.35
2026-06-11,175.148459,175076000.0,-148876190.15
2026-06-12,176.219183,176326000.0,220273978.74999997
2026-06-15,178.622799,177426000.0,196485078.89999998
2026-06-16,179.825946,179276000.0,332678000.09999996
2026-06-17,179.60477,181026000.0,314308347.5
2026-06-18,180.890541,181626000.0,108534324.60000001
2026-06-22,181.819388,180676000.0,-172728418.6
2026-06-23,178.129315,181826000.0,204848712.25
2026-06-24,180.235219,179976000.0,-333435155.15
2026-06-25,184.173732,180426000.0,82878179.4
2026-06-26,181.34675,181676000.0,226683437.49999997
2026-06-29,182.810672,180376000.0,-237653873.60000002
2026-06-30,185.315534,183276000.0,537415048.6
2026-07-01,183.356659,182576000.0,-128349661.30000001
2026-07-02,183.948465,185076000.0,459871162.5
2026-07-06,185.516958,185776000.0,129861870.6
2026-07-07,182.427315,185626000.0,-27364097.25
2026-07-08,180.450887,185276000.0,-63157810.449999996
2026-07-09,181.121905,185726000.0,81504857.25
2026-07-10,181.933288,185326000.0,-72773315.2
2026-07-13,180.318605,185576000.0,45079651.25
2026-07-14,180.384831,185776000.0,36076966.199999996
2026-07-15,180.065531,186126000.0,63022935.849999994
2026-07-16,180.168022,185426000.0,-126117615.4
2026-07-17,179.447036,184726000.0,-125612925.2
2026-07-20,178.080049,183576000.0,-204792056.35
2026-07-21,178.685767,182376000.0,-214422920.4
2026-07-22,178.812956,182326000.0,-8940647.8
2026-07-23,181.981518,182376000.0,9099075.9
2026-07-24,182.618487,182976000.0,109571092.19999999
2026-07-27,183.199362,182376000.0,-109919617.2
2026-07-28,182.460711,180976000.0,-255444995.4
2026-07-29,176.553505,181676000.0,123587453.5
2026-07-30,178.320107,181876000.0,35664021.4
2026-07-31,179.727834,182926000.0,188714225.7
2026-08-03,183.077297,184526000.0,292923675.2
2026-08-04,186.367136,183576000.0,-177048779.2
2026-08-05,186.338971,187676000.0,763989781.0999999
2026-08-06,184.785791,186676000.0,-184785791.0
2026-08-07,185.171021,188026000.0,249980878.35
2026-08-10,184.621267,187226000.0,-147697013.6
2026-08-11,185.726396,186526000.0,-130008477.2
2026-08-12,185.881775,188176000.0,306704928.75
2026-08-13,185.793763,187526000.0,-120765945.95
2026-08-14,186.499703,186126000.0,-261099584.20000002
2026-08-17,186.245148,186126000.0,0.0
2026-08-18,183.534557,186326000.0,36706911.4
2026-08-19,181.903254,186626000.0,54570976.2
2026-08-20,179.677012,185476000.0,-206628563.79999998
2026-08-21,180.22221,185576000.0,18022221.0
2026-08-24,178.986758,185326000.0,-44746689.5
2026-08-25,178.442808,184976000.0,-62454982.800000004
2026-08-26,180.352942,185926000.0,171335294.9
2026-08-27,178.849361,183876000.0,-366641190.04999995
2026-08-28,177.124714,183176000.0,-123987299.80000001
2026-08-31,175.125272,182426000.0,-131343954.0
2026-09-01,172.717715,183576000.0,198625372.25
2026-09-02,172.747109,183226000.0,-60461488.15
2026-09-03,174.548561,183926000.0,122183992.7
2026-09-04,175.278833,181926000.0,-350557666.0
2026-09-08,174.385875,182026000.0,17438587.5
2026-09-09,171.75317,181726000.0,-51525951.0
2026-09-10,170.549625,181226000.0,-85274812.5
2026-09-11,172.412267,181426000.0,34482453.400000006
2026-09-14,169.932406,181226000.0,-33986481.199999996
2026-09-15,168.847476,179976000.0,-211059345.0
2026-09-16,168.642233,180626000.0,109617451.45
2026-09-17,169.002605,180726000.0,16900260.5
2026-09-18,169.793303,180176000.0,-93386316.65
2026-09-21,169.952132,178976000.0,-203942558.4
2026-09-22,170.271002,178926000.0,-8513550.1
2026-09-23,170.091268,178576000.0,-59531943.800000004
2026-09-24,168.881076,179426000.0,143548914.6
2026-09-25,170.467737,178626000.0,-136374189.6
2026-09-28,168.771007,179026000.0,67508402.8
2026-09-29,169.096598,178876000.0,-25364489.7
2026-09-30,166.935957,178676000.0,-33387191.400000002
2026-10-01,168.607989,178826000.0,25291198.35
2026-10-02,169.927826,180026000.0,203913391.20000002
