date,nav,shares,flow
2006-05-31,55.434458,81707571.0,
2006-06-01,55.717772,77357571.0,-242372308.2
2006-06-02,56.498484,75157571.0,-124296664.8
2006-06-05,54.77137,74857571.0,-16431411.0
2006-06-06,54.753463,69457571.0,-295668700.20000005
2006-06-07,52.835766,68107571.0,-71328284.1
2006-06-08,53.323635,66757571.0,-71986907.25
2006-06-09,52.865079,68757571.0,105730158.0
2006-06-12,51.721246,77507571.0,452560902.5
2006-06-13,50.236497,75707571.0,-90425694.6
2006-06-14,51.52142,76657571.0,48945349.0
2006-06-15,53.532319,80557571.0,208776044.1
2006-06-16,53.040932,72907571.0,-405763129.8
2006-06-19,51.221806,75257571.0,120371244.10000001
2006-06-20,50.835232,73057571.0,-111837510.39999999
2006-06-21,51.963197,72007571.0,-54561356.85
2006-06-22,52.194051,78057571.0,315774008.55
2006-06-23,53.322082,78507571.0,23994936.900000002
2006-06-26,53.914331,83457571.0,266875938.45
2006-06-27,54.046429,82507571.0,-51344107.550000004
2006-06-28,55.029991,77607571.0,-269646955.90000004
2006-06-29,56.55383,76757571.0,-48070755.5
2006-06-30,56.665136,83907571.0,405155722.4
2006-07-03,57.366674,84157571.0,14341668.5
2006-07-05,57.59099,85007571.0,48952341.5
2006-07-06,57.476229,85907571.0,51728606.099999994
2006-07-07,56.680322,85407571.0,-28340161.0
2006-07-10,56.852434,82857571.0,-144973706.70000002
2006-07-11,57.870293,82857571.0,0.0
2006-07-12,57.723647,80307571.0,-147195299.85
2006-07-13,57.192143,79657571.0,-37174892.95
2006-07-14,57.805772,84057571.0,254345396.79999998
2006-07-17,56.028116,83557571.0,-28014058.0
2006-07-18,56.071995,79957571.0,-201859182.0
2006-07-19,56.5483,77257571.0,-152680410.0
2006-07-20,55.303668,77107571.0,-8295550.2
2006-07-21,54.327954,74457571.0,-143969078.1
2006-07-24,56.021785,70057571.0,-246495854.0
2006-07-25,57.029398,70757571.0,39920578.6
2006-07-26,58.099157,72257571.0,87148735.5
2006-07-27,57.818418,72557571.0,17345525.4
2006-07-28,57.74688,73257571.0,40422816.0
2006-07-31,58.588219,73057571.0,-11717643.8
2006-08-01,58.743459,72207571.0,-49931940.15
2006-08-02,58.848212,71608835.0,-35234543.060031995
2006-08-03,58.338622,71158835.0,-26252379.900000002
2006-08-04,57.88336,71858835.0,40518352.0
2006-08-07,58.346973,69608835.0,-131280689.25
2006-08-08,58.136089,63358835.0,-363350556.25
2006-08-09,58.532869,62258835.0,-64386155.9
2006-08-10,58.199319,60958835.0,-75659114.7
2006-08-11,58.090721,62508835.0,90040617.55
2006-08-14,57.036633,67608835.0,290886828.3
2006-08-15,57.23678,70508835.0,165986662.0
2006-08-16,56.951835,77208835.0,381577294.5
2006-08-17,56.610452,76408835.0,-45288361.6
2006-08-18,57.464503,80808835.0,252843813.2
2006-08-21,57.843199,86058835.0,303676794.75
2006-08-22,58.118291,85958835.0,-5811829.1
2006-08-23,57.180516,86458835.0,28590258.0
2006-08-24,57.813773,82458835.0,-231255092.0
2006-08-25,58.17181,81658835.0,-46537448.0
2006-08-28,57.281202,77408835.0,-243445108.5
2006-08-29,56.989947,78158835.0,42742460.25
2006-08-30,56.075838,78758835.0,33645502.8
2006-08-31,55.729131,81908835.0,175546762.65
2006-09-01,56.457904,81908835.0,0.0
2006-09-05,57.169008,81908835.0,0.0
2006-09-06,55.301897,80308835.0,-88483035.19999999
2006-09-07,55.274774,77908835.0,-132659457.60000001
2006-09-08,54.09191,79308835.0,75728674.0
2006-09-11,52.378603,78458835.0,-44521812.55
2006-09-12,52.008873,74858835.0,-187231942.8
2006-09-13,52.981052,76058835.0,63577262.4
2006-09-14,51.927715,82208835.0,319355447.25
2006-09-15,51.738365,73908835.0,-429428429.5
2006-09-18,53.080438,84808835.0,578576774.2
2006-09-19,52.13898,89258835.0,232018460.99999997
2006-09-20,50.848044,90708835.0,73729663.8
2006-09-21,51.630546,87808835.0,-149728583.4
2006-09-22,51.267419,80458835.0,-376815529.65
2006-09-25,51.37657,81708835.0,64220712.5
2006-09-26,52.49098,84408835.0,141725646.0
2006-09-27,53.328758,83508835.0,-47995882.2
2006-09-28,53.212699,84460013.0,50614748.609422
2006-09-29,53.481684,74960013.0,-508075998.0
2006-10-02,52.841532,75060013.0,5284153.2
2006-10-03,51.01282,75110013.0,2550641.0
2006-10-04,51.766509,71360013.0,-194124408.75
2006-10-05,52.55995,72560013.0,63071940.0
2006-10-06,52.642134,75610013.0,160558508.7
2006-10-09,51.988838,77760013.0,111776001.7
2006-10-10,52.820084,77760013.0,0.0
2006-10-11,52.133374,76510013.0,-65166717.50000001
2006-10-12,53.148434,73610013.0,-154130458.6
2006-10-13,53.895562,72310013.0,-70064230.6
2006-10-16,55.070877,73610013.0,71592140.10000001
2006-10-17,54.656796,80310013.0,366200533.2
2006-10-18,54.261995,76610013.0,-200769381.5
2006-10-19,55.353039,71810013.0,-265694587.20000002
2006-10-20,54.799141,71010013.0,-43839312.8
2006-10-23,54.829286,74510013.0,191902501.0
2006-10-24,55.834468,76210013.0,94918595.60000001
2006-10-25,56.807092,74760013.0,-82370283.39999999
2006-10-26,56.677798,76310013.0,87850586.9
2006-10-27,56.1276,72810013.0,-196446600.0
2006-10-30,55.254043,70560013.0,-124321596.75
2006-10-31,55.77363,70860013.0,16732089.0
2006-11-01,55.272539,66960013.0,-215562902.1
2006-11-02,55.37833,71910013.0,274122733.5
2006-11-03,56.488726,74710013.0,158168432.8
2006-11-06,57.061203,80610013.0,336661097.7
2006-11-07,56.537788,82210013.0,90460460.8
2006-11-08,57.491449,66460013.0,-905490321.75
2006-11-09,58.028961,66260013.0,-11605792.200000001
2006-11-10,57.433599,66660013.0,22973439.6
2006-11-13,57.437408,62460013.0,-241237113.6
2006-11-14,57.630059,63210013.0,43222544.25
2006-11-15,58.182329,63710013.0,29091164.5
2006-11-16,56.5558,66710013.0,169667400.0
2006-11-17,57.097698,61560013.0,-294053144.7
2006-11-20,56.908879,65210013.0,207717408.35
2006-11-21,57.97419,63060013.0,-124644508.5
2006-11-22,57.655547,62610013.0,-25944996.15
2006-11-24,57.451141,61860013.0,-43088355.75
2006-11-27,57.220487,61860013.0,0.0
2006-11-28,58.267069,61060013.0,-46613655.2
2006-11-29,59.998558,60760013.0,-17999567.400000002
2006-11-30,60.431211,59710013.0,-63452771.55
2006-12-01,60.718325,62260013.0,154831728.75
2006-12-04,60.650579,63060013.0,48520463.2
2006-12-05,60.874676,64610013.0,94355747.8
2006-12-06,60.621097,65460013.0,51527932.449999996
2006-12-07,60.343122,63960013.0,-90514683.0
2006-12-08,60.278098,67260013.0,198917723.4
2006-12-11,60.196662,63860013.0,-204668650.8
2006-12-12,60.235846,69660013.0,349367906.8
2006-12-13,60.798756,78710013.0,550228741.8
2006-12-14,61.857331,79510013.0,49485864.800000004
2006-12-15,61.021072,77460013.0,-125093197.6
2006-12-18,59.309583,81210013.0,222410936.25
2006-12-19,60.18062,87810013.0,397192092.0
2006-12-20,59.435993,85610013.0,-130759184.60000001
2006-12-21,59.072414,82610013.0,-177217242.0
2006-12-22,58.605383,76560013.0,-354562567.15000004
2006-12-26,58.605482,75960013.0,-35163289.2
2006-12-27,59.235054,74660013.0,-77005570.2
2006-12-28,59.321008,71061005.0,-213496782.360064
2006-12-29,58.753778,64811005.0,-367211112.5
2007-01-03,56.538504,64111005.0,-39576952.800000004
2007-01-04,55.446368,55711005.0,-465749491.2
2007-01-05,55.884632,63361005.0,427517434.8
2007-01-08,55.967958,68461005.0,285436585.8
2007-01-09,55.345761,71511005.0,168804571.05
2007-01-10,54.471846,74811005.0,179757091.8
2007-01-11,54.023315,74811005.0,0.0
2007-01-12,55.437968,78861005.0,224523770.4
2007-01-16,54.858275,67861005.0,-603441025.0
2007-01-17,55.509777,69661005.0,99917598.6
2007-01-18,55.089447,68711005.0,-52334974.65
2007-01-19,56.45786,66611005.0,-118561506.0
2007-01-22,56.203753,72011005.0,303500266.2
2007-01-23,57.576153,70011005.0,-115152306.0
2007-01-24,57.848989,75861005.0,338416585.65000004
2007-01-25,56.641855,74611005.0,-70802318.75
2007-01-26,56.753524,73911005.0,-39727466.8
2007-01-29,56.488432,68411005.0,-310686376.0
2007-01-30,57.744563,68111005.0,-17323368.9
2007-01-31,57.956943,70311005.0,127505274.60000001
2007-02-01,58.513491,70311005.0,0.0
2007-02-02,58.692225,68361005.0,-114449838.75
2007-02-05,58.52094,67661005.0,-40964658.0
2007-02-06,58.402013,70661005.0,175206039.0
2007-02-07,58.028784,67861005.0,-162480595.20000002
2007-02-08,58.61264,66261005.0,-93780224.0
2007-02-09,58.350522,63761005.0,-145876305.0
2007-02-12,57.608538,63561005.0,-11521707.600000001
2007-02-13,58.367209,61111005.0,-142999662.05
2007-02-14,58.534933,66561005.0,319015384.85
2007-02-15,57.920018,64611005.0,-112944035.1
2007-02-16,57.888591,62411005.0,-127354900.2
2007-02-20,57.453497,64011005.0,91925595.2
2007-02-21,57.96294,66761005.0,159398085.0
2007-02-22,58.569223,67611005.0,49783839.550000004
2007-02-23,58.696814,66611005.0,-58696814.0
2007-02-26,59.067362,65561005.0,-62020730.1
2007-02-27,56.864655,65561005.0,0.0
2007-02-28,56.975041,66111005.0,31336272.549999997
2007-03-01,56.912435,67111005.0,56912435.0
2007-03-02,55.98953,69061005.0,109179583.5
2007-03-05,55.505548,78561005.0,527302706.0
2007-03-06,56.533368,80411005.0,104586730.80000001
2007-03-07,57.366439,80261005.0,-8604965.85
2007-03-08,57.603118,84111005.0,221772004.3
2007-03-09,57.542396,82411005.0,-97822073.19999999
2007-03-12,57.323502,81211005.0,-68788202.39999999
2007-03-13,56.600865,79011005.0,-124521903.0
2007-03-14,57.376064,66161005.0,-737282422.4
2007-03-15,57.192115,69611005.0,197312796.75
2007-03-16,56.492722,58261005.0,-641192394.7
2007-03-19,57.497706,52611005.0,-324862038.9
2007-03-20,57.796956,52961005.0,20228934.6
2007-03-21,58.787376,55311005.0,138150333.6
2007-03-22,59.835342,60811005.0,329094381.0
2007-03-23,60.161566,93161005.0,1946226660.1
2007-03-26,60.648582,90911005.0,-136459309.5
2007-03-27,60.621003,89511005.0,-84869404.2
2007-03-28,60.493359,82311005.0,-435552184.8
2007-03-29,61.011798,80562003.0,-106709756.725596
2007-03-30,60.255649,76562003.0,-241022596.0
2007-04-02,60.941864,75762003.0,-48753491.2
2007-04-03,61.144695,71512003.0,-259864953.75
2007-04-04,61.442557,72512003.0,61442557.0
2007-04-05,61.654972,72512003.0,0.0
2007-04-09,61.588149,56312003.0,-997728013.8000001
2007-04-10,62.489742,63012003.0,418681271.4
2007-04-11,62.072812,70912003.0,490375214.8
2007-04-12,63.024525,72912003.0,126049050.0
2007-04-13,63.063321,72962003.0,3153166.0500000003
2007-04-16,63.452761,74162003.0,76143313.2
2007-04-17,63.11426,73312003.0,-53647121.0
2007-04-18,62.685465,70562003.0,-172385028.75
2007-04-19,62.048508,65562003.0,-310242540.0
2007-04-20,63.239808,65612003.0,3161990.4
2007-04-23,63.169335,67062003.0,91595535.75
2007-04-24,62.874983,68212003.0,72306230.45
2007-04-25,64.243613,64412003.0,-244125729.39999998
2007-04-26,64.208444,71462003.0,452669530.2
2007-04-27,64.179982,70962003.0,-32089990.999999996
2007-04-30,63.423558,68312003.0,-168072428.7
2007-05-01,63.679494,67312003.0,-63679494.0
2007-05-02,64.230445,62162003.0,-330786791.75
2007-05-03,64.863584,60812003.0,-87565838.4
2007-05-04,64.814677,58812003.0,-129629354.0
2007-05-07,64.851134,57962003.0,-55123463.9
2007-05-08,64.885178,56462003.0,-97327767.0
2007-05-09,64.966034,57862003.0,90952447.6
2007-05-10,63.778972,55712003.0,-137124789.8
2007-05-11,65.147123,60712003.0,325735614.99999994
2007-05-14,65.40508,63312003.0,170053208.0
2007-05-15,65.359145,67612003.0,281044323.5
2007-05-16,65.741472,61262003.0,-417458347.2
2007-05-17,66.691286,59962003.0,-86698671.80000001
2007-05-18,67.826229,60662003.0,47478360.3
2007-05-21,68.39708,64012003.0,229130218.0
2007-05-22,67.819386,59562003.0,-301796267.7
2007-05-23,67.991535,59162003.0,-27196614.0
2007-05-24,66.859119,57962003.0,-80230942.80000001
2007-05-25,67.797164,57962003.0,0.0
2007-05-29,67.282683,59462003.0,100924024.50000001
2007-05-30,68.680124,58412003.0,-72114130.2
2007-05-31,68.217623,62212003.0,259226967.4
2007-06-01,68.943248,64812003.0,179252444.79999998
2007-06-04,69.95224,68812003.0,279808960.0
2007-06-05,69.671764,70012003.0,83606116.8
2007-06-06,68.825483,69112003.0,-61942934.7
2007-06-07,67.50525,67562003.0,-104633137.5
2007-06-08,67.996866,67062003.0,-33998433.0
2007-06-11,68.453039,68562003.0,102679558.5
2007-06-12,67.637039,69162003.0,40582223.4
2007-06-13,68.964362,66812003.0,-162066250.7
2007-06-14,70.279109,76512003.0,681707357.3000001
2007-06-15,70.956848,63012003.0,-957917447.9999999
2007-06-18,71.160555,71062003.0,572842467.75
2007-06-19,71.02376,68612003.0,-174008212.0
2007-06-20,68.986359,70012003.0,96580902.6
2007-06-21,70.388235,66012003.0,-281552940.0
2007-06-22,69.834137,66262003.0,17458534.25
2007-06-25,69.186036,57962003.0,-574244098.8
2007-06-26,67.995954,56012003.0,-132592110.3
2007-06-27,68.978604,68062003.0,831192178.2
2007-06-28,68.687091,71362946.0,226732172.226813
2007-06-29,69.125139,70962946.0,-27650055.6
2007-07-02,70.112478,68512946.0,-171775571.1
2007-07-03,70.648688,68812946.0,21194606.400000002
2007-07-05,70.659207,65412946.0,-240241303.79999998
2007-07-06,71.341648,67362946.0,139116213.60000002
2007-07-09,72.168215,66762946.0,-43300929.0
2007-07-10,71.638384,64712946.0,-146858687.20000002
2007-07-11,71.95,65162946.0,32377500.0
2007-07-12,73.412,65412946.0,18353000.0
2007-07-13,73.954933,69412946.0,295819732.0
2007-07-16,72.91191,73712946.0,313521213.0
2007-07-17,72.264606,72962946.0,-54198454.5
2007-07-18,73.706769,68362932.0,-339052169.29476595
2007-07-19,74.356789,71812932.0,256530922.05
2007-07-20,73.93091,72812932.0,73930910.0
2007-07-23,74.237911,73312932.0,37118955.5
2007-07-24,71.984626,68912932.0,-316732354.40000004
2007-07-25,73.162613,68062932.0,-62188221.05
2007-07-26,70.650095,68962932.0,63585085.49999999
2007-07-27,69.003249,68262932.0,-48302274.3
2007-07-30,69.827285,68862932.0,41896371.0
2007-07-31,69.190026,65162932.0,-256003096.20000002
2007-08-01,69.139549,69562932.0,304214015.6
2007-08-02,68.550914,65162932.0,-301624021.6
2007-08-03,66.159123,62662932.0,-165397807.49999997
2007-08-06,66.651854,61762932.0,-59986668.6
2007-08-07,68.062953,63512932.0,119110167.74999999
2007-08-08,69.364086,65712932.0,152600989.2
2007-08-09,67.23928,70312932.0,309300688.0
2007-08-10,68.108247,72012932.0,115784019.9
2007-08-13,67.736645,72162932.0,10160496.75
2007-08-14,67.104098,72312932.0,10065614.7
2007-08-15,65.60728,69062932.0,-213223660.0
2007-08-16,64.978168,67812932.0,-81222710.0
2007-08-17,67.212365,69062932.0,84015456.25
2007-08-20,67.442014,74412932.0,360814774.9
2007-08-21,66.487937,72512932.0,-126327080.3
2007-08-22,67.227708,71162932.0,-90757405.80000001
2007-08-23,67.72814,71462932.0,20318442.0
2007-08-24,69.125888,67662932.0,-262678374.4
2007-08-27,68.524525,66062932.0,-109639240.0
2007-08-28,66.817224,66762932.0,46772056.8
2007-08-29,68.939636,64262932.0,-172349089.99999997
2007-08-30,68.850058,70262932.0,413100348.0
2007-08-31,69.55569,72712932.0,170411440.5
2007-09-04,71.062653,74462932.0,124359642.75
2007-09-05,70.983165,75312932.0,60335690.25
2007-09-06,71.561939,76062932.0,53671454.25
2007-09-07,70.51275,76062932.0,0.0
2007-09-10,70.06193,70662932.0,-378334422.0
2007-09-11,71.253447,69862932.0,-57002757.599999994
2007-09-12,71.849988,70712932.0,61072489.8
2007-09-13,72.401868,71812932.0,79642054.8
2007-09-14,72.589192,76012932.0,304874606.4
2007-09-17,72.536597,77012932.0,72536597.0
2007-09-18,74.743318,77112932.0,7474331.8
2007-09-19,75.326747,69962932.0,-538586241.05
2007-09-20,75.50681,77612932.0,577627096.5
2007-09-21,75.84854,67362932.0,-777447535.0
2007-09-24,75.306939,68362932.0,75306939.0
2007-09-25,74.527505,67362932.0,-74527505.0
2007-09-26,74.687536,67662932.0,22406260.799999997
2007-09-27,75.352233,66962932.0,-52746563.1
2007-09-28,74.985494,67312932.0,26244922.900000002
2007-10-01,76.016844,65112932.0,-167237056.8
2007-10-02,75.145285,60812932.0,-323124725.5
2007-10-03,74.434427,59812932.0,-74434427.0
2007-10-04,74.844589,60063827.0,18778133.157155
2007-10-05,75.076068,61113827.0,78829871.4
2007-10-08,74.440169,58363827.0,-204710464.75
2007-10-09,75.791566,57263827.0,-83370722.60000001
2007-10-10,76.676695,61263827.0,306706780.0
2007-10-11,76.494009,62363827.0,84143409.9
2007-10-12,77.091398,62713827.0,26981989.3
2007-10-15,77.863448,66513827.0,295881102.40000004
2007-10-16,78.094439,68763827.0,175712487.75
2007-10-17,77.605553,69213827.0,34922498.85
2007-10-18,78.008771,70563827.0,105311840.85
2007-10-19,74.614612,71163827.0,44768767.199999996
2007-10-22,73.763841,68113827.0,-224979715.05
2007-10-23,74.529867,69813827.0,126700773.89999999
2007-10-24,75.208277,68513827.0,-97770760.1
2007-10-25,75.920497,68813827.0,22776149.099999998
2007-10-26,76.829257,73163827.0,334207267.95
2007-10-29,77.305121,73913827.0,57978840.75
2007-10-30,74.950529,74413827.0,37475264.5
2007-10-31,76.557305,70263827.0,-317712815.75
2007-11-01,74.633551,74063827.0,283607493.8
2007-11-02,75.610329,73163827.0,-68049296.1
2007-11-05,75.32693,69013827.0,-312606759.5
2007-11-06,77.46482,63313827.0,-441549474.0
2007-11-07,75.101504,62363827.0,-71346428.80000001
2007-11-08,76.031759,54963827.0,-562635016.5999999
2007-11-09,74.553141,49813827.0,-383948676.15
2007-11-12,71.526355,49013827.0,-57221083.99999999
2007-11-13,73.121767,46163827.0,-208397035.95000002
2007-11-14,72.931011,50663827.0,328189549.5
2007-11-15,71.215335,54913827.0,302665173.75
2007-11-16,72.511697,55313827.0,29004678.8
2007-11-19,71.51103,58863827.0,253864156.50000003
2007-11-20,73.654416,62863827.0,294617664.0
2007-11-21,72.294146,66213827.0,242185389.1
2007-11-23,73.627901,68463827.0,165662777.25
2007-11-26,71.680533,71463827.0,215041599.0
2007-11-27,71.15072,49813827.0,-1540413088.0000002
2007-11-28,72.332467,64313827.0,1048820771.4999999
2007-11-29,73.118341,61713827.0,-190107686.6
2007-11-30,73.530626,61263827.0,-33088781.7
2007-12-03,73.8661,61463827.0,14773220.0
2007-12-04,73.185174,65563827.0,300059213.40000004
2007-12-05,74.494428,69913827.0,324050761.8
2007-12-06,76.434058,73613827.0,282806014.59999996
2007-12-07,76.278449,79513827.0,450042849.09999996
2007-12-10,76.820847,78813827.0,-53774592.9
2007-12-11,75.258025,80213827.0,105361235.0
2007-12-12,77.20254,74463827.0,-443914605.0
2007-12-13,77.711944,69463827.0,-388559720.0
2007-12-14,76.574943,67563827.0,-145492391.70000002
2007-12-17,74.944065,71013827.0,258557024.24999997
2007-12-18,76.018802,66363827.0,-353487429.29999995
2007-12-19,76.420146,65213827.0,-87883167.9
2007-12-20,77.185359,66613827.0,108059502.60000001
2007-12-21,78.961229,59063827.0,-596157278.95
2007-12-24,79.479065,62563827.0,278176727.5
2007-12-26,80.359904,77863827.0,1229506531.2
2007-12-27,79.527022,82663827.0,381729705.6
2007-12-28,80.232031,88563827.0,473368982.90000004
2007-12-31,79.215901,88313827.0,-19803975.25
2008-01-02,79.813747,92963827.0,371133923.55
2008-01-03,80.183826,80713827.0,-982251868.5
2008-01-04,77.989951,80764708.0,3968206.696831
2008-01-07,77.067942,80264708.0,-38533971.0
2008-01-08,76.071062,77864708.0,-182570548.79999998
2008-01-09,77.194378,77764708.0,-7719437.8
2008-01-10,76.728959,78914708.0,88238302.85000001
2008-01-11,75.667156,78214708.0,-52967009.2
2008-01-14,77.026982,77464708.0,-57770236.5
2008-01-15,74.168162,76964708.0,-37084081.0
2008-01-16,71.824698,76864708.0,-7182469.8
2008-01-17,68.927539,79114708.0,155086962.75
2008-01-18,69.184281,76814708.0,-159123846.29999998
2008-01-22,67.37823,82164708.0,360473530.5
2008-01-23,67.577095,84714708.0,172321592.25
2008-01-24,69.875483,86214708.0,104813224.5
2008-01-25,69.054419,86564708.0,24169046.65
2008-01-28,70.306298,80264708.0,-442929677.4
2008-01-29,70.691371,77264708.0,-212074113.0
2008-01-30,70.425625,77214708.0,-3521281.25
2008-01-31,70.517626,73664708.0,-250337572.3
2008-02-01,71.191929,73664708.0,0.0
2008-02-04,71.373932,71714708.0,-139179167.4
2008-02-05,68.669323,71214708.0,-34334661.5
2008-02-06,67.546119,71114708.0,-6754611.9
2008-02-07,68.512046,67864708.0,-222664149.5
2008-02-08,69.573752,67364708.0,-34786876.0
2008-02-11,71.404081,67514708.0,10710612.15
2008-02-12,71.310032,65514708.0,-142620064.0
2008-02-13,73.100363,65314708.0,-14620072.6
2008-02-14,73.038508,66164708.0,62082731.8
2008-02-15,72.836217,67514708.0,98328892.95
2008-02-19,74.699304,66014708.0,-112048956.0
2008-02-20,75.920377,71064708.0,383397903.85
2008-02-21,74.268824,71264708.0,14853764.799999999
2008-02-22,74.934282,70114708.0,-86174424.3
2008-02-25,76.883171,69364708.0,-57662378.25
2008-02-26,78.032413,72714708.0,261408583.55
2008-02-27,77.327622,76364708.0,282245820.3
2008-02-28,78.649902,75514708.0,-66852416.699999996
2008-02-29,76.235334,75864708.0,26682366.9
2008-03-03,76.868661,75064708.0,-61494928.800000004
2008-03-04,75.70257,74814708.0,-18925642.5
2008-03-05,77.188746,69114708.0,-439975852.2
2008-03-06,75.467437,70864708.0,132068014.75
2008-03-07,73.938173,66914708.0,-292055783.35
2008-03-10,72.934401,55514708.0,-831452171.4
2008-03-11,76.228961,53014708.0,-190572402.5
2008-03-12,75.036936,62164708.0,686587964.4
2008-03-13,76.124003,65564708.0,258821610.20000002
2008-03-14,74.840071,67064708.0,112260106.49999999
2008-03-17,72.56502,66664708.0,-29026008.0
2008-03-18,75.304446,60014708.0,-500774565.9
2008-03-19,71.05117,62564708.0,181180483.5
2008-03-20,71.193138,51064708.0,-818721087.0
2008-03-24,72.151294,60614708.0,689044857.6999999
2008-03-25,72.845901,61214708.0,43707540.6
2008-03-26,74.503707,62114708.0,67053336.300000004
2008-03-27,73.838274,62014708.0,-7383827.399999999
2008-03-28,73.600267,66014708.0,294401068.0
2008-03-31,74.061371,63914708.0,-155528879.1
2008-04-01,75.443196,62864708.0,-79215355.8
2008-04-02,76.414492,81514708.0,1425130275.8
2008-04-03,76.57636,83265623.0,134078697.3694
2008-04-04,77.478679,87215623.0,306040782.05
2008-04-07,77.647272,86265623.0,-73764908.4
2008-04-08,78.326171,83915623.0,-184066501.85
2008-04-09,78.739473,77715623.0,-488184732.6
2008-04-10,78.751843,68565623.0,-720579363.4499999
2008-04-11,77.560726,67315623.0,-96950907.5
2008-04-14,79.130582,63915623.0,-269043978.8
2008-04-15,79.870438,64365623.0,35941697.099999994
2008-04-16,82.074425,63465623.0,-73866982.5
2008-04-17,82.026334,65315623.0,151748717.9
2008-04-18,83.70496,67165623.0,154854176.0
2008-04-21,84.477526,67165623.0,0.0
2008-04-22,84.609758,69565623.0,203063419.2
2008-04-23,83.85533,74215623.0,389927284.5
2008-04-24,81.913405,73215623.0,-81913405.0
2008-04-25,83.026118,74165623.0,78874812.1
2008-04-28,82.76521,71565623.0,-215189546.0
2008-04-29,81.323187,67215623.0,-353755863.45000005
2008-04-30,81.943685,63415623.0,-311386003.0
2008-05-01,80.302822,63365623.0,-4015141.1
2008-05-02,81.514917,57765623.0,-456483535.2
2008-05-05,82.459476,61315623.0,292731139.8
2008-05-06,84.517031,72365623.0,933913192.5500001
2008-05-07,83.366165,72765623.0,33346465.999999996
2008-05-08,85.06809,81065623.0,706065147.0
2008-05-09,84.582226,78115623.0,-249517566.70000002
2008-05-12,84.361541,73515623.0,-388063088.6
2008-05-13,85.468175,71115623.0,-205123620.0
2008-05-14,84.502289,68865623.0,-190130150.25
2008-05-15,86.099034,64865623.0,-344396136.0
2008-05-16,88.494864,59765623.0,-451323806.40000004
2008-05-19,89.236515,61265623.0,133854772.5
2008-05-20,90.064902,67115623.0,526879676.70000005
2008-05-21,88.918424,69315623.0,195620532.8
2008-05-22,88.055214,72415623.0,272971163.40000004
2008-05-23,86.398773,66015623.0,-552952147.2
2008-05-27,85.832219,66265623.0,21458054.75
2008-05-28,87.250417,59215623.0,-615115439.85
2008-05-29,85.327685,63115623.0,332777971.5
2008-05-30,86.115428,63865623.0,64586570.99999999
2008-06-02,86.399287,62315623.0,-133918894.85000001
2008-06-03,84.927382,62965623.0,55202798.3
2008-06-04,83.669749,61665623.0,-108770673.69999999
2008-06-05,87.329901,61415623.0,-21832475.25
2008-06-06,86.192067,58815623.0,-224099374.2
2008-06-09,88.506508,66515623.0,681500111.6
2008-06-10,86.417471,66465623.0,-4320873.550000001
2008-06-11,87.145434,69815623.0,291937203.9
2008-06-12,85.609948,73115623.0,282512828.40000004
2008-06-13,86.522537,70865623.0,-194675708.25
2008-06-16,86.829169,69765623.0,-95512085.89999999
2008-06-17,88.454988,70015623.0,22113747.0
2008-06-18,88.516595,68365623.0,-146052381.75
2008-06-19,86.567646,69165623.0,69254116.8
2008-06-20,85.758442,48015623.0,-1813791048.3
2008-06-23,89.072583,54715623.0,596786306.0999999
2008-06-24,87.539149,58415623.0,323894851.29999995
2008-06-25,86.971886,56365623.0,-178292366.29999998
2008-06-26,86.089699,57715623.0,116221093.64999999
2008-06-27,86.956367,64515623.0,591303295.6
2008-06-30,88.417351,67565623.0,269672920.55
2008-07-01,88.968628,65365623.0,-195730981.6
2008-07-02,85.820828,67815623.0,210261028.60000002
2008-07-03,85.164671,67315623.0,-42582335.5
2008-07-07,83.069414,66866468.0,-37311042.645169996
2008-07-08,81.755788,63616468.0,-265706311.0
2008-07-09,79.867415,67016468.0,271549211.0
2008-07-10,82.141768,69566468.0,209461508.4
2008-07-11,81.670676,73716468.0,338933305.4
2008-07-14,82.356396,71266468.0,-201773170.20000002
2008-07-15,78.812266,70516468.0,-59109199.49999999
2008-07-16,77.098951,65866468.0,-358510122.15
2008-07-17,75.577511,63766468.0,-158712773.1
2008-07-18,76.69365,65616468.0,141883252.5
2008-07-21,79.077189,64966468.0,-51400172.85
2008-07-22,77.006669,66616468.0,127061003.85000001
2008-07-23,73.787036,78766468.0,896512487.4
2008-07-24,73.350412,81866468.0,227386277.20000002
2008-07-25,74.12727,82366468.0,37063635.0
2008-07-28,73.899773,82466468.0,7389977.3
2008-07-29,73.197471,83216468.0,54898103.24999999
2008-07-30,77.508142,79566468.0,-282904718.3
2008-07-31,74.842687,82916468.0,250723001.45
2008-08-01,74.619817,81116468.0,-134315670.6
2008-08-04,70.801305,80316468.0,-56641044.0
2008-08-05,71.374994,70616468.0,-692337441.8
2008-08-06,73.013338,78566468.0,580456037.1
2008-08-07,71.892813,78816468.0,17973203.25
2008-08-08,71.23291,73366468.0,-388219359.5
2008-08-11,71.018818,70816468.0,-181097985.89999998
2008-08-12,70.691836,67916468.0,-205006324.39999998
2008-08-13,73.293988,65916468.0,-146587976.0
2008-08-14,72.327651,64816468.0,-79560416.10000001
2008-08-15,70.984489,65166468.0,24844571.15
2008-08-18,70.122724,66416468.0,87653405.0
2008-08-19,72.215989,60316468.0,-440517532.9
2008-08-20,74.479593,64016468.0,275574494.09999996
2008-08-21,76.17491,61966468.0,-156158565.5
2008-08-22,74.786801,63916468.0,145834261.95
2008-08-25,73.75638,64866468.0,70068561.0
2008-08-26,75.123054,62066468.0,-210344551.2
2008-08-27,76.142087,60816468.0,-95177608.75
2008-08-28,75.346626,59916468.0,-67811963.4
2008-08-29,74.403845,59116468.0,-59523076.0
2008-09-02,70.731577,59916468.0,56585261.6
2008-09-03,70.279989,65566468.0,397081937.85
2008-09-04,68.86185,65716468.0,10329277.5
2008-09-05,68.617003,62166468.0,-243590360.64999998
2008-09-08,67.947318,61116468.0,-71344683.89999999
2008-09-09,63.31791,58666468.0,-155128879.5
2008-09-10,65.677403,64116468.0,357941846.34999996
2008-09-11,66.745911,57616468.0,-433848421.50000006
2008-09-12,68.730635,54616468.0,-206191905.00000003
2008-09-15,63.707573,56166468.0,98746738.14999999
2008-09-16,66.097955,56716468.0,36353875.25
2008-09-17,64.456718,59566468.0,183701646.29999998
2008-09-18,66.371252,59916468.0,23229938.2
2008-09-19,70.992501,70316468.0,738322010.4000001
2008-09-22,70.177254,92216468.0,1536881862.6000001
2008-09-23,67.978016,109716468.0,1189615280.0
2008-09-24,67.973272,122166468.0,846267236.4
2008-09-25,69.470541,129416468.0,503661422.25
2008-09-26,67.98831,131966468.0,173370190.5
2008-09-29,60.231149,129416468.0,-153589429.95000002
2008-09-30,63.86778,125266468.0,-265051287.0
2008-10-01,62.410773,103616468.0,-1351193235.45
2008-10-02,58.012344,101817372.0,-104369776.041024
2008-10-03,57.830822,102317372.0,28915411.0
2008-10-06,55.398621,106567372.0,235444139.25
2008-10-07,51.933495,106767372.0,10386699.0
2008-10-08,52.409597,102717372.0,-212258867.85
2008-10-09,46.404839,94967372.0,-359637502.25
2008-10-10,42.58415,94417372.0,-23421282.5
2008-10-13,50.732622,99467372.0,256199741.1
2008-10-14,50.730977,99817372.0,17755841.95
2008-10-15,42.684013,95617372.0,-179272854.6
2008-10-16,45.83609,95267372.0,-16042631.5
2008-10-17,45.932082,96767372.0,68898123.0
2008-10-20,51.136595,95317372.0,-74148062.75
2008-10-21,49.004626,96367372.0,51454857.300000004
2008-10-22,43.711653,85967372.0,-454601191.2
2008-10-23,46.354447,77817372.0,-377788743.05
2008-10-24,44.455784,80667372.0,126698984.4
2008-10-27,41.79596,78717372.0,-81502122.0
2008-10-28,46.617918,83067372.0,202787943.3
2008-10-29,48.005407,93417372.0,496855962.45
2008-10-30,50.400491,100167372.0,340203314.25
2008-10-31,50.936617,100717372.0,28015139.349999998
2008-11-03,49.674231,99267372.0,-72027634.95
2008-11-04,53.134668,97017372.0,-119553003.0
2008-11-05,50.72888,101267372.0,215597740.0
2008-11-06,47.487543,100317372.0,-45113165.85
2008-11-07,49.744929,97917372.0,-119387829.6
2008-11-10,50.076267,97817372.0,-5007626.7
2008-11-11,48.329567,96817372.0,-48329567.0
2008-11-12,44.657471,95967372.0,-37958850.35
2008-11-13,49.694342,95867372.0,-4969434.2
2008-11-14,47.642632,96867372.0,47642632.0
2008-11-17,46.792389,99717372.0,133358308.65
2008-11-18,48.197011,100767372.0,50606861.550000004
2008-11-19,45.542266,95517372.0,-239096896.5
2008-11-20,39.974062,96567372.0,41972765.1
2008-11-21,44.731218,97417372.0,38021535.3
2008-11-24,47.777268,101167372.0,179164755.0
2008-11-25,48.218017,107017372.0,282075399.45000005
2008-11-26,51.233575,107867372.0,43548538.75
2008-11-28,50.337414,108967372.0,55371155.400000006
2008-12-01,44.861674,107017372.0,-87480264.3
2008-12-02,46.4285,106917372.0,-4642850.0
2008-12-03,46.45985,103417372.0,-162609475.0
2008-12-04,43.222868,103917372.0,21611434.0
2008-12-05,43.866945,102567372.0,-59220375.75
2008-12-08,46.573021,104517372.0,90817390.94999999
2008-12-09,46.500403,106017372.0,69750604.5
2008-12-10,48.982739,103767372.0,-110211162.75
2008-12-11,48.736023,105467372.0,82851239.10000001
2008-12-12,48.156746,107867372.0,115576190.39999999
2008-12-15,48.014408,108217372.0,16805042.8
2008-12-16,49.744913,108367372.0,7461736.949999999
2008-12-17,49.12477,109817372.0,71230916.5
2008-12-18,46.235991,108667372.0,-53171389.65
2008-12-19,46.027995,91417372.0,-793982913.75
2008-12-22,44.719443,100967372.0,427070680.65
2008-12-23,44.550208,99767372.0,-53460249.599999994
2008-12-24,44.607809,96967372.0,-124901865.2
2008-12-26,45.377435,95117372.0,-83948254.75
2008-12-29,46.350647,94667372.0,-20857791.150000002
2008-12-30,47.247107,93967372.0,-33072974.9
2008-12-31,47.825216,93117372.0,-40651433.6
2009-01-02,50.263302,93768792.0,32742520.18884
2009-01-05,51.26579,93468792.0,-15379737.0
2009-01-06,51.900167,97168792.0,192030617.9
2009-01-07,49.672138,96868792.0,-14901641.399999999
2009-01-08,50.326069,95668792.0,-60391282.8
2009-01-09,48.622466,90168792.0,-267423563.00000003
2009-01-12,46.83063,87618792.0,-119418106.5
2009-01-13,47.894967,89068792.0,69447702.15
2009-01-14,45.675239,89268792.0,9135047.799999999
2009-01-15,46.086157,90118792.0,39173233.45
2009-01-16,46.538268,90118792.0,0.0
2009-01-20,44.115517,92568792.0,108083016.64999999
2009-01-21,47.016829,88568792.0,-188067316.0
2009-01-22,45.73695,88018792.0,-25155322.5
2009-01-23,47.127559,88318792.0,14138267.7
2009-01-26,47.976183,90968792.0,127136884.95
2009-01-27,48.051398,88268792.0,-129738774.6
2009-01-28,49.437386,88768792.0,24718693.0
2009-01-29,47.511584,88268792.0,-23755792.0
2009-01-30,46.763926,84718792.0,-166011937.29999998
2009-02-02,46.123591,83718792.0,-46123591.0
2009-02-03,47.026553,87718792.0,188106212.0
2009-02-04,47.320009,89518792.0,85176016.2
2009-02-05,48.576386,90018792.0,24288193.0
2009-02-06,49.524331,90168792.0,7428649.649999999
2009-02-09,49.750312,87268792.0,-144275904.8
2009-02-10,47.325722,87718792.0,21296574.9
2009-02-11,46.817391,87368792.0,-16386086.85
2009-02-12,46.900038,87368792.0,0.0
2009-02-13,46.970753,87268792.0,-4697075.3
2009-02-17,43.70527,87518792.0,10926317.5
2009-02-18,43.426186,89618792.0,91194990.60000001
2009-02-19,43.534069,90568792.0,41357365.550000004
2009-02-20,42.305877,91018792.0,19037644.650000002
2009-02-23,40.389695,92018792.0,40389695.0
2009-02-24,42.378016,92818792.0,33902412.800000004
2009-02-25,42.087408,93868792.0,44191778.400000006
2009-02-26,42.160232,96068792.0,92752510.4
2009-02-27,41.082907,96968792.0,36974616.3
2009-03-02,38.074115,96118792.0,-32362997.75
2009-03-03,38.340679,95968792.0,-5751101.850000001
2009-03-04,40.165623,94418792.0,-62256715.64999999
2009-03-05,38.327755,98068792.0,139896305.75
2009-03-06,38.696114,100168792.0,81261839.4
2009-03-09,38.861487,99118792.0,-40804561.349999994
2009-03-10,40.985797,101568792.0,100415202.64999999
2009-03-11,40.635177,102018792.0,18285829.65
2009-03-12,41.91139,99218792.0,-117351891.99999999
2009-03-13,41.524958,100868792.0,68516180.7
2009-03-16,42.029394,100668792.0,-8405878.8
2009-03-17,43.522414,101118792.0,19585086.3
2009-03-18,43.966054,101968792.0,37371145.9
2009-03-19,44.974815,102018792.0,2248740.75
2009-03-20,43.025241,85868792.0,-694857642.15
2009-03-23,46.520227,97568792.0,544286655.9
2009-03-24,45.397126,102318792.0,215636348.5
2009-03-25,45.531483,100818792.0,-68297224.5
2009-03-26,45.906062,99568792.0,-57382577.5
2009-03-27,44.476171,103218792.0,162338024.15
2009-03-30,42.788647,101318792.0,-81298429.3
2009-03-31,42.580616,100768792.0,-23419338.8
2009-04-01,43.454347,93318792.0,-323734885.15
2009-04-02,45.165502,96120554.0,126542987.21452399
2009-04-03,46.005086,96820554.0,32203560.2
2009-04-06,45.131963,95820554.0,-45131963.0
2009-04-07,43.789696,94120554.0,-74442483.2
2009-04-08,44.387225,93120554.0,-44387225.0
2009-04-09,45.576945,93520554.0,18230778.0
2009-04-13,45.157715,93570554.0,2257885.75
2009-04-14,44.953463,92170554.0,-62934848.199999996
2009-04-15,45.000994,95470554.0,148503280.2
2009-04-16,45.27589,94470554.0,-45275890.0
2009-04-17,45.712779,94470554.0,0.0
2009-04-20,43.411724,91870554.0,-112870482.4
2009-04-21,44.465269,93220554.0,60028113.15
2009-04-22,43.984028,93220554.0,0.0
2009-04-23,44.804097,93220554.0,0.0
2009-04-24,46.138206,93220554.0,0.0
2009-04-27,45.162342,95620554.0,108389620.80000001
2009-04-28,45.28373,94620554.0,-45283730.0
2009-04-29,46.676488,93920554.0,-32673541.599999998
2009-04-30,45.73595,93520554.0,-18294380.0
2009-05-01,47.325017,92620554.0,-42592515.300000004
2009-05-04,49.148367,93170554.0,27031601.85
2009-05-05,48.439494,92470554.0,-33907645.800000004
2009-05-06,50.417658,91320554.0,-57980306.7
2009-05-07,49.695648,89020554.0,-114299990.39999999
2009-05-08,51.947482,89220554.0,10389496.4
2009-05-11,50.219004,91970554.0,138102261.0
2009-05-12,50.596787,91870554.0,-5059678.7
2009-05-13,48.864606,88920554.0,-144150587.70000002
2009-05-14,49.11463,89020554.0,4911463.0
2009-05-15,47.942231,89120554.0,4794223.1
2009-05-18,49.665145,86920554.0,-109263319.0
2009-05-19,49.908585,87370554.0,22458863.25
2009-05-20,50.052266,87520554.0,7507839.9
2009-05-21,48.505295,87820554.0,14551588.499999998
2009-05-22,48.60317,87320554.0,-24301585.0
2009-05-26,49.708659,88220554.0,44737793.099999994
2009-05-27,49.143154,86520554.0,-83543361.80000001
2009-05-28,50.808709,86570554.0,2540435.45
2009-05-29,51.527074,87170554.0,30916244.4
2009-06-01,53.653842,86020554.0,-61701918.3
2009-06-02,53.460894,87720554.0,90883519.80000001
2009-06-03,51.312534,87970554.0,12828133.5
2009-06-04,52.485573,89170554.0,62982687.6
2009-06-05,52.067657,88420554.0,-39050742.75
2009-06-08,52.023194,87720554.0,-36416235.8
2009-06-09,52.584691,90020554.0,120944789.3
2009-06-10,52.971501,88970554.0,-55620076.050000004
2009-06-11,54.046679,87120554.0,-99986356.14999999
2009-06-12,53.432818,87570554.0,24044768.099999998
2009-06-15,52.033261,90570554.0,156099783.0
2009-06-16,50.93373,89870554.0,-35653611.0
2009-06-17,50.068523,88220554.0,-82613062.95
2009-06-18,49.951674,89770554.0,77425094.69999999
2009-06-19,49.214187,77520554.0,-602873790.75
2009-06-22,46.688187,88720554.0,522907694.4
2009-06-23,47.092157,89120554.0,18836862.8
2009-06-24,47.161731,90370554.0,58952163.75000001
2009-06-25,48.285775,90570554.0,9657155.0
2009-06-26,47.866284,92420554.0,88552625.4
2009-06-29,48.37629,91220554.0,-58051548.0
2009-06-30,48.028863,90120554.0,-52831749.300000004
2009-07-01,48.082785,88570554.0,-74528316.75
2009-07-02,46.239987,87072510.0,-69269535.085428
2009-07-06,45.626888,85572510.0,-68440332.0
2009-07-07,44.475022,81822510.0,-166781332.5
2009-07-08,44.471417,79422510.0,-106731400.80000001
2009-07-09,45.096202,79322510.0,-4509620.2
2009-07-10,44.614975,79422510.0,4461497.5
2009-07-13,45.385155,82472510.0,138424722.75
2009-07-14,46.002796,87572510.0,234614259.6
2009-07-15,47.650419,92022510.0,212044364.55
2009-07-16,48.221438,96172510.0,200118967.7
2009-07-17,48.435587,96022510.0,-7265338.05
2009-07-20,49.355056,96422510.0,19742022.4
2009-07-21,49.776012,95772510.0,-32354407.8
2009-07-22,49.214296,95522510.0,-12303574.0
2009-07-23,50.73419,96472510.0,48197480.5
2009-07-24,51.22297,97522510.0,53784118.5
2009-07-27,51.363404,94122510.0,-174635573.60000002
2009-07-28,50.505762,96322510.0,111112676.39999999
2009-07-29,49.407912,95322510.0,-49407912.0
2009-07-30,50.190648,94872510.0,-22585791.6
2009-07-31,50.594116,95172510.0,15178234.8
2009-08-03,51.97957,96022510.0,44182634.5
2009-08-04,51.843718,96072510.0,2592185.9
2009-08-05,51.281709,95072510.0,-51281709.0
2009-08-06,50.853022,95472510.0,20341208.8
2009-08-07,50.879087,95822510.0,17807680.45
2009-08-10,51.089814,95772510.0,-2554490.6999999997
2009-08-11,50.25201,94572510.0,-60302412.0
2009-08-12,50.901533,91922510.0,-134889062.45
2009-08-13,51.452627,93922510.0,102905254.0
2009-08-14,50.634381,94722510.0,40507504.8
2009-08-17,49.065019,94872510.0,7359752.85
2009-08-18,49.61691,97472510.0,129003966.0
2009-08-19,50.51424,98122510.0,32834256.0
2009-08-20,50.980937,98772510.0,33137609.049999997
2009-08-21,52.435593,99772510.0,52435593.0
2009-08-24,53.039969,100822510.0,55691967.449999996
2009-08-25,52.235796,103072510.0,117530541.0
2009-08-26,52.44827,107322510.0,222905147.5
2009-08-27,52.246157,107972510.0,33960002.05
2009-08-28,52.116267,106872510.0,-57327893.7
2009-08-31,51.109762,106722510.0,-7666464.300000001
2009-09-01,50.258857,104572510.0,-108056542.55
2009-09-02,49.966747,104922510.0,17488361.45
2009-09-03,50.236162,103822510.0,-55259778.2
2009-09-04,51.035202,103322510.0,-25517601.0
2009-09-08,52.416988,102672510.0,-34071042.2
2009-09-09,52.52176,105972510.0,173321808.0
2009-09-10,53.453562,105722510.0,-13363390.5
2009-09-11,53.6033,105072510.0,-34842145.0
2009-09-14,53.986349,103672510.0,-75580888.6
2009-09-15,54.554328,104972510.0,70920626.39999999
2009-09-16,55.89614,108272510.0,184457262.0
2009-09-17,55.534991,112722510.0,247130709.95
2009-09-18,55.238533,99772510.0,-715339002.3499999
2009-09-21,54.725532,109172510.0,514420000.8
2009-09-22,55.629741,107872510.0,-72318663.3
2009-09-23,54.476279,108422510.0,29961953.45
2009-09-24,53.604153,104072510.0,-233178065.54999998
2009-09-25,53.503989,102472510.0,-85606382.39999999
2009-09-28,54.475538,100572510.0,-103503522.2
2009-09-29,54.226702,100122510.0,-24402015.900000002
2009-09-30,53.957306,99272510.0,-45863710.1
2009-10-01,52.31085,96724200.0,-133304262.16350001
2009-10-02,51.929138,96474200.0,-12982284.5
2009-10-05,53.187069,95474200.0,-53187069.0
2009-10-06,54.399743,97574200.0,114239460.3
2009-10-07,54.769126,97024200.0,-30123019.3
2009-10-08,56.172752,95274200.0,-98302316.0
2009-10-09,56.214821,102874200.0,427232639.6
2009-10-12,56.923666,103124200.0,14230916.5
2009-10-13,56.924189,103124200.0,0.0
2009-10-14,57.952176,101724200.0,-81133046.4
2009-10-15,59.167824,104574200.0,168628298.4
2009-10-16,59.062629,106124200.0,91547074.95
2009-10-19,59.842268,102874200.0,-194487371.0
2009-10-20,59.351527,99124200.0,-222568226.25
2009-10-21,59.18089,98574200.0,-32549489.5
2009-10-22,59.536943,100124200.0,92282261.65
2009-10-23,58.259331,101624200.0,87388996.5
2009-10-26,57.332146,101474200.0,-8599821.9
2009-10-27,57.799069,97924200.0,-205186694.95000002
2009-10-28,55.923978,96624200.0,-72701171.39999999
2009-10-29,57.518465,96324200.0,-17255539.5
2009-10-30,55.377664,98124200.0,99679795.2
2009-11-02,55.612003,96774200.0,-75076204.05
2009-11-03,56.387808,96024200.0,-42290856.0
2009-11-04,56.313692,95424200.0,-33788215.2
2009-11-05,57.264241,94874200.0,-31495332.55
2009-11-06,57.05422,100474200.0,319503632.0
2009-11-09,58.175885,105024200.0,264700276.75
2009-11-10,58.168306,106524200.0,87252459.0
2009-11-11,58.212291,106174200.0,-20374301.85
2009-11-12,56.922009,106874200.0,39845406.300000004
2009-11-13,57.2775,103874200.0,-171832500.0
2009-11-16,58.783522,102774200.0,-64661874.199999996
2009-11-17,58.674471,106174200.0,199493201.39999998
2009-11-18,58.43307,104624200.0,-90571258.5
2009-11-19,57.077245,106074200.0,82762005.25
2009-11-20,56.524602,105174200.0,-50872141.800000004
2009-11-23,57.359127,106524200.0,77434821.45
2009-11-24,57.594215,106074200.0,-25917396.75
2009-11-25,58.245758,105374200.0,-40772030.6
2009-11-27,56.781196,106474200.0,62459315.6
2009-11-30,56.852405,106474200.0,0.0
2009-12-01,57.702171,107274200.0,46161736.8
2009-12-02,57.22472,108724200.0,82975844.0
2009-12-03,56.354559,106224200.0,-140886397.5
2009-12-04,55.935475,105074200.0,-64325796.24999999
2009-12-07,55.793728,103724200.0,-75321532.8
2009-12-08,54.768435,103224200.0,-27384217.5
2009-12-09,54.876508,102374200.0,-46645031.800000004
2009-12-10,55.516963,100024200.0,-130464863.05
2009-12-11,55.537667,101724200.0,94414033.89999999
2009-12-14,56.112928,101074200.0,-36473403.199999996
2009-12-15,56.250881,101474200.0,22500352.4
2009-12-16,56.664727,102724200.0,70830908.75
2009-12-17,56.267252,106674200.0,222255645.4
2009-12-18,56.167213,95424200.0,-631881146.25
2009-12-21,56.833424,101674200.0,355208900.0
2009-12-22,57.131091,101024200.0,-37135209.15
2009-12-23,57.537369,102574200.0,89182921.95
2009-12-24,57.806303,98474200.0,-237005842.3
2009-12-28,57.908641,98474200.0,0.0
2009-12-29,57.477372,97374200.0,-63225109.2
2009-12-30,57.484285,96924200.0,-25867928.25
2009-12-31,56.971845,98574200.0,94003544.25
2010-01-04,58.781231,97774200.0,-47024984.8
2010-01-05,59.371927,98374200.0,35623156.2
2010-01-06,60.052231,96924200.0,-87075734.95
2010-01-07,59.93642,94474200.0,-146844229.0
2010-01-08,60.344302,92824200.0,-99568098.3
2010-01-11,60.229286,92174200.0,-39149035.9
2010-01-12,59.318076,91474200.0,-41522653.199999996
2010-01-13,59.652568,92974200.0,89478852.0
2010-01-14,59.769442,93774200.0,47815553.6
2010-01-15,59.270517,95274200.0,88905775.5
2010-01-19,59.868579,96724200.0,86809439.55
2010-01-20,58.845154,96674200.0,-2942257.7
2010-01-21,57.633763,96074200.0,-34580257.800000004
2010-01-22,56.229838,99224200.0,177123989.7
2010-01-25,56.675951,99224200.0,0.0
2010-01-26,56.367143,98224200.0,-56367143.0
2010-01-27,56.037093,97574200.0,-36424110.449999996
2010-01-28,55.4591,96324200.0,-69323875.0
2010-01-29,54.543324,97924200.0,87269318.39999999
2010-02-01,56.266839,98724200.0,45013471.199999996
2010-02-02,57.070319,96374200.0,-134115249.64999999
2010-02-03,56.620027,96024200.0,-19817009.45
2010-02-04,54.282458,95024200.0,-54282458.0
2010-02-05,54.206625,94324200.0,-37944637.5
2010-02-08,53.757833,92624200.0,-91388316.1
2010-02-09,54.916752,95624200.0,164750256.0
2010-02-10,54.640474,102624200.0,382483318.0
2010-02-11,55.626631,105774200.0,175223887.65
2010-02-12,55.446434,105424200.0,-19406251.900000002
2010-02-16,56.972537,105874200.0,25637641.650000002
2010-02-17,56.820328,106324200.0,25569147.6
2010-02-18,57.165004,105574200.0,-42873753.0
2010-02-19,57.327841,101924200.0,-209246619.65
2010-02-22,56.558278,100674200.0,-70697847.5
2010-02-23,55.578761,101074200.0,22231504.4
2010-02-24,56.015999,100274200.0,-44812799.2
2010-02-25,55.985525,100474200.0,11197105.0
2010-02-26,56.112851,100274200.0,-11222570.2
2010-03-01,56.692621,96524200.0,-212597328.75
2010-03-02,57.201752,96224200.0,-17160525.6
2010-03-03,57.399201,96224200.0,0.0
2010-03-04,57.135231,93574200.0,-151408362.15
2010-03-05,58.213521,94824200.0,72766901.25
2010-03-08,58.074076,95174200.0,20325926.599999998
2010-03-09,58.069334,95924200.0,43552000.5
2010-03-10,58.498856,95824200.0,-5849885.600000001
2010-03-11,58.497899,95974200.0,8774684.85
2010-03-12,58.517301,95374200.0,-35110380.6
2010-03-15,57.876541,95174200.0,-11575308.200000001
2010-03-16,58.427627,92674200.0,-146069067.5
2010-03-17,59.058308,101174200.0,501995618.0
2010-03-18,58.195169,101174200.0,0.0
2010-03-19,57.324325,92624200.0,-490122978.75
2010-03-22,57.149365,97574200.0,282889356.75
2010-03-23,57.358983,102474200.0,281059016.7
2010-03-24,57.016839,105324200.0,162497991.15
2010-03-25,56.023936,103824200.0,-84035904.0
2010-03-26,56.110027,102524200.0,-72943035.10000001
2010-03-29,57.208267,102874200.0,20022893.45
2010-03-30,57.239422,105774200.0,165994323.79999998
2010-03-31,57.532908,103774200.0,-115065816.0
2010-04-01,58.56266,102174200.0,-93700256.0
2010-04-05,59.605075,101874200.0,-17881522.5
2010-04-06,59.595301,103374200.0,89392951.5
2010-04-07,58.945075,103374200.0,0.0
2010-04-08,59.245913,103324200.0,-2962295.65
2010-04-09,59.852872,103724200.0,23941148.8
2010-04-12,60.023725,103874200.0,9003558.75
2010-04-13,59.713974,105124200.0,74642467.5
2010-04-14,60.352444,105874200.0,45264333.0
2010-04-15,60.332429,106724200.0,51282564.65
2010-04-16,59.266576,106724200.0,0.0
2010-04-19,59.34829,107174200.0,26706730.5
2010-04-20,60.585357,106774200.0,-24234142.8
2010-04-21,60.488555,107424200.0,39317560.75
2010-04-22,60.542058,107874200.0,27243926.099999998
2010-04-23,62.061344,105674200.0,-136534956.79999998
2010-04-26,61.873497,108624200.0,182526816.15
2010-04-27,59.969917,109124200.0,29984958.5
2010-04-28,60.597211,105824200.0,-199970796.3
2010-04-29,60.674779,105474200.0,-21236172.65
2010-04-30,59.924967,110024200.0,272658599.85
2010-05-03,60.581266,111424200.0,84813772.4
2010-05-04,58.947005,111874200.0,26526152.25
2010-05-05,58.013897,113574200.0,98623624.9
2010-05-06,56.028249,112324200.0,-70035311.25
2010-05-07,54.96282,110424200.0,-104429358.0
2010-05-10,57.3417,107424200.0,-172025100.0
2010-05-11,56.923877,107174200.0,-14230969.25
2010-05-12,57.782061,104124200.0,-176235286.04999998
2010-05-13,57.315459,103374200.0,-42986594.25
2010-05-14,56.15644,102524200.0,-47732974.0
2010-05-17,55.600108,102124200.0,-22240043.2
2010-05-18,55.176973,102724200.0,33106183.799999997
2010-05-19,54.575142,101524200.0,-65490170.4
2010-05-20,52.081507,102074200.0,28644828.85
2010-05-21,53.080857,101974200.0,-5308085.7
2010-05-24,51.842972,104624200.0,137383875.8
2010-05-25,51.911913,105874200.0,64889891.25
2010-05-26,51.87547,113424200.0,391659798.5
2010-05-27,54.095107,113974200.0,29752308.849999998
2010-05-28,52.967613,114974200.0,52967613.0
2010-06-01,50.458231,115874200.0,45412407.9
2010-06-02,52.812869,116124200.0,13203217.25
2010-06-03,53.43957,116024200.0,-5343957.0
2010-06-04,51.544245,113274200.0,-141746673.75
2010-06-07,51.084582,111824200.0,-74072643.89999999
2010-06-08,51.966821,110074200.0,-90941936.75
2010-06-09,51.353478,109424200.0,-33379760.700000003
2010-06-10,54.039629,109874200.0,24317833.05
2010-06-11,54.317086,110924200.0,57032940.300000004
2010-06-14,54.079592,106474200.0,-240654184.4
2010-06-15,55.651898,105874200.0,-33391138.8
2010-06-16,55.560426,106724200.0,47226362.1
2010-06-17,55.520171,106174200.0,-30536094.049999997
2010-06-18,55.601471,99274200.0,-383650149.9
2010-06-21,55.455182,107274200.0,443641456.0
2010-06-22,53.843559,105724200.0,-83457516.45
2010-06-23,53.409532,106174200.0,24034289.4
2010-06-24,52.285494,105674200.0,-26142747.0
2010-06-25,52.458404,106124200.0,23606281.8
2010-06-28,51.732121,107724200.0,82771393.6
2010-06-29,50.008092,107524200.0,-10001618.4
2010-06-30,49.704068,105924200.0,-79526508.8
2010-07-01,49.51839,107324200.0,69325746.0
2010-07-02,49.389286,105674200.0,-81492321.89999999
2010-07-06,49.882119,105374200.0,-14964635.700000001
2010-07-07,51.647401,105174200.0,-10329480.200000001
2010-07-08,52.384917,106024200.0,44527179.45
2010-07-09,52.617402,108674200.0,139436115.29999998
2010-07-12,52.494498,108674200.0,0.0
2010-07-13,53.135607,108924200.0,13283901.75
2010-07-14,52.99727,110474200.0,82145768.5
2010-07-15,53.014241,110474200.0,0.0
2010-07-16,51.551584,110324200.0,-7732737.6
2010-07-19,52.070843,110824200.0,26035421.5
2010-07-20,53.187071,113374200.0,135627031.05
2010-07-21,52.456253,112774200.0,-31473751.799999997
2010-07-22,53.618855,113324200.0,29490370.250000004
2010-07-23,53.762189,116824200.0,188167661.5
2010-07-26,54.328305,115774200.0,-57044720.25
2010-07-27,53.98806,114874200.0,-48589254.0
2010-07-28,53.886874,115324200.0,24249093.3
2010-07-29,53.955035,115874200.0,29675269.25
2010-07-30,53.86108,116474200.0,32316648.0
2010-08-02,55.757231,115574200.0,-50181507.9
2010-08-03,55.7819,118174200.0,145032940.0
2010-08-04,56.167258,116224200.0,-109526153.1
2010-08-05,56.221721,116074200.0,-8433258.15
2010-08-06,55.600762,115174200.0,-50040685.800000004
2010-08-09,55.888916,113024200.0,-120161169.4
2010-08-10,55.400373,112724200.0,-16620111.9
2010-08-11,53.741394,107074200.0,-303638876.1
2010-08-12,53.444356,107774200.0,37411049.2
2010-08-13,53.304737,110224200.0,130596605.65
2010-08-16,53.358113,110224200.0,0.0
2010-08-17,54.230573,110924200.0,37961401.1
2010-08-18,53.665898,110124200.0,-42932718.4
2010-08-19,52.840277,109374200.0,-39630207.75
2010-08-20,52.148716,110474200.0,57363587.6
2010-08-23,52.199575,110474200.0,0.0
2010-08-24,51.39184,110674200.0,10278368.0
2010-08-25,51.223723,109624200.0,-53784909.15
2010-08-26,50.68393,113124200.0,177393755.0
2010-08-27,52.130152,111924200.0,-62556182.400000006
2010-08-30,51.345011,112574200.0,33374257.15
2010-08-31,51.196531,112874200.0,15358959.3
2010-09-01,53.128461,113674200.0,42502768.800000004
2010-09-02,53.644589,112674200.0,-53644589.0
2010-09-03,54.215763,112524200.0,-8132364.45
2010-09-07,53.353469,113024200.0,26676734.5
2010-09-08,53.867568,116174200.0,169682839.2
2010-09-09,53.931619,116824200.0,35055552.35
2010-09-10,54.525408,116174200.0,-35441515.199999996
2010-09-13,54.922582,116174200.0,0.0
2010-09-14,54.743843,112824200.0,-183391874.04999998
2010-09-15,54.621758,114524200.0,92856988.6
2010-09-16,54.395522,114724200.0,10879104.4
2010-09-17,53.861184,107024200.0,-414731116.8
2010-09-20,54.843075,112224200.0,285183990.0
2010-09-21,54.784227,114124200.0,104090031.3
2010-09-22,54.482411,112974200.0,-62654772.65
2010-09-23,54.069341,112324200.0,-35145071.65
2010-09-24,55.338886,111724200.0,-33203331.6
2010-09-27,55.067366,117324200.0,308377249.6
2010-09-28,55.4902,116374200.0,-52715690.0
2010-09-29,56.044007,117424200.0,58846207.35
2010-09-30,56.050857,117474200.0,2802542.85
2010-10-01,56.792065,119124200.0,93706907.25
2010-10-04,56.088126,120074200.0,53283719.7
2010-10-05,57.460977,118574200.0,-86191465.5
2010-10-06,57.890013,117874200.0,-40523009.1
2010-10-07,57.641546,117424200.0,-25938695.7
2010-10-08,58.42,116174200.0,-73025000.0
2010-10-11,58.501298,117424200.0,73126622.5
2010-10-12,58.420431,117874200.0,26289193.95
2010-10-13,59.147822,118224200.0,20701737.7
2010-10-14,59.037217,115374200.0,-168256068.45
2010-10-15,59.237034,114624200.0,-44427775.5
2010-10-18,59.625655,113824200.0,-47700524.0
2010-10-19,58.171689,115724200.0,110526209.1
2010-10-20,58.990612,113124200.0,-153375591.2
2010-10-21,58.858237,113324200.0,11771647.4
2010-10-22,59.306986,112574200.0,-44480239.5
2010-10-25,59.407285,112424200.0,-8911092.75
2010-10-26,59.52058,112074200.0,-20832203.0
2010-10-27,59.314542,113874200.0,106766175.60000001
2010-10-28,59.230043,112774200.0,-65153047.300000004
2010-10-29,59.20639,112424200.0,-20722236.5
2010-11-01,59.383109,111774200.0,-38599020.85
2010-11-02,59.998981,112074200.0,17999694.3
2010-11-03,60.106596,111524200.0,-33058627.8
2010-11-04,61.943582,110174200.0,-83623835.7
2010-11-05,62.266427,112874200.0,168119352.9
2010-11-08,62.503765,111974200.0,-56253388.5
2010-11-09,62.338281,113024200.0,65455195.050000004
2010-11-10,63.201957,112124200.0,-56881761.3
2010-11-11,63.851055,112124200.0,0.0
2010-11-12,62.88967,113574200.0,91190021.5
2010-11-15,62.631111,113074200.0,-31315555.5
2010-11-16,61.4206,113474200.0,24568240.0
2010-11-17,61.72613,111874200.0,-98761808.0
2010-11-18,63.119807,112474200.0,37871884.2
2010-11-19,63.580708,113074200.0,38148424.800000004
2010-11-22,63.375774,111274200.0,-114076393.2
2010-11-23,62.125722,108974200.0,-142889160.6
2010-11-24,63.274151,110024200.0,66437858.550000004
2010-11-26,62.526504,114224200.0,262611316.8
2010-11-29,62.916525,113724200.0,-31458262.5
2010-11-30,62.693384,116974200.0,203753498.0
2010-12-01,64.538487,124274200.0,471130955.1
2010-12-02,65.497052,127074200.0,183391745.6
2010-12-03,65.845754,130524200.0,227167851.3
2010-12-06,66.021012,132474200.0,128740973.39999999
2010-12-07,65.752512,130724200.0,-115066896.0
2010-12-08,65.445246,133374200.0,173429901.9
2010-12-09,65.658447,124774200.0,-564662644.1999999
2010-12-10,65.912289,124374200.0,-26364915.6
2010-12-13,66.413744,124624200.0,16603435.999999998
2010-12-14,66.171875,126274200.0,109183593.75
2010-12-15,65.692431,127374200.0,72261674.1
2010-12-16,66.174487,128524200.0,76100660.05
2010-12-17,65.810092,128174200.0,-23033532.2
2010-12-20,66.376849,129024200.0,56420321.650000006
2010-12-21,66.987803,129174200.0,10048170.45
2010-12-22,67.243952,130174200.0,67243952.0
2010-12-23,67.41439,129424200.0,-50560792.5
2010-12-27,67.151889,129174200.0,-16787972.25
2010-12-28,67.40811,123674200.0,-370744604.99999994
2010-12-29,68.052817,122574200.0,-74858098.7
2010-12-30,68.155586,123274200.0,47708910.2
2010-12-31,68.157701,123024200.0,-17039425.25
2011-01-03,68.748606,123424200.0,27499442.4
2011-01-04,68.206901,123574200.0,10231035.15
2011-01-05,68.425015,124374200.0,54740012.0
2011-01-06,67.800641,125374200.0,67800641.0
2011-01-07,68.280179,125524200.0,10242026.850000001
2011-01-10,68.026816,125074200.0,-30612067.2
2011-01-11,69.185961,124074200.0,-69185961.0
2011-01-12,70.027756,120574200.0,-245097146.0
2011-01-13,69.914714,121324200.0,52436035.5
2011-01-14,70.636866,121324200.0,0.0
2011-01-18,71.078104,122724200.0,99509345.6
2011-01-19,70.243665,122524200.0,-14048732.999999998
2011-01-20,69.741554,118724200.0,-265017905.2
2011-01-21,70.102009,119224200.0,35051004.5
2011-01-24,70.367959,114174200.0,-355358192.95
2011-01-25,70.137487,115574200.0,98192481.8
2011-01-26,71.8317,119274200.0,265777290.0
2011-01-27,71.412528,119624200.0,24994384.799999997
2011-01-28,71.161791,118324200.0,-92510328.3
2011-01-31,73.091014,118874200.0,40200057.7
2011-02-01,74.293827,123374200.0,334322221.49999994
2011-02-02,74.323324,126874200.0,260131634.0
2011-02-03,74.384488,128124200.0,92980610.0
2011-02-04,74.160038,128374200.0,18540009.5
2011-02-07,74.576549,126974200.0,-104407168.6
2011-02-08,74.30815,129724200.0,204347412.5
2011-02-09,73.37814,129224200.0,-36689070.0
2011-02-10,74.110659,125274200.0,-292737103.05
2011-02-11,74.071198,126074200.0,59256958.4
2011-02-14,75.735382,123774200.0,-174191378.6
2011-02-15,74.936139,125224200.0,108657401.55
2011-02-16,75.954274,124924200.0,-22786282.2
2011-02-17,76.720587,125924200.0,76720587.0
2011-02-18,76.998032,127024200.0,84697835.19999999
2011-02-22,76.278654,124824200.0,-167813038.8
2011-02-23,77.78895,128424200.0,280040220.0
2011-02-24,76.70665,137574200.0,701865847.5
2011-02-25,77.966174,137374200.0,-15593234.799999999
2011-02-28,78.413654,139424200.0,160747990.7
2011-03-01,77.047957,140674200.0,96309946.25
2011-03-02,77.508107,139974200.0,-54255674.9
2011-03-03,78.801313,140274200.0,23640393.9
2011-03-04,78.322275,140324200.0,3916113.7500000005
2011-03-07,77.676423,140774200.0,34954390.35
2011-03-08,77.12231,140974200.0,15424462.0
2011-03-09,76.616192,139324200.0,-126416716.8
2011-03-10,73.810208,139374200.0,3690510.4000000004
2011-03-11,75.1528,135674200.0,-278065360.0
2011-03-14,75.579835,132824200.0,-215402529.75
2011-03-15,75.005086,134124200.0,97506611.80000001
2011-03-16,73.755326,133924200.0,-14751065.2
2011-03-17,76.070799,133574200.0,-26624779.65
2011-03-18,75.487538,134474200.0,67938784.2
2011-03-21,77.701138,130424200.0,-314689608.9
2011-03-22,77.515649,132124200.0,131776603.3
2011-03-23,77.701212,133874200.0,135977121.0
2011-03-24,77.939673,131374200.0,-194849182.5
2011-03-25,78.670434,130324200.0,-82603955.7
2011-03-28,78.509287,132774200.0,192347753.15
2011-03-29,79.471788,136524200.0,298019205.0
2011-03-30,80.027271,137174200.0,52017726.15
2011-03-31,79.755311,139024200.0,147547325.35000002
2011-04-01,80.082344,137174200.0,-148152336.4
2011-04-04,80.087728,136774200.0,-32035091.2
2011-04-05,80.314834,143024200.0,501967712.5
2011-04-06,79.388817,145724200.0,214349805.9
2011-04-07,79.484538,143674200.0,-162943302.9
2011-04-08,79.721019,144074200.0,31888407.599999998
2011-04-11,78.133527,141774200.0,-179707112.1
2011-04-12,75.758622,140324200.0,-109850001.9
2011-04-13,76.047949,129724200.0,-806108259.4
2011-04-14,76.520656,125774200.0,-302256591.2
2011-04-15,77.195205,127524200.0,135091608.75
2011-04-18,76.036137,127224200.0,-22810841.099999998
2011-04-19,76.896874,124574200.0,-203776716.1
2011-04-20,78.574516,125324200.0,58930887.0
2011-04-21,79.05627,131524200.0,490148874.0
2011-04-25,78.565186,132474200.0,74636926.7
2011-04-26,79.370519,131724200.0,-59527889.25
2011-04-27,79.332173,130124200.0,-126931476.8
2011-04-28,79.284568,130024200.0,-7928456.799999999
2011-04-29,80.487347,129824200.0,-16097469.4
2011-05-02,79.396602,129924200.0,7939660.2
2011-05-03,77.414534,127424200.0,-193536335.0
2011-05-04,76.086142,123274200.0,-315757489.29999995
2011-05-05,74.428305,122724200.0,-40935567.75
2011-05-06,74.710847,120124200.0,-194248202.2
2011-05-09,76.09803,118924200.0,-91317636.0
2011-05-10,76.491455,119174200.0,19122863.75
2011-05-11,74.249275,120074200.0,66824347.5
2011-05-12,74.2072,115024200.0,-374746360.0
2011-05-13,73.846441,113574200.0,-107077339.45
2011-05-16,73.246768,119174200.0,410181900.8
2011-05-17,73.191846,118574200.0,-43915107.6
2011-05-18,74.704274,118124200.0,-33616923.3
2011-05-19,74.754899,123924200.0,433578414.2
2011-05-20,74.646794,124524200.0,44788076.4
2011-05-23,73.500359,121724200.0,-205801005.20000002
2011-05-24,74.520581,121374200.0,-26082203.35
2011-05-25,75.761834,125424200.0,306835427.7
2011-05-26,76.162187,127774200.0,178981139.45000002
2011-05-27,76.32754,127124200.0,-49612901.0
2011-05-31,77.113151,126774200.0,-26989602.85
2011-06-01,75.268928,127074200.0,22580678.400000002
2011-06-02,75.21566,123824200.0,-244450895.0
2011-06-03,75.249603,124624200.0,60199682.39999999
2011-06-06,73.576651,124024200.0,-44145990.6
2011-06-07,73.552977,118774200.0,-386153129.25
2011-06-08,73.780845,118574200.0,-14756169.0
2011-06-09,74.759281,121474200.0,216801914.9
2011-06-10,73.297159,123174200.0,124605170.29999998
2011-06-13,72.168921,120624200.0,-184030748.54999998
2011-06-14,73.693334,117974200.0,-195287335.1
2011-06-15,72.041511,119574200.0,115266417.6
2011-06-16,72.139455,114324200.0,-378732138.75
2011-06-17,71.675886,118274200.0,283119749.70000005
2011-06-20,71.891413,116824200.0,-104242548.85
2011-06-21,73.328368,120374200.0,260315706.4
2011-06-22,73.087132,121424200.0,76741488.6
2011-06-23,72.31457,123074200.0,119319040.5
2011-06-24,70.906723,116724200.0,-450257691.05
2011-06-27,71.348251,114174200.0,-181938040.05
2011-06-28,73.368563,117674200.0,256789970.49999997
2011-06-29,74.224516,117224200.0,-33401032.199999996
2011-06-30,75.36231,119574200.0,177101428.5
2011-07-01,76.074713,120574200.0,76074713.0
2011-07-05,76.506043,120224200.0,-26777115.05
2011-07-06,76.359633,122174200.0,148901284.35
2011-07-07,77.440458,120424200.0,-135520801.5
2011-07-08,76.820951,121574200.0,88344093.64999999
2011-07-11,75.074038,119174200.0,-180177691.20000002
2011-07-12,74.783017,117124200.0,-153305184.85
2011-07-13,75.32555,117174200.0,3766277.5000000005
2011-07-14,74.854319,118074200.0,67368887.10000001
2011-07-15,76.909324,116374200.0,-130745850.8
2011-07-18,76.562777,116074200.0,-22968833.099999998
2011-07-19,77.993868,111624200.0,-347072712.6
2011-07-20,77.772545,116524200.0,381085470.49999994
2011-07-21,79.323478,116974200.0,35695565.099999994
2011-07-22,79.749347,119674200.0,215323236.9
2011-07-25,79.404823,118774200.0,-71464340.69999999
2011-07-26,79.028749,119774200.0,79028749.0
2011-07-27,77.527627,119374200.0,-31011050.799999997
2011-07-28,77.208576,112724200.0,-513437030.4
2011-07-29,76.444735,112674200.0,-3822236.7499999995
2011-08-01,76.350441,112024200.0,-49627786.650000006
2011-08-02,74.221762,113324200.0,96488290.6
2011-08-03,73.750616,114974200.0,121688516.39999999
2011-08-04,68.474704,113274200.0,-116406996.80000001
2011-08-05,68.145614,104874200.0,-572423157.5999999
2011-08-08,62.269736,116724200.0,737896371.6
2011-08-09,65.455383,116974200.0,16363845.75
2011-08-10,63.194477,118874200.0,120069506.3
2011-08-11,66.535064,120124200.0,83168830.0
2011-08-12,66.962782,120624200.0,33481391.000000004
2011-08-15,69.292866,115374200.0,-363787546.5
2011-08-16,68.020561,122424200.0,479544955.05
2011-08-17,68.384362,115024200.0,-506044278.79999995
2011-08-18,64.335508,115224200.0,12867101.600000001
2011-08-19,63.209986,111874200.0,-211753453.1
2011-08-22,62.741081,110924200.0,-59604026.95
2011-08-23,65.617297,114774200.0,252626593.45
2011-08-24,65.985124,126274200.0,758828926.0
2011-08-25,64.548605,130024200.0,242057268.74999997
2011-08-26,65.781527,129724200.0,-19734458.099999998
2011-08-29,67.765965,129824200.0,6776596.499999999
2011-08-30,68.130834,123774200.0,-412191545.6999999
2011-08-31,68.626839,123674200.0,-6862683.9
2011-09-01,68.023116,120824200.0,-193865880.6
2011-09-02,66.206333,119724200.0,-72826966.3
2011-09-06,65.485551,117974200.0,-114599714.25
2011-09-07,67.937587,118324200.0,23778155.45
2011-09-08,67.107995,119174200.0,57041795.75
2011-09-09,64.854981,117974200.0,-77825977.19999999
2011-09-12,65.17753,112574200.0,-351958662.0
2011-09-13,65.398377,111574200.0,-65398377.0
2011-09-14,66.18607,109574200.0,-132372140.0
2011-09-15,67.530209,116774200.0,486217504.8
2011-09-16,67.134011,118974200.0,147694824.2
2011-09-19,66.110347,114874200.0,-271052422.70000005
2011-09-20,65.572631,112974200.0,-124587998.9
2011-09-21,62.880108,110924200.0,-128904221.4
2011-09-22,59.3239,106974200.0,-234329405.0
2011-09-23,58.708274,102274200.0,-275928887.8
2011-09-26,60.85456,100724200.0,-94324568.0
2011-09-27,61.777183,104224200.0,216220140.5
2011-09-28,59.688884,106874200.0,158175542.6
2011-09-29,60.359987,105724200.0,-69413985.05
2011-09-30,58.539394,107024200.0,76101212.2
2011-10-03,56.47866,107224200.0,11295732.0
2011-10-04,58.376655,108174200.0,55457822.25
2011-10-05,60.522539,111924200.0,226959521.25
2011-10-06,61.704342,116574200.0,286925190.3
2011-10-07,60.834889,115224200.0,-82127100.14999999
2011-10-10,63.649431,112374200.0,-181400878.35
2011-10-11,63.698183,115174200.0,178354912.4
2011-10-12,64.146001,112374200.0,-179608802.79999998
2011-10-13,64.088436,109074200.0,-211491838.8
2011-10-14,66.536869,107774200.0,-86497929.69999999
2011-10-17,65.391282,106824200.0,-62121717.900000006
2011-10-18,67.501908,106224200.0,-40501144.8
2011-10-19,66.802478,106174200.0,-3340123.9
2011-10-20,67.281528,107424200.0,84101910.0
2011-10-21,68.519931,106074200.0,-92501906.85
2011-10-24,69.477147,105674200.0,-27790858.8
2011-10-25,67.932298,111274200.0,380420868.8
2011-10-26,69.467783,107424200.0,-267450964.54999998
2011-10-27,72.510321,107474200.0,3625516.0500000003
2011-10-28,72.981406,110174200.0,197049796.20000002
2011-10-31,69.666931,114024200.0,268217684.35000002
2011-11-01,67.437076,108274200.0,-387763187.0
2011-11-02,69.551365,100424200.0,-545978215.25
2011-11-03,71.386949,103074200.0,189175414.85
2011-11-04,71.287891,105474200.0,171090938.4
2011-11-07,71.706804,107574200.0,150584288.4
2011-11-08,72.78735,107724200.0,10918102.5
2011-11-09,69.57713,108174200.0,31309708.5
2011-11-10,70.843683,106924200.0,-88554603.75
2011-11-11,72.202194,104824200.0,-151624607.4
2011-11-14,71.306611,105424200.0,42783966.6
2011-11-15,71.197483,103824200.0,-113915972.80000001
2011-11-16,70.213441,103124200.0,-49149408.7
2011-11-17,68.504287,101974200.0,-78779930.05000001
2011-11-18,68.163508,97774200.0,-286286733.59999996
2011-11-21,66.965736,97174200.0,-40179441.6
2011-11-22,66.326133,97824200.0,43111986.449999996
2011-11-23,64.289956,98574200.0,48217467.0
2011-11-25,63.819292,101124200.0,162739194.6
2011-11-28,66.218383,101374200.0,16554595.75
2011-11-29,67.247975,103324200.0,131133551.25
2011-11-30,70.987876,104824200.0,106481814.0
2011-12-01,70.501326,108324200.0,246754641.00000003
2011-12-02,70.420788,107724200.0,-42252472.800000004
2011-12-05,71.261249,105224200.0,-178153122.50000003
2011-12-06,71.248065,106624200.0,99747291.0
2011-12-07,70.577691,107074200.0,31759960.95
2011-12-08,68.653351,107624200.0,37759343.05
2011-12-09,70.217594,107274200.0,-24576157.900000002
2011-12-12,68.451187,107224200.0,-3422559.35
2011-12-13,67.956115,105724200.0,-101934172.5
2011-12-14,65.997922,106424200.0,46198545.4
2011-12-15,65.75994,101774200.0,-305783721.0
2011-12-16,66.177621,98574200.0,-211768387.20000002
2011-12-19,64.965272,99974200.0,90951380.8
2011-12-20,67.648009,97624200.0,-158972821.15
2011-12-21,68.417396,100374200.0,188147839.0
2011-12-22,69.18313,100224200.0,-10377469.5
2011-12-23,69.66249,102574200.0,163706851.5
2011-12-27,69.804486,102974200.0,27921794.4
2011-12-28,68.423364,103624200.0,44475186.6
2011-12-29,69.185652,99674200.0,-273283325.40000004
2011-12-30,69.129102,97174200.0,-172822755.0
2012-01-03,71.03785,97274200.0,7103785.000000001
2012-01-04,71.205875,100924200.0,259901443.75000003
2012-01-05,70.776453,101674200.0,53082339.75
2012-01-06,70.434626,101874200.0,14086925.2
2012-01-09,70.796953,101574200.0,-21239085.900000002
2012-01-10,71.392372,105174200.0,257012539.2
2012-01-11,70.373703,106124200.0,66855017.85000001
2012-01-12,69.807097,107724200.0,111691355.2
2012-01-13,69.469211,108774200.0,72942671.55
2012-01-17,69.962221,110924200.0,150418775.15
2012-01-18,71.121298,112024200.0,78233427.8
2012-01-19,71.370779,113574200.0,110624707.45
2012-01-20,71.348736,115524200.0,139130035.20000002
2012-01-23,71.962445,116274200.0,53971833.75
2012-01-24,71.764915,114724200.0,-111235618.25
2012-01-25,72.706811,116074200.0,98154194.85000001
2012-01-26,71.634291,116674200.0,42980574.6
2012-01-27,71.454055,115824200.0,-60735946.75
2012-01-30,71.170218,111124200.0,-334500024.6
2012-01-31,70.68596,106774200.0,-307483926.0
2012-02-01,71.031942,103724200.0,-216647423.1
2012-02-02,71.497935,102524200.0,-85797522.0
2012-02-03,72.798729,103874200.0,98278284.14999999
2012-02-06,73.633524,105874200.0,147267048.0
2012-02-07,73.994015,109024200.0,233081147.25
2012-02-08,73.729322,106924200.0,-154831576.2
2012-02-09,73.763654,106774200.0,-11064548.1
2012-02-10,73.017676,106724200.0,-3650883.8
2012-02-13,73.62446,103974200.0,-202467265.0
2012-02-14,73.76349,106574200.0,191785074.0
2012-02-15,73.649927,105724200.0,-62602437.95
2012-02-16,74.605137,105424200.0,-22381541.1
2012-02-17,74.836267,107374200.0,145930720.65
2012-02-21,75.386456,107524200.0,11307968.399999999
2012-02-22,75.547751,110424200.0,219088477.9
2012-02-23,75.950686,113124200.0,205066852.20000002
2012-02-24,76.224769,112374200.0,-57168576.74999999
2012-02-27,75.90331,114574200.0,166987282.0
2012-02-28,75.705022,115374200.0,60564017.6
2012-02-29,74.892692,112774200.0,-194720999.2
2012-03-01,75.635327,113274200.0,37817663.5
2012-03-02,74.680695,112024200.0,-93350868.75
2012-03-05,74.30917,110374200.0,-122610130.49999999
2012-03-06,73.036349,107924200.0,-178939055.05
2012-03-07,73.650171,108174200.0,18412542.75
2012-03-08,74.244732,108174200.0,0.0
2012-03-09,74.226472,111174200.0,222679416.0
2012-03-12,73.781572,110874200.0,-22134471.599999998
2012-03-13,74.717347,110474200.0,-29886938.8
2012-03-14,73.934559,111874200.0,103508382.6
2012-03-15,74.086199,111674200.0,-14817239.799999999
2012-03-16,74.776218,111574200.0,-7477621.8
2012-03-19,75.201509,114724200.0,236884753.35
2012-03-20,73.999003,115774200.0,77698953.15
2012-03-21,73.160763,113174200.0,-190217983.8
2012-03-22,71.477002,109974200.0,-228726406.4
2012-03-23,72.239555,102874200.0,-512900840.49999994
2012-03-26,72.798306,103224200.0,25479407.099999998
2012-03-27,72.09306,104424200.0,86511672.0
2012-03-28,71.190184,106874200.0,174415950.8
2012-03-29,71.189766,107274200.0,28475906.400000002
2012-03-30,71.757343,109874200.0,186569091.8
2012-04-02,72.467898,108674200.0,-86961477.60000001
2012-04-03,71.811161,112224200.0,254929621.54999998
2012-04-04,70.900495,105374200.0,-485668390.75000006
2012-04-05,70.538006,102924200.0,-172818114.7
2012-04-09,69.606572,101924200.0,-69606572.0
2012-04-10,68.242777,101674200.0,-17060694.25
2012-04-11,68.196264,101824200.0,10229439.6
2012-04-12,69.781958,104324200.0,174454895.0
2012-04-13,68.608213,108874200.0,312167369.15000004
2012-04-16,68.203024,106974200.0,-129585745.6
2012-04-17,69.416045,107474200.0,34708022.5
2012-04-18,69.242438,109024200.0,107325778.9
2012-04-19,69.119666,107974200.0,-72575649.3
2012-04-20,68.986372,105324200.0,-182813885.8
2012-04-23,68.8769,106324200.0,68876900.0
2012-04-24,69.405756,105424200.0,-62465180.4
2012-04-25,70.110675,106924200.0,105166012.5
2012-04-26,70.780956,107574200.0,46007621.4
2012-04-27,70.761871,108924200.0,95528525.85
2012-04-30,71.24108,109024200.0,7124108.0
2012-05-01,72.276376,107324200.0,-122869839.2
2012-05-02,71.054874,107374200.0,3552743.6999999997
2012-05-03,69.90693,106624200.0,-52430197.5
2012-05-04,68.303711,103274200.0,-228817431.85000002
2012-05-07,68.122131,98224200.0,-344016761.54999995
2012-05-08,67.850064,99374200.0,78027573.60000001
2012-05-09,67.467105,97874200.0,-101200657.5
2012-05-10,67.89227,99824200.0,132389926.5
2012-05-11,67.312902,97824200.0,-134625804.0
2012-05-14,66.226357,97074200.0,-49669767.74999999
2012-05-15,65.102362,94874200.0,-143225196.4
2012-05-16,64.805369,98524200.0,236539596.85
2012-05-17,64.352451,98374200.0,-9652867.65
2012-05-18,63.883911,100074200.0,108602648.7
2012-05-21,65.448458,101874200.0,117807224.4
2012-05-22,65.228995,102474200.0,39137397.0
2012-05-23,65.522096,80974200.0,-1408725064.0
2012-05-24,65.34058,80974200.0,0.0
2012-05-25,65.200647,81424200.0,29340291.150000002
2012-05-29,66.194289,95224200.0,913481188.1999999
2012-05-30,64.181353,97924200.0,173289653.1
2012-05-31,63.626746,98874200.0,60445408.699999996
2012-06-01,62.094876,95374200.0,-217332066.0
2012-06-04,62.042854,97324200.0,120983565.3
2012-06-05,62.55032,101274200.0,247073764.0
2012-06-06,64.506197,103124200.0,119336464.45
2012-06-07,64.537933,104624200.0,96806899.5
2012-06-08,64.484679,104624200.0,0.0
2012-06-11,63.635393,105274200.0,41363005.45
2012-06-12,64.49564,102724200.0,-164463882.0
2012-06-13,63.712868,102374200.0,-22299503.8
2012-06-14,64.764219,102374200.0,0.0
2012-06-15,65.631856,103124200.0,49223892.0
2012-06-18,64.99811,103274200.0,9749716.5
2012-06-19,65.979552,103374200.0,6597955.2
2012-06-20,65.692602,106774200.0,223354846.79999998
2012-06-21,62.986237,100774200.0,-377917422.0
2012-06-22,63.344422,99224200.0,-98183854.10000001
2012-06-25,62.027574,96424200.0,-173677207.20000002
2012-06-26,62.680607,97324200.0,56412546.300000004
2012-06-27,64.016189,100174200.0,182446138.65
2012-06-28,64.440547,103624200.0,222319887.14999998
2012-06-29,66.413464,104574200.0,63092790.800000004
2012-07-02,66.414848,109124200.0,302187558.40000004
2012-07-03,68.027449,107524200.0,-108843918.4
2012-07-05,67.038737,110574200.0,204468147.85
2012-07-06,66.295461,111524200.0,62980687.95
2012-07-09,66.008522,110074200.0,-95712356.9
2012-07-10,64.983259,108874200.0,-77979910.80000001
2012-07-11,65.875685,105174200.0,-243740034.50000003
2012-07-12,65.582397,106724200.0,101652715.35
2012-07-13,66.757785,105974200.0,-50068338.75
2012-07-16,67.023136,105524200.0,-30160411.199999996
2012-07-17,67.833044,107874200.0,159407653.4
2012-07-18,68.42676,105824200.0,-140274858.0
2012-07-19,68.655172,105624200.0,-13731034.399999999
2012-07-20,68.752332,103874200.0,-120316580.99999999
2012-07-23,68.082419,103374200.0,-34041209.5
2012-07-24,67.038198,102974200.0,-26815279.2
2012-07-25,67.122656,101774200.0,-80547187.2
2012-07-26,69.064242,101224200.0,-37985333.099999994
2012-07-27,70.236306,102624200.0,98330828.4
2012-07-30,70.414286,101274200.0,-95059286.10000001
2012-07-31,69.584717,102424200.0,80022424.55
2012-08-01,70.041419,100924200.0,-105062128.5
2012-08-02,68.797984,98524200.0,-165115161.6
2012-08-03,70.479573,98124200.0,-28191829.2
2012-08-06,70.613735,98124200.0,0.0
2012-08-07,71.669555,102224200.0,293845175.5
2012-08-08,71.775077,102474200.0,17943769.25
2012-08-09,72.215136,103574200.0,79436649.6
2012-08-10,72.415775,103574200.0,0.0
2012-08-13,72.058839,106024200.0,176544155.55
2012-08-14,71.994277,104524200.0,-107991415.5
2012-08-15,71.905604,105624200.0,79096164.39999999
2012-08-16,72.651155,105424200.0,-14530231.0
2012-08-17,72.523663,105774200.0,25383282.05
2012-08-20,72.357582,104324200.0,-104918493.89999999
2012-08-21,72.13251,105124200.0,57706008.0
2012-08-22,72.317343,105624200.0,36158671.5
2012-08-23,71.536419,105974200.0,25037746.65
2012-08-24,72.007966,105974200.0,0.0
2012-08-27,71.951388,106574200.0,43170832.8
2012-08-28,72.03705,106774200.0,14407409.999999998
2012-08-29,71.616142,107174200.0,28646456.799999997
2012-08-30,70.79731,106674200.0,-35398655.0
2012-08-31,71.479509,104974200.0,-121515165.29999998
2012-09-04,70.975548,106074200.0,78073102.8
2012-09-05,70.744468,104824200.0,-88430585.0
2012-09-06,72.188972,104374200.0,-32485037.400000002
2012-09-07,73.4622,104474200.0,7346220.0
2012-09-10,73.149651,106074200.0,117039441.60000001
2012-09-11,73.968432,106024200.0,-3698421.6000000006
2012-09-12,74.31099,105274200.0,-55733242.5
2012-09-13,75.626263,104574200.0,-52938384.099999994
2012-09-14,76.640799,105024200.0,34488359.55
2012-09-17,75.95996,104524200.0,-37979980.0
2012-09-18,75.359991,102874200.0,-124343985.14999999
2012-09-19,74.691753,105224200.0,175525619.55
2012-09-20,74.92598,106124200.0,67433382.0
2012-09-21,74.717824,108274200.0,160643321.6
2012-09-24,74.224119,105474200.0,-207827533.20000002
2012-09-25,73.479264,104924200.0,-40413595.2
2012-09-26,72.766651,107124200.0,160086632.2
2012-09-27,73.829984,107324200.0,14765996.799999999
2012-09-28,73.452415,105974200.0,-99160760.25
2012-10-01,73.885103,103224200.0,-203184033.25
2012-10-02,73.940205,94174200.0,-669158855.25
2012-10-03,72.996116,99424200.0,383229609.0
2012-10-04,73.788194,100974200.0,114371700.7
2012-10-05,73.575698,103674200.0,198654384.6
2012-10-08,73.66397,104724200.0,77347168.5
2012-10-09,73.76457,105474200.0,55323427.50000001
2012-10-10,72.381105,107624200.0,155619375.75
2012-10-11,72.96211,107824200.0,14592422.0
2012-10-12,72.543449,107474200.0,-25390207.15
2012-10-15,72.914525,105824200.0,-120308966.25
2012-10-16,74.12792,106524200.0,51889544.0
2012-10-17,75.002029,106924200.0,30000811.599999998
2012-10-18,75.012461,106274200.0,-48758099.65
2012-10-19,73.838892,103674200.0,-191981119.20000002
2012-10-22,73.50316,101424200.0,-165382110.0
2012-10-23,71.743939,101524200.0,7174393.899999999
2012-10-24,71.209497,100674200.0,-60528072.449999996
2012-10-25,71.855105,100074200.0,-43113063.0
2012-10-26,71.977456,101024200.0,68378583.2
2012-10-29,71.977122,100624200.0,-28790848.799999997
2012-10-30,71.976778,100624200.0,0.0
2012-10-31,71.87109,100624200.0,0.0
2012-11-01,72.312651,99474200.0,-83159548.65
2012-11-02,71.0564,101174200.0,120795880.0
2012-11-05,71.661015,101324200.0,10749152.25
2012-11-06,72.829803,102574200.0,91037253.75
2012-11-07,70.774709,101224200.0,-95545857.15
2012-11-08,69.564044,100724200.0,-34782022.0
2012-11-09,69.593573,100924200.0,13918714.600000001
2012-11-12,69.698952,100924200.0,0.0
2012-11-13,69.373994,101474200.0,38155696.699999996
2012-11-14,68.538796,97674200.0,-260447424.8
2012-11-15,68.631741,97574200.0,-6863174.100000001
2012-11-16,68.887501,97724200.0,10333125.15
2012-11-19,70.542403,96724200.0,-70542403.0
2012-11-20,70.255828,97574200.0,59717453.8
2012-11-21,70.641954,97324200.0,-17660488.5
2012-11-23,71.599636,96074200.0,-89499545.0
2012-11-26,70.91548,96324200.0,17728870.0
2012-11-27,70.282809,96324200.0,0.0
2012-11-28,71.028584,96374200.0,3551429.1999999997
2012-11-29,71.134599,98074200.0,120928818.3
2012-11-30,71.108391,97474200.0,-42665034.6
2012-12-03,70.677303,97724200.0,17669325.75
2012-12-04,70.40043,97724200.0,0.0
2012-12-05,70.90481,98224200.0,35452405.0
2012-12-06,71.116432,98024200.0,-14223286.4
2012-12-07,71.561815,99924200.0,135967448.5
2012-12-10,71.495169,100624200.0,50046618.300000004
2012-12-11,71.880167,100624200.0,0.0
2012-12-12,72.15507,100124200.0,-36077535.0
2012-12-13,71.497453,100574200.0,32173853.849999998
2012-12-14,71.21497,100574200.0,0.0
2012-12-17,71.859287,100774200.0,14371857.399999999
2012-12-18,73.18457,102374200.0,117095311.99999999
2012-12-19,72.654815,101724200.0,-47225629.75
2012-12-20,73.225241,99974200.0,-128144171.75
2012-12-21,72.080778,100174200.0,14416155.6
2012-12-24,71.505621,97224200.0,-210941581.95000002
2012-12-26,71.181524,97424200.0,14236304.799999999
2012-12-27,71.073401,96674200.0,-53305050.75
2012-12-28,69.846045,95624200.0,-73338347.25
2012-12-31,71.397834,94824200.0,-57118267.2
2013-01-02,73.020645,94374200.0,-32859290.25
2013-01-03,72.990232,96974200.0,189774603.20000002
2013-01-04,73.813805,97824200.0,62741734.25
2013-01-07,73.219933,103274200.0,399048634.84999996
2013-01-08,73.001282,102924200.0,-25550448.700000003
2013-01-09,72.828512,101574200.0,-98318491.2
2013-01-10,73.545374,99324200.0,-165477091.5
2013-01-11,73.638784,99574200.0,18409696.0
2013-01-14,73.619963,98574200.0,-73619963.0
2013-01-15,73.983969,98374200.0,-14796793.8
2013-01-16,74.263559,97024200.0,-100255804.65
2013-01-17,74.766987,95974200.0,-78505336.35
2013-01-18,75.466615,97074200.0,83013276.5
2013-01-22,76.216338,94024200.0,-232459830.89999998
2013-01-23,75.934603,94324200.0,22780380.9
2013-01-24,76.213309,94624200.0,22863992.7
2013-01-25,76.92119,98274200.0,280762343.5
2013-01-28,76.710085,98874200.0,46026051.00000001
2013-01-29,78.058604,98974200.0,7805860.4
2013-01-30,77.575687,99074200.0,7757568.7
2013-01-31,77.288552,97724200.0,-104339545.19999999
2013-02-01,78.097091,97374200.0,-27333981.85
2013-02-04,77.35368,97324200.0,-3867684.0
2013-02-05,77.993663,97174200.0,-11699049.45
2013-02-06,78.079088,99574200.0,187389811.2
2013-02-07,77.895424,99274200.0,-23368627.200000003
2013-02-08,78.626204,98274200.0,-78626204.0
2013-02-11,78.187808,97024200.0,-97734760.0
2013-02-12,78.40353,96024200.0,-78403530.0
2013-02-13,78.708506,96124200.0,7870850.6
2013-02-14,79.299043,96124200.0,0.0
2013-02-15,78.451144,96324200.0,15690228.8
2013-02-19,79.375886,96074200.0,-19843971.5
2013-02-20,77.694921,96724200.0,50501698.65
2013-02-21,77.133911,96324200.0,-30853564.4
2013-02-22,77.980074,96874200.0,42889040.7
2013-02-25,75.882398,97724200.0,64500038.3
2013-02-26,76.64477,96974200.0,-57483577.49999999
2013-02-27,77.883016,96374200.0,-46729809.6
2013-02-28,77.954233,97024200.0,50670251.45
2013-03-01,77.752769,96574200.0,-34988746.05
2013-03-04,77.600357,94924200.0,-128040589.05
2013-03-05,78.169867,93424200.0,-117254800.5
2013-03-06,78.224696,94074200.0,50846052.4
2013-03-07,78.621767,95174200.0,86483943.7
2013-03-08,78.997565,93774200.0,-110596590.99999999
2013-03-11,79.011491,93774200.0,0.0
2013-03-12,79.122602,93624200.0,-11868390.3
2013-03-13,78.928771,94224200.0,47357262.6
2013-03-14,80.04522,95024200.0,64036176.0
2013-03-15,79.637885,96624200.0,127420616.0
2013-03-18,78.918845,95524200.0,-86810729.5
2013-03-19,78.06543,96424200.0,70258887.0
2013-03-20,78.581637,97874200.0,113943373.65
2013-03-21,78.114527,98374200.0,39057263.5
2013-03-22,78.710608,97724200.0,-51161895.199999996
2013-03-25,78.44233,97724200.0,0.0
2013-03-26,79.318219,96874200.0,-67420486.15
2013-03-27,79.54993,97424200.0,43752461.5
2013-03-28,79.328409,97824200.0,31731363.599999998
2013-04-01,79.139514,97224200.0,-47483708.400000006
2013-04-02,78.709192,96824200.0,-31483676.8
2013-04-03,77.266877,96074200.0,-57950157.74999999
2013-04-04,77.158916,93824200.0,-173607561.0
2013-04-05,77.329926,92724200.0,-85062918.6
2013-04-08,77.843553,93624200.0,70059197.7
2013-04-09,78.504968,93624200.0,0.0
2013-04-10,78.951577,95224200.0,126322523.2
2013-04-11,79.248207,97524200.0,182270876.1
2013-04-12,78.020541,99674200.0,167744163.14999998
2013-04-15,74.784739,95374200.0,-321574377.7
2013-04-16,75.753329,93574200.0,-136355992.2
2013-04-17,74.102194,94174200.0,44461316.4
2013-04-18,74.702905,93924200.0,-18675726.25
2013-04-19,74.55229,95874200.0,145376965.5
2013-04-22,75.395902,95224200.0,-49007336.300000004
2013-04-23,76.245474,96124200.0,68620926.6
2013-04-24,77.259825,95324200.0,-61807860.00000001
2013-04-25,77.283575,94774200.0,-42505966.25
2013-04-26,77.18318,92924200.0,-142788883.0
2013-04-29,78.009958,92624200.0,-23402987.4
2013-04-30,78.351734,95074200.0,191961748.29999998
2013-05-01,77.01982,94774200.0,-23105946.0
2013-05-02,78.084344,93424200.0,-105413864.4
2013-05-03,79.528927,95024200.0,127246283.19999999
2013-05-06,80.038736,96074200.0,84040672.8
2013-05-07,80.62677,96274200.0,16125353.999999998
2013-05-08,80.767917,97674200.0,113075083.8
2013-05-09,80.673537,97474200.0,-16134707.399999999
2013-05-10,80.324398,95924200.0,-124502816.9
2013-05-13,80.295434,93374200.0,-204753356.7
2013-05-14,81.367275,93374200.0,0.0
2013-05-15,81.180851,93974200.0,48708510.6
2013-05-16,80.751937,93774200.0,-16150387.4
2013-05-17,82.166063,92324200.0,-119140791.35
2013-05-20,83.29267,90224200.0,-174914607.0
2013-05-21,83.159252,91424200.0,99791102.39999999
2013-05-22,82.15514,93724200.0,188956822.0
2013-05-23,82.035501,93524200.0,-16407100.2
2013-05-24,81.681322,93824200.0,24504396.599999998
2013-05-28,82.532376,94074200.0,20633094.0
2013-05-29,82.359999,95124200.0,86477998.95
2013-05-30,82.165283,94474200.0,-53407433.95
2013-05-31,80.501162,95974200.0,120751742.99999999
2013-06-03,81.278453,95224200.0,-60958839.75
2013-06-04,80.6104,95074200.0,-12091560.0
2013-06-05,79.718845,92474200.0,-207268997.0
2013-06-06,80.343117,94974200.0,200857792.50000003
2013-06-07,81.294029,91124200.0,-312982011.65
2013-06-10,81.075706,95224200.0,332410394.59999996
2013-06-11,79.828929,95374200.0,11974339.35
2013-06-12,79.300757,96274200.0,71370681.3
2013-06-13,80.692447,95574200.0,-56484712.9
2013-06-14,79.895888,96974200.0,111854243.2
2013-06-17,81.022839,97324200.0,28357993.650000002
2013-06-18,81.515971,99174200.0,150804546.35
2013-06-19,80.6983,100074200.0,72628470.0
2013-06-20,78.413104,100074200.0,0.0
2013-06-21,78.207776,97724200.0,-183788273.6
2013-06-24,77.01499,95324200.0,-184835976.0
2013-06-25,77.954682,96074200.0,58466011.50000001
2013-06-26,78.490322,97874200.0,141282579.60000002
2013-06-27,78.615249,97774200.0,-7861524.9
2013-06-28,78.373702,97824200.0,3918685.0999999996
2013-07-01,78.855868,96224200.0,-126169388.8
2013-07-02,79.033484,101224200.0,395167420.0
2013-07-03,79.031953,102174200.0,75080355.35
2013-07-05,79.923911,102174200.0,0.0
2013-07-08,80.463746,100874200.0,-104602869.8
2013-07-09,81.327122,99324200.0,-126057039.10000001
2013-07-10,80.808177,101874200.0,206060851.35
2013-07-11,81.594135,103974200.0,171347683.5
2013-07-12,81.950175,105574200.0,131120280.0
2013-07-15,81.845105,105374200.0,-16369021.0
2013-07-16,81.326375,106224200.0,69127418.75
2013-07-17,81.707652,105274200.0,-77622269.39999999
2013-07-18,82.5541,105274200.0,0.0
2013-07-19,83.684614,106924200.0,138079613.1
2013-07-22,83.466968,106524200.0,-33386787.2
2013-07-23,83.574172,105874200.0,-54323211.800000004
2013-07-24,82.665562,104424200.0,-119865064.89999999
2013-07-25,83.220643,103724200.0,-58254450.099999994
2013-07-26,82.983244,103524200.0,-16596648.8
2013-07-29,82.30557,102124200.0,-115227798.0
2013-07-30,82.115373,101924200.0,-16423074.600000001
2013-07-31,82.404089,99474200.0,-201890018.05
2013-08-01,83.808383,99624200.0,12571257.450000001
2013-08-02,83.380671,99874200.0,20845167.75
2013-08-05,83.182941,100024200.0,12477441.15
2013-08-06,82.685008,99524200.0,-41342504.0
2013-08-07,82.360279,97174200.0,-193546655.65
2013-08-08,82.834387,96224200.0,-78692667.65
2013-08-09,82.614435,96224200.0,0.0
2013-08-12,82.230379,96374200.0,12334556.85
2013-08-13,82.372188,97124200.0,61779140.99999999
2013-08-14,82.017926,97474200.0,28706274.1
2013-08-15,81.598861,97724200.0,20399715.25
2013-08-16,81.241409,96324200.0,-113737972.60000001
2013-08-19,79.951688,96924200.0,47971012.800000004
2013-08-20,80.411467,94374200.0,-205049240.85
2013-08-21,79.982041,94624200.0,19995510.25
2013-08-22,81.204156,90624200.0,-324816624.0
2013-08-23,81.802308,83224200.0,-605337079.1999999
2013-08-26,81.628269,90074200.0,559153642.65
2013-08-27,81.068604,92124200.0,166190638.2
2013-08-28,82.451197,93574200.0,119554235.64999999
2013-08-29,81.612574,94774200.0,97935088.8
2013-08-30,81.623193,94524200.0,-20405798.25
2013-09-03,82.218009,94724200.0,16443601.799999999
2013-09-04,82.618984,95874200.0,95011831.6
2013-09-05,82.894362,97374200.0,124341543.0
2013-09-06,82.946669,95874200.0,-124420003.5
2013-09-09,83.809852,95574200.0,-25142955.6
2013-09-10,83.834995,94824200.0,-62876246.25000001
2013-09-11,84.470869,94124200.0,-59129608.3
2013-09-12,83.971467,95874200.0,146950067.25
2013-09-13,83.946347,98474200.0,218260502.20000002
2013-09-16,83.919798,98374200.0,-8391979.8
2013-09-17,84.288737,98124200.0,-21072184.25
2013-09-18,85.339048,98874200.0,64004286.00000001
2013-09-19,85.136014,100174200.0,110676818.2
2013-09-20,84.019913,100224200.0,4200995.65
2013-09-23,83.638003,98374200.0,-154730305.54999998
2013-09-24,83.721797,98474200.0,8372179.699999999
2013-09-25,83.696855,98974200.0,41848427.5
2013-09-26,83.804068,98324200.0,-54472644.2
2013-09-27,83.528015,95874200.0,-204643636.75
2013-09-30,82.886618,96624200.0,62164963.5
2013-10-01,83.426419,96124200.0,-41713209.5
2013-10-02,83.651239,95274200.0,-71103553.15
2013-10-03,82.969258,96074200.0,66375406.4
2013-10-04,83.719098,95024200.0,-87905052.9
2013-10-07,83.031733,93774200.0,-103789666.25
2013-10-08,82.113077,94774200.0,82113077.0
2013-10-09,81.852696,94674200.0,-8185269.6
2013-10-10,83.412211,94174200.0,-41706105.5
2013-10-11,84.302377,94274200.0,8430237.700000001
2013-10-14,84.799267,93524200.0,-63599450.25
2013-10-15,84.514965,93924200.0,33805986.0
2013-10-16,85.825682,93824200.0,-8582568.2
2013-10-17,86.013749,94574200.0,64510311.75
2013-10-18,86.935848,93424200.0,-99976225.19999999
2013-10-21,86.564493,92124200.0,-112533840.89999999
2013-10-22,87.018359,90074200.0,-178387635.95000002
2013-10-23,85.68027,89374200.0,-59976188.99999999
2013-10-24,86.084659,92874200.0,301296306.5
2013-10-25,86.578756,94324200.0,125539196.2
2013-10-28,86.659979,98824200.0,389969905.50000006
2013-10-29,87.278964,97874200.0,-82915015.8
2013-10-30,86.683585,98074200.0,17336717.0
2013-10-31,86.329447,97274200.0,-69063557.6
2013-11-01,86.043762,97124200.0,-12906564.3
2013-11-04,87.12456,96824200.0,-26137368.0
2013-11-05,86.3515,95674200.0,-99304225.0
2013-11-06,86.591645,95674200.0,0.0
2013-11-07,85.277559,95674200.0,0.0
2013-11-08,86.604859,96274200.0,51962915.400000006
2013-11-11,86.70908,96874200.0,52025448.0
2013-11-12,85.909882,96974200.0,8590988.2
2013-11-13,86.644284,97624200.0,56318784.6
2013-11-14,87.185438,96774200.0,-74107622.3
2013-11-15,87.66454,97874200.0,96430994.0
2013-11-18,86.970533,97924200.0,4348526.65
2013-11-19,87.113252,97924200.0,0.0
2013-11-20,86.916731,98624200.0,60841711.699999996
2013-11-21,87.756127,100024200.0,122858577.80000001
2013-11-22,88.228838,99524200.0,-44114419.0
2013-11-25,87.423816,98924200.0,-52454289.6
2013-11-26,87.189312,98774200.0,-13078396.8
2013-11-27,86.576006,98974200.0,17315201.200000003
2013-11-29,86.447592,99174200.0,17289518.4
2013-12-02,86.51964,99174200.0,0.0
2013-12-03,86.77861,97874200.0,-112812193.0
2013-12-04,86.402582,97024200.0,-73442194.7
2013-12-05,86.118843,96874200.0,-12917826.45
2013-12-06,86.406009,97124200.0,21601502.25
2013-12-09,86.505765,96524200.0,-51903459.0
2013-12-10,86.248731,99974200.0,297558121.95000005
2013-12-11,85.046886,100624200.0,55280475.9
2013-12-12,85.439453,99324200.0,-111071288.9
2013-12-13,85.104293,99224200.0,-8510429.3
2013-12-16,85.845251,95224200.0,-343381004.0
2013-12-17,85.383969,95124200.0,-8538396.899999999
2013-12-18,86.609673,94824200.0,-25982901.9
2013-12-19,86.879646,95574200.0,65159734.49999999
2013-12-20,86.6641,96824200.0,108330125.0
2013-12-23,86.732126,94224200.0,-225503527.6
2013-12-24,87.254914,89324200.0,-427549078.6
2013-12-26,87.896235,89624200.0,26368870.5
2013-12-27,88.297254,89924200.0,26489176.2
2013-12-30,87.593973,90874200.0,83214274.35000001
2013-12-31,88.419521,90524200.0,-30946832.35
2014-01-02,87.216582,92524200.0,174433164.0
2014-01-03,86.96804,96274200.0,326130150.0
2014-01-06,87.008702,98124200.0,160966098.7
2014-01-07,87.729239,99424200.0,114048010.7
2014-01-08,87.124242,99124200.0,-26137272.599999998
2014-01-09,86.812976,98174200.0,-82472327.2
2014-01-10,86.930096,99524200.0,117355629.60000001
2014-01-13,85.228736,97874200.0,-140627414.4
2014-01-14,86.287657,94924200.0,-254548588.14999998
2014-01-15,86.045435,95024200.0,8604543.5
2014-01-16,86.150203,96024200.0,86150203.0
2014-01-17,86.048146,98224200.0,189305921.20000002
2014-01-21,86.673076,96724200.0,-130009613.99999999
2014-01-22,87.102618,97724200.0,87102618.0
2014-01-23,86.111186,95774200.0,-167916812.70000002
2014-01-24,84.333929,97974200.0,185534643.79999998
2014-01-27,83.990434,95024200.0,-247771780.29999998
2014-01-28,84.705609,94174200.0,-71999767.64999999
2014-01-29,84.203648,93124200.0,-88413830.4
2014-01-30,84.498853,93724200.0,50699311.8
2014-01-31,83.382451,92824200.0,-75044205.9
2014-02-03,81.913621,93774200.0,77817939.95
2014-02-04,82.732008,90574200.0,-264742425.59999996
2014-02-05,81.969992,93674200.0,254106975.20000002
2014-02-06,83.193118,91224200.0,-203823139.1
2014-02-07,84.086604,90074200.0,-96699594.6
2014-02-10,83.654784,90774200.0,58558348.800000004
2014-02-11,84.774869,90424200.0,-29671204.15
2014-02-12,84.507538,88574200.0,-156338945.29999998
2014-02-13,84.902412,87824200.0,-63676809.0
2014-02-14,86.011973,87674200.0,-12901795.95
2014-02-18,86.402646,86624200.0,-90722778.30000001
2014-02-19,86.508862,89174200.0,220597598.1
2014-02-20,87.086105,96324200.0,622665650.75
2014-02-21,86.392231,97224200.0,77753007.89999999
2014-02-24,87.707325,94874200.0,-206112213.75
2014-02-25,87.675989,96374200.0,131513983.5
2014-02-26,87.118786,96724200.0,30491575.1
2014-02-27,87.133414,94874200.0,-161196815.9
2014-02-28,87.601527,96224200.0,118262061.45
2014-03-03,87.123484,98724200.0,217808710.0
2014-03-04,88.001444,102424200.0,325605342.8
2014-03-05,87.202364,102524200.0,8720236.4
2014-03-06,87.843355,102074200.0,-39529509.75
2014-03-07,88.072161,101024200.0,-92475769.05
2014-03-10,88.176289,99924200.0,-96993917.89999999
2014-03-11,87.145198,99724200.0,-17429039.599999998
2014-03-12,87.177815,98074200.0,-143843394.75
2014-03-13,86.25789,97774200.0,-25877367.0
2014-03-14,86.435486,93024200.0,-410568558.5
2014-03-17,86.892092,93174200.0,13033813.8
2014-03-18,87.605229,95274200.0,183970980.89999998
2014-03-19,86.84658,99174200.0,338701662.0
2014-03-20,87.246147,100174200.0,87246147.0
2014-03-21,87.083858,101074200.0,78375472.2
2014-03-24,86.866386,99474200.0,-138986217.60000002
2014-03-25,87.599333,99774200.0,26279799.900000002
2014-03-26,87.271221,99474200.0,-26181366.3
2014-03-27,87.991789,99874200.0,35196715.6
2014-03-28,89.06996,100374200.0,44534980.0
2014-03-31,89.03537,100774200.0,35614148.0
2014-04-01,89.588235,101374200.0,53752941.0
2014-04-02,89.935968,100024200.0,-121413556.8
2014-04-03,90.52899,100924200.0,81476091.0
2014-04-04,90.139377,100474200.0,-40562719.65
2014-04-07,88.662245,102024200.0,137426479.75
2014-04-08,89.529436,102974200.0,85052964.2
2014-04-09,89.963362,106124200.0,283384590.3
2014-04-10,88.69596,106124200.0,0.0
2014-04-11,88.441241,102624200.0,-309544343.5
2014-04-14,89.651722,102524200.0,-8965172.200000001
2014-04-15,90.8422,104874200.0,213479170.0
2014-04-16,91.969816,111074200.0,570212859.1999999
2014-04-17,92.813409,113374200.0,213470840.7
2014-04-18,92.813409,114974200.0,148501454.39999998
2014-04-21,93.412994,114974200.0,0.0
2014-04-22,93.24752,116324200.0,125884151.99999999
2014-04-23,93.763519,120224200.0,365677724.1
2014-04-24,93.742911,120324200.0,9374291.100000001
2014-04-25,93.211183,116174200.0,-386826409.45000005
2014-04-28,93.38963,111874200.0,-401575409.0
2014-04-29,93.845178,110324200.0,-145460025.9
2014-04-30,93.765153,113674200.0,314113262.55
2014-05-01,93.520526,115024200.0,126252710.10000001
2014-05-02,93.758352,116174200.0,107822104.8
2014-05-05,94.138594,115524200.0,-61190086.1
2014-05-06,94.301054,116374200.0,80155895.89999999
2014-05-07,95.091328,116524200.0,14263699.200000001
2014-05-08,93.787565,117724200.0,112545078.0
2014-05-09,93.687872,116024200.0,-159269382.4
2014-05-12,94.336637,115924200.0,-9433663.7
2014-05-13,94.679377,119074200.0,298240037.55
2014-05-14,94.712837,119774200.0,66298985.9
2014-05-15,93.632465,121774200.0,187264930.0
2014-05-16,93.352337,121174200.0,-56011402.2
2014-05-19,93.681667,120124200.0,-98365750.35000001
2014-05-20,93.409513,121324200.0,112091415.60000001
2014-05-21,94.429216,121824200.0,47214608.0
2014-05-22,94.294647,121824200.0,0.0
2014-05-23,94.181815,121824200.0,0.0
2014-05-27,94.437067,122324200.0,47218533.5
2014-05-28,94.583636,120174200.0,-203354817.4
2014-05-29,95.401155,119424200.0,-71550866.25
2014-05-30,95.31881,119174200.0,-23829702.5
2014-06-02,95.18058,120224200.0,99939609.0
2014-06-03,95.532587,120524200.0,28659776.1
2014-06-04,95.442945,120874200.0,33405030.749999996
2014-06-05,96.064629,120874200.0,0.0
2014-06-06,96.848898,122324200.0,140430902.1
2014-06-09,96.968571,122824200.0,48484285.5
2014-06-10,96.774131,125074200.0,217741794.75
2014-06-11,97.145388,123674200.0,-136003543.2
2014-06-12,97.475958,123824200.0,14621393.700000001
2014-06-13,98.433141,122974200.0,-83668169.85000001
2014-06-16,99.024779,122374200.0,-59414867.4
2014-06-17,98.910442,125274200.0,286840281.8
2014-06-18,99.708611,124974200.0,-29912583.3
2014-06-19,100.414253,124874200.0,-10041425.3
2014-06-20,100.893234,126424200.0,156384512.70000002
2014-06-23,101.263756,128324200.0,192401136.4
2014-06-24,99.126369,129474200.0,113995324.35
2014-06-25,99.939778,124224200.0,-524683834.5
2014-06-26,99.999372,125174200.0,94999403.39999999
2014-06-27,100.021144,126774200.0,160033830.4
2014-06-30,100.120503,126624200.0,-15018075.45
2014-07-01,100.149075,126474200.0,-15022361.25
2014-07-02,100.01715,125274200.0,-120020580.0
2014-07-03,100.358232,124174200.0,-110394055.2
2014-07-07,99.628371,124524200.0,34869929.85
2014-07-08,99.438935,124224200.0,-29831680.5
2014-07-09,100.091117,124424200.0,20018223.4
2014-07-10,99.140816,125274200.0,84269693.6
2014-07-11,98.403258,122974200.0,-226327493.39999998
2014-07-14,99.253072,119424200.0,-352348405.6
2014-07-15,98.804955,120174200.0,74103716.25
2014-07-16,100.346532,119474200.0,-70242572.39999999
2014-07-17,98.721747,120524200.0,103657834.35
2014-07-18,98.993732,120224200.0,-29698119.599999998
2014-07-21,99.124761,119074200.0,-113993475.15
2014-07-22,99.87738,117974200.0,-109865118.0
2014-07-23,100.444832,118324200.0,35155691.2
2014-07-24,100.571789,118274200.0,-5028589.45
2014-07-25,99.856286,118524200.0,24964071.5
2014-07-28,99.578979,118174200.0,-34852642.65
2014-07-29,99.31886,117724200.0,-44693487.0
2014-07-30,98.738572,119324200.0,157981715.20000002
2014-07-31,96.59797,119324200.0,0.0
2014-08-01,95.830523,119074200.0,-23957630.75
2014-08-04,97.463654,117274200.0,-175434577.20000002
2014-08-05,95.360301,117774200.0,47680150.5
2014-08-06,95.621751,116324200.0,-138651538.95000002
2014-08-07,94.992175,118374200.0,194733958.75
2014-08-08,96.619431,118974200.0,57971658.6
2014-08-11,96.629258,119674200.0,67640480.6
2014-08-12,95.912896,121574200.0,182234502.4
2014-08-13,96.219754,119324200.0,-216494446.5
2014-08-14,95.656631,118924200.0,-38262652.4
2014-08-15,96.331359,117774200.0,-110781062.85000001
2014-08-18,96.633643,118674200.0,86970278.7
2014-08-19,97.383281,116624200.0,-199635726.04999998
2014-08-20,97.594376,117424200.0,78075500.8
2014-08-21,97.631815,117874200.0,43934316.75
2014-08-22,97.009169,117474200.0,-38803667.6
2014-08-25,97.859268,115924200.0,-151681865.4
2014-08-26,98.361816,116024200.0,9836181.6
2014-08-27,98.193916,116024200.0,0.0
2014-08-28,98.151104,116424200.0,39260441.6
2014-08-29,98.77215,116424200.0,0.0
2014-09-02,97.509111,115024200.0,-136512755.4
2014-09-03,97.770954,114074200.0,-92882406.3
2014-09-04,96.428642,114174200.0,9642864.2
2014-09-05,97.104625,113924200.0,-24276156.25
2014-09-08,95.592212,112974200.0,-90812601.4
2014-09-09,95.144368,113324200.0,33300528.8
2014-09-10,94.922943,112324200.0,-94922943.0
2014-09-11,94.99836,109974200.0,-223246146.0
2014-09-12,93.557542,109474200.0,-46778771.0
2014-09-15,94.214222,110924200.0,136610621.9
2014-09-16,95.338353,112224200.0,123939858.89999999
2014-09-17,94.85431,115074200.0,270334783.5
2014-09-18,94.348523,116274200.0,113218227.6
2014-09-19,93.793018,116774200.0,46896509.0
2014-09-22,92.388597,117074200.0,27716579.1
2014-09-23,92.137836,117774200.0,64496485.199999996
2014-09-24,92.21192,121424200.0,336573508.0
2014-09-25,90.794562,119224200.0,-199748036.4
2014-09-26,92.001087,113374200.0,-538206358.95
2014-09-29,91.767879,113524200.0,13765181.85
2014-09-30,90.578206,113074200.0,-40760192.699999996
2014-10-01,88.819655,108624200.0,-395247464.75
2014-10-02,88.359882,109474200.0,75105899.7
2014-10-03,88.244084,109674200.0,17648816.8
2014-10-06,88.287242,110324200.0,57386707.300000004
2014-10-07,87.116491,113274200.0,256993648.45
2014-10-08,87.978521,109874200.0,-299126971.4
2014-10-09,84.631291,112674200.0,236967614.8
2014-10-10,83.547629,110174200.0,-208869072.5
2014-10-13,80.926845,114724200.0,368217144.75
2014-10-14,79.920858,116624200.0,151849630.2
2014-10-15,80.512304,122274200.0,454894517.6
2014-10-16,82.049047,132024200.0,799978208.25
2014-10-17,82.737483,124974200.0,-583299255.15
2014-10-20,83.447389,122074200.0,-241997428.1
2014-10-21,85.960628,126924200.0,416909045.8
2014-10-22,84.348831,120824200.0,-514527869.1
2014-10-23,85.962798,120324200.0,-42981399.0
2014-10-24,85.627254,121174200.0,72783165.89999999
2014-10-27,83.768913,119374200.0,-150784043.4
2014-10-28,85.796707,120624200.0,107245883.75
2014-10-29,86.022011,119424200.0,-103226413.2
2014-10-30,85.691211,117374200.0,-175666982.54999998
2014-10-31,87.458483,117674200.0,26237544.9
2014-11-03,86.027006,117724200.0,4301350.3
2014-11-04,84.248989,116274200.0,-122161034.05
2014-11-05,85.745295,116974200.0,60021706.5
2014-11-06,86.842546,117974200.0,86842546.0
2014-11-07,87.836072,121024200.0,267900019.6
2014-11-10,87.002739,121324200.0,26100821.700000003
2014-11-11,87.263374,119274200.0,-178889916.7
2014-11-12,86.515615,118274200.0,-86515615.0
2014-11-13,85.28969,117224200.0,-89554174.5
2014-11-14,86.210937,117374200.0,12931640.55
2014-11-17,85.776291,115124200.0,-192996654.75
2014-11-18,85.839301,114824200.0,-25751790.3
2014-11-19,86.31859,115724200.0,77686731.0
2014-11-20,87.383852,119024200.0,288366711.6
2014-11-21,88.487734,123574200.0,402619189.7
2014-11-24,87.810219,129824200.0,548813868.75
2014-11-25,86.375129,130124200.0,25912538.7
2014-11-26,85.301049,124974200.0,-439300402.35
2014-11-28,79.74809,124374200.0,-47848854.0
2014-12-01,80.089903,126074200.0,136152835.10000002
2014-12-02,81.001459,125824200.0,-20250364.75
2014-12-03,81.978237,134024200.0,672221543.4
2014-12-04,81.321295,134274200.0,20330323.75
2014-12-05,80.277015,135924200.0,132457074.75000001
2014-12-08,77.017764,134974200.0,-73166875.8
2014-12-09,77.87509,130224200.0,-369906677.5
2014-12-10,75.449372,135024200.0,362156985.59999996
2014-12-11,75.40613,132274200.0,-207366857.5
2014-12-12,73.939482,134624200.0,173757782.7
2014-12-15,73.401166,129724200.0,-359665713.40000004
2014-12-16,73.994994,133074200.0,247883229.9
2014-12-17,77.182541,135574200.0,192956352.5
2014-12-18,78.676644,141774200.0,487795192.79999995
2014-12-19,80.643757,138674200.0,-249995646.7
2014-12-22,79.769703,142474200.0,303124871.40000004
2014-12-23,80.717033,147174200.0,379370055.1
2014-12-24,80.079509,153074200.0,472469103.1
2014-12-26,80.086706,149124200.0,-316342488.70000005
2014-12-29,80.367119,148174200.0,-76348763.05
2014-12-30,79.76323,150674200.0,199408074.99999997
2014-12-31,79.161587,150274200.0,-31664634.8
2015-01-02,79.52829,149574200.0,-55669803.0
2015-01-05,76.172965,150624200.0,79981613.25
2015-01-06,75.144774,150574200.0,-3757238.6999999997
2015-01-07,75.279544,153774200.0,240894540.8
2015-01-08,77.025287,154524200.0,57768965.25000001
2015-01-09,76.388557,152174200.0,-179513108.95000002
2015-01-12,74.119547,151824200.0,-25941841.45
2015-01-13,73.587269,149624200.0,-161891991.8
2015-01-14,73.757579,148374200.0,-92196973.75000001
2015-01-15,72.848787,152724200.0,316892223.45
2015-01-16,75.286803,157774200.0,380198355.15000004
2015-01-20,75.320262,156074200.0,-128044445.4
2015-01-21,76.815135,153924200.0,-165152540.25
2015-01-22,77.195817,153974200.0,3859790.85
2015-01-23,76.685449,151774200.0,-168707987.8
2015-01-26,77.777842,150524200.0,-97222302.50000001
2015-01-27,77.727042,148524200.0,-155454084.0
2015-01-28,74.660822,149674200.0,85859945.3
2015-01-29,74.856149,150474200.0,59884919.2
2015-01-30,75.554516,154324200.0,290884886.6
2015-02-02,77.888148,157724200.0,264819703.20000002
2015-02-03,80.031322,160374200.0,212083003.3
2015-02-04,78.673762,166424200.0,475976260.09999996
2015-02-05,79.833279,162674200.0,-299374796.25
2015-02-06,79.752261,162224200.0,-35888517.45
2015-02-09,79.933155,160174200.0,-163862967.75
2015-02-10,79.86052,161124200.0,75867494.0
2015-02-11,79.313526,159274200.0,-146730023.1
2015-02-12,80.365875,157874200.0,-112512225.0
2015-02-13,82.084184,161124200.0,266773597.99999997
2015-02-17,82.318241,165074200.0,325157051.95
2015-02-18,81.307699,166624200.0,126026933.45
2015-02-19,80.876139,167174200.0,44481876.449999996
2015-02-20,80.550577,167974200.0,64440461.6
2015-02-23,80.266529,165874200.0,-168559710.9
2015-02-24,80.41707,164874200.0,-80417070.0
2015-02-25,80.824708,163974200.0,-72742237.2
2015-02-26,79.352085,161974200.0,-158704170.0
2015-02-27,79.008488,160474200.0,-118512732.0
2015-03-02,78.483226,160524200.0,3924161.3000000003
2015-03-03,78.761761,160524200.0,0.0
2015-03-04,78.633457,160374200.0,-11795018.55
2015-03-05,78.147937,159574200.0,-62518349.6
2015-03-06,76.819973,158724200.0,-65296977.050000004
2015-03-09,76.242733,161124200.0,182982559.2
2015-03-10,75.114146,159524200.0,-120182633.60000001
2015-03-11,75.376216,157674200.0,-139445999.6
2015-03-12,74.92904,157324200.0,-26225164.0
2015-03-13,74.624389,153224200.0,-305959994.9
2015-03-16,75.655142,156424200.0,242096454.4
2015-03-17,75.312312,159374200.0,222171320.4
2015-03-18,77.55223,161274200.0,147349237.0
2015-03-19,76.310039,163424200.0,164066583.85
2015-03-20,76.930573,165924200.0,192326432.5
2015-03-23,76.661568,166724200.0,61329254.4
2015-03-24,76.097555,165224200.0,-114146332.5
2015-03-25,77.129512,162374200.0,-219819109.20000002
2015-03-26,77.012914,162024200.0,-26954519.9
2015-03-27,76.454896,162374200.0,26759213.6
2015-03-30,78.017358,161824200.0,-42909546.9
2015-03-31,77.35132,161874200.0,3867566.0
2015-04-01,77.553039,164074200.0,170616685.79999998
2015-04-02,77.719734,165274200.0,93263680.8
2015-04-06,79.088236,166024200.0,59316176.99999999
2015-04-07,79.237121,168074200.0,162436098.05
2015-04-08,78.534867,170674200.0,204190654.20000002
2015-04-09,79.793541,170974200.0,23938062.3
2015-04-10,80.119558,172924200.0,156233138.1
2015-04-13,79.339953,171074200.0,-146778913.04999998
2015-04-14,80.754103,170274200.0,-64603282.4
2015-04-15,82.711666,169774200.0,-41355833.0
2015-04-16,82.526749,170674200.0,74274074.1
2015-04-17,81.875789,175474200.0,393003787.2
2015-04-20,82.211298,174974200.0,-41105649.0
2015-04-21,81.316923,177524200.0,207358153.65
2015-04-22,81.896929,178374200.0,69612389.65
2015-04-23,82.440503,178074200.0,-24732150.900000002
2015-04-24,81.951454,178774200.0,57366017.8
2015-04-27,81.873007,178874200.0,8187300.7
2015-04-28,82.300263,178474200.0,-32920105.2
2015-04-29,82.946269,178374200.0,-8294626.9
2015-04-30,82.67746,178574200.0,16535492.0
2015-05-01,82.892511,180724200.0,178218898.65
2015-05-04,82.655891,179974200.0,-61991918.25
2015-05-05,81.636401,177424200.0,-208172822.55
2015-05-06,81.358456,176474200.0,-77290533.2
2015-05-07,80.449731,177824200.0,108607136.85
2015-05-08,81.768891,178874200.0,85857335.55
2015-05-11,80.217363,178924200.0,4010868.1500000004
2015-05-12,80.60058,177624200.0,-104780753.99999999
2015-05-13,80.380196,177624200.0,0.0
2015-05-14,80.431599,176574200.0,-84453178.95
2015-05-15,80.697843,175224200.0,-108942088.05000001
2015-05-18,80.722862,174224200.0,-80722862.0
2015-05-19,79.582102,173824200.0,-31832840.8
2015-05-20,79.736892,172624200.0,-95684270.39999999
2015-05-21,80.493334,172374200.0,-20123333.5
2015-05-22,80.170408,171474200.0,-72153367.19999999
2015-05-26,78.883258,171374200.0,-7888325.8
2015-05-27,78.806801,170724200.0,-51224420.65
2015-05-28,78.462467,170474200.0,-19615616.75
2015-05-29,78.386846,170474200.0,0.0
2015-06-01,78.249167,170424200.0,-3912458.35
2015-06-02,78.700164,170374200.0,-3935008.2
2015-06-03,78.120056,171274200.0,70308050.4
2015-06-04,77.117378,170774200.0,-38558689.0
2015-06-05,77.683032,170224200.0,-42725667.6
2015-06-08,77.233407,170574200.0,27031692.45
2015-06-09,77.218028,168924200.0,-127409746.2
2015-06-10,78.169016,169974200.0,82077466.8
2015-06-11,77.842719,170674200.0,54489903.300000004
2015-06-12,76.967883,170474200.0,-15393576.6
2015-06-15,76.73822,169174200.0,-99759686.0
2015-06-16,77.3372,168624200.0,-42535460.0
2015-06-17,77.189467,169474200.0,65611046.949999996
2015-06-18,77.142285,169774200.0,23142685.5
2015-06-19,75.922944,171474200.0,129069004.8
2015-06-22,76.849352,173724200.0,172911042.0
2015-06-23,77.113605,172224200.0,-115670407.50000001
2015-06-24,76.595694,170924200.0,-99574402.19999999
2015-06-25,75.811706,169374200.0,-117508144.3
2015-06-26,76.001879,169474200.0,7600187.9
2015-06-29,74.621136,170674200.0,89545363.2
2015-06-30,75.145596,170974200.0,22543678.8
2015-07-01,74.192342,170424200.0,-40805788.1
2015-07-02,74.523085,171924200.0,111784627.49999999
2015-07-06,73.53714,169674200.0,-165458565.0
2015-07-07,74.231317,171324200.0,122481673.05000001
2015-07-08,72.719106,173024200.0,123622480.19999999
2015-07-09,73.114448,171674200.0,-98704504.8
2015-07-10,73.453085,171174200.0,-36726542.5
2015-07-13,73.975971,172024200.0,62879575.35
2015-07-14,74.558355,170674200.0,-100653779.25000001
2015-07-15,73.238745,169924200.0,-54929058.74999999
2015-07-16,73.328528,169924200.0,0.0
2015-07-17,72.465704,169574200.0,-25362996.400000002
2015-07-20,71.460797,169374200.0,-14292159.4
2015-07-21,71.511189,170874200.0,107266783.5
2015-07-22,70.964786,170574200.0,-21289435.8
2015-07-23,70.869307,169474200.0,-77956237.7
2015-07-24,69.506013,169474200.0,0.0
2015-07-27,68.54234,169124200.0,-23989819.0
2015-07-28,70.480793,168374200.0,-52860594.75000001
2015-07-29,71.448129,168074200.0,-21434438.7
2015-07-30,70.926873,168574200.0,35463436.5
2015-07-31,69.368735,168574200.0,0.0
2015-08-03,67.924747,168824200.0,16981186.75
2015-08-04,67.675505,168074200.0,-50756628.75
2015-08-05,67.163161,169174200.0,73879477.10000001
2015-08-06,68.256916,168474200.0,-47779841.2
2015-08-07,66.991754,168424200.0,-3349587.7
2015-08-10,69.187628,167124200.0,-89943916.4
2015-08-11,69.285049,169174200.0,142034350.45
2015-08-12,70.556113,167824200.0,-95250752.55
2015-08-13,69.494903,167974200.0,10424235.45
2015-08-14,69.333218,168924200.0,65866557.1
2015-08-17,69.449528,169324200.0,27779811.2
2015-08-18,69.255355,171024200.0,117734103.49999999
2015-08-19,67.312207,171674200.0,43752934.55
2015-08-20,65.795098,171824200.0,9869264.7
2015-08-21,63.461757,169174200.0,-168173656.04999998
2015-08-24,60.145032,173174200.0,240580128.0
2015-08-25,59.229806,174574200.0,82921728.4
2015-08-26,61.246304,176524200.0,119430292.8
2015-08-27,64.299397,184074200.0,485460447.34999996
2015-08-28,65.768001,183024200.0,-69056401.05
2015-08-31,66.488575,181224200.0,-119679435.0
2015-09-01,64.079658,177374200.0,-246706683.29999998
2015-09-02,64.682103,173674200.0,-239323781.1
2015-09-03,64.881655,173374200.0,-19464496.5
2015-09-04,63.791177,173224200.0,-9568676.549999999
2015-09-08,64.801514,174024200.0,51841211.199999996
2015-09-09,63.590861,173674200.0,-22256801.349999998
2015-09-10,63.931555,172124200.0,-99093910.25
2015-09-11,63.380287,172174200.0,3169014.35
2015-09-14,62.805706,176024200.0,241801968.1
2015-09-15,63.52966,177774200.0,111176905.0
2015-09-16,65.334729,180224200.0,160070086.04999998
2015-09-17,65.280923,179924200.0,-19584276.900000002
2015-09-18,63.128151,178174200.0,-110474264.25
2015-09-21,63.474967,177024200.0,-72996212.05
2015-09-22,62.809422,177574200.0,34545182.1
2015-09-23,61.9613,177774200.0,12392260.0
2015-09-24,62.225565,177624200.0,-9333834.75
2015-09-25,62.356713,179624200.0,124713426.0
2015-09-28,59.872187,178674200.0,-56878577.65
2015-09-29,59.797878,178524200.0,-8969681.7
2015-09-30,61.235735,180774200.0,137780403.75
2015-10-01,61.341582,181324200.0,33737870.1
2015-10-02,63.887849,180874200.0,-28749532.05
2015-10-05,65.815755,181274200.0,26326302.0
2015-10-06,67.251083,181474200.0,13450216.6
2015-10-07,68.105526,179274200.0,-149832157.2
2015-10-08,69.431955,179174200.0,-6943195.5
2015-10-09,68.917544,175624200.0,-244657281.20000002
2015-10-12,68.05621,173524200.0,-142918041.0
2015-10-13,67.316236,174274200.0,50487177.0
2015-10-14,67.890989,179974200.0,386978637.3
2015-10-15,69.132306,183324200.0,231593225.1
2015-10-16,69.198702,183324200.0,0.0
2015-10-19,67.837578,184824200.0,101756366.99999999
2015-10-20,67.998013,187024200.0,149595628.6
2015-10-21,67.235642,186324200.0,-47064949.4
2015-10-22,68.439382,186524200.0,13687876.399999999
2015-10-23,68.288207,186024200.0,-34144103.5
2015-10-26,66.585075,184224200.0,-119853135.0
2015-10-27,65.768683,182074200.0,-141402668.45
2015-10-28,67.266391,179174200.0,-195072533.9
2015-10-29,67.59035,180524200.0,91246972.5
2015-10-30,68.029571,180524200.0,0.0
2015-11-02,69.647664,182274200.0,121883412.00000001
2015-11-03,71.455795,181674200.0,-42873477.0
2015-11-04,70.755943,178474200.0,-226419017.6
2015-11-05,70.117051,176874200.0,-112187281.60000001
2015-11-06,69.794245,177674200.0,55835396.0
2015-11-09,69.072969,176774200.0,-62165672.1
2015-11-10,69.266198,176474200.0,-20779859.400000002
2015-11-11,67.81544,178324200.0,125458563.99999999
2015-11-12,66.255286,177774200.0,-36440407.3
2015-11-13,65.992298,177974200.0,13198459.600000001
2015-11-16,68.217555,178624200.0,44341410.75
2015-11-17,67.421129,178674200.0,3371056.4499999997
2015-11-18,68.519333,177674200.0,-68519333.0
2015-11-19,67.608967,176974200.0,-47326276.900000006
2015-11-20,66.920269,175574200.0,-93688376.60000001
2015-11-23,67.385488,176474200.0,60646939.199999996
2015-11-24,68.82064,178874200.0,165169536.0
2015-11-25,68.267415,180424200.0,105814493.25
2015-11-27,67.744282,180874200.0,30484926.9
2015-11-30,67.985048,180774200.0,-6798504.800000001
2015-12-01,68.556526,180124200.0,-44561741.900000006
2015-12-02,66.430895,180474200.0,23250813.250000004
2015-12-03,65.100585,180124200.0,-22785204.75
2015-12-04,64.709034,181274200.0,74415389.10000001
2015-12-07,62.239029,177024200.0,-264515873.25
2015-12-08,61.581059,177624200.0,36948635.4
2015-12-09,62.390737,177974200.0,21836757.95
2015-12-10,62.783179,176924200.0,-65922337.949999996
2015-12-11,60.451153,190124200.0,797955219.6
2015-12-14,60.766114,190624200.0,30383057.0
2015-12-15,62.292357,196974200.0,395556466.95
2015-12-16,61.936727,198824200.0,114582944.95
2015-12-17,60.402318,197424200.0,-84563245.2
2015-12-18,58.767216,196624200.0,-47013772.8
2015-12-21,58.819967,200174200.0,208810882.85
2015-12-22,59.532379,198324200.0,-110134901.14999999
2015-12-23,62.148096,191924200.0,-397747814.40000004
2015-12-24,61.618207,194274200.0,144802786.45
2015-12-28,60.429568,194724200.0,27193305.6
2015-12-29,60.884357,191424200.0,-200918378.1
2015-12-30,60.039539,192174200.0,45029654.25
2015-12-31,60.323913,190574200.0,-96518260.8
2016-01-04,60.318892,192324200.0,105558061.0
2016-01-05,60.552024,191274200.0,-63579625.2
2016-01-06,58.13171,191374200.0,5813171.0
2016-01-07,56.804062,192224200.0,48283452.7
2016-01-08,56.064583,193074200.0,47654895.55
2016-01-11,54.856214,196674200.0,197482370.4
2016-01-12,54.952859,195974200.0,-38467001.3
2016-01-13,53.680842,201124200.0,276456336.3
2016-01-14,56.033254,203174200.0,114868170.7
2016-01-15,54.340335,206474200.0,179323105.5
2016-01-19,53.168564,203424200.0,-162164120.20000002
2016-01-20,51.791705,197974200.0,-282264792.25
2016-01-21,53.365016,199274200.0,69374520.8
2016-01-22,55.756195,200324200.0,58544004.75
2016-01-25,53.14619,202224200.0,100977761.0
2016-01-26,55.178592,200224200.0,-110357184.0
2016-01-27,54.873538,200174200.0,-2743676.9000000004
2016-01-28,56.625801,199074200.0,-62288381.1
2016-01-29,58.273289,200474200.0,81582604.6
2016-02-01,57.260243,197874200.0,-148876631.8
2016-02-02,55.312116,196774200.0,-60843327.6
2016-02-03,57.326927,194824200.0,-111787507.64999999
2016-02-04,57.286476,196424200.0,91658361.6
2016-02-05,55.938133,193224200.0,-179002025.6
2016-02-08,55.662237,193774200.0,30614230.349999998
2016-02-09,54.306618,198524200.0,257956435.5
2016-02-10,54.095709,198624200.0,5409570.9
2016-02-11,53.854918,199124200.0,26927459.0
2016-02-12,55.303618,202124200.0,165910854.0
2016-02-16,55.860851,203774200.0,92170404.14999999
2016-02-17,57.66288,207874200.0,236417808.0
2016-02-18,56.940388,208024200.0,8541058.2
2016-02-19,56.800052,208024200.0,0.0
2016-02-22,58.287205,209724200.0,99088248.5
2016-02-23,56.270918,206874200.0,-160372116.3
2016-02-24,56.872588,207024200.0,8530888.2
2016-02-25,56.93281,206524200.0,-28466405.0
2016-02-26,57.260912,206024200.0,-28630456.0
2016-02-29,56.67949,206174200.0,8501923.5
2016-03-01,58.05444,204774200.0,-81276216.0
2016-03-02,59.500945,203674200.0,-65451039.5
2016-03-03,60.403535,209024200.0,323158912.25
2016-03-04,60.972483,209874200.0,51826610.55
2016-03-07,62.384023,209674200.0,-12476804.6
2016-03-08,59.696965,211874200.0,131333323.0
2016-03-09,60.77148,209124200.0,-167121570.0
2016-03-10,60.801419,208624200.0,-30400709.5
2016-03-11,62.40154,208274200.0,-21840539.0
2016-03-14,61.922442,207774200.0,-30961221.0
2016-03-15,61.809458,207124200.0,-40176147.7
2016-03-16,62.899992,209974200.0,179264977.2
2016-03-17,63.777211,210174200.0,12755442.200000001
2016-03-18,63.47556,211974200.0,114256008.0
2016-03-21,63.171762,215024200.0,192673874.1
2016-03-22,62.93251,212374200.0,-166771151.5
2016-03-23,61.4971,211774200.0,-36898260.0
2016-03-24,61.836383,210724200.0,-64928202.15
2016-03-28,61.539568,208374200.0,-144617984.8
2016-03-29,61.785365,206124200.0,-139017071.25
2016-03-30,61.917544,207524200.0,86684561.6
2016-03-31,61.905736,207624200.0,6190573.6
2016-04-01,60.973392,207524200.0,-6097339.199999999
2016-04-04,60.62122,207174200.0,-21217427.0
2016-04-05,60.184834,205524200.0,-99304976.10000001
2016-04-06,61.437717,205474200.0,-3071885.85
2016-04-07,61.126462,206074200.0,36675877.199999996
2016-04-08,62.444928,205074200.0,-62444928.0
2016-04-11,62.120254,203724200.0,-83862342.9
2016-04-12,64.003007,204024200.0,19200902.099999998
2016-04-13,64.263366,205424200.0,89968712.4
2016-04-14,64.449834,205124200.0,-19334950.2
2016-04-15,63.546653,204624200.0,-31773326.5
2016-04-18,64.609907,202824200.0,-116297832.60000001
2016-04-19,65.913928,202324200.0,-32956964.0
2016-04-20,66.46313,204724200.0,159511512.00000003
2016-04-21,66.087498,206124200.0,92522497.19999999
2016-04-22,67.045381,208774200.0,177670259.65
2016-04-25,66.275578,209724200.0,62961799.099999994
2016-04-26,67.342754,211574200.0,124584094.9
2016-04-27,68.593554,210974200.0,-41156132.4
2016-04-28,67.586005,210424200.0,-37172302.75
2016-04-29,67.446149,209824200.0,-40467689.400000006
2016-05-02,67.439466,210174200.0,23603813.099999998
2016-05-03,65.809365,209824200.0,-23033277.75
2016-05-04,64.872151,209174200.0,-42166898.15
2016-05-05,65.450814,210274200.0,71995895.39999999
2016-05-06,65.23263,211024200.0,48924472.5
2016-05-09,64.321961,211224200.0,12864392.200000001
2016-05-10,65.461278,213024200.0,117830300.39999999
2016-05-11,65.630117,212424200.0,-39378070.199999996
2016-05-12,65.823073,212724200.0,19746921.9
2016-05-13,64.993402,212424200.0,-19498020.6
2016-05-16,66.085928,212224200.0,-13217185.6
2016-05-17,66.387566,212174200.0,-3319378.3000000003
2016-05-18,65.725585,212224200.0,3286279.2499999995
2016-05-19,65.799156,210474200.0,-115148523.0
2016-05-20,66.16852,210924200.0,29775834.0
2016-05-23,65.98831,210024200.0,-59389479.0
2016-05-24,66.349017,210074200.0,3317450.85
2016-05-25,67.368995,210224200.0,10105349.25
2016-05-26,67.073263,210274200.0,3353663.15
2016-05-27,67.161098,209424200.0,-57086933.3
2016-05-31,66.877959,209024200.0,-26751183.6
2016-06-01,66.999195,207374200.0,-110548671.75
2016-06-02,66.845889,206974200.0,-26738355.6
2016-06-03,66.634335,205724200.0,-83292918.74999999
2016-06-06,68.019389,204974200.0,-51014541.75
2016-06-07,69.526594,205624200.0,45192286.1
2016-06-08,69.372528,205724200.0,6937252.8
2016-06-09,68.985867,206274200.0,37942226.85
2016-06-10,67.471809,207274200.0,67471809.0
2016-06-13,67.172131,206774200.0,-33586065.5
2016-06-14,67.142222,205574200.0,-80570666.4
2016-06-15,66.948338,205674200.0,6694833.800000001
2016-06-16,66.636128,205174200.0,-33318064.0
2016-06-17,66.867562,205124200.0,-3343378.1000000006
2016-06-20,67.473116,205074200.0,-3373655.8000000003
2016-06-21,68.273111,209174200.0,279919755.1
2016-06-22,67.874935,210574200.0,95024908.99999999
2016-06-23,69.038639,211574200.0,69038639.0
2016-06-24,66.530477,211674200.0,6653047.7
2016-06-27,64.63464,211524200.0,-9695196.0
2016-06-28,66.417266,212324200.0,53133812.8
2016-06-29,67.723231,211224200.0,-74495554.1
2016-06-30,68.251969,210124200.0,-75077165.9
2016-07-01,68.651072,208924200.0,-82381286.4
2016-07-05,67.246479,209924200.0,67246479.0
2016-07-06,67.521252,208974200.0,-64145189.400000006
2016-07-07,66.809559,209524200.0,36745257.449999996
2016-07-08,67.764462,207874200.0,-111811362.3
2016-07-11,67.846796,207024200.0,-57669776.6
2016-07-12,69.510972,206274200.0,-52133229.0
2016-07-13,68.94141,206974200.0,48258987.0
2016-07-14,69.271885,207074200.0,6927188.5
2016-07-15,69.23089,207424200.0,24230811.5
2016-07-18,69.271228,206924200.0,-34635614.0
2016-07-19,68.882382,206124200.0,-55105905.60000001
2016-07-20,68.790003,204724200.0,-96306004.2
2016-07-21,68.093019,205274200.0,37451160.449999996
2016-07-22,68.323044,205474200.0,13664608.799999999
2016-07-25,66.947481,205474200.0,0.0
2016-07-26,67.367904,205224200.0,-16841976.0
2016-07-27,66.652809,205324200.0,6665280.9
2016-07-28,66.691341,204124200.0,-80029609.19999999
2016-07-29,67.401116,203124200.0,-67401116.0
2016-08-01,65.154339,202574200.0,-35834886.449999996
2016-08-02,65.716374,198874200.0,-243150583.8
2016-08-03,67.030494,201424200.0,170927759.70000002
2016-08-04,66.888553,206074200.0,311031771.45
2016-08-05,67.571312,206924200.0,57435615.2
2016-08-08,68.428643,208024200.0,75271507.3
2016-08-09,68.044849,209274200.0,85056061.25
2016-08-10,67.335322,209524200.0,16833830.5
2016-08-11,68.300316,206274200.0,-221976026.99999997
2016-08-12,68.709093,206824200.0,37790001.15
2016-08-15,69.193389,206874200.0,3459669.4499999997
2016-08-16,69.331928,207274200.0,27732771.200000003
2016-08-17,69.564948,208374200.0,76521442.8
2016-08-18,70.914259,207624200.0,-53185694.25
2016-08-19,70.428082,213424200.0,408482875.6
2016-08-22,69.674779,211174200.0,-156768252.75
2016-08-23,70.069894,212624200.0,101601346.30000001
2016-08-24,69.80051,212374200.0,-17450127.5
2016-08-25,69.609584,215574200.0,222750668.79999998
2016-08-26,69.366186,216224200.0,45088020.9
2016-08-29,69.841605,216524200.0,20952481.5
2016-08-30,69.564872,216174200.0,-24347705.2
2016-08-31,68.542029,216124200.0,-3427101.45
2016-09-01,68.356069,215424200.0,-47849248.300000004
2016-09-02,69.020255,214774200.0,-44863165.75000001
2016-09-06,70.133963,213624200.0,-80654057.44999999
2016-09-07,70.559511,213774200.0,10583926.65
2016-09-08,71.814777,213574200.0,-14362955.400000002
2016-09-09,69.751208,213074200.0,-34875604.0
2016-09-12,70.435166,212324200.0,-52826374.5
2016-09-13,68.402502,209224200.0,-212047756.2
2016-09-14,67.617097,201574200.0,-517270792.05
2016-09-15,68.415768,200524200.0,-71836556.4
2016-09-16,67.471518,201674200.0,77592245.7
2016-09-19,67.415025,205624200.0,266289348.75
2016-09-20,66.900724,208574200.0,197357135.79999998
2016-09-21,68.453212,210874200.0,157442387.6
2016-09-22,68.553998,212974200.0,143963395.8
2016-09-23,67.625188,212174200.0,-54100150.4
2016-09-26,67.2874,214424200.0,151396650.0
2016-09-27,66.915214,217074200.0,177325317.10000002
2016-09-28,69.782599,215574200.0,-104673898.5
2016-09-29,69.688684,213474200.0,-146346236.39999998
2016-09-30,70.620335,208774200.0,-331915574.5
2016-10-03,70.52,211274200.0,176300000.0
2016-10-04,69.852464,210874200.0,-27940985.599999998
2016-10-05,70.902919,214624200.0,265885946.25
2016-10-06,70.991498,216324200.0,120685546.60000001
2016-10-07,70.643576,215174200.0,-81240112.39999999
2016-10-10,71.684665,216724200.0,111111230.75
2016-10-11,70.859872,217374200.0,46058916.8
2016-10-12,70.584194,220324200.0,208223372.29999998
2016-10-13,70.161928,220324200.0,0.0
2016-10-14,69.827478,218624200.0,-118706712.6
2016-10-17,69.455676,217874200.0,-52091757.0
2016-10-18,69.743909,218624200.0,52307931.75
2016-10-19,70.723521,218374200.0,-17680880.25
2016-10-20,70.695795,217974200.0,-28278318.0
2016-10-21,70.200264,216424200.0,-108810409.2
2016-10-24,69.988587,216274200.0,-10498288.049999999
2016-10-25,69.601484,218074200.0,125282671.2
2016-10-26,69.806325,216974200.0,-76786957.5
2016-10-27,69.556702,217874200.0,62601031.800000004
2016-10-28,69.347806,219474200.0,110956489.60000001
2016-10-31,68.608382,219324200.0,-10291257.3
2016-11-01,68.655924,219724200.0,27462369.599999998
2016-11-02,67.810231,218374200.0,-91543811.85000001
2016-11-03,68.088308,217924200.0,-30639738.599999998
2016-11-04,67.764692,218174200.0,16941173.0
2016-11-07,69.213037,219224200.0,72673688.85
2016-11-08,69.325298,218924200.0,-20797589.400000002
2016-11-09,70.482069,219024200.0,7048206.899999999
2016-11-10,70.709617,218574200.0,-31819327.65
2016-11-11,69.509566,220924200.0,163347480.10000002
2016-11-14,69.861726,220474200.0,-31437776.700000003
2016-11-15,71.789954,220974200.0,35894977.0
2016-11-16,71.309115,221874200.0,64178203.50000001
2016-11-17,70.845626,223424200.0,109810720.3
2016-11-18,71.149898,224524200.0,78264887.8
2016-11-21,72.795686,225724200.0,87354823.2
2016-11-22,72.776198,225624200.0,-7277619.8
2016-11-23,73.129012,222374200.0,-237669289.0
2016-11-25,72.754194,223574200.0,87305032.8
2016-11-28,71.675815,224274200.0,50173070.5
2016-11-29,70.853937,222074200.0,-155878661.4
2016-11-30,74.464496,220474200.0,-119143193.6
2016-12-01,74.687046,224324200.0,287545127.09999996
2016-12-02,74.839385,226224200.0,142194831.5
2016-12-05,75.530137,227174200.0,71753630.14999999
2016-12-06,75.405903,226224200.0,-71635607.85
2016-12-07,75.985045,224974200.0,-94981306.25
2016-12-08,76.360947,227024200.0,156539941.35
2016-12-09,76.566727,226774200.0,-19141681.75
2016-12-12,76.932444,227174200.0,30772977.6
2016-12-13,77.860549,228724200.0,120683850.95
2016-12-14,76.191951,229774200.0,80001548.55
2016-12-15,76.495043,229124200.0,-49721777.949999996
2016-12-16,76.472366,229024200.0,-7647236.6
2016-12-19,76.149119,233074200.0,308403931.95
2016-12-20,75.948053,233574200.0,37974026.5
2016-12-21,76.123251,234324200.0,57092438.25
2016-12-22,76.464535,234274200.0,-3823226.75
2016-12-23,76.32802,236074200.0,137390436.0
2016-12-27,76.533478,237774200.0,130106912.60000001
2016-12-28,75.706943,235624200.0,-162769927.45
2016-12-29,75.501842,234074200.0,-117027855.1
2016-12-30,75.28632,233574200.0,-37643160.0
2017-01-03,76.203943,235124200.0,118116111.64999999
2017-01-04,75.991111,235874200.0,56993333.25
2017-01-05,75.893079,236024200.0,11383961.85
2017-01-06,75.894717,235774200.0,-18973679.25
2017-01-09,74.759812,234624200.0,-85973783.8
2017-01-10,74.067411,234774200.0,11110111.65
2017-01-11,74.93708,234374200.0,-29974831.999999996
2017-01-12,74.594203,236324200.0,145458695.85
2017-01-13,74.393792,236124200.0,-14878758.4
2017-01-17,74.815382,237274200.0,86037689.3
2017-01-18,74.662666,238624200.0,100794599.10000001
2017-01-19,74.243597,239774200.0,85380136.55
2017-01-20,74.547158,239624200.0,-11182073.7
2017-01-23,73.725613,239474200.0,-11058841.95
2017-01-24,74.526415,236874200.0,-193768679.0
2017-01-25,74.951034,237624200.0,56213275.50000001
2017-01-26,74.962072,238024200.0,29984828.8
2017-01-27,74.225506,238274200.0,18556376.5
2017-01-30,72.876977,238674200.0,29150790.799999997
2017-01-31,72.855409,237674200.0,-72855409.0
2017-02-01,72.340875,238874200.0,86809050.0
2017-02-02,72.792518,237874200.0,-72792518.0
2017-02-03,73.436256,238674200.0,58749004.8
2017-02-06,72.780371,241474200.0,203785038.8
2017-02-07,71.733327,241424200.0,-3586666.35
2017-02-08,71.958372,241074200.0,-25185430.2
2017-02-09,72.773169,240724200.0,-25470609.15
2017-02-10,73.305629,240474200.0,-18326407.25
2017-02-13,73.396068,241774200.0,95414888.4
2017-02-14,73.664028,241924200.0,11049604.200000001
2017-02-15,73.359479,240274200.0,-121043140.35
2017-02-16,72.33764,239974200.0,-21701291.999999996
2017-02-17,71.967429,239774200.0,-14393485.799999999
2017-02-21,72.506268,240124200.0,25377193.8
2017-02-22,71.338337,239874200.0,-17834584.25
2017-02-23,71.61796,240524200.0,46551674.0
2017-02-24,70.995217,243474200.0,209435890.14999998
2017-02-27,71.621242,241574200.0,-136080359.79999998
2017-02-28,71.383226,242924200.0,96367355.1
2017-03-01,72.872648,241374200.0,-112952604.39999999
2017-03-02,72.124441,242174200.0,57699552.800000004
2017-03-03,71.956766,241474200.0,-50369736.2
2017-03-06,72.182961,243024200.0,111883589.55000001
2017-03-07,71.500931,242974200.0,-3575046.55
2017-03-08,69.680504,243374200.0,27872201.6
2017-03-09,70.070597,241424200.0,-136637664.15
2017-03-10,69.98206,239674200.0,-122468605.0
2017-03-13,70.070052,240174200.0,35035026.0
2017-03-14,69.230655,239374200.0,-55384524.0
2017-03-15,70.74789,238274200.0,-77822679.0
2017-03-16,70.295091,237724200.0,-38662300.05
2017-03-17,69.846933,239724200.0,139693866.0
2017-03-20,69.747441,240174200.0,31386348.45
2017-03-21,69.193887,240074200.0,-6919388.7
2017-03-22,69.124494,240824200.0,51843370.5
2017-03-23,68.848138,240774200.0,-3442406.9000000004
2017-03-24,68.55961,240774200.0,0.0
2017-03-27,68.266246,240724200.0,-3413312.3
2017-03-28,69.200942,241274200.0,38060518.1
2017-03-29,70.185526,244374200.0,217575130.6
2017-03-30,70.151069,247524200.0,220975867.35000002
2017-03-31,69.940709,246324200.0,-83928850.8
2017-04-03,69.808314,247624200.0,90750808.19999999
2017-04-04,70.318623,247574200.0,-3515931.15
2017-04-05,70.063612,248024200.0,31528625.400000002
2017-04-06,70.632214,246174200.0,-130669595.9
2017-04-07,70.353941,245124200.0,-73871638.05000001
2017-04-10,70.908318,244124200.0,-70908318.0
2017-04-11,70.858443,243924200.0,-14171688.6
2017-04-12,70.599202,245074200.0,81189082.30000001
2017-04-13,69.299318,244824200.0,-17324829.5
2017-04-17,69.439337,243874200.0,-65967370.15
2017-04-18,68.827707,243674200.0,-13765541.4
2017-04-19,67.830034,242324200.0,-91570545.89999999
2017-04-20,68.090832,242624200.0,20427249.6
2017-04-21,67.8016,243724200.0,74581760.0
2017-04-24,68.166805,243074200.0,-44308423.25
2017-04-25,68.815554,242724200.0,-24085443.900000002
2017-04-26,68.540607,240024200.0,-185059638.89999998
2017-04-27,67.767166,241874200.0,125369257.10000001
2017-04-28,67.836391,243324200.0,98362766.95
2017-05-01,67.66945,243124200.0,-13533890.0
2017-05-02,67.324516,244324200.0,80789419.2
2017-05-03,67.534071,243324200.0,-67534071.0
2017-05-04,66.236811,243974200.0,43053927.15
2017-05-05,67.347541,237774200.0,-417554754.20000005
2017-05-08,67.813017,239074200.0,88156922.10000001
2017-05-09,67.22711,241274200.0,147899642.0
2017-05-10,68.133859,242424200.0,78353937.85
2017-05-11,67.992346,242024200.0,-27196938.4
2017-05-12,67.76763,242974200.0,64379248.5
2017-05-15,68.224407,242624200.0,-23878542.45
2017-05-16,67.933429,243174200.0,37363385.95
2017-05-17,67.276457,243224200.0,3363822.8499999996
2017-05-18,67.20067,244924200.0,114241139.0
2017-05-19,68.059818,244474200.0,-30626918.1
2017-05-22,67.930091,244474200.0,0.0
2017-05-23,68.034961,244674200.0,13606992.2
2017-05-24,67.731702,244074200.0,-40639021.199999996
2017-05-25,66.491254,245124200.0,69815816.7
2017-05-26,66.554105,244674200.0,-29949347.250000004
2017-05-30,65.70252,244924200.0,16425630.000000002
2017-05-31,65.444655,243924200.0,-65444655.0
2017-06-01,65.886143,242024200.0,-125183671.7
2017-06-02,65.112388,242324200.0,19533716.4
2017-06-05,65.212772,240824200.0,-97819158.0
2017-06-06,65.990886,240974200.0,9898632.9
2017-06-07,65.029079,240174200.0,-52023263.199999996
2017-06-08,64.850824,240624200.0,29182870.8
2017-06-09,66.466651,243424200.0,186106622.79999998
2017-06-12,66.904518,244774200.0,90321099.3
2017-06-13,67.3738,248124200.0,225702230.0
2017-06-14,66.126206,247074200.0,-69432516.3
2017-06-15,65.654283,241774200.0,-347967699.90000004
2017-06-16,66.31777,244274200.0,165794425.0
2017-06-19,65.863775,249174200.0,322732497.5
2017-06-20,65.024067,248674200.0,-32512033.5
2017-06-21,63.967167,246324200.0,-150322842.45000002
2017-06-22,63.894645,246174200.0,-9584196.75
2017-06-23,64.383531,245074200.0,-70821884.10000001
2017-06-26,64.242852,246324200.0,80303565.0
2017-06-27,64.133411,245624200.0,-44893387.699999996
2017-06-28,64.503663,243874200.0,-112881410.25
2017-06-29,64.617411,244274200.0,25846964.400000002
2017-06-30,64.86486,244874200.0,38918915.99999999
2017-07-03,66.184028,245474200.0,39710416.8
2017-07-05,64.810348,250574200.0,330532774.8
2017-07-06,64.079196,247074200.0,-224277186.0
2017-07-07,63.997235,245024200.0,-131194331.75
2017-07-10,64.194924,248674200.0,234311472.6
2017-07-11,64.538169,246224200.0,-158118514.04999998
2017-07-12,64.71767,246074200.0,-9707650.5
2017-07-13,65.031565,246324200.0,16257891.25
2017-07-14,65.396478,247124200.0,52317182.4
2017-07-17,65.326897,246924200.0,-13065379.4
2017-07-18,64.996245,245674200.0,-81245306.25
2017-07-19,65.983057,242024200.0,-240838158.05
2017-07-20,65.729532,237624200.0,-289209940.8
2017-07-21,65.142591,236074200.0,-100971016.05
2017-07-24,64.952223,235124200.0,-61704611.85
2017-07-25,65.821659,234624200.0,-32910829.5
2017-07-26,65.875256,233974200.0,-42818916.4
2017-07-27,66.566725,235274200.0,86536742.5
2017-07-28,66.477651,236174200.0,59829885.9
2017-07-31,66.59932,238574200.0,159838368.0
2017-08-01,66.612629,238574200.0,0.0
2017-08-02,66.347366,237474200.0,-72982102.6
2017-08-03,65.415023,236274200.0,-78498027.60000001
2017-08-04,65.680059,234824200.0,-95236085.55
2017-08-07,65.076713,234624200.0,-13015342.6
2017-08-08,64.997803,233574200.0,-68247693.15
2017-08-09,65.070262,232674200.0,-58563235.8
2017-08-10,64.345975,232274200.0,-25738390.0
2017-08-11,63.918619,231224200.0,-67114549.95
2017-08-14,63.744648,229624200.0,-101991436.8
2017-08-15,63.485755,230324200.0,44440028.5
2017-08-16,62.885116,229924200.0,-25154046.4
2017-08-17,61.986584,228924200.0,-61986584.0
2017-08-18,62.340948,230124200.0,74809137.6
2017-08-21,61.98696,230324200.0,12397392.0
2017-08-22,62.429314,230674200.0,21850259.9
2017-08-23,62.693832,229274200.0,-87771364.8
2017-08-24,62.69293,229824200.0,34481111.5
2017-08-25,63.011092,230174200.0,22053882.2
2017-08-28,62.706919,229874200.0,-18812075.7
2017-08-29,62.63203,230124200.0,15658007.5
2017-08-30,62.673101,230374200.0,15668275.25
2017-08-31,63.01548,232674200.0,144935604.0
2017-09-01,63.598544,233724200.0,66778471.199999996
2017-09-05,63.937305,234224200.0,31968652.5
2017-09-06,64.959843,236024200.0,116927717.4
2017-09-07,65.076752,236924200.0,58569076.8
2017-09-08,64.37567,237674200.0,48281752.5
2017-09-11,65.043209,238024200.0,22765123.150000002
2017-09-12,65.400059,238574200.0,35970032.45
2017-09-13,66.252872,237974200.0,-39751723.199999996
2017-09-14,66.515481,239474200.0,99773221.49999999
2017-09-15,65.832717,239024200.0,-29624722.650000002
2017-09-18,66.137428,241624200.0,171957312.8
2017-09-19,66.384834,241074200.0,-36511658.699999996
2017-09-20,66.867807,242674200.0,106988491.2
2017-09-21,66.849802,242774200.0,6684980.199999999
2017-09-22,67.223087,242724200.0,-3361154.3500000006
2017-09-25,68.231271,241874200.0,-57996580.35000001
2017-09-26,68.105644,241474200.0,-27242257.599999998
2017-09-27,68.429998,241174200.0,-20528999.4
2017-09-28,68.488202,241274200.0,6848820.2
2017-09-29,68.464323,241724200.0,30808945.349999998
2017-10-02,68.469602,242724200.0,68469602.0
2017-10-03,68.4032,243324200.0,41041920.0
2017-10-04,68.358832,243124200.0,-13671766.400000002
2017-10-05,68.640829,243124200.0,0.0
2017-10-06,68.063442,242174200.0,-64660269.9
2017-10-09,68.223938,242874200.0,47756756.6
2017-10-10,68.274293,243024200.0,10241143.95
2017-10-11,68.432532,240574200.0,-167659703.39999998
2017-10-12,68.163888,242074200.0,102245832.0
2017-10-13,68.130449,242074200.0,0.0
2017-10-16,68.275803,241874200.0,-13655160.6
2017-10-17,68.329386,241574200.0,-20498815.8
2017-10-18,67.841045,242724200.0,78017201.75
2017-10-19,67.619069,242974200.0,16904767.25
2017-10-20,67.801385,242624200.0,-23730484.75
2017-10-23,67.369298,243024200.0,26947719.2
2017-10-24,67.548331,243974200.0,64170914.45
2017-10-25,67.066296,245124200.0,77126240.39999999
2017-10-26,67.225442,244524200.0,-40335265.2
2017-10-27,67.394924,244674200.0,10109238.6
2017-10-30,67.669266,245024200.0,23684243.099999998
2017-10-31,67.934821,245374200.0,23777187.35
2017-11-01,68.695302,246174200.0,54956241.6
2017-11-02,68.478163,246424200.0,17119540.75
2017-11-03,68.688133,248274200.0,127073046.04999998
2017-11-06,70.264279,246824200.0,-101883204.55
2017-11-07,70.139223,246874200.0,3506961.15
2017-11-08,69.844737,245324200.0,-108259342.35
2017-11-09,70.041253,243674200.0,-115568067.45
2017-11-10,69.644226,244374200.0,48750958.2
2017-11-13,69.240524,245074200.0,48468366.8
2017-11-14,68.131914,246974200.0,129450636.6
2017-11-15,67.343809,245424200.0,-104382903.94999999
2017-11-16,67.090162,244224200.0,-80508194.4
2017-11-17,67.412467,242474200.0,-117971817.25000001
2017-11-20,67.266053,242474200.0,0.0
2017-11-21,67.407212,242024200.0,-30333245.400000002
2017-11-22,67.710597,242174200.0,10156589.55
2017-11-24,67.885946,240724200.0,-98434621.7
2017-11-27,67.166361,240724200.0,0.0
2017-11-28,67.719963,240324200.0,-27087985.200000003
2017-11-29,68.077718,239824200.0,-34038859.0
2017-11-30,69.139042,240224200.0,27655616.8
2017-12-01,69.70761,240124200.0,-6970761.0
2017-12-04,69.668995,239974200.0,-10450349.25
2017-12-05,69.341199,240224200.0,17335299.75
2017-12-06,68.430585,240874200.0,44479880.24999999
2017-12-07,68.65573,240274200.0,-41193438.0
2017-12-08,69.292758,241074200.0,55434206.400000006
2017-12-11,69.797102,241124200.0,3489855.0999999996
2017-12-12,69.574449,241824200.0,48702114.300000004
2017-12-13,69.455123,240974200.0,-59036854.55
2017-12-14,69.224461,241624200.0,44995899.650000006
2017-12-15,68.738443,243524200.0,130603041.7
2017-12-18,69.247248,245074200.0,107333234.39999999
2017-12-19,69.34626,247574200.0,173365650.0
2017-12-20,70.330655,246224200.0,-94946384.24999999
2017-12-21,71.817943,247024200.0,57454354.4
2017-12-22,71.978108,247724200.0,50384675.6
2017-12-26,72.603904,249974200.0,163358784.0
2017-12-27,72.360535,250824200.0,61506454.75
2017-12-28,72.433422,250524200.0,-21730026.599999998
2017-12-29,72.145422,250824200.0,21643626.599999998
2018-01-02,73.441359,251074200.0,18360339.75
2018-01-03,74.549287,256124200.0,376473899.35
2018-01-04,75.009372,258974200.0,213776710.2
2018-01-05,74.99258,259674200.0,52494806.0
2018-01-08,75.432071,259874200.0,15086414.2
2018-01-09,75.194966,261624200.0,131591190.49999999
2018-01-10,75.13054,260324200.0,-97669702.0
2018-01-11,76.676716,261624200.0,99679730.8
2018-01-12,77.420806,259874200.0,-135486410.5
2018-01-16,76.450129,263774200.0,298155503.1
2018-01-17,77.091148,264174200.0,30836459.200000003
2018-01-18,76.465259,263974200.0,-15293051.8
2018-01-19,76.392958,266924200.0,225359226.1
2018-01-22,78.022647,267074200.0,11703397.05
2018-01-23,77.910732,269524200.0,190881293.39999998
2018-01-24,77.701048,266974200.0,-198137672.4
2018-01-25,77.07517,264274200.0,-208102959.0
2018-01-26,77.555532,264324200.0,3877776.6
2018-01-29,76.341752,262924200.0,-106878452.8
2018-01-30,74.791248,263574200.0,48614311.199999996
2018-01-31,74.838047,260074200.0,-261933164.5
2018-02-01,75.634241,262324200.0,170177042.25
2018-02-02,72.541185,263474200.0,83422362.75
2018-02-05,69.416012,261724200.0,-121478020.99999999
2018-02-06,69.974373,263824200.0,146946183.3
2018-02-07,68.795906,265374200.0,106633654.3
2018-02-08,66.701712,263724200.0,-110057824.8
2018-02-09,66.646443,264174200.0,29990899.35
2018-02-12,67.784077,264674200.0,33892038.5
2018-02-13,67.469064,265324200.0,43854891.6
2018-02-14,68.448699,264674200.0,-44491654.35
2018-02-15,68.276082,265724200.0,71689886.10000001
2018-02-16,68.101553,264824200.0,-61291397.699999996
2018-02-20,67.748985,263374200.0,-98236028.25
2018-02-21,66.616411,258824200.0,-303104670.05
2018-02-22,67.333921,257924200.0,-60600528.900000006
2018-02-23,68.799259,258574200.0,44719518.35
2018-02-26,69.221634,259424200.0,58838388.9
2018-02-27,68.311725,257624200.0,-122961104.99999999
2018-02-28,66.757185,258424200.0,53405748.00000001
2018-03-01,66.66947,257774200.0,-43335155.5
2018-03-02,66.949838,258024200.0,16737459.5
2018-03-05,67.669833,260224200.0,148873632.6
2018-03-06,67.705487,259474200.0,-50779115.25000001
2018-03-07,67.177783,257924200.0,-104125563.65
2018-03-08,67.152767,258974200.0,70510405.35
2018-03-09,68.472443,257874200.0,-75319687.3
2018-03-12,68.416034,257374200.0,-34208017.0
2018-03-13,67.93938,256074200.0,-88321194.0
2018-03-14,67.518377,256074200.0,0.0
2018-03-15,67.190938,255824200.0,-16797734.5
2018-03-16,67.399237,255674200.0,-10109885.55
2018-03-19,66.261036,255324200.0,-23191362.6
2018-03-20,66.822773,255474200.0,10023415.95
2018-03-21,68.584619,254974200.0,-34292309.5
2018-03-22,67.185988,254374200.0,-40311592.8
2018-03-23,66.774586,253174200.0,-80129503.2
2018-03-26,67.958805,255524200.0,159703191.75
2018-03-27,67.353413,256774200.0,84191766.25
2018-03-28,66.001321,257424200.0,42900858.650000006
2018-03-29,67.423481,258124200.0,47196436.699999996
2018-04-02,66.078551,257424200.0,-46254985.7
2018-04-03,67.477565,258074200.0,43860417.25
2018-04-04,67.390483,259824200.0,117933345.25
2018-04-05,68.616917,258174200.0,-113217913.05
2018-04-06,67.352556,258524200.0,23573394.6
2018-04-09,67.663147,257774200.0,-50747360.25
2018-04-10,69.913328,256774200.0,-69913328.0
2018-04-11,70.647745,258424200.0,116568779.25
2018-04-12,70.645432,258574200.0,10596814.8
2018-04-13,71.414912,257774200.0,-57131929.6
2018-04-16,72.141655,257274200.0,-36070827.5
2018-04-17,72.4344,253924200.0,-242655240.0
2018-04-18,73.565457,253524200.0,-29426182.799999997
2018-04-19,73.667876,252774200.0,-55250907.00000001
2018-04-20,73.298784,252174200.0,-43979270.4
2018-04-23,73.749049,251224200.0,-70061596.55
2018-04-24,72.959004,252774200.0,113086456.19999999
2018-04-25,73.548805,251724200.0,-77226245.25
2018-04-26,74.643928,251974200.0,18660982.0
2018-04-27,73.814946,251074200.0,-66433451.400000006
2018-04-30,73.78116,251124200.0,3689058.0
2018-05-01,73.374729,249324200.0,-132074512.2
2018-05-02,73.677623,253324200.0,294710492.0
2018-05-03,73.502858,251624200.0,-124954858.60000001
2018-05-04,73.83231,252174200.0,40607770.5
2018-05-07,73.957832,250974200.0,-88749398.39999999
2018-05-08,74.533044,251974200.0,74533044.0
2018-05-09,76.04543,252024200.0,3802271.5
2018-05-10,76.644127,251924200.0,-7664412.7
2018-05-11,76.757489,250774200.0,-88271112.35000001
2018-05-14,77.241826,249374200.0,-108138556.4
2018-05-15,77.263208,250274200.0,69536887.2
2018-05-16,77.568128,248374200.0,-147379443.2
2018-05-17,78.721294,248524200.0,11808194.1
2018-05-18,78.110453,250374200.0,144504338.05
2018-05-21,78.85899,250424200.0,3942949.5000000005
2018-05-22,77.849245,250424200.0,0.0
2018-05-23,77.846159,251474200.0,81738466.95
2018-05-24,76.56377,254924200.0,264145006.50000003
2018-05-25,74.579748,252574200.0,-175262407.79999998
2018-05-29,74.341434,250374200.0,-163551154.8
2018-05-30,76.631033,250924200.0,42147068.15
2018-05-31,75.995063,251774200.0,64595803.550000004
2018-06-01,76.398758,249824200.0,-148977578.1
2018-06-04,75.698818,249124200.0,-52989172.6
2018-06-05,75.488469,248524200.0,-45293081.4
2018-06-06,75.895097,248224200.0,-22768529.1
2018-06-07,77.106538,249074200.0,65540557.3
2018-06-08,76.952934,248424200.0,-50019407.1
2018-06-11,77.23406,247524200.0,-69510654.0
2018-06-12,76.668052,248724200.0,92001662.4
2018-06-13,76.364214,253624200.0,374184648.6
2018-06-14,76.206577,254374200.0,57154932.75
2018-06-15,74.104894,253974200.0,-29641957.6
2018-06-18,74.942727,254074200.0,7494272.7
2018-06-19,74.742955,256124200.0,153223057.75
2018-06-20,75.05796,256474200.0,26270285.999999996
2018-06-21,73.612994,258324200.0,136184038.9
2018-06-22,75.218253,257474200.0,-63935515.050000004
2018-06-25,73.561674,254224200.0,-239075440.5
2018-06-26,74.586294,254024200.0,-14917258.799999999
2018-06-27,75.570278,252474200.0,-117133930.9
2018-06-28,75.479585,255924200.0,260404568.25
2018-06-29,75.95276,255224200.0,-53166932.0
2018-07-02,74.774797,255274200.0,3738739.8500000006
2018-07-03,75.310272,254324200.0,-71544758.39999999
2018-07-05,75.191724,254224200.0,-7519172.399999999
2018-07-06,75.700551,254024200.0,-15140110.200000001
2018-07-09,76.823968,253574200.0,-34570785.599999994
2018-07-10,77.382802,254174200.0,46429681.199999996
2018-07-11,75.711033,254574200.0,30284413.2
2018-07-12,75.847118,253724200.0,-64470050.3
2018-07-13,76.264436,253874200.0,11439665.4
2018-07-16,75.373588,252624200.0,-94216985.0
2018-07-17,75.086886,252824200.0,15017377.200000001
2018-07-18,75.113079,253074200.0,18778269.75
2018-07-19,75.115824,251924200.0,-86383197.60000001
2018-07-20,74.863328,254224200.0,172185654.39999998
2018-07-23,74.559121,254974200.0,55919340.75
2018-07-24,75.525301,254974200.0,0.0
2018-07-25,76.206671,253724200.0,-95258338.75
2018-07-26,76.98195,253924200.0,15396390.0
2018-07-27,76.616313,251724200.0,-168555888.60000002
2018-07-30,77.295344,251074200.0,-50241973.6
2018-07-31,77.050162,250424200.0,-50082605.3
2018-08-01,76.017859,250424200.0,0.0
2018-08-02,75.62341,250274200.0,-11343511.500000002
2018-08-03,75.281015,249524200.0,-56460761.25
2018-08-06,75.554947,248524200.0,-75554947.0
2018-08-07,76.07641,247274200.0,-95095512.5
2018-08-08,75.514119,246524200.0,-56635589.24999999
2018-08-09,74.828573,246874200.0,26190000.55
2018-08-10,75.217731,244024200.0,-214370533.35
2018-08-13,74.304106,248574200.0,338083682.3
2018-08-14,74.493975,249024200.0,33522288.750000004
2018-08-15,71.903698,249024200.0,0.0
2018-08-16,72.435529,243424200.0,-405638962.40000004
2018-08-17,72.626002,241674200.0,-127095503.5
2018-08-20,73.124015,241174200.0,-36562007.5
2018-08-21,73.489884,239574200.0,-117583814.4
2018-08-22,74.362712,239124200.0,-33463220.400000002
2018-08-23,73.980569,239024200.0,-7398056.9
2018-08-24,74.568138,239874200.0,63382917.300000004
2018-08-27,75.113585,239774200.0,-7511358.5
2018-08-28,74.778396,238874200.0,-67300556.4
2018-08-29,75.23025,239024200.0,11284537.5
2018-08-30,74.993032,238874200.0,-11248954.8
2018-08-31,74.437002,239524200.0,48384051.300000004
2018-09-04,74.264692,242774200.0,241360249.0
2018-09-05,74.183529,237974200.0,-356080939.2
2018-09-06,72.788696,241074200.0,225644957.6
2018-09-07,72.784477,235424200.0,-411232295.04999995
2018-09-10,72.759307,237674200.0,163708440.75000003
2018-09-11,73.472167,237274200.0,-29388866.8
2018-09-12,73.847157,236324200.0,-70154799.14999999
2018-09-13,73.857498,236024200.0,-22157249.400000002
2018-09-14,74.257734,232824200.0,-237624748.8
2018-09-17,74.365038,234124200.0,96674549.39999999
2018-09-18,74.880945,235374200.0,93601181.25
2018-09-19,75.142704,235074200.0,-22542811.2
2018-09-20,75.098539,237374200.0,172726639.70000002
2018-09-21,75.122257,236374200.0,-75122257.0
2018-09-24,76.221368,239974200.0,274396924.8
2018-09-25,76.655027,241324200.0,103484286.45
2018-09-26,75.911387,242124200.0,60729109.6
2018-09-27,75.934986,242224200.0,7593498.6
2018-09-28,75.749378,243474200.0,94686722.49999999
2018-10-01,76.8395,243374200.0,-7683950.0
2018-10-02,76.910316,241124200.0,-173048211.0
2018-10-03,77.585428,240924200.0,-15517085.599999998
2018-10-04,77.17536,240624200.0,-23152608.0
2018-10-05,77.137593,238774200.0,-142704547.04999998
2018-10-08,77.085421,238424200.0,-26979897.349999998
2018-10-09,77.858547,238824200.0,31143418.8
2018-10-10,75.04657,239874200.0,78798898.5
2018-10-11,72.741303,241024200.0,83652498.45
2018-10-12,72.99275,244574200.0,259124262.5
2018-10-15,72.372404,237724200.0,-495750967.40000004
2018-10-16,73.034094,236974200.0,-54775570.5
2018-10-17,72.508481,235524200.0,-105137297.45
2018-10-18,72.148843,235474200.0,-3607442.15
2018-10-19,71.520923,235224200.0,-17880230.75
2018-10-22,70.752121,233724200.0,-106128181.5
2018-10-23,68.856241,234374200.0,44756556.65
2018-10-24,66.229117,235074200.0,46360381.9
2018-10-25,66.997114,234024200.0,-70346969.7
2018-10-26,66.470251,235424200.0,93058351.4
2018-10-29,65.214047,233824200.0,-104342475.19999999
2018-10-30,66.734774,237724200.0,260265618.6
2018-10-31,67.152402,234974200.0,-184669105.5
2018-11-01,67.709744,233474200.0,-101564616.0
2018-11-02,67.632204,230774200.0,-182606950.8
2018-11-05,68.749604,233924200.0,216561252.60000002
2018-11-06,68.979545,233674200.0,-17244886.25
2018-11-07,70.109291,233574200.0,-7010929.1
2018-11-08,68.555273,234574200.0,68555273.0
2018-11-09,68.498206,236474200.0,130146591.39999999
2018-11-12,67.023282,238974200.0,167558205.0
2018-11-13,65.440593,237774200.0,-78528711.60000001
2018-11-14,65.373346,238374200.0,39224007.6
2018-11-15,66.467146,239474200.0,73113860.6
2018-11-16,67.209362,245124200.0,379732895.3
2018-11-19,67.148178,241774200.0,-224946396.3
2018-11-20,64.957512,236124200.0,-367009942.79999995
2018-11-21,65.985445,234674200.0,-95678895.25
2018-11-23,63.832454,234374200.0,-19149736.2
2018-11-26,64.930138,234524200.0,9739520.7
2018-11-27,64.709985,234724200.0,12941997.0
2018-11-28,65.838233,233324200.0,-92173526.2
2018-11-29,66.230248,234974200.0,109279909.2
2018-11-30,66.075076,233774200.0,-79290091.19999999
2018-12-03,67.563224,235024200.0,84454030.0
2018-12-04,65.627952,237124200.0,137818699.2
2018-12-06,64.492532,235924200.0,-77391038.39999999
2018-12-07,64.088791,240624200.0,301217317.7
2018-12-10,63.059407,233474200.0,-450874760.05
2018-12-11,63.095737,236224200.0,173513276.75
2018-12-12,63.318342,231974200.0,-269102953.5
2018-12-13,63.568195,236824200.0,308305745.75
2018-12-14,62.078607,232224200.0,-285561592.2
2018-12-17,60.930432,234424200.0,134046950.4
2018-12-18,59.525613,233924200.0,-29762806.5
2018-12-19,58.786891,234824200.0,52908201.9
2018-12-20,57.175543,229324200.0,-314465486.5
2018-12-21,56.052242,229124200.0,-11210448.4
2018-12-24,53.796955,231424200.0,123732996.5
2018-12-26,57.189817,231424200.0,0.0
2018-12-27,57.563711,234274200.0,164056576.35
2018-12-28,57.0543,234974200.0,39938010.0
2018-12-31,57.330946,235874200.0,51597851.4
2019-01-02,58.504336,234274200.0,-93606937.60000001
2019-01-03,57.869011,230774200.0,-202541538.5
2019-01-04,59.936006,229474200.0,-77916807.8
2019-01-07,60.733979,231274200.0,109321162.2
2019-01-08,61.241584,233274200.0,122483168.0
2019-01-09,62.180624,231274200.0,-124361248.0
2019-01-10,62.409063,229724200.0,-96734047.65
2019-01-11,62.019149,224674200.0,-313196702.45
2019-01-14,61.898468,223724200.0,-58803544.6
2019-01-15,62.089542,225224200.0,93134313.0
2019-01-16,62.000319,221974200.0,-201501036.75
2019-01-17,62.61881,222824200.0,53225988.5
2019-01-18,63.842908,222824200.0,0.0
2019-01-22,62.424254,222524200.0,-18727276.2
2019-01-23,61.79413,217174200.0,-330598595.5
2019-01-24,62.172662,214774200.0,-149214388.8
2019-01-25,62.943561,213624200.0,-72385095.15
2019-01-28,62.28679,212374200.0,-77858487.5
2019-01-29,62.483558,213474200.0,68731913.8
2019-01-30,63.341638,210024200.0,-218528651.10000002
2019-01-31,63.774657,208224200.0,-114794382.6
2019-02-01,64.895746,205624200.0,-168728939.6
2019-02-04,65.055856,204874200.0,-48791892.00000001
2019-02-05,65.139099,204274200.0,-39083459.4
2019-02-06,64.634309,203424200.0,-54939162.65
2019-02-07,63.224028,203774200.0,22128409.8
2019-02-08,62.952886,209574200.0,365126738.8
2019-02-11,63.243518,203174200.0,-404758515.2
2019-02-12,64.024128,205674200.0,160060320.0
2019-02-13,64.853734,201924200.0,-243201502.5
2019-02-14,65.082252,201274200.0,-42303463.8
2019-02-15,66.108557,206624200.0,353680779.95000005
2019-02-19,66.310499,208224200.0,106096798.39999999
2019-02-20,66.597855,200724200.0,-499483912.49999994
2019-02-21,65.559842,202424200.0,111451731.4
2019-02-22,65.763247,203024200.0,39457948.2
2019-02-25,65.865245,203824200.0,52692196.0
2019-02-26,65.672731,203874200.0,3283636.55
2019-02-27,65.898833,206124200.0,148272374.25
2019-02-28,65.249111,206074200.0,-3262455.55
2019-03-01,66.440567,205574200.0,-33220283.5
2019-03-04,66.564632,207874200.0,153098653.6
2019-03-05,66.364718,210724200.0,189139446.29999998
2019-03-06,65.528199,212574200.0,121227168.15
2019-03-07,65.127999,223724200.0,726177188.85
2019-03-08,63.889642,223774200.0,3194482.1
2019-03-11,64.88873,215074200.0,-564531951.0
2019-03-12,65.279927,214174200.0,-58751934.3
2019-03-13,65.986808,212474200.0,-112177573.6
2019-03-14,66.038126,213124200.0,42924781.900000006
2019-03-15,65.48725,212424200.0,-45841075.0
2019-03-18,66.406673,213374200.0,63086339.35
2019-03-19,66.213744,212874200.0,-33106872.000000004
2019-03-20,66.811376,215574200.0,180390715.2
2019-03-21,67.278003,216174200.0,40366801.8
2019-03-22,65.479361,205974200.0,-667889482.1999999
2019-03-25,65.500952,205724200.0,-16375238.0
2019-03-26,66.451868,206324200.0,39871120.800000004
2019-03-27,65.990191,209274200.0,194671063.45
2019-03-28,66.229157,208524200.0,-49671867.75
2019-03-29,66.116583,208974200.0,29752462.35
2019-04-01,67.022015,208674200.0,-20106604.5
2019-04-02,66.542062,208124200.0,-36598134.1
2019-04-03,65.892381,206624200.0,-98838571.5
2019-04-04,66.433025,206074200.0,-36538163.75
2019-04-05,67.601468,207024200.0,64221394.599999994
2019-04-08,67.920348,207424200.0,27168139.200000003
2019-04-09,67.045752,206474200.0,-63693464.39999999
2019-04-10,67.364332,208074200.0,107782931.2
2019-04-11,67.371362,208674200.0,40422817.2
2019-04-12,67.555116,208474200.0,-13511023.2
2019-04-15,67.16245,207474200.0,-67162450.0
2019-04-16,67.584962,207374200.0,-6758496.2
2019-04-17,67.511647,207974200.0,40506988.199999996
2019-04-18,67.165177,207574200.0,-26866070.8
2019-04-22,68.541972,208174200.0,41125183.2
2019-04-23,68.544347,209274200.0,75398781.7
2019-04-24,67.290042,209074200.0,-13458008.4
2019-04-25,67.074945,208924200.0,-10061241.75
2019-04-26,66.312118,206474200.0,-162464689.1
2019-04-29,66.184301,211774200.0,350776795.3
2019-04-30,66.193202,204974200.0,-450113773.6
2019-05-01,64.749931,204024200.0,-61512434.45
2019-05-02,63.641171,199724200.0,-273657035.3
2019-05-03,64.202557,200774200.0,67412684.85
2019-05-06,64.173557,195124200.0,-362580597.05
2019-05-07,63.772987,191124200.0,-255091948.0
2019-05-08,63.729429,191274200.0,9559414.35
2019-05-09,63.776797,191724200.0,28699558.650000002
2019-05-10,64.029487,199024200.0,467415255.1
2019-05-13,63.007937,190674200.0,-526116273.95
2019-05-14,63.750339,189274200.0,-89250474.6
2019-05-15,64.050946,195674200.0,409926054.4
2019-05-16,64.42633,189074200.0,-425213777.99999994
2019-05-17,63.7642,189274200.0,12752840.0
2019-05-20,63.816658,189374200.0,6381665.8
2019-05-21,64.520579,189374200.0,0.0
2019-05-22,63.486037,191674200.0,146017885.1
2019-05-23,61.483117,187924200.0,-230561688.75
2019-05-24,61.570069,187924200.0,0.0
2019-05-28,60.928792,188574200.0,39603714.800000004
2019-05-29,60.552684,190274200.0,102939562.8
2019-05-30,59.813882,188424200.0,-110655681.7
2019-05-31,58.854588,187274200.0,-67682776.2
2019-06-03,59.643763,183224200.0,-241557240.15
2019-06-04,60.615815,187374200.0,251555632.25
2019-06-05,59.959397,181824200.0,-332774653.35
2019-06-06,61.010535,184524200.0,164728444.5
2019-06-07,61.288566,186624200.0,128705988.60000001
2019-06-10,61.489014,188074200.0,89159070.3
2019-06-11,61.57209,186424200.0,-101593948.5
2019-06-12,60.68086,186324200.0,-6068086.0
2019-06-13,61.446952,185774200.0,-33795823.6
2019-06-14,60.990346,186024200.0,15247586.5
2019-06-17,61.537362,185324200.0,-43076153.4
2019-06-18,62.386827,184624200.0,-43670778.9
2019-06-19,62.263229,185224200.0,37357937.4
2019-06-20,63.646601,186424200.0,76375921.2
2019-06-21,63.566216,191074200.0,295582904.4
2019-06-24,62.979058,193424200.0,148000786.3
2019-06-25,62.4611,192874200.0,-34353605.0
2019-06-26,63.454934,194724200.0,117391627.9
2019-06-27,62.959483,194574200.0,-9443922.45
2019-06-28,63.711952,193724200.0,-54155159.199999996
2019-07-01,63.778735,192324200.0,-89290229.0
2019-07-02,62.65092,194274200.0,122169294.0
2019-07-03,63.015829,194074200.0,-12603165.799999999
2019-07-05,63.100662,193574200.0,-31550331.0
2019-07-08,63.151632,193824200.0,15787908.0
2019-07-09,63.209501,193124200.0,-44246650.7
2019-07-10,64.09482,193474200.0,22433187.0
2019-07-11,64.215156,191924200.0,-99533491.79999998
2019-07-12,64.46133,193024200.0,70907463.0
2019-07-15,63.858253,193474200.0,28736213.849999998
2019-07-16,63.160106,192074200.0,-88424148.4
2019-07-17,62.419256,192574200.0,31209628.0
2019-07-18,62.441202,191774200.0,-49952961.599999994
2019-07-19,62.778551,201074200.0,583840524.3
2019-07-22,63.066836,191524200.0,-602288283.8000001
2019-07-23,63.230865,190974200.0,-34776975.75
2019-07-24,63.499408,191024200.0,3174970.4
2019-07-25,62.745663,191024200.0,0.0
2019-07-26,62.423007,190224200.0,-49938405.6
2019-07-29,62.180932,189324200.0,-55962838.8
2019-07-30,62.920382,199324200.0,629203820.0
2019-07-31,62.610292,189724200.0,-601058803.2
2019-08-01,61.19623,190124200.0,24478492.0
2019-08-02,60.365926,191074200.0,57347629.7
2019-08-05,58.591887,185824200.0,-307607406.75
2019-08-06,58.523958,182174200.0,-213612446.7
2019-08-07,58.080716,183324200.0,66792823.400000006
2019-08-08,59.762654,182824200.0,-29881327.0
2019-08-09,59.04847,180824200.0,-118096940.0
2019-08-12,58.396286,182724200.0,110952943.4
2019-08-13,58.978099,175074200.0,-451182457.35
2019-08-14,56.558213,177324200.0,127255979.25
2019-08-15,56.271709,176574200.0,-42203781.75
2019-08-16,57.050741,179624200.0,174004760.05
2019-08-19,58.302118,175024200.0,-268189742.8
2019-08-20,57.755959,186724200.0,675744720.3
2019-08-21,58.181715,176874200.0,-573089892.75
2019-08-22,57.8949,176624200.0,-14473725.0
2019-08-23,55.945067,175924200.0,-39161546.9
2019-08-26,56.191197,175974200.0,2809559.85
2019-08-27,55.855418,176524200.0,30720479.9
2019-08-28,56.652042,176824200.0,16995612.6
2019-08-29,57.477969,175424200.0,-80469156.60000001
2019-08-30,57.525152,174974200.0,-25886318.4
2019-09-03,57.236671,173224200.0,-100164174.25
2019-09-04,58.035952,173024200.0,-11607190.4
2019-09-05,58.76366,173674200.0,38196379.0
2019-09-06,59.050915,172524200.0,-67908552.25
2019-09-09,60.2107,172624200.0,6021070.0
2019-09-10,60.998367,173824200.0,73198040.4
2019-09-11,61.015574,168024200.0,-353890329.2
2019-09-12,60.636757,175024200.0,424457299.0
2019-09-13,61.120342,173524200.0,-91680513.0
2019-09-16,63.184624,166474200.0,-445451599.2
2019-09-17,62.204361,173624200.0,444761181.15
2019-09-18,61.947149,172324200.0,-80531293.7
2019-09-19,61.718131,172324200.0,0.0
2019-09-20,61.220116,173274200.0,58159110.199999996
2019-09-23,61.299705,175674200.0,147119292.0
2019-09-24,60.296954,177024200.0,81400887.9
2019-09-25,60.436298,174174200.0,-172243449.3
2019-09-26,59.630887,174124200.0,-2981544.35
2019-09-27,59.606729,174224200.0,5960672.9
2019-09-30,59.180537,172624200.0,-94688859.2
2019-10-01,57.835703,169224200.0,-196641390.20000002
2019-10-02,56.345811,165124200.0,-231017825.1
2019-10-03,57.056945,170574200.0,310960350.25
2019-10-04,57.388565,172574200.0,114777130.0
2019-10-07,56.84785,171674200.0,-51163065.0
2019-10-08,55.838873,171774200.0,5583887.3
2019-10-09,56.424418,171374200.0,-22569767.200000003
2019-10-10,57.145553,172874200.0,85718329.5
2019-10-11,57.956177,172874200.0,0.0
2019-10-14,57.876585,175574200.0,156266779.5
2019-10-15,58.111588,177074200.0,87167382.0
2019-10-16,57.290582,185624200.0,489834476.1
2019-10-17,57.318747,174024200.0,-664897465.2
2019-10-18,57.016881,174074200.0,2850844.05
2019-10-21,58.066337,175524200.0,84196188.64999999
2019-10-22,58.85372,175224200.0,-17656116.0
2019-10-23,59.299663,175174200.0,-2964983.15
2019-10-24,59.064353,173524200.0,-97456182.44999999
2019-10-25,59.546326,174724200.0,71455591.2
2019-10-28,59.187118,174524200.0,-11837423.6
2019-10-29,59.447198,172324200.0,-130783835.6
2019-10-30,58.19465,181574200.0,538300512.5
2019-10-31,57.904866,172324200.0,-535620010.5
2019-11-01,59.356707,172674200.0,20774847.45
2019-11-04,61.231178,172574200.0,-6123117.8
2019-11-05,61.447113,177474200.0,301090853.7
2019-11-06,60.030357,177724200.0,15007589.25
2019-11-07,60.950661,178374200.0,39617929.65
2019-11-08,60.704682,177874200.0,-30352341.0
2019-11-11,60.365163,177874200.0,0.0
2019-11-12,60.044378,176974200.0,-54039940.2
2019-11-13,59.75491,175724200.0,-74693637.5
2019-11-14,59.592238,174824200.0,-53633014.2
2019-11-15,60.120187,178974200.0,249498776.05
2019-11-18,59.332378,173474200.0,-326328079.0
2019-11-19,58.469968,178524200.0,295273338.40000004
2019-11-20,59.062229,173874200.0,-274639364.85
2019-11-21,59.996857,173424200.0,-26998585.65
2019-11-22,59.79161,174324200.0,53812449.0
2019-11-25,59.89903,172924200.0,-83858642.0
2019-11-26,59.27681,173174200.0,14819202.5
2019-11-27,59.473182,172724200.0,-26762931.900000002
2019-11-29,58.864811,172724200.0,0.0
2019-12-02,58.859952,172074200.0,-38258968.8
2019-12-03,57.97577,171224200.0,-49279404.5
2019-12-04,58.88798,172124200.0,52999182.0
2019-12-05,58.602899,173274200.0,67393333.85
2019-12-06,59.760522,173074200.0,-11952104.4
2019-12-09,59.637224,181124200.0,480079653.20000005
2019-12-10,59.764876,175374200.0,-343648037.0
2019-12-11,59.669104,175924200.0,32818007.2
2019-12-12,60.86485,180374200.0,270848582.5
2019-12-13,60.329137,178824200.0,-93510162.35000001
2019-12-16,61.209704,179274200.0,27544366.8
2019-12-17,61.192459,179624200.0,21417360.65
2019-12-18,61.389048,176874200.0,-168819882.0
2019-12-19,61.373939,171274200.0,-343694058.4
2019-12-20,61.319953,172874200.0,98111924.8
2019-12-23,61.980912,178774200.0,365687380.79999995
2019-12-24,61.960238,179424200.0,40274154.699999996
2019-12-26,61.962826,179524200.0,6196282.6
2019-12-27,61.659174,179224200.0,-18497752.2
2019-12-30,59.670684,185324200.0,363991172.40000004
2019-12-31,60.08845,181524200.0,-228336110.0
2020-01-02,60.580434,183224200.0,102986737.8
2020-01-03,60.380522,186124200.0,175103513.8
2020-01-06,60.857369,188574200.0,149100554.04999998
2020-01-07,60.759124,192674200.0,249112408.4
2020-01-08,59.710135,192174200.0,-29855067.5
2020-01-09,60.149247,189524200.0,-159395504.55
2020-01-10,59.778319,189374200.0,-8966747.85
2020-01-13,59.812609,188774200.0,-35887565.4
2020-01-14,59.83919,188224200.0,-32911554.5
2020-01-15,59.422334,182524200.0,-338707303.8
2020-01-16,59.512271,182874200.0,20829294.849999998
2020-01-17,59.108262,182474200.0,-23643304.8
2020-01-21,57.988955,183574200.0,63787850.5
2020-01-22,57.466176,182874200.0,-40226323.199999996
2020-01-23,57.257499,183174200.0,17177249.7
2020-01-24,56.591659,182374200.0,-45273327.2
2020-01-27,55.021144,179474200.0,-159561317.6
2020-01-28,55.268121,177274200.0,-121589866.2
2020-01-29,54.669685,178374200.0,60136653.5
2020-01-30,55.148151,176024200.0,-129598154.85
2020-01-31,53.451836,178124200.0,112248855.6
2020-02-03,52.747045,170324200.0,-411426951.0
2020-02-04,52.945029,171624200.0,68828537.7
2020-02-05,54.919587,173324200.0,93363297.9
2020-02-06,54.358413,178724200.0,293535430.2
2020-02-07,53.949696,176874200.0,-99806937.60000001
2020-02-10,53.707887,177474200.0,32224732.2
2020-02-11,54.323724,184674200.0,391130812.8
2020-02-12,55.058341,181124200.0,-195457110.54999998
2020-02-13,54.84768,180724200.0,-21939072.0
2020-02-14,54.547009,187424200.0,365464960.3
2020-02-18,54.133309,183674200.0,-202999908.75
2020-02-19,54.859981,180174200.0,-192009933.5
2020-02-20,54.799232,181024200.0,46579347.2
2020-02-21,54.105215,181024200.0,0.0
2020-02-24,51.548911,180374200.0,-33506792.15
2020-02-25,49.320745,178124200.0,-110971676.25
2020-02-26,47.871456,179474200.0,64626465.6
2020-02-27,45.314292,182324200.0,129145732.2
2020-02-28,45.824142,185074200.0,126016390.5
2020-03-02,47.138078,189974200.0,230976582.2
2020-03-03,45.721769,192324200.0,107446157.15
2020-03-04,46.71491,196324200.0,186859640.0
2020-03-05,45.048212,198424200.0,94601245.2
2020-03-06,42.496283,197424200.0,-42496283.0
2020-03-09,33.917774,207424200.0,339177740.0
2020-03-10,35.638195,212524200.0,181754794.50000003
2020-03-11,33.648695,218724200.0,208621908.99999997
2020-03-12,29.534125,229174200.0,308631606.25
2020-03-13,32.222889,220024200.0,-294839434.35
2020-03-16,27.798929,221174200.0,31968768.35
2020-03-17,27.904202,215824200.0,-149287480.70000002
2020-03-18,23.883897,215824200.0,0.0
2020-03-19,25.50021,223174200.0,187426543.5
2020-03-20,25.805624,223224200.0,1290281.2000000002
2020-03-23,23.559352,225824200.0,61254315.2
2020-03-24,27.381671,231874200.0,165659109.55
2020-03-25,28.622479,230724200.0,-32915850.849999998
2020-03-26,30.4381,230074200.0,-19784765.0
2020-03-27,28.328483,227724200.0,-66571935.05
2020-03-30,28.611164,226074200.0,-47208420.6
2020-03-31,29.068882,225274200.0,-23255105.599999998
2020-04-01,27.636892,228274200.0,82910676.0
2020-04-02,30.132221,231824200.0,106969384.55
2020-04-03,29.79244,245524200.0,408156428.0
2020-04-06,31.398141,249024200.0,109893493.5
2020-04-07,32.059996,251824200.0,89767988.8
2020-04-08,34.240535,251324200.0,-17120267.5
2020-04-09,33.907625,254674200.0,113590543.75000001
2020-04-13,33.779412,254774200.0,3377941.2
2020-04-14,33.626691,254124200.0,-21857349.150000002
2020-04-15,32.038623,256674200.0,81698488.65
2020-04-16,30.7147,255724200.0,-29178965.0
2020-04-17,33.934305,252724200.0,-101802915.0
2020-04-20,32.868554,253474200.0,24651415.500000004
2020-04-21,32.311008,256674200.0,103395225.60000001
2020-04-22,33.488885,254174200.0,-83722212.50000001
2020-04-23,34.518555,256024200.0,63859326.75
2020-04-24,34.589016,255124200.0,-31130114.400000002
2020-04-27,35.341675,257424200.0,81285852.5
2020-04-28,36.135986,258124200.0,25295190.200000003
2020-04-29,38.892573,260824200.0,105009947.1
2020-04-30,38.009164,262424200.0,60814662.4
2020-05-01,35.747844,260674200.0,-62558727.0
2020-05-04,37.095452,258924200.0,-64917041.0
2020-05-05,37.156599,260624200.0,63166218.3
2020-05-06,36.142875,263024200.0,86742899.99999999
2020-05-07,37.083532,262724200.0,-11125059.6
2020-05-08,38.774215,262224200.0,-19387107.5
2020-05-11,38.095706,264374200.0,81905767.9
2020-05-12,37.394283,262474200.0,-71049137.7
2020-05-13,35.766071,260574200.0,-67955534.89999999
2020-05-14,36.098797,262774200.0,79417353.39999999
2020-05-15,36.027061,260574200.0,-79259534.2
2020-05-18,38.934394,258974200.0,-62295030.4
2020-05-19,37.83599,263474200.0,170261955.0
2020-05-20,39.299447,262724200.0,-29474585.25
2020-05-21,38.720336,265424200.0,104544907.2
2020-05-22,38.471467,265474200.0,1923573.3499999999
2020-05-26,39.589898,263274200.0,-87097775.6
2020-05-27,40.057657,269674200.0,256369004.79999998
2020-05-28,38.902195,267624200.0,-79749499.75
2020-05-29,38.793398,266224200.0,-54310757.2
2020-06-01,39.44563,263924200.0,-90724949.0
2020-06-02,40.54331,266024200.0,85140951.0
2020-06-03,41.752677,269974200.0,164923074.15
2020-06-04,41.718713,271474200.0,62578069.5
2020-06-05,44.850355,268574200.0,-130066029.5
2020-06-08,46.872164,267324200.0,-58590205.0
2020-06-09,45.089643,269774200.0,110469625.35000001
2020-06-10,42.870783,270424200.0,27866008.950000003
2020-06-11,38.779938,270874200.0,17450972.1
2020-06-12,39.844947,271124200.0,9961236.75
2020-06-15,39.918079,274124200.0,119754237.0
2020-06-16,41.058386,275774200.0,67746336.89999999
2020-06-17,39.687294,276374200.0,23812376.400000002
2020-06-18,40.198822,275224200.0,-46228645.3
2020-06-19,39.535898,274374200.0,-33605513.300000004
2020-06-22,39.276422,271924200.0,-96227233.89999999
2020-06-23,39.291159,273424200.0,58936738.5
2020-06-24,37.091813,275824200.0,89020351.2
2020-06-25,37.810962,272674200.0,-119104530.30000001
2020-06-26,36.482823,272924200.0,9120705.75
2020-06-29,36.997107,274524200.0,59195371.2
2020-06-30,37.849239,274874200.0,13247233.649999999
2020-07-01,36.901742,276824200.0,71958396.89999999
2020-07-02,37.314704,275374200.0,-54106320.8
2020-07-06,37.453547,274774200.0,-22472128.2
2020-07-07,36.23715,274974200.0,7247430.0
2020-07-08,36.191245,275074200.0,3619124.5
2020-07-09,34.430377,276374200.0,44759490.1
2020-07-10,35.550313,276174200.0,-7110062.600000001
2020-07-13,35.335633,277374200.0,42402759.6
2020-07-14,36.611341,276424200.0,-34780773.95
2020-07-15,37.368975,280724200.0,160686592.5
2020-07-16,37.194233,279674200.0,-39053944.65
2020-07-17,36.6705,279274200.0,-14668199.999999998
2020-07-20,36.055866,279974200.0,25239106.200000003
2020-07-21,38.290059,279974200.0,0.0
2020-07-22,37.796498,281424200.0,54804922.1
2020-07-23,37.712367,281074200.0,-13199328.45
2020-07-24,37.494078,280824200.0,-9373519.5
2020-07-27,37.547675,280824200.0,0.0
2020-07-28,36.884371,282074200.0,46105463.75
2020-07-29,37.701992,285324200.0,122531473.99999999
2020-07-30,36.237642,289174200.0,139514921.70000002
2020-07-31,36.02497,300524200.0,408883409.50000006
2020-08-03,36.149398,277124200.0,-845895913.1999999
2020-08-04,37.024345,277874200.0,27768258.749999996
2020-08-05,37.420478,278374200.0,18710239.0
2020-08-06,37.134706,280274200.0,70555941.4
2020-08-07,37.171639,280274200.0,0.0
2020-08-10,38.322133,280424200.0,5748319.95
2020-08-11,38.193395,282824200.0,91664148.0
2020-08-12,38.582888,283724200.0,34724599.199999996
2020-08-13,37.82685,280174200.0,-134285317.5
2020-08-14,38.202513,280874200.0,26741759.1
2020-08-17,37.9857,290874200.0,379857000.0
2020-08-18,37.468448,287374200.0,-131139568.00000001
2020-08-19,37.043953,281174200.0,-229672508.60000002
2020-08-20,36.246504,281074200.0,-3624650.4000000004
2020-08-21,36.023448,279574200.0,-54035172.0
2020-08-24,37.008057,278974200.0,-22204834.2
2020-08-25,36.51779,282724200.0,136941712.5
2020-08-26,35.716188,283324200.0,21429712.8
2020-08-27,35.815108,283624200.0,10744532.4
2020-08-28,36.478734,284074200.0,16415430.3
2020-08-31,35.67146,282324200.0,-62425055.00000001
2020-09-01,35.377434,283474200.0,40684049.1
2020-09-02,35.24184,282274200.0,-42290208.00000001
2020-09-03,35.004307,280924200.0,-47255814.449999996
2020-09-04,34.886462,279324200.0,-55818339.2
2020-09-08,33.587726,278674200.0,-21832021.900000002
2020-09-09,33.808087,273924200.0,-160588413.25
2020-09-10,32.541304,271974200.0,-63455542.8
2020-09-11,32.640482,269774200.0,-71809060.39999999
2020-09-14,32.876891,265824200.0,-129863719.45
2020-09-15,32.625071,270124200.0,140287805.29999998
2020-09-16,33.947466,271574200.0,49223825.699999996
2020-09-17,34.000248,274824200.0,110500806.0
2020-09-18,33.609164,276024200.0,40330996.8
2020-09-21,31.962706,274974200.0,-33560841.300000004
2020-09-22,31.650956,273424200.0,-49058981.800000004
2020-09-23,30.191231,273524200.0,3019123.0999999996
2020-09-24,30.210697,277074200.0,107247974.35
2020-09-25,30.172991,278424200.0,40733537.85
2020-09-28,30.889652,279124200.0,21622756.400000002
2020-09-29,30.061352,279074200.0,-1503067.5999999999
2020-09-30,29.973558,280074200.0,29973558.0
2020-10-01,29.020713,281274200.0,34824855.6
2020-10-02,29.322316,281724200.0,13195042.200000001
2020-10-05,30.18955,280674200.0,-31699027.5
2020-10-06,29.722838,282124200.0,43098115.1
2020-10-07,30.151946,281424200.0,-21106362.2
2020-10-08,31.286943,284674200.0,101682564.75
2020-10-09,30.784307,286374200.0,52333321.9
2020-10-12,30.880355,286474200.0,3088035.5
2020-10-13,30.39613,287974200.0,45594195.0
2020-10-14,30.51361,286974200.0,-30513610.0
2020-10-15,30.881806,287474200.0,15440903.0
2020-10-16,30.17164,287924200.0,13577238.0
2020-10-19,29.544546,288174200.0,7386136.5
2020-10-20,29.896206,288424200.0,7474051.5
2020-10-21,29.31356,288974200.0,16122458.0
2020-10-22,30.522263,291674200.0,82410110.1
2020-10-23,30.365565,292624200.0,28847286.75
2020-10-26,29.307356,295624200.0,87922068.0
2020-10-27,28.903956,295424200.0,-5780791.2
2020-10-28,27.681298,296774200.0,37369752.300000004
2020-10-29,28.562601,297874200.0,31418861.1
2020-10-30,28.691423,305974200.0,232400526.3
2020-11-02,29.721484,298774200.0,-213994684.8
2020-11-03,29.523731,301124200.0,69380767.85000001
2020-11-04,29.564302,298524200.0,-76867185.2
2020-11-05,29.555484,299724200.0,35466580.8
2020-11-06,28.917039,297624200.0,-60725781.9
2020-11-09,33.059608,298074200.0,14876823.6
2020-11-10,34.069819,306774200.0,296407425.3
2020-11-11,33.784918,310624200.0,130071934.3
2020-11-12,32.63219,311474200.0,27737361.5
2020-11-13,33.90017,311074200.0,-13560068.000000002
2020-11-16,36.119186,321624200.0,381057412.3
2020-11-17,36.477197,325924200.0,156851947.1
2020-11-18,35.42198,323674200.0,-79699455.0
2020-11-19,35.981836,319374200.0,-154721894.8
2020-11-20,35.795127,318474200.0,-32215614.3
2020-11-23,38.339858,317674200.0,-30671886.4
2020-11-24,40.299916,322324200.0,187394609.4
2020-11-25,39.340481,325524200.0,125889539.19999999
2020-11-27,38.855344,328224200.0,104909428.80000001
2020-11-30,36.776392,329474200.0,45970490.0
2020-12-01,36.948754,326324200.0,-116388575.10000001
2020-12-02,38.115356,329224200.0,110534532.39999999
2020-12-03,38.527055,333574200.0,167592689.25
2020-12-04,40.644971,333974200.0,16257988.399999999
2020-12-07,39.655899,340424200.0,255780548.54999998
2020-12-08,40.270175,342424200.0,80540350.0
2020-12-09,40.399101,344174200.0,70698426.75
2020-12-10,41.605325,343824200.0,-14561863.75
2020-12-11,41.112882,345974200.0,88392696.3
2020-12-14,39.658464,344374200.0,-63453542.400000006
2020-12-15,40.44668,343674200.0,-28312676.0
2020-12-16,40.261028,344324200.0,26169668.200000003
2020-12-17,40.030244,346624200.0,92069561.2
2020-12-18,39.363597,349574200.0,116122611.14999999
2020-12-21,38.142685,345674200.0,-148756471.5
2020-12-22,37.487701,352574200.0,258665136.9
2020-12-23,38.310294,349524200.0,-116846396.7
2020-12-24,38.071649,350474200.0,36168066.55
2020-12-28,37.855855,352574200.0,79497295.5
2020-12-29,37.608591,353124200.0,20684725.049999997
2020-12-30,38.220079,355224200.0,80262165.89999999
2020-12-31,37.907323,358274200.0,115617335.14999999
2021-01-04,37.956842,361924200.0,138542473.3
2021-01-05,39.675378,363874200.0,77366987.10000001
2021-01-06,40.857633,369524200.0,230845626.45
2021-01-07,41.471521,377174200.0,317257135.65000004
2021-01-08,41.416404,378024200.0,35203943.4
2021-01-11,42.082254,379124200.0,46290479.4
2021-01-12,43.566787,379124200.0,0.0
2021-01-13,43.192703,380474200.0,58310149.050000004
2021-01-14,44.507338,384074200.0,160226416.79999998
2021-01-15,42.732038,385924200.0,79054270.30000001
2021-01-19,43.620318,383124200.0,-122136890.39999999
2021-01-20,43.777722,387624200.0,196999749.0
2021-01-21,42.282404,388724200.0,46510644.4
2021-01-22,42.086848,389724200.0,42086848.0
2021-01-25,41.632178,388674200.0,-43713786.900000006
2021-01-26,40.746098,383174200.0,-224103539.00000003
2021-01-27,40.186346,385424200.0,90419278.5
2021-01-28,40.67555,390324200.0,199310195.0
2021-01-29,39.337344,402724200.0,487783065.6
2021-02-01,39.604787,391324200.0,-451494571.8
2021-02-02,40.037617,392774200.0,58054544.65
2021-02-03,41.749385,396674200.0,162822601.5
2021-02-04,42.190409,400724200.0,170871156.45000002
2021-02-05,42.558473,402424200.0,72349404.1
2021-02-08,44.335611,400174200.0,-99755124.75
2021-02-09,43.837839,399724200.0,-19727027.55
2021-02-10,44.682737,404374200.0,207774727.05
2021-02-11,44.031653,416024200.0,512968757.45
2021-02-12,44.652057,414474200.0,-69210688.35
2021-02-16,45.811371,422774200.0,380234379.3
2021-02-17,46.469567,412974200.0,-455401756.59999996
2021-02-18,45.413509,413574200.0,27248105.4
2021-02-19,46.193264,413874200.0,13857979.2
2021-02-22,47.779897,418424200.0,217398531.35
2021-02-23,48.542002,419024200.0,29125201.2
2021-02-24,50.300257,423724200.0,236411207.9
2021-02-25,49.296328,424974200.0,61620410.0
2021-02-26,48.166209,424574200.0,-19266483.6
2021-03-01,49.410096,424724200.0,7411514.4
2021-03-02,49.118967,425374200.0,31927328.549999997
2021-03-03,49.817507,424374200.0,-49817507.0
2021-03-04,51.025581,421674200.0,-137769068.70000002
2021-03-05,52.98459,424174200.0,132461475.0
2021-03-08,53.056304,428674200.0,238753368.0
2021-03-09,52.023008,433224200.0,236704686.39999998
2021-03-10,53.392574,444824200.0,619353858.4000001
2021-03-11,53.465865,450474200.0,302082137.25
2021-03-12,53.572638,451224200.0,40179478.5
2021-03-15,52.927172,452324200.0,58219889.199999996
2021-03-16,51.42429,453974200.0,84850078.5
2021-03-17,51.920229,455024200.0,54516240.449999996
2021-03-18,49.50191,457074200.0,101478915.5
2021-03-19,49.535593,455224200.0,-91640847.05
2021-03-22,48.514489,447374200.0,-380838738.65
2021-03-23,47.836771,455574200.0,392261522.2
2021-03-24,49.04662,450124200.0,-267304078.99999997
2021-03-25,49.174808,450524200.0,19669923.2
2021-03-26,50.461885,453874200.0,169047314.75
2021-03-29,49.816867,457674200.0,189304094.6
2021-03-30,49.436633,459274200.0,79098612.8
2021-03-31,48.994278,457124200.0,-105337697.7
2021-04-01,50.319051,456724200.0,-20127620.400000002
2021-04-05,49.092377,456774200.0,2454618.85
2021-04-06,48.950825,457174200.0,19580330.0
2021-04-07,49.181594,456224200.0,-46722514.3
2021-04-08,48.516955,458674200.0,118866539.75
2021-04-09,48.25534,459374200.0,33778738.0
2021-04-12,47.788705,459374200.0,0.0
2021-04-13,47.829664,458524200.0,-40655214.4
2021-04-14,49.213762,462624200.0,201776424.20000002
2021-04-15,48.796689,469324200.0,326937816.3
2021-04-16,48.358369,467924200.0,-67701716.60000001
2021-04-19,48.340826,461974200.0,-287627914.7
2021-04-20,47.065788,459724200.0,-105898023.0
2021-04-21,47.741167,461524200.0,85934100.6
2021-04-22,47.062829,461324200.0,-9412565.8
2021-04-23,47.547173,464574200.0,154528312.25
2021-04-26,47.85963,461424200.0,-150757834.5
2021-04-27,48.444431,462424200.0,48444431.0
2021-04-28,50.078863,464824200.0,120189271.2
2021-04-29,50.668181,470224200.0,273608177.4
2021-04-30,49.326509,467924200.0,-113450970.7
2021-05-03,50.765576,465824200.0,-106607709.60000001
2021-05-04,50.761053,466774200.0,48223000.349999994
2021-05-05,52.421009,466474200.0,-15726302.7
2021-05-06,52.664486,469674200.0,168526355.2
2021-05-07,53.667481,471024200.0,72451099.35000001
2021-05-10,53.63711,471374200.0,18772988.5
2021-05-11,52.276372,471424200.0,2613818.6
2021-05-12,52.511646,461824200.0,-504111801.59999996
2021-05-13,51.837794,459874200.0,-101083698.30000001
2021-05-14,53.497908,454674200.0,-278189121.6
2021-05-17,54.717306,456574200.0,103962881.4
2021-05-18,53.442907,467824200.0,601232703.75
2021-05-19,52.105469,462324200.0,-286580079.5
2021-05-20,52.047385,461724200.0,-31228431.0
2021-05-21,52.161302,464724200.0,156483906.0
2021-05-24,52.677637,464524200.0,-10535527.399999999
2021-05-25,51.612212,466574200.0,105805034.6
2021-05-26,52.088949,466424200.0,-7813342.35
2021-05-27,52.145189,466474200.0,2607259.45
2021-05-28,52.180493,467974200.0,78270739.5
2021-06-01,54.246662,468374200.0,21698664.8
2021-06-02,55.231217,470924200.0,140839603.35
2021-06-03,55.395657,472374200.0,80323702.65
2021-06-04,55.713209,472874200.0,27856604.5
2021-06-07,55.5021,473074200.0,11100420.0
2021-06-08,55.956475,473674200.0,33573885.0
2021-06-09,55.622732,473374200.0,-16686819.6
2021-06-10,55.543029,473674200.0,16662908.7
2021-06-11,55.364139,472824200.0,-47059518.15
2021-06-14,55.118661,470574200.0,-124016987.25
2021-06-15,56.217338,470724200.0,8432600.7
2021-06-16,55.932818,476274200.0,310427139.9
2021-06-17,53.966531,481274200.0,269832655.0
2021-06-18,52.380826,473674200.0,-398094277.59999996
2021-06-21,54.073647,464024200.0,-521810693.55
2021-06-22,54.410155,477874200.0,753580646.75
2021-06-23,54.550619,475724200.0,-117283830.85
2021-06-24,55.026894,475624200.0,-5502689.399999999
2021-06-25,55.305143,477324200.0,94018743.10000001
2021-06-28,53.440313,478124200.0,42752250.400000006
2021-06-29,53.189861,473824200.0,-228716402.3
2021-06-30,53.866576,474374200.0,29626616.8
2021-07-01,54.789917,472774200.0,-87663867.2
2021-07-02,54.677039,472424200.0,-19136963.65
2021-07-06,52.92177,471524200.0,-47629593.0
2021-07-07,52.011633,466124200.0,-280862818.20000005
2021-07-08,51.755879,462474200.0,-188908958.35
2021-07-09,52.810768,461224200.0,-66013460.00000001
2021-07-12,52.754198,462274200.0,55391907.900000006
2021-07-13,52.368736,462524200.0,13092184.0
2021-07-14,50.805958,463574200.0,53346255.9
2021-07-15,50.083614,460874200.0,-135225757.79999998
2021-07-16,48.700297,460124200.0,-36525222.75
2021-07-19,46.939175,456224200.0,-183062782.5
2021-07-20,47.595501,458574200.0,111849427.35
2021-07-21,49.258366,461224200.0,130534669.9
2021-07-22,48.688672,463724200.0,121721679.99999999
2021-07-23,48.524372,463324200.0,-19409748.8
2021-07-26,49.730159,465024200.0,84541270.3
2021-07-27,49.225867,465024200.0,0.0
2021-07-28,49.722548,463074200.0,-96958968.60000001
2021-07-29,50.182613,463024200.0,-2509130.6500000004
2021-07-30,49.359459,465224200.0,108590809.8
2021-08-02,48.999879,463224200.0,-97999758.0
2021-08-03,49.910863,460774200.0,-122281614.35
2021-08-04,48.458819,459024200.0,-84802933.25
2021-08-05,49.092581,461824200.0,137459226.8
2021-08-06,49.542261,461874200.0,2477113.0500000003
2021-08-09,48.822329,462974200.0,53704561.900000006
2021-08-10,49.667424,462274200.0,-34767196.8
2021-08-11,50.044741,460574200.0,-85076059.7
2021-08-12,50.000695,459874200.0,-35000486.5
2021-08-13,49.363825,459174200.0,-34554677.5
2021-08-16,48.456676,457924200.0,-60570845.0
2021-08-17,48.038109,457174200.0,-36028581.75
2021-08-18,47.01661,455224200.0,-91682389.5
2021-08-19,45.761174,454674200.0,-25168645.7
2021-08-20,45.891229,450774200.0,-178975793.10000002
2021-08-23,47.614119,450474200.0,-14284235.700000001
2021-08-24,48.413986,451774200.0,62938181.800000004
2021-08-25,48.76778,452674200.0,43891002.0
2021-08-26,48.029786,453074200.0,19211914.400000002
2021-08-27,49.304612,452924200.0,-7395691.8
2021-08-30,48.729441,455924200.0,146188323.0
2021-08-31,48.411918,454974200.0,-45991322.1
2021-09-01,47.677593,455474200.0,23838796.5
2021-09-02,48.884309,453974200.0,-73326463.5
2021-09-03,48.623545,454324200.0,17018240.75
2021-09-07,48.342937,456074200.0,84600139.75
2021-09-08,47.704361,457224200.0,54860015.15
2021-09-09,47.790411,457324200.0,4779041.1
2021-09-10,47.782255,457124200.0,-9556451.0
2021-09-13,49.184018,457274200.0,7377602.7
2021-09-14,48.41568,460724200.0,167034096.0
2021-09-15,50.255294,461924200.0,60306352.8
2021-09-16,49.706513,469024200.0,352916242.3
2021-09-17,49.333215,468024200.0,-49333215.0
2021-09-20,47.243813,464024200.0,-188975252.0
2021-09-21,47.350749,466574200.0,120744409.95
2021-09-22,48.814986,465074200.0,-73222479.0
2021-09-23,50.515112,466974200.0,95978712.8
2021-09-24,50.908309,468774200.0,91634956.2
2021-09-27,52.695284,470124200.0,71138633.4
2021-09-28,52.89139,473924200.0,200987282.0
2021-09-29,52.888894,477074200.0,166600016.1
2021-09-30,52.115316,481124200.0,211067029.8
2021-10-01,53.821733,481324200.0,10764346.6
2021-10-04,54.704569,487074200.0,314551271.75
2021-10-05,55.042274,493274200.0,341262098.8
2021-10-06,54.445101,483324200.0,-541728754.95
2021-10-07,54.874059,477824200.0,-301807324.5
2021-10-08,56.554196,473974200.0,-217733654.6
2021-10-11,56.374701,478724200.0,267779829.75
2021-10-12,56.398175,478224200.0,-28199087.5
2021-10-13,56.342147,484074200.0,329601559.95
2021-10-14,57.058347,484824200.0,42793760.25
2021-10-15,57.314297,484124200.0,-40120007.900000006
2021-10-18,57.370947,484524200.0,22948378.8
2021-10-19,58.007459,478674200.0,-339343635.15
2021-10-20,58.476669,483324200.0,271916510.85
2021-10-21,57.417773,481074200.0,-129189989.25
2021-10-22,57.938695,476724200.0,-252033323.25
2021-10-25,58.775594,474474200.0,-132245086.5
2021-10-26,59.129357,475124200.0,38434082.05
2021-10-27,57.445228,473624200.0,-86167842.0
2021-10-28,57.840794,472574200.0,-60732833.7
2021-10-29,57.469205,484474200.0,683883539.5
2021-11-01,58.45262,472024200.0,-727735119.0
2021-11-02,57.899715,476474200.0,257653731.75
2021-11-03,57.425503,474574200.0,-109108455.7
2021-11-04,57.497381,478074200.0,201240833.5
2021-11-05,58.263526,477324200.0,-43697644.5
2021-11-08,58.781168,474924200.0,-141074803.2
2021-11-09,59.016716,477424200.0,147541790.0
2021-11-10,57.455141,477274200.0,-8618271.15
2021-11-11,57.688723,469924200.0,-424012114.05
2021-11-12,57.54503,468974200.0,-54667778.5
2021-11-15,58.026778,470474200.0,87040167.0
2021-11-16,58.110718,471474200.0,58110718.0
2021-11-17,57.211314,469674200.0,-102980365.2
2021-11-18,56.874984,461174200.0,-483437364.0
2021-11-19,54.667105,462024200.0,46467039.25
2021-11-22,55.628434,460574200.0,-80661229.3
2021-11-23,57.343969,463824200.0,186367899.25
2021-11-24,57.903469,466874200.0,176605580.45000002
2021-11-26,55.550177,466824200.0,-2777508.85
2021-11-29,55.910466,465174200.0,-92252268.9
2021-11-30,54.530693,463074200.0,-114514455.3
2021-12-01,54.004735,464624200.0,83707339.25
2021-12-02,55.555745,465074200.0,25000085.25
2021-12-03,55.117723,465774200.0,38582406.1
2021-12-06,55.943133,465024200.0,-41957349.75
2021-12-07,57.250073,465124200.0,5725007.3
2021-12-08,57.265594,464624200.0,-28632797.0
2021-12-09,56.806106,465174200.0,31243358.3
2021-12-10,57.230011,465674200.0,28615005.5
2021-12-13,55.633965,464974200.0,-38943775.5
2021-12-14,55.417672,462874200.0,-116377111.2
2021-12-15,55.17275,463924200.0,57931387.5
2021-12-16,55.51735,463874200.0,-2775867.5
2021-12-17,54.345778,465124200.0,67932222.5
2021-12-20,52.979356,466474200.0,71522130.60000001
2021-12-21,54.535495,469324200.0,155426160.75
2021-12-22,54.842638,469624200.0,16452791.4
2021-12-23,54.89382,466724200.0,-159192078.0
2021-12-27,56.120378,468074200.0,75762510.3
2021-12-28,56.06357,473374200.0,297136921.0
2021-12-29,55.703121,473024200.0,-19496092.35
2021-12-30,55.334639,475724200.0,149403525.3
2021-12-31,55.48863,476474200.0,41616472.5
2022-01-03,57.235551,476224200.0,-14308887.75
2022-01-04,59.195554,479824200.0,213103994.4
2022-01-05,59.167504,488474200.0,511798909.6
2022-01-06,60.494213,488024200.0,-27222395.85
2022-01-07,61.341142,492724200.0,288303367.4
2022-01-10,61.155098,496374200.0,223216107.70000002
2022-01-11,63.242447,498174200.0,113836404.6
2022-01-12,63.355777,497124200.0,-66523565.85
2022-01-13,63.008254,495724200.0,-88211555.6
2022-01-14,64.528145,496074200.0,22584850.75
2022-01-18,64.739274,497674200.0,103582838.39999999
2022-01-19,64.274107,501024200.0,215318258.45
2022-01-20,63.697124,500674200.0,-22293993.400000002
2022-01-21,62.484392,501974200.0,81229709.6
2022-01-24,62.82648,501474200.0,-31413240.0
2022-01-25,65.304117,501224200.0,-16326029.250000002
2022-01-26,65.204536,502624200.0,91286350.4
2022-01-27,65.93738,504374200.0,115390415.00000001
2022-01-28,65.607248,515024200.0,698717191.1999999
2022-01-31,65.918141,504324200.0,-705324108.7
2022-02-01,68.197317,508524200.0,286428731.4
2022-02-02,68.485908,514574200.0,414339743.4
2022-02-03,67.791652,509374200.0,-352516590.4
2022-02-04,68.873716,508174200.0,-82648459.2
2022-02-07,69.771838,512724200.0,317461862.90000004
2022-02-08,68.295819,512274200.0,-30733118.549999997
2022-02-09,68.831414,510424200.0,-127338115.89999999
2022-02-10,68.399247,510924200.0,34199623.5
2022-02-11,70.379568,509724200.0,-84455481.60000001
2022-02-14,68.767362,514674200.0,340398441.90000004
2022-02-15,68.011176,515424200.0,51008382.00000001
2022-02-16,68.553373,510024200.0,-370188214.2
2022-02-17,68.456809,510374200.0,23959883.150000002
2022-02-18,67.977722,514474200.0,278708660.2
2022-02-22,66.938313,505974200.0,-568975660.5
2022-02-23,67.635776,503674200.0,-155562284.8
2022-02-24,67.041343,503974200.0,20112402.9
2022-02-25,68.877249,507374200.0,234182646.60000002
2022-02-28,70.63182,510274200.0,204832278.0
2022-03-01,71.27554,508424200.0,-131859749.00000001
2022-03-02,72.915089,508324200.0,-7291508.899999999
2022-03-03,73.131211,509474200.0,84100892.64999999
2022-03-04,75.234616,511574200.0,157992693.6
2022-03-07,76.360098,507774200.0,-290168372.4
2022-03-08,77.547428,508624200.0,65915313.8
2022-03-09,75.142552,509424200.0,60114041.599999994
2022-03-10,77.447817,499424200.0,-774478170.0
2022-03-11,76.831389,499174200.0,-19207847.25
2022-03-14,74.577049,497574200.0,-119323278.4
2022-03-15,71.795647,493624200.0,-283592805.65000004
2022-03-16,71.4794,492924200.0,-50035580.0
2022-03-17,73.985313,494274200.0,99880172.55000001
2022-03-18,74.032685,497024200.0,203589883.75
2022-03-21,76.143703,495024200.0,-152287406.0
2022-03-22,75.643001,495274200.0,18910750.25
2022-03-23,76.938762,492824200.0,-188499966.9
2022-03-24,77.037054,490924200.0,-146370402.6
2022-03-25,78.774822,488974200.0,-153610902.9
2022-03-28,76.80057,491024200.0,157441168.5
2022-03-29,76.571146,488524200.0,-191427865.0
2022-03-30,77.50308,486624200.0,-147255852.0
2022-03-31,76.41572,483974200.0,-202501657.99999997
2022-04-01,77.084503,480424200.0,-273649985.65
2022-04-04,77.139409,479874200.0,-42426674.95
2022-04-05,75.97222,480174200.0,22791665.999999996
2022-04-06,76.401861,479324200.0,-64941581.849999994
2022-04-07,77.380566,478874200.0,-34821254.7
2022-04-08,79.529777,477374200.0,-119294665.5
2022-04-11,77.140813,479774200.0,185137951.2
2022-04-12,78.435797,480024200.0,19608949.25
2022-04-13,79.573312,480574200.0,43765321.6
2022-04-14,79.859839,484174200.0,287495420.4
2022-04-18,81.071549,484824200.0,52696506.85
2022-04-19,80.332025,484274200.0,-44182613.75
2022-04-20,80.641429,484024200.0,-20160357.25
2022-04-21,78.129913,486624200.0,203137773.8
2022-04-22,76.230204,485324200.0,-99099265.2
2022-04-25,73.713528,482174200.0,-232197613.2
2022-04-26,73.773857,478374200.0,-280340656.6
2022-04-27,74.834744,480174200.0,134702539.2
2022-04-28,77.108058,480024200.0,-11566208.7
2022-04-29,75.239914,491824200.0,887830985.1999999
2022-05-02,76.30139,480124200.0,-892726263.0
2022-05-03,78.517,481624200.0,117775500.0
2022-05-04,81.733996,483224200.0,130774393.60000001
2022-05-05,80.570248,481024200.0,-177254545.60000002
2022-05-06,82.875915,477974200.0,-252771540.75000003
2022-05-09,76.032115,481274200.0,250905979.50000003
2022-05-10,76.75087,481324200.0,3837543.5000000005
2022-05-11,77.815219,485924200.0,357950007.4
2022-05-12,78.093195,485974200.0,3904659.7499999995
2022-05-13,80.776464,479974200.0,-484658784.0
2022-05-16,82.919831,481174200.0,99503797.2
2022-05-17,83.88572,482374200.0,100662864.00000001
2022-05-18,81.682933,482874200.0,40841466.5
2022-05-19,81.41636,481524200.0,-109912086.0
2022-05-20,81.7793,482224200.0,57245510.00000001
2022-05-23,83.933324,479974200.0,-188849979.0
2022-05-24,84.263928,480174200.0,16852785.6
2022-05-25,85.935207,482274200.0,180463934.70000002
2022-05-26,86.932728,482324200.0,4346636.399999999
2022-05-27,88.541879,489124200.0,602084777.1999999
2022-05-31,87.117501,484974200.0,-361537629.15000004
2022-06-01,88.599959,488524200.0,314529854.45
2022-06-02,88.346395,492924200.0,388724138.0
2022-06-03,89.520465,491324200.0,-143232744.0
2022-06-06,89.459267,493474200.0,192337424.04999998
2022-06-07,92.164342,493074200.0,-36865736.800000004
2022-06-08,92.297932,496474200.0,313812968.8
2022-06-09,90.217517,495624200.0,-76684889.45
2022-06-10,88.69759,491424200.0,-372529878.0
2022-06-13,84.097174,491324200.0,-8409717.4
2022-06-14,84.22525,488324200.0,-252675750.0
2022-06-15,82.396668,485574200.0,-226590837.0
2022-06-16,77.765633,486124200.0,42771098.15
2022-06-17,73.560796,482024200.0,-301599263.59999996
2022-06-21,76.424249,478024200.0,-305696996.0
2022-06-22,73.31664,478874200.0,62319144.00000001
2022-06-23,70.605875,476824200.0,-144742043.75
2022-06-24,71.584578,476424200.0,-28633831.199999996
2022-06-27,73.680015,474074200.0,-173148035.25
2022-06-28,75.653836,476974200.0,219396124.4
2022-06-29,73.069807,474324200.0,-193634988.54999998
2022-06-30,71.598493,473674200.0,-46539020.45
2022-07-01,72.598754,470824200.0,-206906448.9
2022-07-05,69.738183,468924200.0,-132502547.70000002
2022-07-06,68.525147,462274200.0,-455692227.55
2022-07-07,70.963975,462324200.0,3548198.7500000005
2022-07-08,70.946121,463824200.0,106419181.50000001
2022-07-11,70.306958,465724200.0,133583220.19999999
2022-07-12,68.867145,466624200.0,61980430.49999999
2022-07-13,68.762574,464074200.0,-175344563.7
2022-07-14,67.487993,464624200.0,37118396.15
2022-07-15,68.797428,464224200.0,-27518971.2
2022-07-18,70.1386,465324200.0,77152460.0
2022-07-19,72.345941,462224200.0,-224272417.1
2022-07-20,73.010878,463724200.0,109516317.00000001
2022-07-21,71.771663,462424200.0,-93303161.9
2022-07-22,71.141749,462574200.0,10671262.350000001
2022-07-25,73.784225,460274200.0,-169703717.5
2022-07-26,73.119478,462674200.0,175486747.2
2022-07-27,74.728606,462774200.0,7472860.6
2022-07-28,75.010428,465524200.0,206278677.0
2022-07-29,78.41207,473074200.0,592011128.5
2022-08-01,76.735019,465974200.0,-544818634.9
2022-08-02,76.610066,465974200.0,0.0
2022-08-03,74.393246,465924200.0,-3719662.3000000003
2022-08-04,71.660903,466324200.0,28664361.200000003
2022-08-05,73.083224,464124200.0,-160783092.8
2022-08-08,73.447903,465274200.0,84465088.45
2022-08-09,74.751022,465124200.0,-11212653.3
2022-08-10,75.285526,465824200.0,52699868.2
2022-08-11,77.876487,468674200.0,221947987.95
2022-08-12,78.474757,468174200.0,-39237378.5
2022-08-15,76.953134,467774200.0,-30781253.6
2022-08-16,76.758229,467574200.0,-15351645.8
2022-08-17,77.382556,467524200.0,-3869127.8
2022-08-18,79.473183,467624200.0,7947318.300000001
2022-08-19,79.518819,467874200.0,19879704.75
2022-08-22,79.297989,467074200.0,-63438391.2
2022-08-23,82.172693,464774200.0,-188997193.89999998
2022-08-24,83.166934,466874200.0,174650561.4
2022-08-25,83.780136,466624200.0,-20945034.0
2022-08-26,82.831165,465424200.0,-99397398.0
2022-08-29,84.097786,464424200.0,-84097786.0
2022-08-30,81.242706,465674200.0,101553382.5
2022-08-31,80.477562,465324200.0,-28167146.700000003
2022-09-01,78.556999,463574200.0,-137474748.25
2022-09-02,80.064561,469174200.0,448361541.59999996
2022-09-06,79.2009,460374200.0,-696967920.0
2022-09-07,78.307237,460974200.0,46984342.2
2022-09-08,78.659929,459024200.0,-153386861.55
2022-09-09,80.57568,461774200.0,221583120.00000003
2022-09-12,82.058354,458924200.0,-233866308.89999998
2022-09-13,80.00288,457724200.0,-96003456.0
2022-09-14,82.262566,460324200.0,213882671.60000002
2022-09-15,80.152897,462424200.0,168321083.7
2022-09-16,78.394607,462574200.0,11759191.049999999
2022-09-19,77.633755,456824200.0,-446394091.24999994
2022-09-20,77.143667,458724200.0,146572967.29999998
2022-09-21,75.975353,459874200.0,87371655.95
2022-09-22,75.690568,456824200.0,-230856232.4
2022-09-23,70.591561,459674200.0,201185948.85
2022-09-26,68.695356,459224200.0,-30912910.200000003
2022-09-27,69.544267,462924200.0,257313787.9
2022-09-28,72.709608,465324200.0,174503059.20000002
2022-09-29,72.58107,468924200.0,261291852.0
2022-09-30,71.982641,467774200.0,-82780037.15
2022-10-03,76.080956,465824200.0,-148357864.2
2022-10-04,79.395405,463724200.0,-166730350.5
2022-10-05,81.039356,466624200.0,235014132.4
2022-10-06,82.469088,469074200.0,202049265.6
2022-10-07,81.80944,469124200.0,4090471.9999999995
2022-10-10,80.098903,472524200.0,272336270.20000005
2022-10-11,79.496935,472174200.0,-27823927.249999996
2022-10-12,80.136455,470024200.0,-172293378.25
2022-10-13,83.358264,471274200.0,104197830.0
2022-10-14,80.234326,473974200.0,216632680.2
2022-10-17,81.266554,474574200.0,48759932.4
2022-10-18,81.963335,474774200.0,16392667.0
2022-10-19,84.360851,474774200.0,0.0
2022-10-20,84.491042,475174200.0,33796416.8
2022-10-21,86.94305,477374200.0,191274710.0
2022-10-24,87.359307,477974200.0,52415584.2
2022-10-25,87.408208,476374200.0,-139853132.8
2022-10-26,88.569916,475374200.0,-88569916.0
2022-10-27,88.812408,477024200.0,146540473.20000002
2022-10-28,89.289304,478024200.0,89289304.0
2022-10-31,89.950656,475724200.0,-206886508.79999998
2022-11-01,90.850151,475674200.0,-4542507.55
2022-11-02,88.688718,476824200.0,101992025.69999999
2022-11-03,90.348893,476874200.0,4517444.65
2022-11-04,91.378236,476824200.0,-4568911.8
2022-11-07,92.980682,478524200.0,158067159.4
2022-11-08,93.026118,479924200.0,130236565.19999999
2022-11-09,88.567808,481424200.0,132851712.0
2022-11-10,90.530377,477224200.0,-380227583.40000004
2022-11-11,93.283503,474724200.0,-233208757.5
2022-11-14,92.979536,477724200.0,278938608.0
2022-11-15,94.126025,479424200.0,160014242.5
2022-11-16,92.183964,484624200.0,479356612.8
2022-11-17,92.357939,477674200.0,-641887676.0500001
2022-11-18,91.598019,476374200.0,-119077424.69999999
2022-11-21,90.335182,475024200.0,-121952495.7
2022-11-22,93.214708,472324200.0,-251679711.6
2022-11-23,92.151111,475374200.0,281060888.55
2022-11-25,91.853102,475524200.0,13777965.3
2022-11-28,89.354726,475824200.0,26806417.8
2022-11-29,90.652861,479174200.0,303687084.35
2022-11-30,91.183621,471924200.0,-661081252.25
2022-12-01,90.808596,470374200.0,-140753323.79999998
2022-12-02,90.299042,473224200.0,257352269.7
2022-12-05,87.596119,472424200.0,-70076895.2
2022-12-06,85.347662,471274200.0,-98149811.3
2022-12-07,85.119566,464474200.0,-578813048.8000001
2022-12-08,84.735182,464724200.0,21183795.5
2022-12-09,82.728318,465074200.0,28954911.3
2022-12-12,84.867715,461424200.0,-309767159.75
2022-12-13,86.417287,463274200.0,159871980.95000002
2022-12-14,85.905902,465224200.0,167516508.9
2022-12-15,85.465083,465174200.0,-4273254.15
2022-12-16,84.318157,463274200.0,-160204498.3
2022-12-19,83.540581,458524200.0,-396817759.75
2022-12-20,84.779442,461624200.0,262816270.20000002
2022-12-21,86.369372,462174200.0,47503154.6
2022-12-22,84.372419,467274200.0,430299336.9
2022-12-23,87.077893,466024200.0,-108847366.25
2022-12-27,88.047161,467374200.0,118863667.35000001
2022-12-28,86.058501,467974200.0,51635100.6
2022-12-29,86.90492,467074200.0,-78214428.0
2022-12-30,87.514179,467474200.0,35005671.6
2023-01-03,84.342011,467224200.0,-21085502.75
2023-01-04,84.388894,466574200.0,-54852781.099999994
2023-01-05,86.018291,462674200.0,-335471334.90000004
2023-01-06,87.52645,463974200.0,113784385.0
2023-01-09,87.231437,465324200.0,117762439.95
2023-01-10,87.845703,465024200.0,-26353710.9
2023-01-11,88.128385,464524200.0,-44064192.5
2023-01-12,89.810054,464124200.0,-35924021.599999994
2023-01-13,89.927053,465474200.0,121401521.55
2023-01-17,90.088502,465974200.0,45044251.0
2023-01-18,88.499804,466224200.0,22124951.0
2023-01-19,89.52696,467074200.0,76097916.0
2023-01-20,90.643033,467174200.0,9064303.3
2023-01-23,90.548466,469574200.0,217316318.4
2023-01-24,90.306319,468724200.0,-76760371.15
2023-01-25,90.199772,470224200.0,135299658.0
2023-01-26,93.104944,469474200.0,-69828708.0
2023-01-27,91.248457,475024200.0,506428936.35
2023-01-30,89.167989,472474200.0,-227378371.95000002
2023-01-31,89.864572,472324200.0,-13479685.799999999
2023-02-01,88.1888,470424200.0,-167558720.0
2023-02-02,86.161822,468474200.0,-168015552.9
2023-02-03,86.011233,466924200.0,-133317411.15
2023-02-06,85.644707,464024200.0,-248369650.29999998
2023-02-07,88.280596,462274200.0,-154491043.0
2023-02-08,87.549553,462724200.0,39397298.85
2023-02-09,86.846288,461924200.0,-69477030.4
2023-02-10,90.214862,461474200.0,-40596687.9
2023-02-13,90.000389,463024200.0,139500602.95
2023-02-14,90.022117,461624200.0,-126030963.8
2023-02-15,88.468206,463974200.0,207900284.1
2023-02-16,87.606574,464474200.0,43803287.0
2023-02-17,84.46245,465524200.0,88685572.5
2023-02-21,84.128377,466024200.0,42064188.5
2023-02-22,83.545345,465474200.0,-45949939.75
2023-02-23,84.63424,463774200.0,-143878208.0
2023-02-24,84.650796,466524200.0,232789689.0
2023-02-27,84.94348,468074200.0,131662393.99999999
2023-02-28,83.699659,469224200.0,96254607.85
2023-03-01,85.364701,469074200.0,-12804705.15
2023-03-02,86.095781,469824200.0,64571835.75
2023-03-03,87.339208,477974200.0,711814545.2
2023-03-06,87.32071,474124200.0,-336184733.5
2023-03-07,85.805343,474224200.0,8580534.299999999
2023-03-08,84.919938,473974200.0,-21229984.5
2023-03-09,83.735311,473324200.0,-54427952.15
2023-03-10,82.574851,473674200.0,28901197.849999998
2023-03-13,80.949502,471474200.0,-178088904.39999998
2023-03-14,81.747905,465174200.0,-515011801.5
2023-03-15,77.366034,461024200.0,-321069041.1
2023-03-16,78.190065,459674200.0,-105556587.75
2023-03-17,76.995128,460224200.0,42347320.4
2023-03-20,77.77346,456924200.0,-256652418.0
2023-03-21,80.364205,457424200.0,40182102.5
2023-03-22,78.649753,458374200.0,74717265.35000001
2023-03-23,77.594761,458074200.0,-23278428.3
2023-03-24,77.887177,457574200.0,-38943588.5
2023-03-27,79.511588,458474200.0,71560429.2
2023-03-28,80.741404,459574200.0,88815544.4
2023-03-29,81.91845,457774200.0,-147453210.0
2023-03-30,82.215839,458924200.0,94548214.85000001
2023-03-31,82.809367,459424200.0,41404683.5
2023-04-03,86.600104,459674200.0,21650026.0
2023-04-04,85.036829,466074200.0,544235705.6
2023-04-05,86.24908,467274200.0,103498896.00000001
2023-04-06,84.992512,468024200.0,63744384.0
2023-04-10,85.691741,467924200.0,-8569174.1
2023-04-11,86.47416,467574200.0,-30265956.0
2023-04-12,86.545567,467024200.0,-47600061.85
2023-04-13,87.076797,466274200.0,-65307597.75
2023-04-14,87.259394,463874200.0,-209422545.6
2023-04-17,86.187292,463624200.0,-21546823.0
2023-04-18,86.498686,463424200.0,-17299737.200000003
2023-04-19,86.245929,463174200.0,-21561482.25
2023-04-20,85.491538,460474200.0,-230827152.60000002
2023-04-21,84.96263,458774200.0,-144436471.0
2023-04-24,86.252199,456374200.0,-207005277.60000002
2023-04-25,84.610433,454574200.0,-152298779.4
2023-04-26,83.522905,454324200.0,-20880726.25
2023-04-27,83.813666,451174200.0,-264013047.9
2023-04-28,85.111424,451324200.0,12766713.6
2023-05-01,84.168595,451974200.0,54709586.75
2023-05-02,80.54002,451724200.0,-20135005.0
2023-05-03,79.017097,448274200.0,-272608984.65000004
2023-05-04,78.079859,445674200.0,-203007633.4
2023-05-05,80.247336,445624200.0,-4012366.8000000003
2023-05-08,80.25401,445474200.0,-12038101.5
2023-05-09,80.260053,445274200.0,-16052010.6
2023-05-10,79.372867,444624200.0,-51592363.55
2023-05-11,78.414686,444174200.0,-35286608.7
2023-05-12,78.542639,443124200.0,-82469770.94999999
2023-05-15,78.91537,443074200.0,-3945768.5
2023-05-16,76.91936,443074200.0,0.0
2023-05-17,78.474494,441624200.0,-113788016.30000001
2023-05-18,79.018829,441674200.0,3950941.4499999997
2023-05-19,79.592304,447924200.0,497451900.0
2023-05-22,79.332317,446924200.0,-79332317.0
2023-05-23,80.122106,439174200.0,-620946321.5
2023-05-24,80.533919,439174200.0,0.0
2023-05-25,79.029076,438224200.0,-75077622.2
2023-05-26,78.753748,437574200.0,-51189936.2
2023-05-30,77.988379,435824200.0,-136479663.25
2023-05-31,76.571432,433674200.0,-164628578.8
2023-06-01,77.538012,431774200.0,-147322222.79999998
2023-06-02,79.88825,432874200.0,87877075.0
2023-06-05,79.398546,433474200.0,47639127.599999994
2023-06-06,79.999482,432974200.0,-39999741.0
2023-06-07,82.144297,431724200.0,-102680371.25
2023-06-08,81.77215,427274200.0,-363886067.5
2023-06-09,81.333816,426674200.0,-48800289.6
2023-06-12,80.54685,426974200.0,24164055.000000004
2023-06-13,80.947562,425574200.0,-113326586.80000001
2023-06-14,80.07302,426274200.0,56051114.0
2023-06-15,80.918595,425474200.0,-64734876.0
2023-06-16,80.850882,423324200.0,-173829396.29999998
2023-06-20,78.327865,420774200.0,-199736055.75
2023-06-21,79.003277,417574200.0,-252810486.39999998
2023-06-22,77.958912,417324200.0,-19489728.0
2023-06-23,77.357332,416274200.0,-81225198.6
2023-06-26,78.719687,413124200.0,-247967014.04999998
2023-06-27,78.938934,415074200.0,153930921.3
2023-06-28,79.724283,412424200.0,-211269349.95
2023-06-29,80.631823,413624200.0,96758187.6
2023-06-30,81.135335,413274200.0,-28397367.25
2023-07-03,81.392271,412824200.0,-36626521.949999996
2023-07-05,80.930272,414474200.0,133534948.8
2023-07-06,79.094178,415174200.0,55365924.6
2023-07-07,80.834527,413274200.0,-153585601.29999998
2023-07-10,81.377383,413324200.0,4068869.15
2023-07-11,83.208964,413374200.0,4160448.1999999997
2023-07-12,83.950778,412874200.0,-41975389.0
2023-07-13,83.620008,413074200.0,16724001.6
2023-07-14,81.407434,421174200.0,659400215.4
2023-07-17,81.287695,417274200.0,-317022010.5
2023-07-18,82.151159,417174200.0,-8215115.9
2023-07-19,82.564097,417574200.0,33025638.8
2023-07-20,83.574888,416024200.0,-129541076.4
2023-07-21,84.276602,415524200.0,-42138301.0
2023-07-24,85.680722,413724200.0,-154225299.6
2023-07-25,86.156252,413924200.0,17231250.4
2023-07-26,86.098283,415224200.0,111927767.89999999
2023-07-27,85.582619,415324200.0,8558261.899999999
2023-07-28,85.81828,415774200.0,38618226.0
2023-07-31,87.485064,424024200.0,721751778.0
2023-08-01,87.093056,425624200.0,139348889.6
2023-08-02,85.949092,424674200.0,-81651637.39999999
2023-08-03,86.784945,416974200.0,-668244076.5
2023-08-04,86.858974,418624200.0,143317307.1
2023-08-07,87.017323,419124200.0,43508661.5
2023-08-08,87.427342,419524200.0,34970936.8
2023-08-09,88.500255,420074200.0,48675140.25
2023-08-10,88.552291,422974200.0,256801643.89999998
2023-08-11,89.923134,423224200.0,22480783.5
2023-08-14,89.569275,424474200.0,111961593.75
2023-08-15,87.641406,425074200.0,52584843.6
2023-08-16,86.911967,424874200.0,-17382393.400000002
2023-08-17,87.962738,431024200.0,540970838.7
2023-08-18,88.762286,424174200.0,-608021659.1
2023-08-21,88.229589,425174200.0,88229589.0
2023-08-22,87.548947,426074200.0,78794052.3
2023-08-23,87.3112,425724200.0,-30558920.0
2023-08-24,86.691476,425774200.0,4334573.8
2023-08-25,87.547937,424224200.0,-135699302.35
2023-08-28,88.160994,422824200.0,-123425391.60000001
2023-08-29,88.411655,422224200.0,-53046993.0
2023-08-30,88.806064,423224200.0,88806064.0
2023-08-31,88.912483,423524200.0,26673744.9
2023-09-01,90.705744,426174200.0,240370221.6
2023-09-05,91.223254,425724200.0,-41050464.3
2023-09-06,91.277528,426874200.0,104969157.2
2023-09-07,91.165002,424974200.0,-173213503.8
2023-09-08,92.065407,423674200.0,-119685029.1
2023-09-11,90.883496,423074200.0,-54530097.599999994
2023-09-12,92.929891,422074200.0,-92929891.0
2023-09-13,92.231049,425024200.0,272081594.55
2023-09-14,93.346184,425024200.0,0.0
2023-09-15,92.106899,424874200.0,-13816034.85
2023-09-18,92.051545,425924200.0,96654122.25
2023-09-19,91.240127,425824200.0,-9124012.7
2023-09-20,90.386862,427524200.0,153657665.39999998
2023-09-21,89.148391,427624200.0,8914839.1
2023-09-22,89.274534,427674200.0,4463726.7
2023-09-25,90.402649,427174200.0,-45201324.5
2023-09-26,89.904662,428774200.0,143847459.2
2023-09-27,92.126006,429624200.0,78307105.10000001
2023-09-28,92.215134,430724200.0,101436647.4
2023-09-29,90.395838,433724200.0,271187514.0
2023-10-02,88.637538,431874200.0,-163979445.3
2023-10-03,88.552847,433574200.0,150539839.9
2023-10-04,85.6198,431874200.0,-145553660.0
2023-10-05,85.210352,431374200.0,-42605176.0
2023-10-06,85.692917,430924200.0,-38561812.65
2023-10-09,88.614458,433024200.0,186090361.8
2023-10-10,88.690583,435824200.0,248333632.4
2023-10-11,87.637367,434924200.0,-78873630.3
2023-10-12,87.68488,435774200.0,74532148.0
2023-10-13,89.558986,435824200.0,4477949.3
2023-10-16,90.235292,436974200.0,103770585.8
2023-10-17,91.129009,437224200.0,22782252.25
2023-10-18,91.947698,440124200.0,266648324.20000002
2023-10-19,91.822494,442574200.0,224965110.3
2023-10-20,90.244424,444574200.0,180488848.0
2023-10-23,88.810039,445174200.0,53286023.4
2023-10-24,87.544734,448224200.0,267011438.70000002
2023-10-25,87.36413,451274200.0,266460596.5
2023-10-26,86.735594,451924200.0,56378136.1
2023-10-27,84.667184,449774200.0,-182034445.60000002
2023-10-30,84.945495,450024200.0,21236373.75
2023-10-31,85.200909,448574200.0,-123541318.05
2023-11-01,84.998864,447024200.0,-131748239.2
2023-11-02,87.546144,445674200.0,-118187294.39999999
2023-11-03,86.722256,446574200.0,78050030.4
2023-11-06,85.706111,447724200.0,98562027.65
2023-11-07,83.803849,446174200.0,-129895965.95
2023-11-08,82.754788,445924200.0,-20688697.0
2023-11-09,82.503665,443324200.0,-214509529.0
2023-11-10,83.403904,444374200.0,87574099.2
2023-11-13,84.025993,446124200.0,147045487.75
2023-11-14,84.755674,446974200.0,72042322.9
2023-11-15,84.571932,446324200.0,-54971755.800000004
2023-11-16,82.95814,445674200.0,-53922791.0
2023-11-17,84.691526,443024200.0,-224432543.89999998
2023-11-20,84.809236,445274200.0,190820781.0
2023-11-21,84.619639,445824200.0,46540801.45
2023-11-22,84.562755,443824200.0,-169125510.0
2023-11-24,84.932746,443024200.0,-67946196.8
2023-11-27,84.615731,443074200.0,4230786.55
2023-11-28,84.656913,441924200.0,-97355449.95
2023-11-29,84.006834,442274200.0,29402391.9
2023-11-30,84.550535,443524200.0,105688168.75
2023-12-01,85.002857,443924200.0,34001142.800000004
2023-12-04,84.619978,443424200.0,-42309989.0
2023-12-05,83.193352,445324200.0,158067368.8
2023-12-06,81.833039,444974200.0,-28641563.65
2023-12-07,81.340219,440174200.0,-390433051.20000005
2023-12-08,82.248087,441474200.0,106922513.1
2023-12-11,82.350181,441074200.0,-32940072.400000002
2023-12-12,81.219753,440574200.0,-40609876.5
2023-12-13,82.294597,436974200.0,-296260549.2
2023-12-14,84.776046,434574200.0,-203462510.39999998
2023-12-15,84.348997,436074200.0,126523495.5
2023-12-18,84.189027,434174200.0,-159959151.29999998
2023-12-19,85.214621,437174200.0,255643862.99999997
2023-12-20,84.416702,436974200.0,-16883340.4
2023-12-21,84.745283,431974200.0,-423726415.0
2023-12-22,84.961062,431774200.0,-16992212.4
2023-12-26,85.726299,431924200.0,12858944.85
2023-12-27,85.273018,432174200.0,21318254.5
2023-12-28,84.023054,432474200.0,25206916.2
2023-12-29,83.821659,431624200.0,-71248410.14999999
2024-01-02,84.779184,430324200.0,-110212939.2
2024-01-03,86.091265,428424200.0,-163573403.5
2024-01-04,84.662309,430124200.0,143925925.29999998
2024-01-05,84.706809,429874200.0,-21176702.25
2024-01-08,83.745367,430274200.0,33498146.8
2024-01-09,82.374548,430174200.0,-8237454.800000001
2024-01-10,81.539076,428874200.0,-106000798.8
2024-01-11,81.675219,426974200.0,-155182916.1
2024-01-12,82.696508,427324200.0,28943777.799999997
2024-01-16,80.738284,426574200.0,-60553712.99999999
2024-01-17,80.054632,425674200.0,-72049168.8
2024-01-18,79.87552,425074200.0,-47925312.0
2024-01-19,80.175039,426924200.0,148323822.15
2024-01-22,80.420354,427774200.0,68357300.9
2024-01-23,80.665832,427174200.0,-48399499.199999996
2024-01-24,81.806456,426574200.0,-49083873.6
2024-01-25,83.622053,426924200.0,29267718.549999997
2024-01-26,84.256669,426824200.0,-8425666.9
2024-01-29,84.101582,427274200.0,37845711.9
2024-01-30,84.98944,434474200.0,611923968.0
2024-01-31,83.399119,435074200.0,50039471.4
2024-02-01,83.356932,426624200.0,-704366075.4
2024-02-02,83.512534,424474200.0,-179551948.1
2024-02-05,83.325813,424374200.0,-8332581.3
2024-02-06,83.602707,422524200.0,-154665007.95
2024-02-07,83.751978,422524200.0,0.0
2024-02-08,84.637946,422624200.0,8463794.6
2024-02-09,83.338427,424024200.0,116673797.8
2024-02-12,84.210799,423224200.0,-67368639.19999999
2024-02-13,83.449355,423224200.0,0.0
2024-02-14,83.314882,420474200.0,-229115925.5
2024-02-15,85.586329,414924200.0,-475004125.95000005
2024-02-16,85.594309,415224200.0,25678292.7
2024-02-20,84.795691,416174200.0,80555906.45
2024-02-21,86.364338,417074200.0,77727904.2
2024-02-22,86.47893,417424200.0,30267625.500000004
2024-02-23,85.991172,416624200.0,-68792937.60000001
2024-02-26,86.266712,416574200.0,-4313335.6
2024-02-27,85.886146,416374200.0,-17177229.2
2024-02-28,85.696007,416224200.0,-12854401.049999999
2024-02-29,86.077513,415424200.0,-68862010.39999999
2024-03-01,87.115978,414424200.0,-87115978.0
2024-03-04,86.214545,414774200.0,30175090.75
2024-03-05,86.846087,412124200.0,-230142130.54999998
2024-03-06,87.114101,411974200.0,-13067115.15
2024-03-07,87.83979,412574200.0,52703873.99999999
2024-03-08,88.16067,412624200.0,4408033.5
2024-03-11,89.054418,413674200.0,93507138.89999999
2024-03-12,88.931821,413724200.0,4446591.05
2024-03-13,90.307629,412974200.0,-67730721.75
2024-03-14,91.290101,412074200.0,-82161090.9
2024-03-15,91.527108,412024200.0,-4576355.4
2024-03-18,91.155893,413074200.0,95713687.65
2024-03-19,92.157851,415324200.0,207355164.75
2024-03-20,92.074672,417124200.0,165734409.60000002
2024-03-21,92.576133,417474200.0,32401646.55
2024-03-22,92.376189,418674200.0,110851426.8
2024-03-25,93.210635,419024200.0,32623722.25
2024-03-26,92.503515,419674200.0,60127284.74999999
2024-03-27,93.373012,422424200.0,256775783.0
2024-03-28,94.403519,420624200.0,-169926334.20000002
2024-04-01,95.156675,418874200.0,-166524181.25
2024-04-02,96.431784,421174200.0,221793103.2
2024-04-03,97.099189,421674200.0,48549594.5
2024-04-04,97.023528,423574200.0,184344703.2
2024-04-05,98.062028,424424200.0,83352723.8
2024-04-08,97.449915,425974200.0,151047368.25
2024-04-09,97.481317,426124200.0,14622197.55
2024-04-10,97.828917,429424200.0,322835426.1
2024-04-11,97.643569,430624200.0,117172282.8
2024-04-12,96.11904,428424200.0,-211461888.0
2024-04-15,95.266927,429374200.0,90503580.64999999
2024-04-16,94.437779,430074200.0,66106445.300000004
2024-04-17,94.101624,429674200.0,-37640649.6
2024-04-18,93.884481,428774200.0,-84496032.89999999
2024-04-19,94.93898,429074200.0,28481694.0
2024-04-22,95.547126,427874200.0,-114656551.2
2024-04-23,96.054702,427424200.0,-43224615.900000006
2024-04-24,96.158474,426974200.0,-43271313.3
2024-04-25,96.647532,426374200.0,-57988519.199999996
2024-04-26,95.750448,426374200.0,0.0
2024-04-29,96.395726,433324200.0,669950295.6999999
2024-04-30,93.558607,426824200.0,-608130945.5
2024-05-01,92.076589,424774200.0,-188757007.45
2024-05-02,92.56322,424224200.0,-50909771.0
2024-05-03,92.539647,423824200.0,-37015858.800000004
2024-05-06,93.302163,422974200.0,-79306838.55
2024-05-07,93.193992,422574200.0,-37277596.8
2024-05-08,93.075567,422424200.0,-13961335.05
2024-05-09,94.312931,422524200.0,9431293.100000001
2024-05-10,93.836784,422174200.0,-32842874.4
2024-05-13,93.611432,422124200.0,-4680571.6
2024-05-14,93.715717,421024200.0,-103087288.7
2024-05-15,93.850626,419174200.0,-173623658.10000002
2024-05-16,93.629518,417474200.0,-159170180.6
2024-05-17,94.928196,418674200.0,113913835.2
2024-05-20,94.327792,419874200.0,113193350.4
2024-05-21,93.858487,419774200.0,-9385848.7
2024-05-22,92.148632,418224200.0,-142830379.60000002
2024-05-23,91.241618,415874200.0,-214417802.3
2024-05-24,91.373508,415374200.0,-45686754.0
2024-05-28,92.347623,414974200.0,-36939049.2
2024-05-29,90.685364,415474200.0,45342682.0
2024-05-30,90.921921,416474200.0,90921921.0
2024-05-31,93.161026,416424200.0,-4658051.300000001
2024-06-03,90.728564,415324200.0,-99801420.4
2024-06-04,89.878209,414274200.0,-94372119.45
2024-06-05,89.879763,413724200.0,-49433869.65
2024-06-06,90.366204,413424200.0,-27109861.2
2024-06-07,90.005878,414174200.0,67504408.5
2024-06-10,90.678517,412324200.0,-167755256.45
2024-06-11,90.490618,411774200.0,-49769839.9
2024-06-12,89.503607,412074200.0,26851082.1
2024-06-13,88.705202,411824200.0,-22176300.5
2024-06-14,87.992685,409824200.0,-175985370.0
2024-06-17,88.235074,411174200.0,119117349.89999999
2024-06-18,88.620274,414974200.0,336757041.2
2024-06-20,90.248458,416124200.0,103785726.7
2024-06-21,89.647763,414724200.0,-125506868.2
2024-06-24,91.301838,412874200.0,-168908400.3
2024-06-25,91.438495,415074200.0,201164689.0
2024-06-26,90.567867,413774200.0,-117738227.10000001
2024-06-27,90.763855,415324200.0,140683975.25
2024-06-28,91.179959,415374200.0,4558997.95
2024-07-01,91.218137,414974200.0,-36487254.8
2024-07-02,91.089287,415774200.0,72871429.6
2024-07-03,91.485895,417124200.0,123505958.25
2024-07-05,90.07329,416974200.0,-13510993.5
2024-07-08,89.57339,417524200.0,49265364.5
2024-07-09,88.746879,417474200.0,-4437343.95
2024-07-10,89.338303,417074200.0,-35735321.199999996
2024-07-11,90.262307,417424200.0,31591807.450000003
2024-07-12,90.528555,417474200.0,4526427.75
2024-07-15,91.924399,417474200.0,0.0
2024-07-16,92.194497,417774200.0,27658349.099999998
2024-07-17,93.187663,418824200.0,97847046.15
2024-07-18,93.405271,420924200.0,196151069.1
2024-07-19,92.374513,421574200.0,60043433.449999996
2024-07-22,91.779047,421574200.0,0.0
2024-07-23,90.355237,421374200.0,-18071047.400000002
2024-07-24,90.397628,418624200.0,-248593477.0
2024-07-25,91.715566,415974200.0,-243046249.89999998
2024-07-26,92.128358,417874200.0,175043880.20000002
2024-07-29,91.388527,418674200.0,73110821.6
2024-07-30,92.804997,417624200.0,-97445246.85
2024-07-31,93.208467,424124200.0,605855035.5
2024-08-01,90.75946,427774200.0,331272029.0
2024-08-02,88.420836,422024200.0,-508419806.99999994
2024-08-05,86.569616,420774200.0,-108212020.0
2024-08-06,87.047042,419974200.0,-69637633.60000001
2024-08-07,87.334451,418024200.0,-170302179.45
2024-08-08,89.208655,416874200.0,-102589953.24999999
2024-08-09,89.388204,417024200.0,13408230.6
2024-08-12,89.867341,415774200.0,-112334176.25
2024-08-13,88.966,416824200.0,93414300.0
2024-08-14,89.515249,416324200.0,-44757624.5
2024-08-15,90.592671,417974200.0,149477907.15
2024-08-16,90.499633,414924200.0,-276023880.65000004
2024-08-19,91.067877,414874200.0,-4553393.85
2024-08-20,88.711606,418174200.0,292748299.8
2024-08-21,88.812173,411424200.0,-599482167.75
2024-08-22,89.033837,412674200.0,111292296.25
2024-08-23,90.374854,411024200.0,-149118509.1
2024-08-26,91.206032,410124200.0,-82085428.8
2024-08-27,90.3718,410174200.0,4518590.0
2024-08-28,89.789803,411324200.0,103258273.45
2024-08-29,90.872401,410124200.0,-109046881.2
2024-08-30,91.211818,410774200.0,59287681.699999996
2024-09-03,89.029564,409374200.0,-124641389.6
2024-09-04,87.771284,405074200.0,-377416521.2
2024-09-05,87.122821,404524200.0,-47917551.550000004
2024-09-06,86.02901,402924200.0,-137646416.0
2024-09-09,86.569751,402724200.0,-17313950.2
2024-09-10,85.116597,402774200.0,4255829.85
2024-09-11,84.347209,401024200.0,-147607615.75
2024-09-12,85.116154,402524200.0,127674230.99999999
2024-09-13,85.575337,401374200.0,-98411637.55000001
2024-09-16,86.54909,401624200.0,21637272.5
2024-09-17,87.733718,401024200.0,-52640230.8
2024-09-18,87.933317,401724200.0,61553321.9
2024-09-19,88.984731,402474200.0,66738548.25
2024-09-20,88.727427,403124200.0,57672827.550000004
2024-09-23,89.104753,403174200.0,4455237.65
2024-09-24,88.841956,408424200.0,466420269.0
2024-09-25,87.197182,406324200.0,-183114082.2
2024-09-26,85.428173,406324200.0,0.0
2024-09-27,87.146395,403724200.0,-226580627.0
2024-09-30,87.811377,403924200.0,17562275.4
2024-10-01,89.748368,403824200.0,-8974836.8
2024-10-02,90.736938,404974200.0,104347478.69999999
2024-10-03,92.308929,408074200.0,286157679.90000004
2024-10-04,93.204757,409824200.0,163108324.75
2024-10-07,93.522499,411524200.0,158988248.29999998
2024-10-08,91.04519,412474200.0,86492930.5
2024-10-09,91.571056,411474200.0,-91571056.0
2024-10-10,92.292597,406574200.0,-452233725.3
2024-10-11,92.778142,404224200.0,-218028633.70000002
2024-10-14,92.627818,407024200.0,259357890.4
2024-10-15,89.806943,406974200.0,-4490347.15
2024-10-16,90.219789,403974200.0,-270659367.0
2024-10-17,90.707629,401824200.0,-195021402.35
2024-10-18,90.374778,400774200.0,-94893516.9
2024-10-21,90.143161,402424200.0,148736215.65
2024-10-22,90.297752,401374200.0,-94812639.60000001
2024-10-23,89.839201,399824200.0,-139250761.55
2024-10-24,89.712715,399074200.0,-67284536.25
2024-10-25,89.78789,398174200.0,-80809101.0
2024-10-28,89.17659,398174200.0,0.0
2024-10-29,87.869976,397974200.0,-17573995.2
2024-10-30,87.979533,396474200.0,-131969299.5
2024-10-31,88.610706,398824200.0,208235159.1
2024-11-01,88.012582,395724200.0,-272839004.2
2024-11-04,89.549991,395724200.0,0.0
2024-11-05,90.138606,396074200.0,31548512.099999998
2024-11-06,93.600183,397924200.0,173160338.55
2024-11-07,93.212305,399074200.0,107194150.75
2024-11-08,93.730942,397574200.0,-140596413.0
2024-11-11,94.276329,397524200.0,-4713816.45
2024-11-12,93.807072,397774200.0,23451768.0
2024-11-13,94.533351,398174200.0,37813340.4
2024-11-14,94.91803,397424200.0,-71188522.5
2024-11-15,94.70232,397424200.0,0.0
2024-11-18,95.954583,400224200.0,268672832.4
2024-11-19,95.414356,397624200.0,-248077325.6
2024-11-20,96.358301,397924200.0,28907490.3
2024-11-21,97.144037,398974200.0,102001238.85
2024-11-22,97.275587,398824200.0,-14591338.05
2024-11-25,95.27119,398874200.0,4763559.5
2024-11-26,95.195047,398374200.0,-47597523.5
2024-11-27,95.103044,397074200.0,-123633957.2
2024-11-29,95.454455,397124200.0,4772722.75
2024-12-02,94.543672,396824200.0,-28363101.6
2024-12-03,94.493588,395374200.0,-137015702.6
2024-12-04,92.268605,395574200.0,18453721.0
2024-12-05,92.556395,393974200.0,-148090232.0
2024-12-06,91.060072,393024200.0,-86507068.4
2024-12-09,90.88375,391624200.0,-127237250.00000001
2024-12-10,90.262415,392674200.0,94775535.75
2024-12-11,90.4066,394024200.0,122048910.0
2024-12-12,89.743211,391224200.0,-251280990.8
2024-12-13,89.231396,391024200.0,-17846279.2
2024-12-16,87.281852,391074200.0,4364092.6
2024-12-17,86.585682,390774200.0,-25975704.6
2024-12-18,84.192166,391774200.0,84192166.0
2024-12-19,83.372196,391024200.0,-62529147.0
2024-12-20,84.172242,393624200.0,218847829.2
2024-12-23,84.006445,394774200.0,96607411.75
2024-12-24,84.662182,393424200.0,-114293945.7
2024-12-26,84.557121,393224200.0,-16911424.2
2024-12-27,84.548405,392474200.0,-63411303.75
2024-12-30,84.54353,391824200.0,-54953294.5
2024-12-31,85.643837,391274200.0,-47104110.35
2025-01-02,86.651423,388724200.0,-220961128.64999998
2025-01-03,87.465872,385424200.0,-288637377.6
2025-01-06,87.088083,385274200.0,-13063212.45
2025-01-07,88.013512,385674200.0,35205404.800000004
2025-01-08,88.066688,384024200.0,-145310035.2
2025-01-10,88.399396,383374200.0,-57459607.4
2025-01-13,90.37532,381374200.0,-180750640.0
2025-01-14,91.277865,383524200.0,196247409.75
2025-01-15,92.5525,383874200.0,32393375.0
2025-01-16,93.214573,383524200.0,-32625100.55
2025-01-17,93.980432,384324200.0,75184345.6
2025-01-21,93.426762,383224200.0,-102769438.2
2025-01-22,91.774679,377224200.0,-550648074.0
2025-01-23,92.185961,376674200.0,-50702278.550000004
2025-01-24,91.321255,375174200.0,-136981882.5
2025-01-27,90.38631,374324200.0,-76828363.5
2025-01-28,89.528688,373224200.0,-98481556.8
2025-01-29,89.660227,373724200.0,44830113.5
2025-01-30,90.133502,372424200.0,-117173552.6
2025-01-31,87.692245,371024200.0,-122769143.0
2025-02-03,88.162597,368974200.0,-180733323.85000002
2025-02-04,90.033911,369424200.0,40515259.95
2025-02-05,90.183744,370174200.0,67637808.0
2025-02-06,88.625064,370224200.0,4431253.2
2025-02-07,88.559696,365824200.0,-389662662.40000004
2025-02-10,90.505605,364824200.0,-90505605.0
2025-02-11,91.196832,366274200.0,132235406.4
2025-02-12,89.020264,367824200.0,137981409.2
2025-02-13,89.732314,366424200.0,-125625239.60000001
2025-02-14,90.085646,365274200.0,-103598492.89999999
2025-02-18,91.304713,366324200.0,95869948.65
2025-02-19,91.991138,366374200.0,4599556.9
2025-02-20,92.811927,364474200.0,-176342661.29999998
2025-02-21,90.922392,365774200.0,118199109.60000001
2025-02-24,90.983168,364274200.0,-136474752.0
2025-02-25,89.62591,362424200.0,-165807933.5
2025-02-26,89.176969,362024200.0,-35670787.6
2025-02-27,89.57342,361174200.0,-76137407.0
2025-02-28,91.012171,362424200.0,113765213.75
2025-03-03,87.821122,364524200.0,184424356.20000002
2025-03-04,86.999497,362874200.0,-143549170.05
2025-03-05,85.719967,361174200.0,-145723943.9
2025-03-06,86.002631,359574200.0,-137604209.6
2025-03-07,87.430494,360474200.0,78687444.6
2025-03-10,88.087889,360874200.0,35235155.6
2025-03-11,87.373518,359524200.0,-117954249.30000001
2025-03-12,87.81287,360324200.0,70250296.0
2025-03-13,87.230118,361474200.0,100314635.7
2025-03-14,89.727521,361274200.0,-17945504.2
2025-03-17,91.156939,361974200.0,63809857.3
2025-03-18,91.364529,361524200.0,-41114038.050000004
2025-03-19,92.816545,360924200.0,-55689927.0
2025-03-20,93.196603,361274200.0,32618811.049999997
2025-03-21,92.563603,360174200.0,-101819963.3
2025-03-24,92.858558,354974200.0,-482864501.6
2025-03-25,93.276862,352874200.0,-195881410.2
2025-03-26,93.742253,352424200.0,-42184013.85
2025-03-27,92.889539,352924200.0,46444769.5
2025-03-28,92.444889,355024200.0,194134266.9
2025-03-31,93.433571,354574200.0,-42045106.95
2025-04-01,94.02158,357574200.0,282064740.0
2025-04-02,94.13704,357124200.0,-42361668.0
2025-04-03,86.826635,356524200.0,-52095981.0
2025-04-04,79.117667,351824200.0,-371853034.9
2025-04-07,78.427588,347524200.0,-337238628.4
2025-04-08,76.454616,343574200.0,-301995733.2
2025-04-09,82.371446,341874200.0,-140031458.20000002
2025-04-10,77.067866,340874200.0,-77067866.0
2025-04-11,78.957934,335624200.0,-414529153.5
2025-04-14,79.165557,334774200.0,-67290723.45
2025-04-15,79.086988,333974200.0,-63269590.400000006
2025-04-16,79.73171,333524200.0,-35879269.5
2025-04-17,81.520896,332024200.0,-122281343.99999999
2025-04-21,79.370356,329174200.0,-226205514.6
2025-04-22,81.443893,327524200.0,-134382423.45000002
2025-04-23,81.273708,325824200.0,-138165303.6
2025-04-24,82.479117,323174200.0,-218569660.05
2025-04-25,82.386749,322824200.0,-28835362.15
2025-04-28,82.941418,323624200.0,66353134.4
2025-04-29,82.637318,323874200.0,20659329.5
2025-04-30,80.509414,327024200.0,253604654.10000002
2025-05-01,80.816989,326824200.0,-16163397.8
2025-05-02,82.021587,326574200.0,-20505396.75
2025-05-05,80.486035,325674200.0,-72437431.5
2025-05-06,80.473191,324124200.0,-124733446.05
2025-05-07,80.557149,324974200.0,68473576.64999999
2025-05-08,81.576472,324724200.0,-20394118.0
2025-05-09,82.429421,323524200.0,-98915305.2
2025-05-12,84.536512,323924200.0,33814604.800000004
2025-05-13,85.758673,324074200.0,12863800.950000001
2025-05-14,85.286097,324324200.0,21321524.25
2025-05-15,85.590009,325574200.0,106987511.25
2025-05-16,85.450694,323724200.0,-158083783.9
2025-05-19,84.388856,324074200.0,29536099.6
2025-05-20,83.606378,322524200.0,-129589885.9
2025-05-21,82.067937,321774200.0,-61550952.75
2025-05-22,81.725795,323824200.0,167537879.75
2025-05-23,81.973032,324174200.0,28690561.200000003
2025-05-27,82.693612,324124200.0,-4134680.6
2025-05-28,81.661779,322874200.0,-102077223.75
2025-05-29,82.20981,320074200.0,-230187468.0
2025-05-30,81.623797,321874200.0,146922834.6
2025-06-02,82.597762,320224200.0,-136286307.3
2025-06-03,83.548931,319424200.0,-66839144.8
2025-06-04,81.961298,319874200.0,36882584.1
2025-06-05,81.856659,320024200.0,12278498.85
2025-06-06,83.439451,319624200.0,-33375780.400000002
2025-06-09,83.582248,320024200.0,33432899.200000003
2025-06-10,85.023873,321824200.0,153042971.39999998
2025-06-11,86.249823,324024200.0,189749610.60000002
2025-06-12,86.593894,322874200.0,-99582978.10000001
2025-06-13,88.100172,325174200.0,202630395.6
2025-06-16,87.808476,325674200.0,43904238.0
2025-06-17,88.674132,327024200.0,119710078.2
2025-06-18,88.076074,327124200.0,8807607.4
2025-06-20,88.96969,328574200.0,129006050.5
2025-06-23,86.015016,329874200.0,111819520.8
2025-06-24,84.879862,322224200.0,-649330944.3000001
2025-06-25,84.46269,317624200.0,-388528374.0
2025-06-26,85.725315,315924200.0,-145733035.5
2025-06-27,85.301143,316724200.0,68240914.39999999
2025-06-30,84.803132,316374200.0,-29681096.200000003
2025-07-01,85.449676,315424200.0,-81177192.2
2025-07-02,86.903639,315674200.0,21725909.75
2025-07-03,87.056362,318124200.0,213288086.89999998
2025-07-07,86.180115,318624200.0,43090057.5
2025-07-08,88.512831,318574200.0,-4425641.550000001
2025-07-09,88.052505,317674200.0,-79247254.5
2025-07-10,88.737815,319124200.0,128669831.75
2025-07-11,89.163096,318924200.0,-17832619.2
2025-07-14,88.113146,318724200.0,-17622629.2
2025-07-15,86.867865,317924200.0,-69494292.0
2025-07-16,86.103208,317274200.0,-55967085.199999996
2025-07-17,86.586268,317524200.0,21646567.0
2025-07-18,85.998359,317524200.0,0.0
2025-07-21,85.042426,317924200.0,34016970.400000006
2025-07-22,85.494961,317274200.0,-55571724.650000006
2025-07-23,86.820813,315924200.0,-117208097.55
2025-07-24,87.397977,315774200.0,-13109696.549999999
2025-07-25,87.06429,313174200.0,-226367154.0
2025-07-28,88.092616,313324200.0,13213892.4
2025-07-29,88.901456,312774200.0,-48895800.8
2025-07-30,87.659831,313224200.0,39446923.949999996
2025-07-31,87.181764,313024200.0,-17436352.8
2025-08-01,85.632222,312574200.0,-38534499.9
2025-08-04,85.407129,311174200.0,-119569980.6
2025-08-05,85.522608,310974200.0,-17104521.6
2025-08-06,84.693775,311374200.0,33877510.0
2025-08-07,84.370902,310474200.0,-75933811.8
2025-08-08,84.882998,310174200.0,-25464899.4
2025-08-11,84.213165,310874200.0,58949215.5
2025-08-12,84.640566,311024200.0,12696084.9
2025-08-13,85.65064,307024200.0,-342602560.0
2025-08-14,85.559108,307274200.0,21389777.0
2025-08-15,85.546088,306874200.0,-34218435.199999996
2025-08-18,85.054091,306824200.0,-4252704.55
2025-08-19,85.074173,306374200.0,-38283377.85
2025-08-20,85.79708,305374200.0,-85797080.0
2025-08-21,86.396035,304774200.0,-51837621.0
2025-08-22,88.16216,305074200.0,26448648.0
2025-08-25,88.377003,305174200.0,8837700.3
2025-08-26,88.213164,306124200.0,83802505.80000001
2025-08-27,89.237109,306524200.0,35694843.6
2025-08-28,89.87943,305874200.0,-58421629.5
2025-08-29,90.332893,305774200.0,-9033289.3
2025-09-02,90.524045,305824200.0,4526202.25
2025-09-03,88.500992,305324200.0,-44250496.0
2025-09-04,89.067747,303924200.0,-124694845.8
2025-09-05,87.33176,303724200.0,-17466352.0
2025-09-08,87.140897,301624200.0,-182995883.7
2025-09-09,87.585736,301674200.0,4379286.8
2025-09-10,89.134368,301674200.0,0.0
2025-09-11,89.118111,301224200.0,-40103149.95
2025-09-12,88.591053,302474200.0,110738816.25
2025-09-15,88.273393,302124200.0,-30895687.55
2025-09-16,89.78188,301974200.0,-13467282.0
2025-09-17,90.004122,299624200.0,-211509686.7
2025-09-18,89.68869,300324200.0,62782082.99999999
2025-09-19,88.52067,300424200.0,8852067.0
2025-09-22,87.655883,297424200.0,-262967649.0
2025-09-23,89.181029,297974200.0,49049565.949999996
2025-09-24,90.332181,299024200.0,94848790.05000001
2025-09-25,91.105452,298374200.0,-59218543.8
2025-09-26,91.975032,300124200.0,160956306.0
2025-09-29,90.304371,302124200.0,180608742.0
2025-09-30,89.34427,301374200.0,-67008202.49999999
2025-10-01,89.369232,300674200.0,-62558462.4
2025-10-02,88.410992,299974200.0,-61887694.4
2025-10-03,88.910678,300174200.0,17782135.6
2025-10-06,89.35524,300624200.0,40209858.0
2025-10-07,89.47731,300374200.0,-22369327.5
2025-10-08,88.941757,299374200.0,-88941757.0
2025-10-09,87.755362,298874200.0,-43877681.0
2025-10-10,85.194263,298524200.0,-29817992.05
2025-10-13,86.404813,295374200.0,-272175160.95
2025-10-14,86.334985,294074200.0,-112235480.5
2025-10-15,86.307137,294274200.0,17261427.4
2025-10-16,85.29761,294324200.0,4264880.5
2025-10-17,85.970302,293774200.0,-47283666.1
2025-10-20,86.866646,293574200.0,-17373329.2
2025-10-21,86.685545,295774200.0,190708199.0
2025-10-22,87.804612,295424200.0,-30731614.200000003
2025-10-23,88.991952,295424200.0,0.0
2025-10-24,88.054074,299224200.0,334605481.2
2025-10-27,88.305185,299324200.0,8830518.5
2025-10-28,87.351629,299124200.0,-17470325.8
2025-10-29,88.015792,298674200.0,-39607106.4
2025-10-30,87.488935,298374200.0,-26246680.5
2025-10-31,88.104475,298624200.0,22026118.75
2025-11-03,88.091366,300024200.0,123327912.39999999
2025-11-04,87.160557,300324200.0,26148167.099999998
2025-11-05,87.399072,300274200.0,-4369953.600000001
2025-11-06,88.22512,300474200.0,17645024.0
2025-11-07,89.518048,303474200.0,268554144.0
2025-11-10,90.347186,304924200.0,131003419.69999999
2025-11-11,91.524191,304724200.0,-18304838.2
2025-11-12,90.225146,305724200.0,90225146.0
2025-11-13,90.489384,305824200.0,9048938.4
2025-11-14,92.007752,306424200.0,55204651.199999996
2025-11-17,90.318966,306624200.0,18063793.2
2025-11-18,91.041233,304524200.0,-191186589.3
2025-11-19,89.890294,304424200.0,-8989029.4
2025-11-20,88.859612,303974200.0,-39986825.4
2025-11-21,89.39084,299474200.0,-402258780.0
2025-11-24,89.160921,299674200.0,17832184.2
2025-11-25,88.612859,300224200.0,48737072.45
2025-11-26,89.254255,301674200.0,129418669.75
2025-11-28,90.469555,300624200.0,-94993032.75
2025-12-01,91.318507,301574200.0,86752581.64999999
2025-12-02,90.136783,302424200.0,76616265.55
2025-12-03,91.81056,303524200.0,100991616.0
2025-12-04,92.232011,301474200.0,-189075622.55
2025-12-05,45.931501,602248400.0,13815010468.0742
2025-12-08,45.425535,602548400.0,13627660.500000002
2025-12-09,45.688119,602498400.0,-2284405.95
2025-12-10,46.186558,603848400.0,62351853.3
2025-12-11,45.965348,605648400.0,82737626.39999999
2025-12-12,45.537146,606048400.0,18214858.4
2025-12-15,45.199292,604698400.0,-61019044.2
2025-12-16,43.824158,595998400.0,-381270174.59999996
2025-12-17,44.781873,591798400.0,-188083866.6
2025-12-18,44.113413,590248400.0,-68375790.15
2025-12-19,44.145733,592248400.0,88291466.0
2025-12-22,44.229233,593898400.0,72978234.45
2025-12-23,44.497755,590598400.0,-146842591.5
2025-12-24,44.339267,592048400.0,64291937.15
2025-12-26,44.203583,592798400.0,33152687.25
2025-12-29,44.611764,592398400.0,-17844705.6
2025-12-30,44.962134,592348400.0,-2248106.6999999997
2025-12-31,44.721831,592198400.0,-6708274.65
2026-01-02,45.657477,591948400.0,-11414369.25
2026-01-05,46.880115,592998400.0,49224120.75
2026-01-06,45.618856,600348400.0,335298591.6
2026-01-07,45.12914,603348400.0,135387420.0
2026-01-08,46.547387,602198400.0,-53529495.05
2026-01-09,46.652411,601698400.0,-23326205.5
2026-01-12,46.332775,601998400.0,13899832.5
2026-01-13,47.023307,603098400.0,51725637.7
2026-01-14,48.048594,608298400.0,249852688.8
2026-01-15,47.604675,611748400.0,164236128.75
2026-01-16,47.700053,614998400.0,155025172.25
2026-01-20,47.602263,616648400.0,78543733.95
2026-01-21,48.759753,615698400.0,-46321765.35
2026-01-22,48.91292,616698400.0,48912920.0
2026-01-23,49.187714,619598400.0,142644370.6
2026-01-26,49.211718,621198400.0,78738748.8
2026-01-27,49.661981,627398400.0,307904282.2
2026-01-28,50.036894,630248400.0,142605147.89999998
2026-01-29,50.515197,631898400.0,83350075.05
2026-01-30,51.004666,646798400.0,759969523.4
2026-02-02,50.037154,645698400.0,-55040869.4
2026-02-03,51.66084,650498400.0,247972032.0
2026-02-04,52.816178,656798400.0,332741921.4
2026-02-05,52.247214,662548400.0,300421480.5
2026-02-06,53.245846,664598400.0,109153984.3
2026-02-09,53.643529,664198400.0,-21457411.6
2026-02-10,53.580268,666748400.0,136629683.4
2026-02-11,54.98498,666748400.0,0.0
2026-02-12,53.962386,669498400.0,148396561.5
2026-02-13,54.356539,671998400.0,135891347.5
2026-02-17,53.734569,672848400.0,45674383.65
2026-02-18,54.787356,674398400.0,84920401.8
2026-02-19,55.17075,677648400.0,179304937.5
2026-02-20,54.88832,684998400.0,403429152.0
2026-02-23,55.124394,685498400.0,27562197.0
2026-02-24,55.110033,684898400.0,-33066019.8
2026-02-25,54.859498,679548400.0,-293498314.3
2026-02-26,55.040776,680648400.0,60544853.6
2026-02-27,55.901903,677548400.0,-173295899.29999998
2026-03-02,57.044324,684948400.0,422127997.6
2026-03-03,56.533063,690598400.0,319411805.95
2026-03-04,56.18753,692198400.0,89900048.0
2026-03-05,56.505107,689948400.0,-127136490.75
2026-03-06,56.570179,694348400.0,248908787.60000002
2026-03-09,56.33367,694548400.0,11266734.0
2026-03-10,55.616154,693848400.0,-38931307.800000004
2026-03-11,57.008738,697998400.0,236586262.70000002
2026-03-12,57.515837,698098400.0,5751583.7
2026-03-13,57.688795,699598400.0,86533192.5
2026-03-16,57.896687,700098400.0,28948343.5
2026-03-17,58.498174,699998400.0,-5849817.399999999
2026-03-18,58.441386,703548400.0,207466920.3
2026-03-19,59.383667,701098400.0,-145489984.15
2026-03-20,59.320579,704548400.0,204655997.55
2026-03-23,59.617256,695798400.0,-521650990.0
2026-03-24,60.823416,693698400.0,-127729173.60000001
2026-03-25,60.571127,694498400.0,48456901.599999994
2026-03-26,61.535482,692748400.0,-107687093.5
2026-03-27,62.588684,700848400.0,506968340.4
2026-03-30,61.936628,707148400.0,390200756.4
2026-03-31,61.244794,711948400.0,293975011.2
2026-04-01,58.973311,714448400.0,147433277.5
2026-04-02,59.273564,708098400.0,-376387131.4
2026-04-06,59.673132,692198400.0,-948802798.8000001
2026-04-07,60.165627,696098400.0,234645945.3
2026-04-08,58.058875,700048400.0,229332556.25
2026-04-09,57.353725,687448400.0,-722656935.0
2026-04-10,56.957408,686848400.0,-34174444.8
2026-04-13,57.140789,678898400.0,-454269272.55
2026-04-14,55.924141,681998400.0,173364837.1
2026-04-15,55.774082,697848400.0,884019199.7
2026-04-16,56.618,698598400.0,42463500.0
2026-04-17,54.991737,696048400.0,-140228929.35
2026-04-20,55.074986,699348400.0,181747453.8
2026-04-21,55.847441,700048400.0,39093208.7
2026-04-22,56.528136,702148400.0,118709085.60000001
2026-04-23,56.960983,700948400.0,-68353179.6
2026-04-24,56.912024,698198400.0,-156508066.0
2026-04-27,56.787211,699348400.0,65305292.65
2026-04-28,57.718932,693198400.0,-354971431.8
2026-04-29,59.050889,692348400.0,-50193255.65
2026-04-30,59.628897,694198400.0,110313459.45
2026-05-01,58.828566,698598400.0,258845690.4
2026-05-04,59.384949,708848400.0,608695727.25
2026-05-05,59.434474,712548400.0,219907553.8
2026-05-06,57.004995,717548400.0,285024975.0
2026-05-07,55.970737,714598400.0,-165113674.15
2026-05-08,55.720926,711598400.0,-167162778.0
2026-05-11,57.174258,708848400.0,-157229209.5
2026-05-12,57.576759,709098400.0,14394189.75
2026-05-13,57.63733,704198400.0,-282422917.0
2026-05-14,58.086804,703498400.0,-40660762.8
2026-05-15,59.451689,701998400.0,-89177533.5
2026-05-18,60.551708,696598400.0,-326979223.2
2026-05-19,61.255158,692748400.0,-235832358.3
2026-05-20,59.783006,694448400.0,101631110.2
2026-05-21,59.150021,694148400.0,-17745006.3
2026-05-22,59.469967,690598400.0,-211118382.85
2026-05-26,57.858186,691148400.0,31822002.3
2026-05-27,56.95953,688548400.0,-148094778.0
2026-05-28,56.914166,684348400.0,-239039497.20000002
2026-05-29,56.303461,686848400.0,140758652.5
2026-06-01,57.295245,682898400.0,-226316217.75
2026-06-02,57.9273,685698400.0,162196440.0
2026-06-03,58.703149,687498400.0,105665668.2
2026-06-04,58.751901,682548400.0,-290821909.95
2026-06-05,57.655836,678498400.0,-233506135.8
2026-06-08,58.310709,674798400.0,-215749623.3
2026-06-09,57.388136,676298400.0,86082204.0
2026-06-10,58.247075,676598400.0,17474122.5
2026-06-11,57.104629,678098400.0,85656943.5
2026-06-12,57.563289,679148400.0,60441453.449999996
2026-06-15,55.548592,680248400.0,61103451.199999996
2026-06-16,55.346092,676798400.0,-190944017.4
2026-06-17,54.679163,673698400.0,-169505405.3
2026-06-18,53.757752,678998400.0,284916085.6
2026-06-22,54.079908,671198400.0,-421823282.40000004
2026-06-23,54.440957,672098400.0,48996861.3
2026-06-24,53.529347,667998400.0,-219470322.70000002
2026-06-25,54.097191,673448400.0,294829690.95
2026-06-26,53.894495,674498400.0,56589219.75
2026-06-29,53.571111,672798400.0,-91070888.7
2026-06-30,53.176667,671748400.0,-55835500.35
2026-07-01,52.816962,671298400.0,-23767632.9
2026-07-02,53.248978,665198400.0,-324818765.8
2026-07-06,53.14601,664098400.0,-58460611.0
2026-07-07,54.668924,663998400.0,-5466892.399999999
2026-07-08,55.620952,663198400.0,-44496761.6
2026-07-09,54.809051,662798400.0,-21923620.4
2026-07-10,55.082886,661498400.0,-71607751.8
2026-07-13,56.740635,661998400.0,28370317.5
2026-07-14,56.958966,661598400.0,-22783586.4
2026-07-15,56.4719,663398400.0,101649420.0
2026-07-16,57.011712,662348400.0,-59862297.6
2026-07-17,57.683212,661748400.0,-34609927.199999996
2026-07-20,57.941463,660898400.0,-49250243.55
2026-07-21,58.521188,664298400.0,198972039.20000002
2026-07-22,59.187714,666848400.0,150928670.7
2026-07-23,59.405349,665598400.0,-74256686.25
2026-07-24,59.600761,664248400.0,-80461027.35
2026-07-27,58.371612,662848400.0,-81720256.8
2026-07-28,57.518686,662798400.0,-2875934.3000000003
2026-07-29,58.604496,654398400.0,-492277766.4
2026-07-30,58.932445,655698400.0,76612178.5
2026-07-31,59.534413,658598400.0,172649797.7
2026-08-03,58.777826,666798400.0,481978173.2
2026-08-04,58.526029,657048400.0,-570628782.75
2026-08-05,57.293817,653748400.0,-189069596.1
2026-08-06,58.179209,653698400.0,-2908960.45
2026-08-07,57.500155,654448400.0,43125116.25
2026-08-10,60.195428,656198400.0,105341999.0
2026-08-11,60.91139,660898400.0,286283533.0
2026-08-12,61.021507,659348400.0,-94583335.85
2026-08-13,61.031796,655948400.0,-207508106.4
2026-08-14,61.919428,653748400.0,-136222741.6
2026-08-17,62.571625,656198400.0,153300481.25
2026-08-18,63.642451,657648400.0,92281553.95
2026-08-19,63.552521,656548400.0,-69907773.1
2026-08-20,63.740408,657398400.0,54179346.800000004
2026-08-21,63.626431,658198400.0,50901144.8
2026-08-24,63.132593,653948400.0,-268313520.25
2026-08-25,62.075813,646698400.0,-450049644.25
2026-08-26,62.42407,645498400.0,-74908884.0
2026-08-27,62.274494,650748400.0,326941093.5
2026-08-28,62.66443,648498400.0,-140994967.5
2026-08-31,63.928123,648198400.0,-19178436.9
2026-09-01,64.785632,653698400.0,356320976.00000006
2026-09-02,65.067129,656148400.0,159414466.04999998
2026-09-03,64.630722,658248400.0,135724516.20000002
2026-09-04,64.069647,657298400.0,-60866164.650000006
2026-09-08,64.749909,656948400.0,-22662468.150000002
2026-09-09,65.299046,653948400.0,-195897138.0
2026-09-10,64.929689,656598400.0,172063675.85
2026-09-11,65.135864,655548400.0,-68392657.2
2026-09-14,64.544168,654848400.0,-45180917.6
2026-09-15,65.944785,652348400.0,-164861962.5
2026-09-16,64.046398,653298400.0,60844078.099999994
2026-09-17,64.463598,648498400.0,-309425270.40000004
2026-09-18,64.354301,641948400.0,-421520671.5500001
2026-09-21,62.432007,641048400.0,-56188806.3
2026-09-22,61.757402,642098400.0,64845272.1
2026-09-23,62.367902,644648400.0,159038150.1
2026-09-24,62.618944,646548400.0,118975993.6
2026-09-25,62.04807,647148400.0,37228842.0
2026-09-28,62.117627,644898400.0,-139764660.75
2026-09-29,61.534022,641398400.0,-215369077.0
2026-09-30,61.453088,636748400.0,-285756859.2
2026-10-01,62.670905,634148400.0,-162944353.0
2026-10-02,62.821379,639398400.0,329812239.75
2026-10-05,63.429943,639648400.0,15857485.75
2026-10-06,63.721479,642398400.0,175234067.25
2026-10-07,63.379644,644298400.0,120421323.6
