date,nav,shares,flow
2006-05-31,20.432066,73403546.0,
2006-06-01,20.797397,73403546.0,0.0
2006-06-02,20.730841,73403546.0,0.0
2006-06-05,20.375232,73903546.0,10187616.0
2006-06-06,20.375196,73903546.0,0.0
2006-06-07,20.146303,73903546.0,0.0
2006-06-08,20.027243,73503546.0,-8010897.199999999
2006-06-09,19.941714,73503546.0,0.0
2006-06-12,19.590055,73003546.0,-9795027.5
2006-06-13,19.566574,73003546.0,0.0
2006-06-14,19.739009,73503546.0,9869504.5
2006-06-15,20.240857,71503546.0,-40481714.0
2006-06-16,20.179371,71503546.0,0.0
2006-06-19,20.087817,73153546.0,33144898.05
2006-06-20,20.060811,73153546.0,0.0
2006-06-21,20.3361,73153546.0,0.0
2006-06-22,20.092665,73153546.0,0.0
2006-06-23,20.011068,73153546.0,0.0
2006-06-26,20.071761,73153546.0,0.0
2006-06-27,19.812417,72903546.0,-4953104.25
2006-06-28,19.924827,72903546.0,0.0
2006-06-29,20.42355,72903546.0,0.0
2006-06-30,20.284253,72903546.0,0.0
2006-07-03,20.493035,72903546.0,0.0
2006-07-05,20.181198,72903546.0,0.0
2006-07-06,20.200195,72903546.0,0.0
2006-07-07,19.967663,72903546.0,0.0
2006-07-10,19.750209,72903546.0,0.0
2006-07-11,19.835547,72903546.0,0.0
2006-07-12,19.454336,72753546.0,-2918150.4000000004
2006-07-13,19.132771,72753546.0,0.0
2006-07-14,19.081997,72103546.0,-12403298.05
2006-07-17,19.154532,72103546.0,0.0
2006-07-18,19.21956,72103546.0,0.0
2006-07-19,19.470307,72053546.0,-973515.3499999999
2006-07-20,19.231641,72053546.0,0.0
2006-07-21,18.996403,72153546.0,1899640.3
2006-07-24,19.318957,72153546.0,0.0
2006-07-25,19.485148,72153546.0,0.0
2006-07-26,19.535846,72153546.0,0.0
2006-07-27,19.489313,72153546.0,0.0
2006-07-28,19.853647,71853546.0,-5956094.1
2006-07-31,19.801101,71853546.0,0.0
2006-08-01,19.518707,71853546.0,0.0
2006-08-02,19.738251,71853546.0,0.0
2006-08-03,19.816564,71853546.0,0.0
2006-08-04,19.763225,71903546.0,988161.2499999999
2006-08-07,19.661578,71953546.0,983078.8999999999
2006-08-08,19.614029,72203546.0,4903507.25
2006-08-09,19.746199,72303546.0,1974619.9000000001
2006-08-10,19.838871,73003546.0,13887209.700000001
2006-08-11,19.705223,73153546.0,2955783.45
2006-08-14,19.86711,73453546.0,5960133.0
2006-08-15,20.337325,73453546.0,0.0
2006-08-16,20.688238,73753546.0,6206471.399999999
2006-08-17,20.745998,74953546.0,24895197.6
2006-08-18,20.864677,75203546.0,5216169.25
2006-08-21,20.703237,75203546.0,0.0
2006-08-22,20.704651,75203546.0,0.0
2006-08-23,20.620034,75203546.0,0.0
2006-08-24,20.694178,74203546.0,-20694178.0
2006-08-25,20.74058,74203546.0,0.0
2006-08-28,20.936299,74203546.0,0.0
2006-08-29,21.0963,74203546.0,0.0
2006-08-30,21.25998,73603546.0,-12755988.0
2006-08-31,21.191104,73803546.0,4238220.8
2006-09-01,21.283914,73903546.0,2128391.4
2006-09-05,21.375078,75753546.0,39543894.3
2006-09-06,21.031885,76603546.0,17877102.25
2006-09-07,20.902614,76603546.0,0.0
2006-09-08,21.086218,76603546.0,0.0
2006-09-11,21.251022,76603546.0,0.0
2006-09-12,21.622854,76603546.0,0.0
2006-09-13,21.633852,76603546.0,0.0
2006-09-14,21.708417,74603546.0,-43416834.0
2006-09-15,21.711657,75003546.0,8684662.799999999
2006-09-18,21.693117,76603546.0,34708987.2
2006-09-19,21.564292,77003546.0,8625716.799999999
2006-09-20,21.917474,77003546.0,0.0
2006-09-21,21.737126,80003546.0,65211378.0
2006-09-22,21.645784,80153546.0,3246867.5999999996
2006-09-25,21.982818,80903546.0,16487113.500000002
2006-09-26,22.124267,80903546.0,0.0
2006-09-27,21.964718,81903546.0,21964718.0
2006-09-28,22.060717,81503621.0,-8822632.246225
2006-09-29,21.994174,82403621.0,19794756.6
2006-10-02,21.875978,82653621.0,5468994.5
2006-10-03,21.946355,80653621.0,-43892710.0
2006-10-04,22.340549,80653621.0,0.0
2006-10-05,22.298389,82903621.0,50171375.25
2006-10-06,22.27267,82453621.0,-10022701.5
2006-10-09,22.339249,82453621.0,0.0
2006-10-10,22.371434,82653621.0,4474286.8
2006-10-11,22.356097,81603621.0,-23473901.849999998
2006-10-12,22.706277,81603621.0,0.0
2006-10-13,22.849079,82003621.0,9139631.6
2006-10-16,22.8265,82203621.0,4565300.0
2006-10-17,22.632846,82403621.0,4526569.2
2006-10-18,22.550623,82753621.0,7892718.050000001
2006-10-19,22.607691,82753621.0,0.0
2006-10-20,22.758654,83053621.0,6827596.2
2006-10-23,22.912269,82653621.0,-9164907.6
2006-10-24,22.76454,82853621.0,4552908.0
2006-10-25,22.923847,83103621.0,5730961.75
2006-10-26,23.046615,83003621.0,-2304661.5
2006-10-27,22.738973,84003621.0,22738973.0
2006-10-30,22.832448,85403621.0,31965427.2
2006-10-31,22.883135,85403621.0,0.0
2006-11-01,22.687875,86253621.0,19284693.75
2006-11-02,22.699365,87353621.0,24969301.5
2006-11-03,22.605792,87353621.0,0.0
2006-11-06,22.905999,87353621.0,0.0
2006-11-07,22.991317,87653621.0,6897395.1
2006-11-08,23.026722,88403621.0,17270041.5
2006-11-09,23.041732,88503621.0,2304173.2
2006-11-10,23.080329,88503621.0,0.0
2006-11-13,23.270107,88903621.0,9308042.799999999
2006-11-14,23.496371,88903621.0,0.0
2006-11-15,23.479011,88903621.0,0.0
2006-11-16,23.600825,88903621.0,0.0
2006-11-17,23.617308,87653621.0,-29521635.0
2006-11-20,23.642822,86903621.0,-17732116.5
2006-11-21,23.62883,87553621.0,15358739.5
2006-11-22,23.783353,87553621.0,0.0
2006-11-24,23.724634,87553621.0,0.0
2006-11-27,23.206269,87553621.0,0.0
2006-11-28,23.303939,86853621.0,-16312757.3
2006-11-29,23.46127,87453621.0,14076762.0
2006-11-30,23.489565,86703621.0,-17617173.75
2006-12-01,23.297484,86153621.0,-12813616.200000001
2006-12-04,23.596983,85603621.0,-12978340.65
2006-12-05,23.639906,85603621.0,0.0
2006-12-06,23.55683,85253621.0,-8244890.500000001
2006-12-07,23.361465,85253621.0,0.0
2006-12-08,23.446741,85253621.0,0.0
2006-12-11,23.519121,85253621.0,0.0
2006-12-12,23.452005,85253621.0,0.0
2006-12-13,23.466651,84853621.0,-9386660.4
2006-12-14,23.674732,84853621.0,0.0
2006-12-15,23.580982,82553621.0,-54236258.599999994
2006-12-18,23.434103,86553621.0,93736412.0
2006-12-19,23.351552,86553621.0,0.0
2006-12-20,23.327767,86553621.0,0.0
2006-12-21,23.211212,86553621.0,0.0
2006-12-22,23.030162,86553621.0,0.0
2006-12-26,23.148731,86553621.0,0.0
2006-12-27,23.32738,86553621.0,0.0
2006-12-28,23.303087,86703876.0,3501405.337185
2006-12-29,23.275933,86703876.0,0.0
2007-01-03,23.32493,86303876.0,-9329972.0
2007-01-04,23.669908,86303876.0,0.0
2007-01-05,23.485626,86303876.0,0.0
2007-01-08,23.550838,86303876.0,0.0
2007-01-09,23.587862,86303876.0,0.0
2007-01-10,23.734255,86703876.0,9493702.0
2007-01-11,23.924814,86203876.0,-11962407.0
2007-01-12,24.032748,86203876.0,0.0
2007-01-16,23.957722,86803876.0,14374633.200000001
2007-01-17,23.675825,87903876.0,26043407.5
2007-01-18,23.375748,88153876.0,5843937.0
2007-01-19,23.368425,88153876.0,0.0
2007-01-22,23.194082,87753876.0,-9277632.8
2007-01-23,23.172985,86253876.0,-34759477.5
2007-01-24,23.611392,86253876.0,0.0
2007-01-25,23.377435,86553876.0,7013230.499999999
2007-01-26,23.391776,86553876.0,0.0
2007-01-29,23.418663,86553876.0,0.0
2007-01-30,23.562298,84653876.0,-44768366.199999996
2007-01-31,23.704343,84953876.0,7111302.9
2007-02-01,23.621308,84603876.0,-8267457.8
2007-02-02,23.696756,84303876.0,-7109026.8
2007-02-05,23.675124,84303876.0,0.0
2007-02-06,23.615023,84303876.0,0.0
2007-02-07,23.759139,84303876.0,0.0
2007-02-08,23.78246,84953876.0,15458599.0
2007-02-09,23.498439,84953876.0,0.0
2007-02-12,23.415871,84953876.0,0.0
2007-02-13,23.51914,84953876.0,0.0
2007-02-14,23.823797,84953876.0,0.0
2007-02-15,23.908855,84953876.0,0.0
2007-02-16,23.862667,84953876.0,0.0
2007-02-20,23.944572,84653876.0,-7183371.600000001
2007-02-21,23.906676,85453876.0,19125340.8
2007-02-22,23.990778,85453876.0,0.0
2007-02-23,23.932317,85453876.0,0.0
2007-02-26,23.87408,85453876.0,0.0
2007-02-27,22.932003,85453876.0,0.0
2007-02-28,23.099819,85453876.0,0.0
2007-03-01,23.040551,85453876.0,0.0
2007-03-02,22.71286,85453876.0,0.0
2007-03-05,22.562317,85453876.0,0.0
2007-03-06,22.933816,85453876.0,0.0
2007-03-07,22.788968,86003876.0,12533932.4
2007-03-08,22.933271,86003876.0,0.0
2007-03-09,22.925361,86003876.0,0.0
2007-03-12,23.107425,86003876.0,0.0
2007-03-13,22.713076,86003876.0,0.0
2007-03-14,22.975816,86003876.0,0.0
2007-03-15,22.945903,86003876.0,0.0
2007-03-16,22.925617,82253876.0,-85971063.75
2007-03-19,23.113773,87053876.0,110946110.39999999
2007-03-20,23.213918,87853876.0,18571134.4
2007-03-21,23.66571,87853876.0,0.0
2007-03-22,23.590641,87853876.0,0.0
2007-03-23,23.531941,87153876.0,-16472358.7
2007-03-26,23.632883,86403876.0,-17724662.25
2007-03-27,23.524554,86403876.0,0.0
2007-03-28,23.298192,86403876.0,0.0
2007-03-29,23.314649,86403876.0,0.0
2007-03-30,23.342545,85903876.0,-11671272.5
2007-04-02,23.413681,86353876.0,10536156.45
2007-04-03,23.650682,86353876.0,0.0
2007-04-04,23.742072,86353876.0,0.0
2007-04-05,23.858971,87103876.0,17894228.25
2007-04-09,23.82806,87103876.0,0.0
2007-04-10,23.873068,87153876.0,1193653.4
2007-04-11,23.647755,87453876.0,7094326.5
2007-04-12,23.80758,87453876.0,0.0
2007-04-13,23.858843,85403876.0,-48910628.15
2007-04-16,24.058129,85403876.0,0.0
2007-04-17,24.109403,85403876.0,0.0
2007-04-18,24.060068,85403876.0,0.0
2007-04-19,24.059377,85403876.0,0.0
2007-04-20,24.25866,85403876.0,0.0
2007-04-23,24.162916,85403876.0,0.0
2007-04-24,24.293554,85403876.0,0.0
2007-04-25,24.510713,87403876.0,49021426.0
2007-04-26,24.553683,87403876.0,0.0
2007-04-27,24.607055,87403876.0,0.0
2007-04-30,24.414227,87403876.0,0.0
2007-05-01,24.52375,86903876.0,-12261875.0
2007-05-02,24.710329,86903876.0,0.0
2007-05-03,24.892243,86903876.0,0.0
2007-05-04,24.960229,86903876.0,0.0
2007-05-07,24.994615,86903876.0,0.0
2007-05-08,25.076523,86903876.0,0.0
2007-05-09,25.120275,87503876.0,15072165.0
2007-05-10,24.846334,87503876.0,0.0
2007-05-11,25.180585,87503876.0,0.0
2007-05-14,25.099134,87403876.0,-2509913.4
2007-05-15,24.982829,87403876.0,0.0
2007-05-16,25.247711,87403876.0,0.0
2007-05-17,25.171139,87403876.0,0.0
2007-05-18,25.319847,87403876.0,0.0
2007-05-21,25.422845,87403876.0,0.0
2007-05-22,25.468845,87453876.0,1273442.25
2007-05-23,25.307174,86853876.0,-15184304.4
2007-05-24,24.949133,86853876.0,0.0
2007-05-25,25.171091,87953876.0,27688200.1
2007-05-29,25.306651,88953876.0,25306651.0
2007-05-30,25.553339,89353876.0,10221335.6
2007-05-31,25.648284,89353876.0,0.0
2007-06-01,25.629805,89353876.0,0.0
2007-06-04,25.720055,89853876.0,12860027.5
2007-06-05,25.651965,91103876.0,32064956.25
2007-06-06,25.437181,87003876.0,-104292442.1
2007-06-07,24.99641,87003876.0,0.0
2007-06-08,25.379891,87003876.0,0.0
2007-06-11,25.324825,87003876.0,0.0
2007-06-12,25.071174,87353876.0,8774910.9
2007-06-13,25.415199,88053876.0,17790639.3
2007-06-14,25.597747,88053876.0,0.0
2007-06-15,25.759903,88353876.0,7727970.9
2007-06-18,25.808802,88703876.0,9033080.7
2007-06-19,25.822309,88703876.0,0.0
2007-06-20,25.54286,88253876.0,-11494287.0
2007-06-21,25.798525,89603876.0,34828008.75
2007-06-22,25.469558,89603876.0,0.0
2007-06-25,25.415508,89603876.0,0.0
2007-06-26,25.362681,89803876.0,5072536.199999999
2007-06-27,25.639931,88553876.0,-32049913.75
2007-06-28,25.674422,89303890.0,19256175.941908
2007-06-29,25.626206,89303890.0,0.0
2007-07-02,25.85596,88903890.0,-10342384.0
2007-07-03,26.021824,88903890.0,0.0
2007-07-05,26.141287,88903890.0,0.0
2007-07-06,26.227035,89753890.0,22292979.75
2007-07-09,26.212084,89753890.0,0.0
2007-07-10,25.960452,89753890.0,0.0
2007-07-11,26.105523,92153890.0,62653255.2
2007-07-12,26.639142,92153890.0,0.0
2007-07-13,26.625028,92153890.0,0.0
2007-07-16,26.702425,92153890.0,0.0
2007-07-17,26.819747,91803890.0,-9386911.45
2007-07-18,26.631025,91753890.0,-1331551.25
2007-07-19,26.926198,91503890.0,-6731549.5
2007-07-20,26.6607,91503890.0,0.0
2007-07-23,26.792487,91503890.0,0.0
2007-07-24,26.430508,92453890.0,25108982.6
2007-07-25,26.479028,92403890.0,-1323951.4
2007-07-26,26.097657,91953890.0,-11743945.65
2007-07-27,25.678088,92553890.0,15406852.799999999
2007-07-30,25.836269,91303890.0,-32295336.25
2007-07-31,25.441601,93203890.0,48339041.9
2007-08-01,25.745412,93553890.0,9010894.200000001
2007-08-02,25.955538,94053890.0,12977769.0
2007-08-03,25.359536,95153890.0,27895489.599999998
2007-08-06,25.73395,92653890.0,-64334875.0
2007-08-07,25.737508,93053890.0,10295003.2
2007-08-08,26.095807,92203890.0,-22181435.95
2007-08-09,25.391969,92203890.0,0.0
2007-08-10,25.342187,94553890.0,59554139.449999996
2007-08-13,25.490333,94553890.0,0.0
2007-08-14,25.057432,94553890.0,0.0
2007-08-15,24.658601,95503890.0,23425670.95
2007-08-16,24.465705,95503890.0,0.0
2007-08-17,24.970454,95303890.0,-4994090.8
2007-08-20,24.951625,96303890.0,24951625.0
2007-08-21,25.078083,96603890.0,7523424.899999999
2007-08-22,25.36805,97153890.0,13952427.5
2007-08-23,25.432432,93653890.0,-89013512.0
2007-08-24,25.792993,93653890.0,0.0
2007-08-27,25.641231,94053890.0,10256492.4
2007-08-28,25.06675,94053890.0,0.0
2007-08-29,25.749677,93853890.0,-5149935.399999999
2007-08-30,25.790575,94653890.0,20632460.0
2007-08-31,26.050149,95953890.0,33865193.7
2007-09-04,26.439165,94803890.0,-30405039.75
2007-09-05,26.176943,97453890.0,69368898.95
2007-09-06,26.253932,97453890.0,0.0
2007-09-07,25.712941,97903890.0,11570823.450000001
2007-09-10,25.726522,96953890.0,-24440195.9
2007-09-11,26.105641,96353890.0,-15663384.6
2007-09-12,25.969925,96353890.0,0.0
2007-09-13,26.040142,96353890.0,0.0
2007-09-14,25.952409,97803890.0,37630993.05
2007-09-17,25.830815,97453890.0,-9040785.25
2007-09-18,26.348402,97453890.0,0.0
2007-09-19,26.478771,97003890.0,-11915446.95
2007-09-20,26.507359,97003890.0,0.0
2007-09-21,26.683379,94003890.0,-80050137.0
2007-09-24,26.71499,98103890.0,109531459.0
2007-09-25,26.9623,96703890.0,-37747220.0
2007-09-26,27.042743,98203890.0,40564114.5
2007-09-27,27.076405,100453890.0,60921911.25
2007-09-28,26.997885,101353890.0,24298096.5
2007-10-01,27.323928,101003890.0,-9563374.799999999
2007-10-02,27.356897,101353890.0,9574913.95
2007-10-03,27.103791,101953890.0,16262274.600000001
2007-10-04,27.109255,100453949.0,-40662283.053955
2007-10-05,27.420914,101953949.0,41131371.0
2007-10-08,27.552769,100653949.0,-35818599.7
2007-10-09,27.68832,100653949.0,0.0
2007-10-10,27.726514,100903949.0,6931628.5
2007-10-11,27.421969,100703949.0,-5484393.8
2007-10-12,27.711088,102703949.0,55422176.0
2007-10-15,27.50798,102703949.0,0.0
2007-10-16,27.40884,102703949.0,0.0
2007-10-17,27.76806,101703949.0,-27768060.0
2007-10-18,27.781413,102203949.0,13890706.5
2007-10-19,27.130175,101303949.0,-24417157.5
2007-10-22,27.332605,103053949.0,47832058.75
2007-10-23,27.705725,103053949.0,0.0
2007-10-24,27.414669,105503949.0,67165939.05
2007-10-25,27.310498,104903949.0,-16386298.799999999
2007-10-26,27.885833,104703949.0,-5577166.600000001
2007-10-29,27.999369,104703949.0,0.0
2007-10-30,28.072452,104703949.0,0.0
2007-10-31,28.512319,103103949.0,-45619710.400000006
2007-11-01,27.976139,103103949.0,0.0
2007-11-02,28.172583,104853949.0,49302020.25
2007-11-05,28.050391,104853949.0,0.0
2007-11-06,28.273244,104853949.0,0.0
2007-11-07,27.535016,105303949.0,12390757.2
2007-11-08,26.683208,105303949.0,0.0
2007-11-09,25.960509,105103949.0,-5192101.8
2007-11-12,25.591205,107103949.0,51182410.0
2007-11-13,26.542137,106553949.0,-14598175.35
2007-11-14,26.175635,106853949.0,7852690.5
2007-11-15,25.995735,106603949.0,-6498933.75
2007-11-16,26.31522,105603949.0,-26315220.0
2007-11-19,25.841107,105103949.0,-12920553.5
2007-11-20,25.950527,105103949.0,0.0
2007-11-21,25.570063,104953949.0,-3835509.45
2007-11-23,25.878051,104953949.0,0.0
2007-11-26,25.212664,104953949.0,0.0
2007-11-27,25.556798,103303949.0,-42168716.7
2007-11-28,26.311188,104203949.0,23680069.200000003
2007-11-29,26.446218,104203949.0,0.0
2007-11-30,26.267617,104203949.0,0.0
2007-12-03,26.082976,106153949.0,50861803.199999996
2007-12-04,25.988984,106153949.0,0.0
2007-12-05,26.592944,109503949.0,89086362.39999999
2007-12-06,26.942674,111253949.0,47149679.5
2007-12-07,26.901031,111953949.0,18830721.7
2007-12-10,27.027382,111953949.0,0.0
2007-12-11,26.644972,110703949.0,-33306215.0
2007-12-12,27.031686,112453949.0,47305450.5
2007-12-13,27.055594,112453949.0,0.0
2007-12-14,26.738959,112453949.0,0.0
2007-12-17,26.173705,112453949.0,0.0
2007-12-18,26.319425,112453949.0,0.0
2007-12-19,26.32537,112453949.0,0.0
2007-12-20,26.711292,113503949.0,28046856.6
2007-12-21,27.018235,114253949.0,20263676.25
2007-12-24,27.222886,114253949.0,0.0
2007-12-26,27.33194,114653949.0,10932776.0
2007-12-27,26.914687,114753949.0,2691468.7
2007-12-28,26.953623,113053949.0,-45821159.1
2007-12-31,26.618595,113053949.0,0.0
2008-01-02,26.107816,113053949.0,0.0
2008-01-03,26.079069,111953949.0,-28686975.900000002
2008-01-04,25.043011,111954209.0,6511.18286
2008-01-07,24.954527,111954209.0,0.0
2008-01-08,24.202644,112704209.0,18151983.0
2008-01-09,24.636127,111254209.0,-35722384.15
2008-01-10,24.774643,110954209.0,-7432392.9
2008-01-11,24.239552,110954209.0,0.0
2008-01-14,24.788048,110554209.0,-9915219.2
2008-01-15,24.215078,110554209.0,0.0
2008-01-16,23.795644,110704209.0,3569346.6
2008-01-17,23.397364,110704209.0,0.0
2008-01-18,23.246067,110704209.0,0.0
2008-01-22,22.607716,110854209.0,3391157.4
2008-01-23,22.623412,110204209.0,-14705217.799999999
2008-01-24,23.160134,110204209.0,0.0
2008-01-25,22.792802,104254209.0,-135617171.89999998
2008-01-28,22.980873,104254209.0,0.0
2008-01-29,23.136134,103254209.0,-23136134.0
2008-01-30,23.085897,103054209.0,-4617179.399999999
2008-01-31,23.435357,103054209.0,0.0
2008-02-01,23.594919,103054209.0,0.0
2008-02-04,23.267625,102054209.0,-23267625.0
2008-02-05,22.519379,102054209.0,0.0
2008-02-06,22.245786,101654209.0,-8898314.4
2008-02-07,22.245721,101654209.0,0.0
2008-02-08,22.421804,98304209.0,-75113043.4
2008-02-11,22.679008,97704209.0,-13607404.799999999
2008-02-12,22.715016,97504209.0,-4543003.199999999
2008-02-13,23.29859,97804209.0,6989577.0
2008-02-14,22.824022,98104209.0,6847206.6
2008-02-15,22.717658,100604209.0,56794145.0
2008-02-19,22.325706,100604209.0,0.0
2008-02-20,22.518752,101254209.0,14637188.799999999
2008-02-21,22.332466,101254209.0,0.0
2008-02-22,22.451244,101254209.0,0.0
2008-02-25,22.619776,101254209.0,0.0
2008-02-26,22.820878,101254209.0,0.0
2008-02-27,22.922484,101304209.0,1146124.2
2008-02-28,22.816498,101304209.0,0.0
2008-02-29,22.227454,101304209.0,0.0
2008-03-03,22.117172,101304209.0,0.0
2008-03-04,22.162376,100304209.0,-22162376.0
2008-03-05,22.366005,100304209.0,0.0
2008-03-06,21.959313,100304209.0,0.0
2008-03-07,21.959468,100304209.0,0.0
2008-03-10,21.71995,100304209.0,0.0
2008-03-11,22.481884,100304209.0,0.0
2008-03-12,22.296149,105354209.0,112595552.45
2008-03-13,22.351395,104354209.0,-22351395.0
2008-03-14,21.893912,104354209.0,0.0
2008-03-17,21.866623,105804209.0,31706603.35
2008-03-18,22.748627,106054209.0,5687156.75
2008-03-19,22.128441,108354209.0,50895414.3
2008-03-20,22.545472,107504209.0,-19163651.2
2008-03-24,23.171332,107904209.0,9268532.8
2008-03-25,23.192441,111904209.0,92769764.0
2008-03-26,22.944018,111604209.0,-6883205.4
2008-03-27,22.479629,111604209.0,0.0
2008-03-28,22.384348,114104209.0,55960870.0
2008-03-31,22.579603,114104209.0,0.0
2008-04-01,23.361195,116354209.0,52562688.75
2008-04-02,23.237674,117354209.0,23237674.0
2008-04-03,23.293679,118354215.0,23293818.762074
2008-04-04,23.283218,121354215.0,69849654.0
2008-04-07,23.260767,120854215.0,-11630383.5
2008-04-08,23.061334,120854215.0,0.0
2008-04-09,22.93925,121054215.0,4587850.0
2008-04-10,23.221323,118554215.0,-58053307.50000001
2008-04-11,22.605862,118554215.0,0.0
2008-04-14,22.495356,118554215.0,0.0
2008-04-15,22.508886,118454215.0,-2250888.6
2008-04-16,23.134701,118204215.0,-5783675.25
2008-04-17,23.147003,118304215.0,2314700.3000000003
2008-04-18,23.816224,118454215.0,3572433.5999999996
2008-04-21,23.976889,118454215.0,0.0
2008-04-22,23.737195,118704215.0,5934298.75
2008-04-23,24.106878,122154215.0,83168729.1
2008-04-24,24.341091,123154215.0,24341091.0
2008-04-25,24.130384,119154215.0,-96521536.0
2008-04-28,24.058559,121554215.0,57740541.599999994
2008-04-29,24.212063,127804215.0,151325393.75
2008-04-30,24.060482,128154215.0,8421168.7
2008-05-01,24.818563,128254215.0,2481856.3000000003
2008-05-02,24.818578,136304215.0,199789552.89999998
2008-05-05,24.673232,136854215.0,13570277.6
2008-05-06,24.865848,137104215.0,6216462.0
2008-05-07,24.495843,136604215.0,-12247921.5
2008-05-08,24.62422,132254215.0,-107115357.0
2008-05-09,24.520854,132554215.0,7356256.2
2008-05-12,24.830432,132254215.0,-7449129.6
2008-05-13,24.863326,132254215.0,0.0
2008-05-14,24.986739,132204215.0,-1249336.95
2008-05-15,25.444868,134454215.0,57250953.0
2008-05-16,25.446225,134454215.0,0.0
2008-05-19,25.374464,134454215.0,0.0
2008-05-20,24.959437,134604215.0,3743915.5500000003
2008-05-21,24.50762,134804215.0,4901524.0
2008-05-22,24.621855,135454215.0,16004205.75
2008-05-23,24.449112,134404215.0,-25671567.599999998
2008-05-27,24.849222,134204215.0,-4969844.4
2008-05-28,24.98971,134204215.0,0.0
2008-05-29,25.206084,133904215.0,-7561825.2
2008-05-30,25.319479,133504215.0,-10127791.6
2008-06-02,24.970004,135754215.0,56182509.0
2008-06-03,24.81985,135854215.0,2481985.0
2008-06-04,24.986845,136854215.0,24986845.0
2008-06-05,25.450756,136204215.0,-16542991.399999999
2008-06-06,24.736171,136204215.0,0.0
2008-06-09,24.640982,136604215.0,9856392.8
2008-06-10,24.542181,136604215.0,0.0
2008-06-11,23.949843,136604215.0,0.0
2008-06-12,24.087355,136604215.0,0.0
2008-06-13,24.542457,136304215.0,-7362737.1
2008-06-16,24.576101,136304215.0,0.0
2008-06-17,24.377882,136304215.0,0.0
2008-06-18,24.075147,137204215.0,21667632.3
2008-06-19,24.338152,135954215.0,-30422690.0
2008-06-20,23.667967,130254215.0,-134907411.9
2008-06-23,23.537604,133654215.0,80027853.60000001
2008-06-24,23.474934,133654215.0,0.0
2008-06-25,23.810977,131504215.0,-51193600.550000004
2008-06-26,23.000266,129754215.0,-40250465.5
2008-06-27,22.874345,129154215.0,-13724607.000000002
2008-06-30,22.805448,131104215.0,44470623.599999994
2008-07-01,22.826047,131954215.0,19402139.95
2008-07-02,22.444558,134304215.0,52744711.300000004
2008-07-03,22.43226,133904215.0,-8972904.0
2008-07-07,22.574536,134154397.0,5647742.565552
2008-07-08,22.827273,132954397.0,-27392727.6
2008-07-09,22.1243,133954397.0,22124300.0
2008-07-10,22.410086,133954397.0,0.0
2008-07-11,22.213571,134554397.0,13328142.600000001
2008-07-14,22.004979,133604397.0,-20904730.049999997
2008-07-15,22.041101,133854397.0,5510275.25
2008-07-16,22.466376,134254397.0,8986550.4
2008-07-17,22.66841,133154397.0,-24935251.0
2008-07-18,22.415317,145004397.0,265621506.45000002
2008-07-21,22.266274,153804397.0,195943211.2
2008-07-22,22.220495,154404397.0,13332297.0
2008-07-23,22.60591,140154397.0,-322134217.5
2008-07-24,22.117948,140204397.0,1105897.4
2008-07-25,22.387852,140354397.0,3358177.8
2008-07-28,21.906851,140454397.0,2190685.1
2008-07-29,22.324682,140704397.0,5581170.5
2008-07-30,22.444291,141004397.0,6733287.3
2008-07-31,22.306241,140604397.0,-8922496.4
2008-08-01,22.159463,140354397.0,-5539865.75
2008-08-04,22.057727,140354397.0,0.0
2008-08-05,22.681453,140154397.0,-4536290.600000001
2008-08-06,22.892421,140504397.0,8012347.35
2008-08-07,22.836446,141404397.0,20552801.4
2008-08-08,23.383227,141404397.0,0.0
2008-08-11,23.563318,142704397.0,30632313.4
2008-08-12,23.528507,143404397.0,16469954.9
2008-08-13,23.46384,143604397.0,4692768.0
2008-08-14,23.613091,143804397.0,4722618.2
2008-08-15,23.685358,143504397.0,-7105607.4
2008-08-18,23.383579,142254397.0,-29229473.75
2008-08-19,23.058184,143904397.0,38046003.6
2008-08-20,23.116688,144404397.0,11558344.0
2008-08-21,23.073466,142004397.0,-55376318.4
2008-08-22,23.422711,141004397.0,-23422711.0
2008-08-25,22.989818,141004397.0,0.0
2008-08-26,22.91031,141154397.0,3436546.5
2008-08-27,23.128536,140904397.0,-5782134.0
2008-08-28,23.382911,140904397.0,0.0
2008-08-29,22.864699,138554397.0,-53732042.650000006
2008-09-02,22.648855,137904397.0,-14721755.75
2008-09-03,22.3213,137204397.0,-15624910.0
2008-09-04,21.587842,136104397.0,-23746626.2
2008-09-05,21.531467,133904397.0,-47369227.4
2008-09-08,21.727489,133904397.0,0.0
2008-09-09,21.315651,130604397.0,-70341648.3
2008-09-10,21.344659,130304397.0,-6403397.7
2008-09-11,21.57365,131854397.0,33439157.5
2008-09-12,21.585359,131304397.0,-11871947.450000001
2008-09-15,20.768188,132104397.0,16614550.399999999
2008-09-16,20.835841,130204397.0,-39588097.9
2008-09-17,19.824757,112104397.0,-358828101.70000005
2008-09-18,20.5844,110704397.0,-28818160.0
2008-09-19,21.156899,105854397.0,-102610960.14999999
2008-09-22,20.355751,112804397.0,141472469.45000002
2008-09-23,20.153755,113654397.0,17130691.75
2008-09-24,20.295817,113654397.0,0.0
2008-09-25,20.743206,113804397.0,3111480.9
2008-09-26,20.78352,113704397.0,-2078352.0
2008-09-29,18.926007,122554397.0,167495161.95
2008-09-30,19.834168,118154397.0,-87270339.19999999
2008-10-01,19.472106,122854397.0,91518898.2
2008-10-02,18.723483,123054582.0,3748160.4443550003
2008-10-03,18.5965,127604582.0,84614075.0
2008-10-06,17.831232,127254582.0,-6240931.2
2008-10-07,16.802491,127004582.0,-4200622.75
2008-10-08,16.616164,121904582.0,-84742436.4
2008-10-09,15.944257,120254582.0,-26308024.05
2008-10-10,15.802363,120354582.0,1580236.3
2008-10-13,17.753378,119804582.0,-9764357.9
2008-10-14,17.216192,120304582.0,8608096.0
2008-10-15,15.876467,121104582.0,12701173.6
2008-10-16,16.589756,127604582.0,107833414.00000001
2008-10-17,16.532128,127104582.0,-8266064.0
2008-10-20,17.165036,145404582.0,314120158.8
2008-10-21,16.266245,146054582.0,10573059.25
2008-10-22,15.440147,145404582.0,-10036095.549999999
2008-10-23,15.543435,138654582.0,-104918186.25
2008-10-24,15.118427,137004582.0,-24945404.55
2008-10-27,14.850269,136904582.0,-1485026.9000000001
2008-10-28,16.551063,136054582.0,-14068403.549999999
2008-10-29,16.278495,135854582.0,-3255699.0
2008-10-30,16.600532,134404582.0,-24070771.400000002
2008-10-31,16.583644,136754582.0,38971563.4
2008-11-03,16.645524,137604582.0,14148695.400000002
2008-11-04,17.28981,130204582.0,-127944594.0
2008-11-05,16.321012,136604582.0,104454476.8
2008-11-06,15.468267,136404582.0,-3093653.4000000004
2008-11-07,15.876304,128004582.0,-133360953.6
2008-11-10,15.659817,127854582.0,-2348972.5500000003
2008-11-11,15.33524,132604582.0,72842390.0
2008-11-12,14.585616,125054582.0,-110121400.8
2008-11-13,15.541025,125154582.0,1554102.5
2008-11-14,14.826574,125254582.0,1482657.4000000001
2008-11-17,14.398844,127254582.0,28797688.0
2008-11-18,14.592339,138854582.0,169271132.4
2008-11-19,13.744017,138854582.0,0.0
2008-11-20,13.133048,137854582.0,-13133048.0
2008-11-21,13.85719,139054582.0,16628628.0
2008-11-24,14.7362,139154582.0,1473620.0
2008-11-25,14.610747,139154582.0,0.0
2008-11-26,15.250635,141104582.0,29738738.25
2008-11-28,15.249807,141004582.0,-1524980.7
2008-12-01,14.140815,140904582.0,-1414081.5
2008-12-02,14.661265,140954582.0,733063.25
2008-12-03,15.078469,140504582.0,-6785311.05
2008-12-04,14.483131,140504582.0,0.0
2008-12-05,14.976001,140504582.0,0.0
2008-12-08,15.742239,139654582.0,-13380903.15
2008-12-09,15.592254,139654582.0,0.0
2008-12-10,15.600516,138154582.0,-23400774.0
2008-12-11,15.151761,139354582.0,18182113.2
2008-12-12,15.457701,147654582.0,128298918.3
2008-12-15,15.151409,149004582.0,20454402.15
2008-12-16,15.866555,138754582.0,-162632188.75
2008-12-17,15.658429,133854582.0,-76726302.1
2008-12-18,15.306215,133704582.0,-2295932.25
2008-12-19,15.369439,132454582.0,-19211798.75
2008-12-22,15.093641,119254582.0,-199236061.2
2008-12-23,14.941662,119154582.0,-1494166.2000000002
2008-12-24,14.974112,119304582.0,2246116.8
2008-12-26,15.023806,119254582.0,-751190.3
2008-12-29,14.949198,119154582.0,-1494919.8
2008-12-30,15.258601,119104582.0,-762930.05
2008-12-31,15.412821,119204582.0,1541282.0999999999
2009-01-02,16.030258,119704840.0,8019264.8065639995
2009-01-05,15.915464,120204840.0,7957732.0
2009-01-06,16.302653,121604840.0,22823714.2
2009-01-07,15.780185,121704840.0,1578018.5
2009-01-08,15.920234,121704840.0,0.0
2009-01-09,15.551272,121554840.0,-2332690.8000000003
2009-01-12,15.30324,121504840.0,-765162.0
2009-01-13,15.275863,121504840.0,0.0
2009-01-14,14.763146,121404840.0,-1476314.6
2009-01-15,14.852758,121404840.0,0.0
2009-01-16,14.988866,120154840.0,-18736082.5
2009-01-20,14.30905,119704840.0,-6439072.5
2009-01-21,15.028995,125604840.0,88671070.5
2009-01-22,14.706977,124604840.0,-14706977.0
2009-01-23,14.954223,124604840.0,0.0
2009-01-26,15.13779,123354840.0,-18922237.5
2009-01-27,15.194637,114704840.0,-131433610.05
2009-01-28,15.645016,114704840.0,0.0
2009-01-29,15.120995,114704840.0,0.0
2009-01-30,14.740473,114704840.0,0.0
2009-02-02,14.967728,114704840.0,0.0
2009-02-03,15.240704,115704840.0,15240704.0
2009-02-04,15.218898,115704840.0,0.0
2009-02-05,15.534026,115704840.0,0.0
2009-02-06,16.049775,113704840.0,-32099550.0
2009-02-09,16.061454,113704840.0,0.0
2009-02-10,15.350348,115704840.0,30700696.0
2009-02-11,15.416009,115454840.0,-3854002.25
2009-02-12,15.485264,115454840.0,0.0
2009-02-13,15.459836,115454840.0,0.0
2009-02-17,14.778434,115454840.0,0.0
2009-02-18,14.798318,115454840.0,0.0
2009-02-19,14.427257,117454840.0,28854514.0
2009-02-20,14.496249,117454840.0,0.0
2009-02-23,13.886311,116354840.0,-15274942.1
2009-02-24,14.351321,115154840.0,-17221585.2
2009-02-25,14.359405,117154840.0,28718810.0
2009-02-26,14.232516,118654840.0,21348774.0
2009-02-27,14.170405,118454840.0,-2834081.0
2009-03-02,13.702793,118854840.0,5481117.2
2009-03-03,13.695247,112154840.0,-91758154.9
2009-03-04,14.058766,112604840.0,6326444.7
2009-03-05,13.605821,112604840.0,0.0
2009-03-06,13.481014,112604840.0,0.0
2009-03-09,13.118572,110204840.0,-31484572.8
2009-03-10,14.054614,110204840.0,0.0
2009-03-11,14.315016,121404840.0,160328179.2
2009-03-12,14.733168,123454840.0,30202994.4
2009-03-13,14.734015,120454840.0,-44202045.0
2009-03-16,14.519335,121554840.0,15971268.5
2009-03-17,15.084624,121554840.0,0.0
2009-03-18,15.321729,121854840.0,4596518.7
2009-03-19,15.353836,125504840.0,56041501.4
2009-03-20,15.019011,122354840.0,-47309884.650000006
2009-03-23,15.959576,128404840.0,96555434.8
2009-03-24,15.682222,128404840.0,0.0
2009-03-25,15.681494,128404840.0,0.0
2009-03-26,16.224989,129904840.0,24337483.5
2009-03-27,15.848676,130204840.0,4754602.8
2009-03-30,15.385278,130604840.0,6154111.2
2009-03-31,15.638938,132104840.0,23458407.0
2009-04-01,16.029989,132104840.0,0.0
2009-04-02,16.532749,132305122.0,3311212.035218
2009-04-03,16.750225,133005122.0,11725157.5
2009-04-06,16.597289,140105122.0,117840751.9
2009-04-07,16.156005,135455122.0,-75125423.25
2009-04-08,16.376678,134505122.0,-15557844.099999998
2009-04-09,16.87737,134755122.0,4219342.5
2009-04-13,16.771865,139405122.0,77989172.24999999
2009-04-14,16.576879,139655122.0,4144219.7500000005
2009-04-15,16.518519,138905122.0,-12388889.250000002
2009-04-16,16.98699,138905122.0,0.0
2009-04-17,16.953405,143255122.0,73747311.75
2009-04-20,16.428352,144105122.0,13964099.200000001
2009-04-21,16.722478,144105122.0,0.0
2009-04-22,16.774864,147355122.0,54518308.0
2009-04-23,16.826699,147105122.0,-4206674.75
2009-04-24,17.165839,147105122.0,0.0
2009-04-27,17.031617,147455122.0,5961065.95
2009-04-28,16.988568,147455122.0,0.0
2009-04-29,17.251442,147255122.0,-3450288.4000000004
2009-04-30,17.302635,147255122.0,0.0
2009-05-01,17.423652,151655122.0,76664068.8
2009-05-04,17.769182,151705122.0,888459.1000000001
2009-05-05,17.72254,152205122.0,8861270.0
2009-05-06,17.748503,152405122.0,3549700.6
2009-05-07,17.173198,152405122.0,0.0
2009-05-08,17.155493,151605122.0,-13724394.4
2009-05-11,17.16619,151055122.0,-9441404.5
2009-05-12,17.111169,150455122.0,-10266701.4
2009-05-13,16.688517,150455122.0,0.0
2009-05-14,16.891816,146855122.0,-60810537.599999994
2009-05-15,16.847905,156855122.0,168479050.0
2009-05-18,17.233893,157005122.0,2585083.9499999997
2009-05-19,17.334248,156805122.0,-3466849.5999999996
2009-05-20,17.211766,157405122.0,10327059.6
2009-05-21,16.910863,157405122.0,0.0
2009-05-22,16.83432,156205122.0,-20201184.000000004
2009-05-26,17.382824,155405122.0,-13906259.2
2009-05-27,17.235616,155405122.0,0.0
2009-05-28,17.474534,155405122.0,0.0
2009-05-29,17.65636,155655122.0,4414090.0
2009-06-01,18.131508,155655122.0,0.0
2009-06-02,18.084051,155655122.0,0.0
2009-06-03,17.973302,147705122.0,-142887750.9
2009-06-04,18.196814,147705122.0,0.0
2009-06-05,18.256843,149305122.0,29210948.8
2009-06-08,18.192218,150655122.0,24559494.3
2009-06-09,18.336932,153655122.0,55010796.0
2009-06-10,18.343054,154205122.0,10088679.7
2009-06-11,18.446364,154205122.0,0.0
2009-06-12,18.442437,154105122.0,-1844243.7000000002
2009-06-15,18.159129,156005122.0,34502345.1
2009-06-16,17.969097,156005122.0,0.0
2009-06-17,18.0542,156005122.0,0.0
2009-06-18,17.996685,156005122.0,0.0
2009-06-19,18.062011,151155122.0,-87600753.35
2009-06-22,17.648116,156055122.0,86475768.4
2009-06-23,17.673901,158055122.0,35347802.0
2009-06-24,17.888652,159005122.0,16994219.400000002
2009-06-25,18.204182,159005122.0,0.0
2009-06-26,18.193721,159005122.0,0.0
2009-06-29,18.329117,159005122.0,0.0
2009-06-30,18.177986,159005122.0,0.0
2009-07-01,18.276027,159355122.0,6396609.449999999
2009-07-02,17.8485,154655512.0,-83880989.08500001
2009-07-06,17.811837,154655512.0,0.0
2009-07-07,17.380619,155055512.0,6952247.6
2009-07-08,17.35515,154055512.0,-17355150.0
2009-07-09,17.443199,153655512.0,-6977279.6
2009-07-10,17.494497,154905512.0,21868121.25
2009-07-13,17.843539,161955512.0,125796949.95
2009-07-14,17.861706,161955512.0,0.0
2009-07-15,18.547731,164155512.0,40805008.199999996
2009-07-16,18.79686,164905512.0,14097645.0
2009-07-17,18.976816,164905512.0,0.0
2009-07-20,19.176409,175455512.0,202311114.95
2009-07-21,19.285322,193305512.0,344242997.7
2009-07-22,19.374842,194155512.0,16468615.700000001
2009-07-23,19.768908,194155512.0,0.0
2009-07-24,19.656343,197205512.0,59951846.15
2009-07-27,19.619797,197805512.0,11771878.2
2009-07-28,19.678755,197805512.0,0.0
2009-07-29,19.646777,198205512.0,7858710.8
2009-07-30,19.759251,196205512.0,-39518502.0
2009-07-31,19.704896,198855512.0,52217974.400000006
2009-08-03,19.956554,198855512.0,0.0
2009-08-04,19.939129,198855512.0,0.0
2009-08-05,19.745271,199105512.0,4936317.75
2009-08-06,19.602343,199105512.0,0.0
2009-08-07,19.761113,199255512.0,2964166.95
2009-08-10,19.654496,198555512.0,-13758147.200000001
2009-08-11,19.451827,195855512.0,-52519932.900000006
2009-08-12,19.772224,195105512.0,-14829168.000000002
2009-08-13,19.917238,194055512.0,-20913099.900000002
2009-08-14,19.750449,194055512.0,0.0
2009-08-17,19.244969,194055512.0,0.0
2009-08-18,19.505562,194055512.0,0.0
2009-08-19,19.594177,194055512.0,0.0
2009-08-20,19.790534,194055512.0,0.0
2009-08-21,20.104263,194055512.0,0.0
2009-08-24,20.094982,194055512.0,0.0
2009-08-25,20.112995,194555512.0,10056497.5
2009-08-26,20.149009,194555512.0,0.0
2009-08-27,20.193987,193205512.0,-27261882.45
2009-08-28,20.227639,193205512.0,0.0
2009-08-31,20.048536,195705512.0,50121340.0
2009-09-01,19.64884,194705512.0,-19648840.0
2009-09-02,19.635869,191455512.0,-63816574.25
2009-09-03,19.721828,188855512.0,-51276752.8
2009-09-04,20.054047,188855512.0,0.0
2009-09-08,20.211271,190755512.0,38401414.9
2009-09-09,20.360509,190755512.0,0.0
2009-09-10,20.663077,190455512.0,-6198923.100000001
2009-09-11,20.648548,193305512.0,58848361.800000004
2009-09-14,20.657386,195905512.0,53709203.599999994
2009-09-15,20.771807,197055512.0,23887578.049999997
2009-09-16,20.921907,198355512.0,27198479.1
2009-09-17,20.841012,202755512.0,91700452.8
2009-09-18,20.849206,196805512.0,-124052775.69999999
2009-09-21,20.835963,205255512.0,176063887.35
2009-09-22,20.881416,204955512.0,-6264424.800000001
2009-09-23,20.865629,204005512.0,-19822347.549999997
2009-09-24,20.742675,204405512.0,8297069.999999999
2009-09-25,20.606968,205105512.0,14424877.6
2009-09-28,20.958656,205005512.0,-2095865.6
2009-09-29,20.819129,198105512.0,-143651990.1
2009-09-30,20.843931,190905512.0,-150076303.20000002
2009-10-01,20.283883,184905897.0,-121695488.705045
2009-10-02,20.216104,182905897.0,-40432208.0
2009-10-05,20.384474,181505897.0,-28538263.6
2009-10-06,20.746369,181505897.0,0.0
2009-10-07,20.781183,179555897.0,-40523306.849999994
2009-10-08,20.82789,179555897.0,0.0
2009-10-09,21.005822,182555897.0,63017465.99999999
2009-10-12,21.054178,183555897.0,21054178.0
2009-10-13,21.067184,183555897.0,0.0
2009-10-14,21.329132,183555897.0,0.0
2009-10-15,21.343496,183605897.0,1067174.7999999998
2009-10-16,21.133099,183855897.0,5283274.75
2009-10-19,21.338127,183855897.0,0.0
2009-10-20,21.321978,185405897.0,33049065.900000002
2009-10-21,21.284089,187255897.0,39375564.650000006
2009-10-22,21.406547,187255897.0,0.0
2009-10-23,21.305711,187255897.0,0.0
2009-10-26,21.207953,183105897.0,-88013004.95
2009-10-27,21.065122,182305897.0,-16852097.599999998
2009-10-28,20.788845,180555897.0,-36380478.75
2009-10-29,21.158185,180655897.0,2115818.5
2009-10-30,20.65387,180705897.0,1032693.5000000001
2009-11-02,20.715844,180955897.0,5178961.0
2009-11-03,20.656739,178155897.0,-57838869.2
2009-11-04,20.793438,175355897.0,-58221626.4
2009-11-05,21.218697,174505897.0,-18035892.45
2009-11-06,21.253784,177105897.0,55259838.4
2009-11-09,21.720416,177105897.0,0.0
2009-11-10,21.715848,176905897.0,-4343169.600000001
2009-11-11,21.832417,177655897.0,16374312.75
2009-11-12,21.728922,178255897.0,13037353.200000001
2009-11-13,21.897496,178605897.0,7664123.600000001
2009-11-16,22.111606,178605897.0,0.0
2009-11-17,22.225041,179255897.0,14446276.65
2009-11-18,22.137463,181455897.0,48702418.6
2009-11-19,21.814489,181455897.0,0.0
2009-11-20,21.684786,184355897.0,62885879.4
2009-11-23,22.063061,183755897.0,-13237836.600000001
2009-11-24,22.006845,184105897.0,7702395.749999999
2009-11-25,22.056894,184105897.0,0.0
2009-11-27,21.727836,184105897.0,0.0
2009-11-30,21.767488,184955897.0,18502364.8
2009-12-01,22.070515,183455897.0,-33105772.5
2009-12-02,22.077098,183755897.0,6623129.399999999
2009-12-03,22.050749,184705897.0,20948211.55
2009-12-04,22.217042,184705897.0,0.0
2009-12-07,22.186558,185355897.0,14421262.700000001
2009-12-08,22.012082,185355897.0,0.0
2009-12-09,22.181116,186605897.0,27726395.0
2009-12-10,22.286596,186255897.0,-7800308.6
2009-12-11,22.246729,189255897.0,66740186.99999999
2009-12-14,22.41008,189255897.0,0.0
2009-12-15,22.262839,193505897.0,94617065.75
2009-12-16,22.326857,195205897.0,37955656.9
2009-12-17,22.078682,195605897.0,8831472.8
2009-12-18,22.296825,187155897.0,-188408171.25
2009-12-21,22.528065,193755897.0,148685229.0
2009-12-22,22.672916,193905897.0,3400937.4
2009-12-23,22.794714,193905897.0,0.0
2009-12-24,23.003206,194805897.0,20702885.4
2009-12-28,23.063947,194805897.0,0.0
2009-12-29,23.043968,200855897.0,139416006.4
2009-12-30,23.133455,204855897.0,92533820.0
2009-12-31,22.887977,204155897.0,-16021583.9
2010-01-04,23.239402,204555897.0,9295760.799999999
2010-01-05,23.239205,207955897.0,79013297.0
2010-01-06,23.008306,213555897.0,128846513.60000001
2010-01-07,22.905507,215205897.0,37794086.55
2010-01-08,23.045991,215205897.0,0.0
2010-01-11,22.958509,210705897.0,-103313290.5
2010-01-12,22.715863,206705897.0,-90863452.0
2010-01-13,22.890722,205005897.0,-38914227.4
2010-01-14,22.969873,204755897.0,-5742468.25
2010-01-15,22.673406,209055897.0,97495645.8
2010-01-19,23.027617,211755897.0,62174565.9
2010-01-20,22.691752,212005897.0,5672938.0
2010-01-21,22.476928,210505897.0,-33715392.0
2010-01-22,21.681452,210755897.0,5420363.0
2010-01-25,21.839699,199955897.0,-235868749.2
2010-01-26,21.808427,192155897.0,-170105730.6
2010-01-27,21.935784,185955897.0,-136001860.8
2010-01-28,21.352951,187955897.0,42705902.0
2010-01-29,20.96329,202905897.0,313401185.5
2010-02-01,21.245405,200855897.0,-43553080.25
2010-02-02,21.424463,204605897.0,80341736.25
2010-02-03,21.463697,199005897.0,-120196703.2
2010-02-04,20.861352,195555897.0,-71971664.4
2010-02-05,21.069938,192705897.0,-60049323.300000004
2010-02-08,20.960552,191155897.0,-32488855.6
2010-02-09,21.181668,198805897.0,162039760.2
2010-02-10,21.113012,193855897.0,-104509409.4
2010-02-11,21.332666,193955897.0,2133266.6
2010-02-12,21.326235,198305897.0,92769122.25
2010-02-16,21.655368,194855897.0,-74711019.6
2010-02-17,21.735931,196355897.0,32603896.5
2010-02-18,21.884198,190905897.0,-119268879.10000001
2010-02-19,21.853785,190955897.0,1092689.25
2010-02-22,21.792899,191455897.0,10896449.5
2010-02-23,21.507939,192405897.0,20432542.05
2010-02-24,21.717157,192955897.0,11944436.35
2010-02-25,21.657854,192955897.0,0.0
2010-02-26,21.676659,195955897.0,65029977.0
2010-03-01,21.972235,197405897.0,31859740.750000004
2010-03-02,21.931016,196255897.0,-25220668.4
2010-03-03,21.940291,198505897.0,49365654.75
2010-03-04,22.040151,200355897.0,40774279.35
2010-03-05,22.313465,201805897.0,32354524.25
2010-03-08,22.411985,201705897.0,-2241198.5
2010-03-09,22.523117,202805897.0,24775428.7
2010-03-10,22.673568,203005897.0,4534713.6
2010-03-11,22.765687,205805897.0,63743923.6
2010-03-12,22.766877,205805897.0,0.0
2010-03-15,22.730443,206355897.0,12501743.65
2010-03-16,22.873036,210405897.0,92635795.8
2010-03-17,22.968331,211505897.0,25265164.099999998
2010-03-18,23.027574,210555897.0,-21876195.3
2010-03-19,22.806627,202855897.0,-175611027.9
2010-03-22,22.970972,207155897.0,98775179.6
2010-03-23,23.184602,206605897.0,-12751531.100000001
2010-03-24,23.036895,207705897.0,25340584.5
2010-03-25,23.07403,208255897.0,12690716.5
2010-03-26,23.056378,207955897.0,-6916913.399999999
2010-03-29,23.084847,209455897.0,34627270.5
2010-03-30,23.172433,208605897.0,-19696568.05
2010-03-31,23.033476,207955897.0,-14971759.4
2010-04-01,23.079986,207955897.0,0.0
2010-04-05,23.327173,213755897.0,135297603.39999998
2010-04-06,23.32592,213805897.0,1166296.0
2010-04-07,23.251294,212905897.0,-20926164.6
2010-04-08,23.282777,212105897.0,-18626221.599999998
2010-04-09,23.477373,211605897.0,-11738686.5
2010-04-12,23.53995,212105897.0,11769975.0
2010-04-13,23.601336,212655897.0,12980734.8
2010-04-14,23.938888,206855897.0,-138845550.4
2010-04-15,24.038331,207605897.0,18028748.25
2010-04-16,23.7204,207105897.0,-11860200.0
2010-04-19,23.796401,207155897.0,1189820.05
2010-04-20,23.906774,206755897.0,-9562709.6
2010-04-21,23.963331,205855897.0,-21566997.9
2010-04-22,24.004062,206555897.0,16802843.400000002
2010-04-23,24.09354,206555897.0,0.0
2010-04-26,24.050558,205205897.0,-32468253.299999997
2010-04-27,23.598177,203405897.0,-42476718.6
2010-04-28,23.657266,194605897.0,-208183940.8
2010-04-29,23.887667,193355897.0,-29859583.75
2010-04-30,23.394922,191555897.0,-42110859.6
2010-05-03,23.706113,192655897.0,26076724.299999997
2010-05-04,23.050232,216555897.0,550900544.8000001
2010-05-05,22.937783,215605897.0,-21790893.849999998
2010-05-06,22.221379,215605897.0,0.0
2010-05-07,21.751712,212755897.0,-61992379.2
2010-05-10,22.752272,211955897.0,-18201817.6
2010-05-11,22.662316,202405897.0,-216425117.8
2010-05-12,23.132743,201005897.0,-32385840.200000003
2010-05-13,22.865227,201505897.0,11432613.5
2010-05-14,22.429668,196405897.0,-114391306.8
2010-05-17,22.512421,197405897.0,22512421.0
2010-05-18,22.191555,198305897.0,19972399.5
2010-05-19,22.051779,194205897.0,-90412293.9
2010-05-20,21.292414,197155897.0,62812621.300000004
2010-05-21,21.488601,201255897.0,88103264.1
2010-05-24,21.359423,200855897.0,-8543769.2
2010-05-25,21.334173,198405897.0,-52268723.85
2010-05-26,21.112461,194755897.0,-77060482.65
2010-05-27,21.826735,196805897.0,44744806.75
2010-05-28,21.640303,186105897.0,-231551242.1
2010-06-01,21.436805,186705897.0,12862083.0
2010-06-02,21.89698,187755897.0,22991829.0
2010-06-03,22.123401,190255897.0,55308502.5
2010-06-04,21.451769,208155897.0,383986665.09999996
2010-06-07,21.102042,206355897.0,-37983675.6
2010-06-08,21.167794,205005897.0,-28576521.900000002
2010-06-09,21.011423,205005897.0,0.0
2010-06-10,21.533978,198005897.0,-150737846.0
2010-06-11,21.747472,198005897.0,0.0
2010-06-14,21.688567,196555897.0,-31448422.15
2010-06-15,22.27523,178905897.0,-393157809.5
2010-06-16,22.32119,189155897.0,228792197.5
2010-06-17,22.410631,192255897.0,69472956.1
2010-06-18,22.336699,191305897.0,-21219864.05
2010-06-21,22.178059,195505897.0,93147847.80000001
2010-06-22,21.984465,194105897.0,-30778251.0
2010-06-23,21.919495,194705897.0,13151697.0
2010-06-24,21.531482,195255897.0,11842315.1
2010-06-25,21.397621,196055897.0,17118096.8
2010-06-28,21.47359,197705897.0,35431423.5
2010-06-29,20.713561,196405897.0,-26927629.299999997
2010-06-30,20.400465,193605897.0,-57121302.0
2010-07-01,20.356816,192555897.0,-21374656.799999997
2010-07-02,20.320106,188155897.0,-89408466.39999999
2010-07-06,20.460374,187005897.0,-23529430.1
2010-07-07,21.152981,185705897.0,-27498875.3
2010-07-08,21.273488,184355897.0,-28719208.8
2010-07-09,21.383825,184955897.0,12830295.000000002
2010-07-12,21.510454,184255897.0,-15057317.799999999
2010-07-13,21.788609,186305897.0,44666648.45
2010-07-14,21.944911,185905897.0,-8777964.4
2010-07-15,21.964832,188205897.0,50519113.6
2010-07-16,21.372368,189755897.0,33127170.400000002
2010-07-19,21.578807,190405897.0,14026224.55
2010-07-20,21.738667,190405897.0,0.0
2010-07-21,21.46973,190805897.0,8587892.0
2010-07-22,22.031479,191755897.0,20929905.05
2010-07-23,22.177838,195305897.0,78731324.9
2010-07-26,22.340238,195805897.0,11170119.0
2010-07-27,22.372559,194905897.0,-20135303.099999998
2010-07-28,22.201899,193505897.0,-31082658.6
2010-07-29,22.009051,196905897.0,74830773.39999999
2010-07-30,21.923091,196405897.0,-10961545.5
2010-08-02,22.363766,197355897.0,21245577.7
2010-08-03,22.290127,198105897.0,16717595.249999998
2010-08-04,22.420181,197455897.0,-14573117.65
2010-08-05,22.34737,194955897.0,-55868425.00000001
2010-08-06,22.281852,194405897.0,-12255018.6
2010-08-09,22.420346,190405897.0,-89681384.0
2010-08-10,22.205486,182905897.0,-166541145.0
2010-08-11,21.658446,187655897.0,102877618.5
2010-08-12,21.370615,185055897.0,-55563599.0
2010-08-13,21.24624,185055897.0,0.0
2010-08-16,21.308582,187405897.0,50075167.7
2010-08-17,21.56482,186155897.0,-26956025.0
2010-08-18,21.668311,182205897.0,-85589828.45
2010-08-19,21.394378,182605897.0,8557751.2
2010-08-20,21.350825,184505897.0,40566567.5
2010-08-23,21.17469,181955897.0,-53995459.49999999
2010-08-24,20.889921,183055897.0,22978913.1
2010-08-25,20.999847,181355897.0,-35699739.9
2010-08-26,20.789718,180855897.0,-10394859.0
2010-08-27,21.027088,174455897.0,-134573363.2
2010-08-30,20.771354,175155897.0,14539947.799999999
2010-08-31,20.706201,177655897.0,51765502.5
2010-09-01,21.227636,173955897.0,-78542253.2
2010-09-02,21.402427,172805897.0,-24612791.05
2010-09-03,21.719041,184005897.0,243253259.20000002
2010-09-07,21.55336,183405897.0,-12932016.0
2010-09-08,21.65357,183755897.0,7578749.499999999
2010-09-09,21.720633,185455897.0,36925076.1
2010-09-10,21.736328,175455897.0,-217363280.0
2010-09-13,22.131904,175055897.0,-8852761.6
2010-09-14,22.230669,176105897.0,23342202.45
2010-09-15,22.358999,177705897.0,35774398.4
2010-09-16,22.492976,173605897.0,-92221201.6
2010-09-17,22.526552,168855897.0,-107001122.0
2010-09-20,22.85022,175855897.0,159951540.0
2010-09-21,22.827466,177655897.0,41089438.800000004
2010-09-22,22.711066,182405897.0,107877563.5
2010-09-23,22.691008,182655897.0,5672752.0
2010-09-24,23.133956,184855897.0,50894703.2
2010-09-27,23.124171,186055897.0,27749005.2
2010-09-28,23.147676,192355897.0,145830358.8
2010-09-29,23.136167,194405897.0,47429142.35
2010-09-30,23.015666,190905897.0,-80554831.0
2010-10-01,23.025963,189555897.0,-31085050.05
2010-10-04,22.814379,193505897.0,90116797.05
2010-10-05,23.314469,193505897.0,0.0
2010-10-06,23.169775,195905897.0,55607460.0
2010-10-07,23.179646,196305897.0,9271858.4
2010-10-08,23.310616,195205897.0,-25641677.599999998
2010-10-11,23.333665,194305897.0,-21000298.5
2010-10-12,23.477171,194305897.0,0.0
2010-10-13,23.662068,196655897.0,55605859.800000004
2010-10-14,23.697355,199455897.0,66352594.00000001
2010-10-15,24.089679,200055897.0,14453807.4
2010-10-18,24.207378,204455897.0,106512463.19999999
2010-10-19,23.803727,207305897.0,67840621.95
2010-10-20,24.010889,212555897.0,126057167.25
2010-10-21,24.02472,219655897.0,170575512.0
2010-10-22,24.129672,233455897.0,332989473.59999996
2010-10-25,24.200258,232805897.0,-15730167.700000001
2010-10-26,24.226904,232055897.0,-18170178.0
2010-10-27,24.302841,230405897.0,-40099687.65
2010-10-28,24.324321,231905897.0,36486481.5
2010-10-29,24.319296,231605897.0,-7295788.800000001
2010-11-01,24.395314,231605897.0,0.0
2010-11-02,24.619939,231605897.0,0.0
2010-11-03,24.738801,230105897.0,-37108201.5
2010-11-04,25.121945,231855897.0,43963403.75
2010-11-05,25.107222,232005897.0,3766083.3
2010-11-08,25.114363,232805897.0,20091490.400000002
2010-11-09,25.042857,234055897.0,31303571.25
2010-11-10,25.092582,235055897.0,25092582.0
2010-11-11,24.687256,234605897.0,-11109265.200000001
2010-11-12,24.359366,236955897.0,57244510.1
2010-11-15,24.277568,236955897.0,0.0
2010-11-16,23.845505,236155897.0,-19076404.0
2010-11-17,23.835203,236855897.0,16684642.1
2010-11-18,24.261272,236405897.0,-10917572.4
2010-11-19,24.30975,235655897.0,-18232312.5
2010-11-22,24.424998,237205897.0,37858746.9
2010-11-23,24.085881,236705897.0,-12042940.5
2010-11-24,24.469415,237005897.0,7340824.5
2010-11-26,24.364961,237005897.0,0.0
2010-11-29,24.208469,232405897.0,-111358957.4
2010-11-30,23.924137,232855897.0,10765861.65
2010-12-01,24.438084,230905897.0,-47654263.8
2010-12-02,24.738344,229855897.0,-25975261.200000003
2010-12-03,24.803955,229055897.0,-19843164.0
2010-12-06,24.8185,231455897.0,59564400.0
2010-12-07,24.836549,231455897.0,0.0
2010-12-08,25.023759,230505897.0,-23772571.049999997
2010-12-09,25.060686,229455897.0,-26313720.3
2010-12-10,25.189992,229455897.0,0.0
2010-12-13,25.130615,229455897.0,0.0
2010-12-14,25.201754,229455897.0,0.0
2010-12-15,25.06084,230155897.0,17542588.0
2010-12-16,25.1199,230405897.0,6279975.0
2010-12-17,25.04257,229105897.0,-32555341.0
2010-12-20,25.076062,229105897.0,0.0
2010-12-21,25.224621,231105897.0,50449242.0
2010-12-22,25.225175,231105897.0,0.0
2010-12-23,25.195517,230805897.0,-7558655.1
2010-12-27,25.246802,230855897.0,1262340.0999999999
2010-12-28,25.237771,229855897.0,-25237771.0
2010-12-29,25.264269,229855897.0,0.0
2010-12-30,25.224007,230855897.0,25224007.0
2010-12-31,25.190001,232205897.0,34006501.35
2011-01-03,25.498602,232955897.0,19123951.5
2011-01-04,25.552739,234505897.0,39606745.449999996
2011-01-05,25.725326,236755897.0,57881983.5
2011-01-06,25.857796,240755897.0,103431184.0
2011-01-07,25.771164,245855897.0,131432936.39999999
2011-01-10,25.768603,245305897.0,-14172731.649999999
2011-01-11,25.748182,247005897.0,43771909.4
2011-01-12,25.965324,248105897.0,28561856.4
2011-01-13,25.951738,252055897.0,102509365.1
2011-01-14,26.168526,253855897.0,47103346.8
2011-01-18,26.188758,255355897.0,39283137.0
2011-01-19,26.029421,257205897.0,48154428.85
2011-01-20,25.866394,257505897.0,7759918.2
2011-01-21,25.726327,259105897.0,41162123.2
2011-01-24,26.092543,256955897.0,-56098967.449999996
2011-01-25,26.208794,257955897.0,26208794.0
2011-01-26,26.335787,259255897.0,34236523.1
2011-01-27,26.431801,259105897.0,-3964770.15
2011-01-28,25.83619,257955897.0,-29711618.5
2011-01-31,25.988782,260155897.0,57175320.4
2011-02-01,26.43529,258555897.0,-42296464.0
2011-02-02,26.4808,257205897.0,-35749080.0
2011-02-03,26.52707,258305897.0,29179777.0
2011-02-04,26.705483,259105897.0,21364386.400000002
2011-02-07,26.829628,261255897.0,57683700.199999996
2011-02-08,26.939264,262155897.0,24245337.6
2011-02-09,26.89591,262955897.0,21516728.0
2011-02-10,26.797748,262955897.0,0.0
2011-02-11,26.903249,264755897.0,48425848.199999996
2011-02-14,26.926052,269855897.0,137322865.2
2011-02-15,26.823385,270055897.0,5364677.0
2011-02-16,26.99002,270555897.0,13495010.0
2011-02-17,27.037774,269905897.0,-17574553.099999998
2011-02-18,27.024983,270405897.0,13512491.5
2011-02-22,26.354285,270305897.0,-2635428.5
2011-02-23,26.032415,265705897.0,-119749109.0
2011-02-24,26.111185,265055897.0,-16972270.25
2011-02-25,26.445181,263505897.0,-40990030.550000004
2011-02-28,26.529315,264355897.0,22549917.75
2011-03-01,26.080074,265155897.0,20864059.2
2011-03-02,26.204943,266505897.0,35376673.05
2011-03-03,26.595099,264305897.0,-58509217.800000004
2011-03-04,26.417521,265105897.0,21134016.8
2011-03-07,26.096163,267655897.0,66545215.65
2011-03-08,26.292014,269455897.0,47325625.2
2011-03-09,26.18199,268405897.0,-27491089.5
2011-03-10,25.699398,268055897.0,-8994789.299999999
2011-03-11,25.821391,268105897.0,1291069.5499999998
2011-03-14,25.696545,269405897.0,33405508.5
2011-03-15,25.320486,270005897.0,15192291.6
2011-03-16,24.682829,269105897.0,-22214546.1
2011-03-17,24.95727,267955897.0,-28700860.5
2011-03-18,24.932775,271205897.0,81031518.75
2011-03-21,25.330816,269055897.0,-54461254.4
2011-03-22,25.29308,268055897.0,-25293080.0
2011-03-23,25.428412,268755897.0,17799888.400000002
2011-03-24,25.816047,268655897.0,-2581604.7
2011-03-25,25.878658,266655897.0,-51757316.0
2011-03-28,25.808279,267055897.0,10323311.6
2011-03-29,26.014133,268305897.0,32517666.25
2011-03-30,26.101142,268155897.0,-3915171.3
2011-03-31,26.047723,267655897.0,-13023861.5
2011-04-01,26.026299,268155897.0,13013149.5
2011-04-04,25.922831,268805897.0,16849840.15
2011-04-05,25.889508,276055897.0,187698933.0
2011-04-06,26.061393,274155897.0,-49516646.699999996
2011-04-07,26.073024,274155897.0,0.0
2011-04-08,25.947361,274705897.0,14271048.55
2011-04-11,25.910813,273755897.0,-24615272.35
2011-04-12,25.692465,273755897.0,0.0
2011-04-13,25.837065,273055897.0,-18085945.5
2011-04-14,25.781178,273805897.0,19335883.5
2011-04-15,25.715679,273805897.0,0.0
2011-04-18,25.509611,272205897.0,-40815377.6
2011-04-19,25.58632,273505897.0,33262216.0
2011-04-20,26.112486,272905897.0,-15667491.6
2011-04-21,26.335375,273055897.0,3950306.25
2011-04-25,26.373473,276455897.0,89669808.2
2011-04-26,26.597504,278605897.0,57184633.6
2011-04-27,26.754063,282655897.0,108353955.14999999
2011-04-28,26.754522,283655897.0,26754522.0
2011-04-29,26.751277,283105897.0,-14713202.350000001
2011-05-02,26.653738,283955897.0,22655677.3
2011-05-03,26.665424,282455897.0,-39998136.0
2011-05-04,26.594122,282805897.0,9307942.7
2011-05-05,26.434178,282255897.0,-14538797.9
2011-05-06,26.52264,282505897.0,6630660.0
2011-05-09,26.584715,282055897.0,-11963121.75
2011-05-10,26.820875,282055897.0,0.0
2011-05-11,26.597397,282055897.0,0.0
2011-05-12,26.766506,283755897.0,45503060.2
2011-05-13,26.467307,283105897.0,-17203749.55
2011-05-16,26.08833,282605897.0,-13044165.0
2011-05-17,26.084754,279005897.0,-93905114.4
2011-05-18,26.267436,291055897.0,316522603.8
2011-05-19,26.326984,291755897.0,18428888.8
2011-05-20,26.167118,293005897.0,32708897.5
2011-05-23,25.801935,294055897.0,27092031.75
2011-05-24,25.730272,293755897.0,-7719081.6
2011-05-25,25.809825,294205897.0,11614421.25
2011-05-26,25.957073,294605897.0,10382829.200000001
2011-05-27,26.081646,295105897.0,13040823.0
2011-05-31,26.453547,297705897.0,68779222.2
2011-06-01,25.905501,297155897.0,-14248025.55
2011-06-02,25.92082,295155897.0,-51841640.0
2011-06-03,25.54386,295405897.0,6385965.0
2011-06-06,25.353821,295055897.0,-8873837.35
2011-06-07,25.266864,294805897.0,-6316716.0
2011-06-08,25.094441,291855897.0,-74028600.95
2011-06-09,25.109943,291855897.0,0.0
2011-06-10,24.764987,291855897.0,0.0
2011-06-13,24.788809,289005897.0,-70648105.65
2011-06-14,25.087016,288105897.0,-22578314.4
2011-06-15,24.646015,287705897.0,-9858406.0
2011-06-16,24.578215,287255897.0,-11060196.75
2011-06-17,24.452547,287105897.0,-3667882.05
2011-06-20,24.543694,285155897.0,-47860203.3
2011-06-21,24.981111,287905897.0,68698055.25
2011-06-22,24.788347,290755897.0,70646788.95
2011-06-23,24.960814,291555897.0,19968651.2
2011-06-24,24.543533,291255897.0,-7363059.9
2011-06-27,24.875263,292255897.0,24875263.0
2011-06-28,25.175693,291655897.0,-15105415.799999999
2011-06-29,25.360779,291605897.0,-1268038.95
2011-06-30,25.699131,292005897.0,10279652.4
2011-07-01,26.125609,293105897.0,28738169.900000002
2011-07-05,26.155927,293105897.0,0.0
2011-07-06,26.274356,293105897.0,0.0
2011-07-07,26.586249,292105897.0,-26586249.0
2011-07-08,26.464039,291855897.0,-6616009.75
2011-07-11,26.016072,291255897.0,-15609643.200000001
2011-07-12,25.799989,291255897.0,0.0
2011-07-13,25.852019,290155897.0,-28437220.9
2011-07-14,25.612999,290155897.0,0.0
2011-07-15,25.936623,290155897.0,0.0
2011-07-18,25.830832,290555897.0,10332332.8
2011-07-19,26.455659,291205897.0,17196178.35
2011-07-20,26.353712,290255897.0,-25036026.400000002
2011-07-21,26.489211,290655897.0,10595684.4
2011-07-22,26.7382,290655897.0,0.0
2011-07-25,26.6494,290455897.0,-5329880.0
2011-07-26,26.753205,292555897.0,56181730.5
2011-07-27,26.052638,294105897.0,40381588.900000006
2011-07-28,26.000519,294805897.0,18200363.3
2011-07-29,25.801607,295455897.0,16771044.55
2011-08-01,25.796304,296705897.0,32245380.0
2011-08-02,25.225537,297155897.0,11351491.65
2011-08-03,25.541061,296805897.0,-8939371.35
2011-08-04,24.441474,297905897.0,26885621.4
2011-08-05,24.330567,296605897.0,-31629737.099999998
2011-08-08,22.945259,297305897.0,16061681.3
2011-08-09,23.98662,299305897.0,47973240.0
2011-08-10,23.064351,298155897.0,-26524003.65
2011-08-11,24.030819,295655897.0,-60077047.5
2011-08-12,24.131562,290355897.0,-127897278.6
2011-08-15,24.575048,289655897.0,-17202533.599999998
2011-08-16,24.356598,275355897.0,-348299351.40000004
2011-08-17,24.238701,272505897.0,-69080297.85
2011-08-18,23.052717,268505897.0,-92210868.0
2011-08-19,22.491187,269505897.0,22491187.0
2011-08-22,22.647474,272305897.0,63412927.199999996
2011-08-23,23.501227,269305897.0,-70503681.0
2011-08-24,23.700234,266255897.0,-72285713.69999999
2011-08-25,23.327023,274005897.0,180784428.25
2011-08-26,23.793016,276305897.0,54723936.800000004
2011-08-29,24.401821,279005897.0,65884916.7
2011-08-30,24.491334,275955897.0,-74698568.69999999
2011-08-31,24.446476,274605897.0,-33002742.6
2011-09-01,24.188676,274505897.0,-2418867.6
2011-09-02,23.644054,272905897.0,-37830486.4
2011-09-06,23.512469,273705897.0,18809975.2
2011-09-07,24.108788,273705897.0,0.0
2011-09-08,24.007153,274155897.0,10803218.85
2011-09-09,23.495453,273705897.0,-10572953.850000001
2011-09-12,23.770667,273005897.0,-16639466.9
2011-09-13,24.05893,273005897.0,0.0
2011-09-14,24.413388,273705897.0,17089371.6
2011-09-15,24.812464,275455897.0,43421812.0
2011-09-16,24.966193,275805897.0,8738167.55
2011-09-19,24.917083,277555897.0,43604895.25
2011-09-20,24.852526,279355897.0,44734546.800000004
2011-09-21,24.496848,286355897.0,171477936.0
2011-09-22,23.760446,285805897.0,-13068245.3
2011-09-23,23.997239,279855897.0,-142783572.05
2011-09-26,24.313336,279355897.0,-12156668.0
2011-09-27,24.585436,279355897.0,0.0
2011-09-28,24.26482,276855897.0,-60662050.0
2011-09-29,24.207954,278355897.0,36311931.0
2011-09-30,23.585283,278355897.0,0.0
2011-10-03,23.066157,278305897.0,-1153307.85
2011-10-04,23.507993,280105897.0,42314387.4
2011-10-05,24.011733,279355897.0,-18008799.75
2011-10-06,24.378872,281255897.0,46319856.800000004
2011-10-07,24.255149,282105897.0,20616876.65
2011-10-10,25.040618,283105897.0,25040618.0
2011-10-11,25.14088,284255897.0,28912012.0
2011-10-12,25.295305,285105897.0,21501009.25
2011-10-13,25.534841,287055897.0,49792939.95
2011-10-14,26.022095,285505897.0,-40334247.25
2011-10-17,25.597851,288205897.0,69114197.7
2011-10-18,25.853649,288205897.0,0.0
2011-10-19,25.330902,290005897.0,45595623.599999994
2011-10-20,25.224429,290155897.0,3783664.35
2011-10-21,25.543557,292405897.0,57473003.25
2011-10-24,25.940467,293605897.0,31128560.400000002
2011-10-25,25.493023,291255897.0,-59908604.050000004
2011-10-26,25.620153,291705897.0,11529068.85
2011-10-27,26.408477,291205897.0,-13204238.5
2011-10-28,26.489162,291705897.0,13244581.0
2011-10-31,26.003077,292405897.0,18202153.900000002
2011-11-01,25.307317,294005897.0,40491707.2
2011-11-02,25.600961,291255897.0,-70402642.75
2011-11-03,26.205379,291655897.0,10482151.6
2011-11-04,26.056207,296005897.0,113344500.45
2011-11-07,26.223944,296455897.0,11800774.799999999
2011-11-08,26.504726,297055897.0,15902835.600000001
2011-11-09,25.603217,297755897.0,17922251.900000002
2011-11-10,25.653586,297255897.0,-12826793.0
2011-11-11,26.153072,297205897.0,-1307653.6
2011-11-14,25.972877,296905897.0,-7791863.100000001
2011-11-15,26.289596,296755897.0,-3943439.4
2011-11-16,25.900233,297705897.0,24605221.35
2011-11-17,25.38242,297255897.0,-11422089.0
2011-11-18,25.222446,294655897.0,-65578359.6
2011-11-21,24.776516,294455897.0,-4955303.2
2011-11-22,24.730458,293105897.0,-33386118.299999997
2011-11-23,24.147309,293105897.0,0.0
2011-11-25,24.001575,290955897.0,-51603386.25
2011-11-28,24.800592,290805897.0,-3720088.8000000003
2011-11-29,24.675462,290655897.0,-3701319.3
2011-11-30,25.635134,290655897.0,0.0
2011-12-01,25.748862,288605897.0,-52785167.1
2011-12-02,25.722229,289155897.0,14147225.95
2011-12-05,26.017221,288955897.0,-5203444.2
2011-12-06,26.015698,289955897.0,26015698.0
2011-12-07,26.044697,287855897.0,-54693863.699999996
2011-12-08,25.648728,292255897.0,112854403.19999999
2011-12-09,26.03507,291805897.0,-11715781.5
2011-12-12,25.70373,291705897.0,-2570373.0
2011-12-13,25.498384,317805897.0,665507822.4000001
2011-12-14,25.095268,322105897.0,107909652.4
2011-12-15,25.033435,320905897.0,-30040122.0
2011-12-16,24.993591,324555897.0,91226607.14999999
2011-12-19,24.730901,323855897.0,-17311630.7
2011-12-20,25.448479,322355897.0,-38172718.5
2011-12-21,25.036074,325005897.0,66345596.1
2011-12-22,25.281009,323755897.0,-31601261.25
2011-12-23,25.542273,323455897.0,-7662681.9
2011-12-27,25.581916,323455897.0,0.0
2011-12-28,25.330479,323005897.0,-11398715.55
2011-12-29,25.561238,321855897.0,-29395423.7
2011-12-30,25.471367,321755897.0,-2547136.7
2012-01-03,25.844772,321255897.0,-12922386.0
2012-01-04,25.87658,321555897.0,7762974.0
2012-01-05,25.973754,320455897.0,-28571129.4
2012-01-06,25.980707,320405897.0,-1299035.3499999999
2012-01-09,25.924866,319905897.0,-12962433.0
2012-01-10,26.044094,319905897.0,0.0
2012-01-11,26.114109,320855897.0,24808403.55
2012-01-12,26.213284,320855897.0,0.0
2012-01-13,26.05028,319755897.0,-28655308.0
2012-01-17,26.216777,319755897.0,0.0
2012-01-18,26.605223,319755897.0,0.0
2012-01-19,26.768698,320255897.0,13384349.0
2012-01-20,26.820077,320655897.0,10728030.8
2012-01-23,26.875764,322655897.0,53751528.0
2012-01-24,26.856479,301255897.0,-574728650.6
2012-01-25,27.096378,301755897.0,13548189.0
2012-01-26,26.887989,309755897.0,215103912.0
2012-01-27,26.897238,309005897.0,-20172928.5
2012-01-30,26.993505,306405897.0,-70183113.0
2012-01-31,27.046043,304405897.0,-54092086.0
2012-02-01,27.290547,304805897.0,10916218.8
2012-02-02,27.35614,306555897.0,47873245.0
2012-02-03,27.727596,306055897.0,-13863798.0
2012-02-06,27.742753,306405897.0,9709963.55
2012-02-07,27.818491,307705897.0,36164038.300000004
2012-02-08,27.98457,309055897.0,37779169.5
2012-02-09,28.223864,311255897.0,62092500.8
2012-02-10,28.037176,312755897.0,42055764.0
2012-02-13,28.209604,311905897.0,-23978163.4
2012-02-14,28.275733,311655897.0,-7068933.25
2012-02-15,28.107854,311655897.0,0.0
2012-02-16,28.518793,311655897.0,0.0
2012-02-17,28.518732,311955897.0,8555619.6
2012-02-21,28.643791,312105897.0,4296568.65
2012-02-22,28.519591,312905897.0,22815672.799999997
2012-02-23,28.666072,313705897.0,22932857.6
2012-02-24,28.805751,315555897.0,53290639.35
2012-02-27,28.836637,315105897.0,-12976486.65
2012-02-28,29.064784,313955897.0,-33424501.599999998
2012-02-29,28.938031,312955897.0,-28938031.0
2012-03-01,29.116007,312955897.0,0.0
2012-03-02,29.08335,314005897.0,30537517.5
2012-03-05,28.845708,313105897.0,-25961137.2
2012-03-06,28.538696,313105897.0,0.0
2012-03-07,28.734229,310605897.0,-71835572.5
2012-03-08,29.039465,310355897.0,-7259866.25
2012-03-09,29.158752,312205897.0,53943691.2
2012-03-12,29.219203,311905897.0,-8765760.9
2012-03-13,29.763218,313005897.0,32739539.799999997
2012-03-14,29.90723,315355897.0,70281990.5
2012-03-15,29.996747,318755897.0,101988939.8
2012-03-16,29.903141,319155897.0,11961256.4
2012-03-19,30.112718,321505897.0,70764887.3
2012-03-20,30.081752,321805897.0,9024525.6
2012-03-21,30.078077,321805897.0,0.0
2012-03-22,29.986291,323805897.0,59972582.0
2012-03-23,29.957605,323805897.0,0.0
2012-03-26,30.425123,326405897.0,79105319.8
2012-03-27,30.421326,326405897.0,0.0
2012-03-28,30.325342,324805897.0,-48520547.199999996
2012-03-29,30.255309,324805897.0,0.0
2012-03-30,30.163097,325405897.0,18097858.2
2012-04-02,30.481814,321455897.0,-120403165.3
2012-04-03,30.455089,319305897.0,-65478441.35
2012-04-04,30.079328,318305897.0,-30079328.0
2012-04-05,30.178195,316855897.0,-43758382.75
2012-04-09,29.967716,316855897.0,0.0
2012-04-10,29.53304,316855897.0,0.0
2012-04-11,29.695479,313805897.0,-90571210.95
2012-04-12,30.068929,312505897.0,-39089607.7
2012-04-13,29.601136,313705897.0,35521363.2
2012-04-16,29.29974,315305897.0,46879584.0
2012-04-17,29.927609,314705897.0,-17956565.4
2012-04-18,29.704929,315055897.0,10396725.15
2012-04-19,29.38195,314805897.0,-7345487.5
2012-04-20,29.263535,315005897.0,5852707.0
2012-04-23,29.048274,314655897.0,-10166895.9
2012-04-24,28.99206,318555897.0,113069034.0
2012-04-25,29.796507,316855897.0,-50654061.9
2012-04-26,30.023276,317855897.0,30023276.0
2012-04-27,30.036472,317855897.0,0.0
2012-04-30,29.833867,318705897.0,25358786.950000003
2012-05-01,29.907949,317355897.0,-40375731.15
2012-05-02,29.936514,316855897.0,-14968257.0
2012-05-03,29.67806,317855897.0,29678060.0
2012-05-04,29.064388,317455897.0,-11625755.200000001
2012-05-07,29.003736,318655897.0,34804483.2
2012-05-08,28.888721,317705897.0,-27444284.95
2012-05-09,28.852383,317355897.0,-10098334.05
2012-05-10,28.691177,317355897.0,0.0
2012-05-11,28.708221,317355897.0,0.0
2012-05-14,28.45779,316705897.0,-18497563.5
2012-05-15,28.347362,314555897.0,-60946828.300000004
2012-05-16,28.132938,313905897.0,-18286409.7
2012-05-17,27.732101,317605897.0,102608773.7
2012-05-18,27.466888,319805897.0,60427153.6
2012-05-21,28.135264,319405897.0,-11254105.6
2012-05-22,28.059339,320005897.0,16835603.400000002
2012-05-23,28.102075,320705897.0,19671452.5
2012-05-24,27.908321,320955897.0,6977080.25
2012-05-25,27.877617,320455897.0,-13938808.5
2012-05-29,28.245867,321905897.0,40956507.15
2012-05-30,28.047254,322355897.0,12621264.299999999
2012-05-31,27.92796,322355897.0,0.0
2012-06-01,27.221555,322355897.0,0.0
2012-06-04,27.359692,321905897.0,-12311861.4
2012-06-05,27.513094,320905897.0,-27513094.0
2012-06-06,28.174368,321355897.0,12678465.6
2012-06-07,28.045137,321555897.0,5609027.4
2012-06-08,28.329085,321555897.0,0.0
2012-06-11,27.915286,320255897.0,-36289871.8
2012-06-12,28.22635,318655897.0,-45162160.0
2012-06-13,28.050267,318655897.0,0.0
2012-06-14,28.181996,320155897.0,42272994.0
2012-06-15,28.419856,319605897.0,-15630920.799999999
2012-06-18,28.570338,323505897.0,111424318.2
2012-06-19,28.808481,324205897.0,20165936.7
2012-06-20,28.845394,324205897.0,0.0
2012-06-21,28.162871,324505897.0,8448861.299999999
2012-06-22,28.490632,323855897.0,-18518910.8
2012-06-25,27.915894,320305897.0,-99101423.7
2012-06-26,27.99344,320305897.0,0.0
2012-06-27,28.168603,320155897.0,-4225290.45
2012-06-28,27.930824,320155897.0,0.0
2012-06-29,28.760759,319355897.0,-23008607.2
2012-07-02,28.88758,321305897.0,56330781.0
2012-07-03,29.102457,322605897.0,37833194.1
2012-07-05,29.120605,323505897.0,26208544.5
2012-07-06,28.674749,321855897.0,-47313335.849999994
2012-07-09,28.620453,322305897.0,12879203.850000001
2012-07-10,28.327244,318455897.0,-109059889.4
2012-07-11,28.179863,317305897.0,-32406842.450000003
2012-07-12,27.898656,316255897.0,-29293588.8
2012-07-13,28.295983,316005897.0,-7073995.75
2012-07-16,28.245806,315455897.0,-15535193.3
2012-07-17,28.344448,314755897.0,-19841113.6
2012-07-18,28.828429,316205897.0,41801222.05
2012-07-19,29.091447,315955897.0,-7272861.75
2012-07-20,28.744678,315705897.0,-7186169.5
2012-07-23,28.503886,317355897.0,47031411.900000006
2012-07-24,28.208019,314705897.0,-74751250.35
2012-07-25,28.051556,313055897.0,-46285067.400000006
2012-07-26,28.521742,311955897.0,-31373916.2
2012-07-27,29.136678,312555897.0,17482006.8
2012-07-30,29.169154,312505897.0,-1458457.7
2012-07-31,29.2732,314005897.0,43909800.0
2012-08-01,29.176332,314455897.0,13129349.399999999
2012-08-02,29.028046,314555897.0,2902804.6
2012-08-03,29.548284,314555897.0,0.0
2012-08-06,29.741713,314555897.0,0.0
2012-08-07,29.944032,316005897.0,43418846.4
2012-08-08,29.966652,315355897.0,-19478323.8
2012-08-09,30.064539,317855897.0,75161347.5
2012-08-10,30.143837,318355897.0,15071918.5
2012-08-13,30.209965,325205897.0,206938260.25
2012-08-14,30.148923,325205897.0,0.0
2012-08-15,30.180964,325755897.0,16599530.2
2012-08-16,30.573452,326255897.0,15286726.0
2012-08-17,30.745605,327805897.0,47655687.75
2012-08-20,30.788605,327305897.0,-15394302.5
2012-08-21,30.5801,329905897.0,79508260.0
2012-08-22,30.635212,330755897.0,26039930.2
2012-08-23,30.375914,327755897.0,-91127742.0
2012-08-24,30.554082,327955897.0,6110816.4
2012-08-27,30.588357,327655897.0,-9176507.1
2012-08-28,30.537212,327655897.0,0.0
2012-08-29,30.614977,327655897.0,0.0
2012-08-30,30.251429,328255897.0,18150857.400000002
2012-08-31,30.457223,332255897.0,121828892.0
2012-09-04,30.485894,332055897.0,-6097178.8
2012-09-05,30.470612,332055897.0,0.0
2012-09-06,31.149544,332605897.0,17132249.2
2012-09-07,31.104039,331605897.0,-31104039.0
2012-09-10,30.770909,332355897.0,23078181.75
2012-09-11,30.842415,331555897.0,-24673932.0
2012-09-12,30.994262,331905897.0,10847991.7
2012-09-13,31.432481,332905897.0,31432481.0
2012-09-14,31.580191,331705897.0,-37896229.199999996
2012-09-17,31.609722,332955897.0,39512152.5
2012-09-18,31.617501,331905897.0,-33198376.05
2012-09-19,31.650376,332605897.0,22155263.2
2012-09-20,31.604588,344005897.0,360292303.2
2012-09-21,31.515571,343255897.0,-23636678.25
2012-09-24,31.299814,346655897.0,106419367.60000001
2012-09-25,30.863971,346605897.0,-1543198.55
2012-09-26,30.636856,346605897.0,0.0
2012-09-27,31.055329,346605897.0,0.0
2012-09-28,30.830717,346955897.0,10790750.95
2012-10-01,30.7656,346405897.0,-16921080.0
2012-10-02,30.80259,347005897.0,18481554.0
2012-10-03,30.977275,348155897.0,35623866.25
2012-10-04,31.0464,347905897.0,-7761600.0
2012-10-05,30.879509,348305897.0,12351803.6
2012-10-08,30.567315,348305897.0,0.0
2012-10-09,30.165128,338705897.0,-289585228.8
2012-10-10,30.052188,335955897.0,-82643517.0
2012-10-11,29.93996,328105897.0,-235028686.0
2012-10-12,29.925238,328555897.0,13466357.1
2012-10-15,30.071307,321555897.0,-210499149.0
2012-10-16,30.476485,321555897.0,0.0
2012-10-17,30.309898,324155897.0,78805734.8
2012-10-18,29.965603,322005897.0,-64426046.45
2012-10-19,29.298156,320455897.0,-45412141.8
2012-10-22,29.513808,321705897.0,36892260.0
2012-10-23,29.154853,322105897.0,11661941.2
2012-10-24,28.993273,323505897.0,40590582.199999996
2012-10-25,28.941555,324355897.0,24600321.75
2012-10-26,28.998842,323405897.0,-27548899.9
2012-10-29,28.998728,325105897.0,49297837.6
2012-10-30,28.998595,325105897.0,0.0
2012-10-31,28.866843,325105897.0,0.0
2012-11-01,29.36338,319555897.0,-162966759.0
2012-11-02,28.961257,318205897.0,-39097696.95
2012-11-05,29.112457,316655897.0,-45124308.35
2012-11-06,29.274316,316655897.0,0.0
2012-11-07,28.495735,316655897.0,0.0
2012-11-08,28.102615,315505897.0,-32318007.25
2012-11-09,28.260307,316155897.0,18369199.55
2012-11-12,28.195781,315905897.0,-7048945.25
2012-11-13,28.030907,315905897.0,0.0
2012-11-14,27.770599,317505897.0,44432958.4
2012-11-15,27.625092,314855897.0,-73206493.8
2012-11-16,27.677253,314505897.0,-9687038.55
2012-11-19,28.435103,313355897.0,-32700368.450000003
2012-11-20,28.287219,313905897.0,15557970.45
2012-11-21,28.407626,309705897.0,-119312029.2
2012-11-23,28.860569,309705897.0,0.0
2012-11-26,28.976587,310655897.0,27527757.65
2012-11-27,28.847101,309205897.0,-41828296.449999996
2012-11-28,29.023738,310055897.0,24670177.3
2012-11-29,29.167869,311805897.0,51043770.75
2012-11-30,29.128449,314705897.0,84472502.1
2012-12-03,29.08393,314705897.0,0.0
2012-12-04,29.022496,314705897.0,0.0
2012-12-05,28.722425,313255897.0,-41647516.25
2012-12-06,28.923085,312455897.0,-23138468.0
2012-12-07,28.772221,309955897.0,-71930552.5
2012-12-10,28.842447,299055897.0,-314382672.3
2012-12-11,29.228673,291055897.0,-233829384.0
2012-12-12,29.172731,290105897.0,-27714094.45
2012-12-13,28.972732,289605897.0,-14486366.0
2012-12-14,28.686403,287955897.0,-47332564.949999996
2012-12-17,29.042417,286805897.0,-33398779.55
2012-12-18,29.463404,287405897.0,17678042.4
2012-12-19,29.311534,287305897.0,-2931153.4000000004
2012-12-20,29.38586,288805897.0,44078790.0
2012-12-21,28.952508,287405897.0,-40533511.2
2012-12-24,28.862699,287155897.0,-7215674.75
2012-12-26,28.702616,287905897.0,21526962.0
2012-12-27,28.675291,287755897.0,-4301293.65
2012-12-28,28.350107,287455897.0,-8505032.1
2012-12-31,28.918175,286455897.0,-28918175.0
2013-01-02,29.825358,287355897.0,26842822.200000003
2013-01-03,29.624857,288655897.0,38512314.1
2013-01-04,29.511448,291005897.0,69351902.8
2013-01-07,29.478564,292405897.0,41269989.6
2013-01-08,29.342269,290355897.0,-60151651.45
2013-01-09,29.38762,294605897.0,124897385.0
2013-01-10,29.552481,296555897.0,57627337.95
2013-01-11,29.608653,300455897.0,115473746.7
2013-01-14,29.37724,297855897.0,-76380824.0
2013-01-15,29.207602,297855897.0,0.0
2013-01-16,29.341961,292805897.0,-148176903.05
2013-01-17,29.442883,297055897.0,125132252.75
2013-01-18,29.399875,297905897.0,24989893.75
2013-01-22,29.46792,298205897.0,8840376.0
2013-01-23,29.786012,300605897.0,71486428.8
2013-01-24,29.260813,303355897.0,80467235.75
2013-01-25,29.308481,303805897.0,13188816.450000001
2013-01-28,29.382233,304505897.0,20567563.099999998
2013-01-29,29.43239,303605897.0,-26489151.0
2013-01-30,29.359251,304605897.0,29359251.0
2013-01-31,29.387702,305205897.0,17632621.2
2013-02-01,29.753276,305205897.0,0.0
2013-02-04,29.324375,305605897.0,11729750.0
2013-02-05,29.699354,307655897.0,60883675.699999996
2013-02-06,29.683308,308155897.0,14841654.0
2013-02-07,29.685897,308205897.0,1484294.85
2013-02-08,29.949088,307305897.0,-26954179.2
2013-02-11,29.97234,308655897.0,40462659.0
2013-02-12,29.877199,308355897.0,-8963159.700000001
2013-02-13,29.870284,309355897.0,29870284.0
2013-02-14,29.807355,311505897.0,64085813.25
2013-02-15,29.793507,312155897.0,19365779.55
2013-02-19,29.979744,311005897.0,-34476705.6
2013-02-20,29.574598,310955897.0,-1478729.9000000001
2013-02-21,29.353731,310955897.0,0.0
2013-02-22,29.692621,306005897.0,-146978473.95
2013-02-25,29.254543,306455897.0,13164544.350000001
2013-02-26,29.440885,307005897.0,16192486.75
2013-02-27,29.700612,307705897.0,20790428.4
2013-02-28,29.645375,307705897.0,0.0
2013-03-01,29.685887,306655897.0,-31170181.35
2013-03-04,29.767618,306655897.0,0.0
2013-03-05,30.188012,306655897.0,0.0
2013-03-06,30.159591,308105897.0,43731406.949999996
2013-03-07,30.235689,309355897.0,37794611.25
2013-03-08,30.299299,309955897.0,18179579.400000002
2013-03-11,30.374242,311605897.0,50117499.3
2013-03-12,30.249114,312855897.0,37811392.5
2013-03-13,30.230174,312855897.0,0.0
2013-03-14,30.447787,311805897.0,-31970176.35
2013-03-15,30.218328,312755897.0,28707411.6
2013-03-18,30.199363,313555897.0,24159490.400000002
2013-03-19,30.15258,313155897.0,-12061032.0
2013-03-20,30.311537,313155897.0,0.0
2013-03-21,29.974069,313555897.0,11989627.6
2013-03-22,30.167425,313555897.0,0.0
2013-03-25,30.084443,313555897.0,0.0
2013-03-26,30.287887,313955897.0,12115154.8
2013-03-27,30.192866,313955897.0,0.0
2013-03-28,30.275851,313605897.0,-10596547.85
2013-04-01,30.060211,314005897.0,12024084.4
2013-04-02,30.211448,314005897.0,0.0
2013-04-03,29.969332,314005897.0,0.0
2013-04-04,29.975644,312405897.0,-47961030.4
2013-04-05,29.748159,313355897.0,28260751.05
2013-04-08,29.857203,312755897.0,-17914321.8
2013-04-09,30.064821,312755897.0,0.0
2013-04-10,30.588153,314005897.0,38235191.25
2013-04-11,30.513109,318005897.0,122052436.0
2013-04-12,30.371905,318855897.0,25816119.25
2013-04-15,29.873313,320255897.0,41822638.2
2013-04-16,30.257785,316855897.0,-102876469.0
2013-04-17,29.626044,317205897.0,10369115.4
2013-04-18,29.314139,316155897.0,-30779845.95
2013-04-19,29.344061,313055897.0,-90966589.1
2013-04-22,29.578422,311055897.0,-59156844.0
2013-04-23,29.911537,310155897.0,-26920383.3
2013-04-24,29.940518,311305897.0,34431595.7
2013-04-25,30.052952,311805897.0,15026476.0
2013-04-26,30.04449,312005897.0,6008898.0
2013-04-29,30.47115,312005897.0,0.0
2013-04-30,30.795029,313005897.0,30795029.0
2013-05-01,30.542245,315655897.0,80936949.25
2013-05-02,30.919188,319205897.0,109763117.39999999
2013-05-03,31.218503,319805897.0,18731101.8
2013-05-06,31.349285,320555897.0,23511963.75
2013-05-07,31.336818,322255897.0,53272590.6
2013-05-08,31.58694,323505897.0,39483675.0
2013-05-09,31.477071,325555897.0,64527995.55
2013-05-10,31.606906,327855897.0,72695883.8
2013-05-13,31.497721,328005897.0,4724658.149999999
2013-05-14,31.615162,331005897.0,94845486.0
2013-05-15,31.708631,331355897.0,11098020.85
2013-05-16,31.869928,332755897.0,44617899.2
2013-05-17,32.202724,334005897.0,40253405.00000001
2013-05-20,32.170736,340755897.0,217152468.0
2013-05-21,32.086311,341005897.0,8021577.750000001
2013-05-22,31.750428,341355897.0,11112649.799999999
2013-05-23,31.737011,339005897.0,-74581975.85
2013-05-24,31.702734,338555897.0,-14266230.299999999
2013-05-28,31.830025,339155897.0,19098015.0
2013-05-29,31.743925,339555897.0,12697570.0
2013-05-30,31.93665,340255897.0,22355655.0
2013-05-31,31.644839,341905897.0,52213984.35
2013-06-03,31.833541,342955897.0,33425218.05
2013-06-04,31.689916,342955897.0,0.0
2013-06-05,31.36978,342955897.0,0.0
2013-06-06,31.480778,342955897.0,0.0
2013-06-07,31.75485,338155897.0,-152423280.0
2013-06-10,31.800699,338805897.0,20670454.35
2013-06-11,31.470732,338805897.0,0.0
2013-06-12,31.237318,338805897.0,0.0
2013-06-13,31.613511,339405897.0,18968106.599999998
2013-06-14,31.396339,339405897.0,0.0
2013-06-17,31.677475,339405897.0,0.0
2013-06-18,31.928425,340005897.0,19157055.0
2013-06-19,31.536739,340405897.0,12614695.6
2013-06-20,30.840893,340405897.0,0.0
2013-06-21,30.517605,340155897.0,-7629401.25
2013-06-24,30.130244,339855897.0,-9039073.200000001
2013-06-25,30.3952,338605897.0,-37994000.0
2013-06-26,30.565547,340305897.0,51961429.9
2013-06-27,30.714867,331305897.0,-276433803.0
2013-06-28,30.574679,329355897.0,-59620624.05
2013-07-01,30.758962,331355897.0,61517924.0
2013-07-02,30.817858,332155897.0,24654286.400000002
2013-07-03,30.986431,340855897.0,269581949.7
2013-07-05,31.194654,346105897.0,163771933.5
2013-07-08,31.161652,351455897.0,166714838.2
2013-07-09,31.277257,351755897.0,9383177.1
2013-07-10,31.391035,351555897.0,-6278207.0
2013-07-11,31.910861,353155897.0,51057377.6
2013-07-12,31.954517,355055897.0,60713582.3
2013-07-15,32.004285,354555897.0,-16002142.500000002
2013-07-16,32.031102,354655897.0,3203110.1999999997
2013-07-17,32.089721,356905897.0,72201872.25
2013-07-18,31.98215,359005897.0,67162515.0
2013-07-19,31.451349,358955897.0,-1572567.45
2013-07-22,31.556239,357655897.0,-41023110.7
2013-07-23,31.420703,357655897.0,0.0
2013-07-24,31.626809,356155897.0,-47440213.5
2013-07-25,31.642217,356155897.0,0.0
2013-07-26,31.691847,356155897.0,0.0
2013-07-29,31.676451,355755897.0,-12670580.4
2013-07-30,31.821014,355755897.0,0.0
2013-07-31,31.709179,355755897.0,0.0
2013-08-01,32.083797,355955897.0,6416759.399999999
2013-08-02,32.225658,357605897.0,53172335.7
2013-08-05,32.29026,357605897.0,0.0
2013-08-06,32.110178,358205897.0,19266106.799999997
2013-08-07,32.038893,358205897.0,0.0
2013-08-08,32.130072,357355897.0,-27310561.2
2013-08-09,31.968117,357055897.0,-9590435.1
2013-08-12,32.173996,357055897.0,0.0
2013-08-13,32.383882,358955897.0,61529375.8
2013-08-14,32.382178,360105897.0,37239504.7
2013-08-15,31.850808,360655897.0,17517944.4
2013-08-16,31.813894,359105897.0,-49311535.7
2013-08-19,31.734621,359555897.0,14280579.450000001
2013-08-20,31.754614,359005897.0,-17465037.7
2013-08-21,31.690697,358955897.0,-1584534.85
2013-08-22,31.847925,358055897.0,-28663132.5
2013-08-23,32.07861,358055897.0,0.0
2013-08-26,31.926085,359905897.0,59063257.25
2013-08-27,31.342224,359905897.0,0.0
2013-08-28,31.381914,360505897.0,18829148.4
2013-08-29,31.555461,360505897.0,0.0
2013-08-30,31.411927,361155897.0,20417752.55
2013-09-03,31.433755,360905897.0,-7858438.75
2013-09-04,31.728582,360505897.0,-12691432.799999999
2013-09-05,31.747226,360905897.0,12698890.4
2013-09-06,31.776292,360905897.0,0.0
2013-09-09,32.147974,361605897.0,22503581.799999997
2013-09-10,32.355096,362505897.0,29119586.400000002
2013-09-11,32.214517,363105897.0,19328710.2
2013-09-12,32.236623,364105897.0,32236623.0
2013-09-13,32.245422,363705897.0,-12898168.799999999
2013-09-16,32.19229,363705897.0,0.0
2013-09-17,32.378385,364305897.0,19427031.0
2013-09-18,32.782075,365005897.0,22947452.5
2013-09-19,32.814635,366505897.0,49221952.50000001
2013-09-20,32.405393,364755897.0,-56709437.74999999
2013-09-23,32.487576,365555897.0,25990060.799999997
2013-09-24,32.379076,365655897.0,3237907.5999999996
2013-09-25,32.295413,366405897.0,24221559.750000004
2013-09-26,32.421704,366405897.0,0.0
2013-09-27,32.220979,366355897.0,-1611048.95
2013-09-30,32.040101,366355897.0,0.0
2013-10-01,32.34433,365605897.0,-24258247.5
2013-10-02,32.353097,365605897.0,0.0
2013-10-03,32.046137,364755897.0,-27239216.450000003
2013-10-04,32.196669,364755897.0,0.0
2013-10-07,32.029341,364855897.0,3202934.1
2013-10-08,31.525354,364955897.0,3152535.4
2013-10-09,31.660632,365005897.0,1583031.6
2013-10-10,32.19997,364855897.0,-4829995.5
2013-10-11,32.435447,364205897.0,-21083040.55
2013-10-14,32.563266,368055897.0,125368574.1
2013-10-15,32.36868,368755897.0,22658076.0
2013-10-16,32.67938,372055897.0,107841954.0
2013-10-17,32.69946,372055897.0,0.0
2013-10-18,33.243074,372055897.0,0.0
2013-10-21,33.437376,372705897.0,21734294.4
2013-10-22,33.410102,373005897.0,10023030.600000001
2013-10-23,33.255136,379555897.0,217821140.8
2013-10-24,33.350649,379555897.0,0.0
2013-10-25,33.50667,379555897.0,0.0
2013-10-28,33.604442,380755897.0,40325330.4
2013-10-29,33.830516,381055897.0,10149154.8
2013-10-30,33.734293,381355897.0,10120287.9
2013-10-31,33.623158,382255897.0,30260842.199999996
2013-11-01,33.660491,359205897.0,-775874317.55
2013-11-04,33.7912,358605897.0,-20274720.000000004
2013-11-05,33.710352,358705897.0,3371035.2
2013-11-06,34.027507,358405897.0,-10208252.1
2013-11-07,33.586315,358405897.0,0.0
2013-11-08,33.903958,357605897.0,-27123166.400000002
2013-11-11,33.922667,357605897.0,0.0
2013-11-12,34.031316,359655897.0,69764197.8
2013-11-13,34.332196,360505897.0,29182366.6
2013-11-14,34.227316,361305897.0,27381852.8
2013-11-15,34.327358,361055897.0,-8581839.5
2013-11-18,34.148366,361805897.0,25611274.500000004
2013-11-19,34.045205,362455897.0,22129383.25
2013-11-20,33.922963,362455897.0,0.0
2013-11-21,34.221312,362455897.0,0.0
2013-11-22,34.17613,362955897.0,17088065.0
2013-11-25,34.142694,362955897.0,0.0
2013-11-26,34.266578,366755897.0,130212996.4
2013-11-27,34.562752,366805897.0,1728137.6
2013-11-29,34.675597,367255897.0,15604018.650000002
2013-12-02,34.546412,368005897.0,25909808.999999996
2013-12-03,34.668358,369355897.0,46802283.3
2013-12-04,34.7036,371105897.0,60731300.0
2013-12-05,34.584404,371105897.0,0.0
2013-12-06,34.856711,371105897.0,0.0
2013-12-09,34.951507,372155897.0,36699082.35
2013-12-10,34.851602,372505897.0,12198060.7
2013-12-11,34.540889,372005897.0,-17270444.5
2013-12-12,34.314905,370605897.0,-48040867.00000001
2013-12-13,34.223287,370305897.0,-10266986.1
2013-12-16,34.542154,369505897.0,-27633723.199999996
2013-12-17,34.518083,369205897.0,-10355424.899999999
2013-12-18,34.808327,369705897.0,17404163.5
2013-12-19,34.858434,367205897.0,-87146085.0
2013-12-20,34.92329,368105897.0,31430961.0
2013-12-23,35.410781,367155897.0,-33640241.95
2013-12-24,35.504824,367405897.0,8876206.0
2013-12-26,35.617438,368955897.0,55207028.9
2013-12-27,35.558415,368105897.0,-30224652.749999996
2013-12-30,35.523228,368105897.0,0.0
2013-12-31,35.749253,367605897.0,-17874626.5
2014-01-02,35.395954,367855897.0,8848988.5
2014-01-03,35.221315,369355897.0,52831972.49999999
2014-01-06,35.167448,370605897.0,43959310.0
2014-01-07,35.480213,370605897.0,0.0
2014-01-08,35.488906,370205897.0,-14195562.4
2014-01-09,35.239659,370205897.0,0.0
2014-01-10,35.315464,369205897.0,-35315464.0
2014-01-13,34.950529,369205897.0,0.0
2014-01-14,35.553041,369555897.0,12443564.35
2014-01-15,35.978174,371155897.0,57565078.400000006
2014-01-16,35.96779,371455897.0,10790337.0
2014-01-17,35.775813,373055897.0,57241300.8
2014-01-21,35.909073,372055897.0,-35909073.0
2014-01-22,35.883751,373405897.0,48443063.849999994
2014-01-23,35.806079,373655897.0,8951519.75
2014-01-24,35.109578,371105897.0,-89529423.89999999
2014-01-27,34.796134,367605897.0,-121786469.0
2014-01-28,34.593672,373505897.0,204102664.79999998
2014-01-29,34.289961,375855897.0,80581408.35
2014-01-30,34.753835,376805897.0,33016143.250000004
2014-01-31,34.826955,377955897.0,40050998.25
2014-02-03,34.016961,379955897.0,68033922.0
2014-02-04,34.21951,381655897.0,58173167.0
2014-02-05,34.211467,382255897.0,20526880.2
2014-02-06,34.617613,383205897.0,32886732.349999998
2014-02-07,35.091883,384405897.0,42110259.6
2014-02-10,35.20595,383655897.0,-26404462.5
2014-02-11,35.612719,385655897.0,71225438.0
2014-02-12,35.72163,387005897.0,48224200.5
2014-02-13,36.044433,387005897.0,0.0
2014-02-14,36.073647,386605897.0,-14429458.8
2014-02-18,36.100613,388555897.0,70396195.35000001
2014-02-19,35.951274,391555897.0,107853822.0
2014-02-20,36.119403,390205897.0,-48761194.05
2014-02-21,35.963059,389705897.0,-17981529.5
2014-02-24,36.079194,335305897.0,-1962708153.6000001
2014-02-25,35.966058,335205897.0,-3596605.8
2014-02-26,35.995843,335205897.0,0.0
2014-02-27,36.285669,335205897.0,0.0
2014-02-28,36.233737,335005897.0,-7246747.399999999
2014-03-03,35.944112,336455897.0,52118962.4
2014-03-04,36.483569,336455897.0,0.0
2014-03-05,36.492632,334605897.0,-67511369.2
2014-03-06,36.508337,335655897.0,38333753.849999994
2014-03-07,36.408782,337455897.0,65535807.6
2014-03-10,36.358662,337805897.0,12725531.700000001
2014-03-11,36.272802,337355897.0,-16322760.899999999
2014-03-12,36.347281,337355897.0,0.0
2014-03-13,35.828676,336805897.0,-19705771.8
2014-03-14,35.626448,338405897.0,57002316.800000004
2014-03-17,36.077085,337705897.0,-25253959.499999996
2014-03-18,36.535375,340555897.0,104125818.75
2014-03-19,36.342824,340805897.0,9085706.0
2014-03-20,36.653649,341705897.0,32988284.1
2014-03-21,36.345093,344805897.0,112669788.3
2014-03-24,36.245724,344605897.0,-7249144.800000001
2014-03-25,36.496187,342405897.0,-80291611.39999999
2014-03-26,36.058155,343205897.0,28846524.0
2014-03-27,35.915137,343355897.0,5387270.55
2014-03-28,36.062031,342305897.0,-37865132.55
2014-03-31,36.33471,342305897.0,0.0
2014-04-01,36.776722,342655897.0,12871852.7
2014-04-02,36.787894,344605897.0,71736393.3
2014-04-03,36.625624,344905897.0,10987687.200000001
2014-04-04,35.898035,346305897.0,50257249.0
2014-04-07,35.652778,345705897.0,-21391666.799999997
2014-04-08,35.961008,345455897.0,-8990252.0
2014-04-09,36.430916,345655897.0,7286183.200000001
2014-04-10,35.609199,345905897.0,8902299.75
2014-04-11,35.22596,346355897.0,15851682.0
2014-04-14,35.572515,342155897.0,-149404563.0
2014-04-15,35.723206,341405897.0,-26792404.5
2014-04-16,36.090728,341405897.0,0.0
2014-04-17,36.015079,345805897.0,158466347.6
2014-04-18,36.010513,345655897.0,-5401576.95
2014-04-21,36.172943,345655897.0,0.0
2014-04-22,36.31978,345505897.0,-5447967.0
2014-04-23,35.938803,348655897.0,113207229.45
2014-04-24,36.198909,351105897.0,88687327.05
2014-04-25,35.742974,351805897.0,25020081.799999997
2014-04-28,36.093359,351505897.0,-10828007.7
2014-04-29,36.356049,351505897.0,0.0
2014-04-30,36.468647,352755897.0,45585808.75
2014-05-01,36.481272,332705897.0,-731449503.5999999
2014-05-02,36.408287,332805897.0,3640828.7
2014-05-05,36.567353,331755897.0,-38395720.65
2014-05-06,36.170317,332805897.0,37978832.849999994
2014-05-07,36.170664,332805897.0,0.0
2014-05-08,36.286633,332305897.0,-18143316.5
2014-05-09,36.344065,332005897.0,-10903219.5
2014-05-12,36.814335,328605897.0,-125168739.0
2014-05-13,36.827995,330555897.0,71814590.25
2014-05-14,36.663986,332605897.0,75161171.3
2014-05-15,36.416336,332605897.0,0.0
2014-05-16,36.68309,333055897.0,16507390.5
2014-05-19,36.933517,332805897.0,-9233379.25
2014-05-20,36.703183,333055897.0,9175795.75
2014-05-21,36.96621,332855897.0,-7393241.999999999
2014-05-22,37.028242,332855897.0,0.0
2014-05-23,37.348252,333405897.0,20541538.6
2014-05-27,37.666659,333105897.0,-11299997.700000001
2014-05-28,37.574727,334105897.0,37574727.0
2014-05-29,37.790148,333755897.0,-13226551.8
2014-05-30,37.823968,334355897.0,22694380.8
2014-06-02,37.774526,335805897.0,54773062.7
2014-06-03,37.695746,335805897.0,0.0
2014-06-04,37.769213,337655897.0,69873044.05
2014-06-05,38.044359,337655897.0,0.0
2014-06-06,38.190381,338105897.0,17185671.45
2014-06-09,38.303675,340555897.0,93844003.75
2014-06-10,38.33928,343405897.0,109266948.0
2014-06-11,38.243628,340005897.0,-130028335.2
2014-06-12,37.912276,339855897.0,-5686841.399999999
2014-06-13,38.132733,341005897.0,43852642.95
2014-06-16,38.14845,340805897.0,-7629689.999999999
2014-06-17,38.215332,340555897.0,-9553833.0
2014-06-18,38.421362,339705897.0,-32658157.700000003
2014-06-19,38.36648,336705897.0,-115099440.00000001
2014-06-20,38.073924,335555897.0,-43785012.6
2014-06-23,38.174255,334605897.0,-36265542.25
2014-06-24,37.972302,334855897.0,9493075.5
2014-06-25,38.165971,332155897.0,-103048121.7
2014-06-26,38.105172,332155897.0,0.0
2014-06-27,38.314147,325455897.0,-256704784.89999998
2014-06-30,38.355594,329055897.0,138080138.4
2014-07-01,38.745092,330055897.0,38745092.0
2014-07-02,38.783636,328055897.0,-77567272.0
2014-07-03,38.975066,327155897.0,-35077559.4
2014-07-07,38.983475,327655897.0,19491737.5
2014-07-08,38.626116,331455897.0,146779240.8
2014-07-09,38.800994,332005897.0,21340546.700000003
2014-07-10,38.730466,330155897.0,-71651362.1
2014-07-11,38.911315,330355897.0,7782263.0
2014-07-14,39.18969,330755897.0,15675876.0
2014-07-15,39.147796,330305897.0,-17616508.2
2014-07-16,39.480329,331055897.0,29610246.75
2014-07-17,38.970925,332305897.0,48713656.25
2014-07-18,39.460009,332305897.0,0.0
2014-07-21,39.418894,332155897.0,-5912834.100000001
2014-07-22,39.729717,334505897.0,93364834.95
2014-07-23,39.784624,335255897.0,29838468.0
2014-07-24,39.777086,336405897.0,45743648.9
2014-07-25,39.702784,339405897.0,119108352.0
2014-07-28,39.78416,340255897.0,33816536.0
2014-07-29,39.702544,341205897.0,37717416.800000004
2014-07-30,39.763643,341555897.0,13917275.05
2014-07-31,38.969794,344105897.0,99372974.7
2014-08-01,38.790124,345905897.0,69822223.2
2014-08-04,39.047779,344305897.0,-62476446.4
2014-08-05,38.701771,344305897.0,0.0
2014-08-06,38.582881,341155897.0,-121536075.15
2014-08-07,38.412589,341155897.0,0.0
2014-08-08,38.673104,340355897.0,-30938483.200000003
2014-08-11,38.872628,342105897.0,68027099.0
2014-08-12,38.820383,340355897.0,-67935670.25
2014-08-13,39.214131,341805897.0,56860489.95
2014-08-14,39.273425,342455897.0,25527726.250000004
2014-08-15,39.294394,344405897.0,76624068.3
2014-08-18,39.659946,344405897.0,0.0
2014-08-19,39.916733,344455897.0,1995836.6500000001
2014-08-20,39.925573,344555897.0,3992557.3
2014-08-21,40.106503,344905897.0,14037276.049999999
2014-08-22,40.098203,344905897.0,0.0
2014-08-25,40.130314,345355897.0,18058641.3
2014-08-26,40.159632,345355897.0,0.0
2014-08-27,40.163356,348405897.0,122498235.8
2014-08-28,40.086467,347405897.0,-40086467.0
2014-08-29,40.285843,347055897.0,-14100045.05
2014-09-02,40.325225,347505897.0,18146351.25
2014-09-03,40.086371,346855897.0,-26056141.15
2014-09-04,40.043222,346855897.0,0.0
2014-09-05,40.299425,346855897.0,0.0
2014-09-08,40.326764,348155897.0,52424793.199999996
2014-09-09,40.047489,347605897.0,-22026118.95
2014-09-10,40.335736,347155897.0,-18151081.2
2014-09-11,40.408275,347155897.0,0.0
2014-09-12,40.198595,349405897.0,90446838.75
2014-09-15,39.9881,348905897.0,-19994050.0
2014-09-16,40.262618,348105897.0,-32210094.400000002
2014-09-17,40.347214,346155897.0,-78677067.3
2014-09-18,40.612925,346255897.0,4061292.4999999995
2014-09-19,40.354349,343855897.0,-96850437.6
2014-09-22,40.072978,347455897.0,144262720.79999998
2014-09-23,39.975028,347205897.0,-9993757.0
2014-09-24,40.224025,347355897.0,6033603.75
2014-09-25,39.366451,347905897.0,21651548.049999997
2014-09-26,39.815717,347805897.0,-3981571.6999999997
2014-09-29,39.778726,347655897.0,-5966808.899999999
2014-09-30,39.885214,347455897.0,-7977042.8
2014-10-01,39.263254,347355897.0,-3926325.4000000004
2014-10-02,39.277107,346655897.0,-27493974.900000002
2014-10-03,39.584585,346655897.0,0.0
2014-10-06,39.591823,347605897.0,37612231.85
2014-10-07,38.983762,312955897.0,-1350787353.3
2014-10-08,39.717828,348405897.0,1407997002.6
2014-10-09,39.052313,347705897.0,-27336619.099999998
2014-10-10,38.061508,351855897.0,157955258.20000002
2014-10-13,37.58724,341605897.0,-385269210.0
2014-10-14,37.67853,331455897.0,-382437079.5
2014-10-15,37.428764,330905897.0,-20585820.2
2014-10-16,37.219816,326355897.0,-169350162.8
2014-10-17,37.657177,329105897.0,103557236.74999999
2014-10-20,37.914711,328755897.0,-13270148.85
2014-10-21,38.669727,327255897.0,-58004590.5
2014-10-22,38.458504,327705897.0,17306326.8
2014-10-23,38.931529,325305897.0,-93435669.6
2014-10-24,39.246044,302705897.0,-886960594.4
2014-10-27,39.302774,302955897.0,9825693.5
2014-10-28,39.841509,302955897.0,0.0
2014-10-29,39.784748,305455897.0,99461870.0
2014-10-30,39.896694,305455897.0,0.0
2014-10-31,40.54902,308155897.0,109482354.0
2014-11-03,40.700071,308505897.0,14245024.85
2014-11-04,40.704537,309955897.0,59021578.650000006
2014-11-05,40.828122,309455897.0,-20414061.0
2014-11-06,40.805196,309705897.0,10201299.0
2014-11-07,40.829273,310055897.0,14290245.55
2014-11-10,40.936535,308705897.0,-55264322.25
2014-11-11,40.964817,309155897.0,18434167.65
2014-11-12,41.090544,309205897.0,2054527.2
2014-11-13,41.339339,309205897.0,0.0
2014-11-14,41.59253,309205897.0,0.0
2014-11-17,41.517608,309605897.0,16607043.200000001
2014-11-18,41.675904,309605897.0,0.0
2014-11-19,41.392346,309805897.0,8278469.200000001
2014-11-20,41.59933,310055897.0,10399832.5
2014-11-21,41.687398,310055897.0,0.0
2014-11-24,41.879288,310455897.0,16751715.200000001
2014-11-25,41.897781,310705897.0,10474445.25
2014-11-26,42.287527,311655897.0,40173150.65
2014-11-28,42.467131,312205897.0,23356922.05
2014-12-01,42.003657,313655897.0,60905302.65
2014-12-02,42.014816,320705897.0,296204452.8
2014-12-03,42.157461,321505897.0,33725968.8
2014-12-04,42.188591,321105897.0,-16875436.400000002
2014-12-05,42.118411,323755897.0,111613789.15
2014-12-08,41.668041,326655897.0,120837318.9
2014-12-09,41.703691,327105897.0,18766660.95
2014-12-10,41.034626,326505897.0,-24620775.6
2014-12-11,41.242714,326305897.0,-8248542.8
2014-12-12,40.584298,326505897.0,8116859.6
2014-12-15,40.371967,323605897.0,-117078704.3
2014-12-16,39.843099,323505897.0,-3984309.9000000004
2014-12-17,40.601767,322605897.0,-36541590.300000004
2014-12-18,41.780839,322955897.0,14623293.65
2014-12-19,41.605575,325455897.0,104013937.5
2014-12-22,42.049419,324555897.0,-37844477.1
2014-12-23,42.168181,324155897.0,-16867272.4
2014-12-24,42.128588,323755897.0,-16851435.2
2014-12-26,42.304694,323805897.0,2115234.6999999997
2014-12-29,42.103676,324155897.0,14736286.6
2014-12-30,41.827408,324305897.0,6274111.2
2014-12-31,41.327395,324105897.0,-8265479.000000001
2015-01-02,41.302764,323855897.0,-10325691.0
2015-01-05,40.609636,322605897.0,-50762045.0
2015-01-06,40.180657,322155897.0,-18081295.65
2015-01-07,40.47919,322955897.0,32383352.000000004
2015-01-08,41.36612,322955897.0,0.0
2015-01-09,41.231278,328105897.0,212341081.70000002
2015-01-12,40.756494,328555897.0,18340422.3
2015-01-13,40.736158,329005897.0,18331271.1
2015-01-14,40.523982,327255897.0,-70916968.5
2015-01-15,39.995593,326655897.0,-23997355.8
2015-01-16,40.394646,326605897.0,-2019732.3
2015-01-20,40.711681,324455897.0,-87530114.14999999
2015-01-21,40.770759,324105897.0,-14269765.649999999
2015-01-22,41.452394,323855897.0,-10363098.5
2015-01-23,41.464921,324255897.0,16585968.399999999
2015-01-26,41.292788,323405897.0,-35098869.800000004
2015-01-27,40.04687,324755897.0,54063274.5
2015-01-28,40.001234,324555897.0,-8000246.799999999
2015-01-29,40.397507,323555897.0,-40397507.0
2015-01-30,39.865684,319005897.0,-181388862.20000002
2015-02-02,40.336483,315805897.0,-129076745.60000001
2015-02-03,40.80408,312905897.0,-118331832.0
2015-02-04,40.8641,312055897.0,-34734485.0
2015-02-05,41.23574,312155897.0,4123574.0
2015-02-06,41.102501,312155897.0,0.0
2015-02-09,41.038501,312155897.0,0.0
2015-02-10,41.653026,309655897.0,-104132564.99999999
2015-02-11,41.805927,306905897.0,-114966299.24999999
2015-02-12,42.412083,307255897.0,14844229.05
2015-02-13,42.676353,308055897.0,34141082.4
2015-02-17,42.69625,308405897.0,14943687.5
2015-02-18,42.723408,308605897.0,8544681.6
2015-02-19,42.85347,308605897.0,0.0
2015-02-20,43.099049,306705897.0,-81888193.10000001
2015-02-23,43.13521,307555897.0,36664928.5
2015-02-24,43.219039,307555897.0,0.0
2015-02-25,42.9888,307805897.0,10747200.0
2015-02-26,43.274403,308455897.0,28128361.95
2015-02-27,43.080779,307805897.0,-28002506.35
2015-03-02,43.46252,307805897.0,0.0
2015-03-03,43.140673,308105897.0,12942201.9
2015-03-04,42.964194,310105897.0,85928388.0
2015-03-05,42.917543,310905897.0,34334034.4
2015-03-06,42.412378,308955897.0,-82704137.1
2015-03-09,42.596311,308755897.0,-8519262.2
2015-03-10,41.697732,308305897.0,-18763979.400000002
2015-03-11,41.4386,307555897.0,-31078950.0
2015-03-12,41.726228,306905897.0,-27122048.2
2015-03-13,41.508158,306455897.0,-18678671.1
2015-03-16,42.000384,301655897.0,-201601843.2
2015-03-17,42.003091,300205897.0,-60904481.949999996
2015-03-18,42.547728,299355897.0,-36165568.8
2015-03-19,42.447765,302205897.0,120976130.24999999
2015-03-20,42.491158,308105897.0,250697832.2
2015-03-23,42.528305,311505897.0,144596237.0
2015-03-24,42.394974,311455897.0,-2119748.6999999997
2015-03-25,41.320327,308755897.0,-111564882.89999999
2015-03-26,41.338608,311255897.0,103346520.0
2015-03-27,41.392626,311305897.0,2069631.3
2015-03-30,41.868622,308905897.0,-100484692.80000001
2015-03-31,41.488311,308905897.0,0.0
2015-04-01,41.361957,310305897.0,57906739.8
2015-04-02,41.381754,310055897.0,-10345438.5
2015-04-06,41.761531,308255897.0,-75170755.8
2015-04-07,41.683777,309255897.0,41683777.0
2015-04-08,41.800856,309355897.0,4180085.6
2015-04-09,41.950444,308355897.0,-41950444.0
2015-04-10,42.103428,309305897.0,39998256.6
2015-04-13,41.963915,310605897.0,54553089.5
2015-04-14,41.83482,310605897.0,0.0
2015-04-15,42.177161,310555897.0,-2108858.05
2015-04-16,42.047184,308755897.0,-75684931.2
2015-04-17,41.467229,303805897.0,-205262783.55
2015-04-20,42.170942,302805897.0,-42170942.0
2015-04-21,42.142993,301005897.0,-75857387.39999999
2015-04-22,42.582731,300905897.0,-4258273.100000001
2015-04-23,42.758354,302505897.0,68413366.39999999
2015-04-24,43.121324,303705897.0,51745588.800000004
2015-04-27,43.258624,303705897.0,0.0
2015-04-28,43.391164,307555897.0,167055981.4
2015-04-29,43.201041,307905897.0,15120364.35
2015-04-30,42.581751,307755897.0,-6387262.649999999
2015-05-01,43.122718,307005897.0,-32342038.5
2015-05-04,43.134546,308205897.0,51761455.2
2015-05-05,42.474832,308455897.0,10618708.0
2015-05-06,42.132212,305405897.0,-128503246.60000001
2015-05-07,42.411612,304855897.0,-23326386.599999998
2015-05-08,43.028937,304005897.0,-36574596.449999996
2015-05-11,42.783972,306355897.0,100542334.2
2015-05-12,42.583473,306105897.0,-10645868.25
2015-05-13,42.768487,304855897.0,-53460608.75
2015-05-14,43.455296,305055897.0,8691059.2
2015-05-15,43.329722,305705897.0,28164319.299999997
2015-05-18,43.512397,304905897.0,-34809917.6
2015-05-19,43.406234,306005897.0,47746857.4
2015-05-20,43.428343,306005897.0,0.0
2015-05-21,43.59629,308905897.0,126429241.00000001
2015-05-22,43.567564,308905897.0,0.0
2015-05-26,42.999327,309255897.0,15049764.450000001
2015-05-27,43.735485,309255897.0,0.0
2015-05-28,43.680262,312255897.0,131040786.0
2015-05-29,43.363337,312255897.0,0.0
2015-06-01,43.482196,312255897.0,0.0
2015-06-02,43.374719,312005897.0,-10843679.75
2015-06-03,43.477901,312405897.0,17391160.400000002
2015-06-04,43.080488,312105897.0,-12924146.4
2015-06-05,42.927451,312855897.0,32195588.25
2015-06-08,42.473878,312605897.0,-10618469.5
2015-06-09,42.392,313205897.0,25435200.0
2015-06-10,43.020515,312755897.0,-19359231.75
2015-06-11,43.013725,314105897.0,58068528.75
2015-06-12,42.664164,314855897.0,31998123.0
2015-06-15,42.403254,314855897.0,0.0
2015-06-16,42.661383,315555897.0,29862968.1
2015-06-17,42.740401,319705897.0,177372664.15
2015-06-18,43.094177,319705897.0,0.0
2015-06-19,42.602943,317955897.0,-74555150.25
2015-06-22,42.873461,315705897.0,-96465287.25
2015-06-23,42.918591,315255897.0,-19313365.95
2015-06-24,42.725245,314655897.0,-25635147.0
2015-06-25,42.62111,316105897.0,61800609.5
2015-06-26,42.263731,316555897.0,19018678.95
2015-06-29,41.375439,316755897.0,8275087.8
2015-06-30,41.41196,316155897.0,-24847176.0
2015-07-01,41.683113,315705897.0,-18757400.849999998
2015-07-02,41.753027,314555897.0,-48015981.050000004
2015-07-06,41.573009,314055897.0,-20786504.5
2015-07-07,41.613305,313255897.0,-33290643.999999996
2015-07-08,40.953835,311055897.0,-90098437.0
2015-07-09,40.807186,307755897.0,-134663713.8
2015-07-10,41.435878,305305897.0,-101517901.10000001
2015-07-13,42.059627,304205897.0,-46265589.699999996
2015-07-14,42.230612,303505897.0,-29561428.400000002
2015-07-15,42.242631,304155897.0,27457710.150000002
2015-07-16,42.782308,304155897.0,0.0
2015-07-17,43.440186,304355897.0,8688037.2
2015-07-20,43.658479,305105897.0,32743859.25
2015-07-21,43.395125,305005897.0,-4339512.5
2015-07-22,42.711014,303455897.0,-66202071.699999996
2015-07-23,42.589494,304405897.0,40460019.300000004
2015-07-24,42.359282,304405897.0,0.0
2015-07-27,41.98277,304805897.0,16793108.0
2015-07-28,42.340785,305005897.0,8468157.0
2015-07-29,42.645174,305105897.0,4264517.399999999
2015-07-30,42.714215,304205897.0,-38442793.5
2015-07-31,42.532181,305655897.0,61671662.45
2015-08-03,42.365056,303655897.0,-84730112.0
2015-08-04,42.080748,303355897.0,-12624224.4
2015-08-05,42.471545,302355897.0,-42471545.0
2015-08-06,42.092765,302805897.0,18941744.25
2015-08-07,42.099798,302655897.0,-6314969.7
2015-08-10,42.763649,303055897.0,17105459.6
2015-08-11,42.137525,303255897.0,8427505.0
2015-08-12,42.309807,294905897.0,-353286888.45
2015-08-13,42.199381,294755897.0,-6329907.15
2015-08-14,42.402968,294855897.0,4240296.8
2015-08-17,42.644341,295005897.0,6396651.149999999
2015-08-18,42.448387,293855897.0,-48815645.05
2015-08-19,42.129343,293755897.0,-4212934.3
2015-08-20,41.145496,292655897.0,-45260045.6
2015-08-21,39.528219,291405897.0,-49410273.75
2015-08-24,38.173737,289105897.0,-87799595.10000001
2015-08-25,37.679115,285355897.0,-141296681.25
2015-08-26,39.577391,284855897.0,-19788695.5
2015-08-27,40.524246,281805897.0,-123598950.3
2015-08-28,40.592969,282755897.0,38563320.55
2015-08-31,40.266746,280355897.0,-96640190.39999999
2015-09-01,38.950211,281205897.0,33107679.35
2015-09-02,39.920746,283405897.0,87825641.2
2015-09-03,39.918949,283205897.0,-7983789.8
2015-09-04,39.324571,281655897.0,-60953085.05
2015-09-08,40.404324,283255897.0,64646918.400000006
2015-09-09,39.881366,284005897.0,29911024.5
2015-09-10,40.25068,283105897.0,-36225612.0
2015-09-11,40.473019,284055897.0,38449368.05
2015-09-14,40.356627,282355897.0,-68606265.9
2015-09-15,40.868245,281305897.0,-42911657.25
2015-09-16,41.049359,281655897.0,14367275.65
2015-09-17,40.756784,281655897.0,0.0
2015-09-18,40.051216,282705897.0,42053776.8
2015-09-21,40.418497,287705897.0,202092485.0
2015-09-22,39.809443,287555897.0,-5971416.45
2015-09-23,39.867561,289755897.0,87708634.2
2015-09-24,39.864055,289255897.0,-19932027.5
2015-09-25,39.825775,290805897.0,61729951.25
2015-09-28,38.920887,290905897.0,3892088.7
2015-09-29,38.732515,288205897.0,-104577790.5
2015-09-30,39.555193,287905897.0,-11866557.9
2015-10-01,39.521642,287755897.0,-5928246.3
2015-10-02,40.061871,285605897.0,-86133022.64999999
2015-10-05,40.861813,284855897.0,-30646359.75
2015-10-06,40.913383,284855897.0,0.0
2015-10-07,41.097093,284755897.0,-4109709.3000000003
2015-10-08,41.299094,284255897.0,-20649547.0
2015-10-09,41.467336,284405897.0,6220100.4
2015-10-12,41.561066,283155897.0,-51951332.49999999
2015-10-13,41.436189,283755897.0,24861713.4
2015-10-14,41.39374,282605897.0,-47602801.0
2015-10-15,41.875293,284305897.0,71187998.1
2015-10-16,42.001519,284905897.0,25200911.400000002
2015-10-19,42.102004,284505897.0,-16840801.6
2015-10-20,42.006014,286355897.0,77711125.9
2015-10-21,41.683205,285755897.0,-25009923.0
2015-10-22,42.636093,286405897.0,27713460.450000003
2015-10-23,43.790533,289355897.0,129182072.35000001
2015-10-26,43.671398,291505897.0,93893505.7
2015-10-27,43.41602,291905897.0,17366408.0
2015-10-28,44.053385,294055897.0,94714777.75
2015-10-29,43.922766,296805897.0,120787606.50000001
2015-10-30,43.63959,296805897.0,0.0
2015-11-02,44.030359,297955897.0,50634912.849999994
2015-11-03,44.26022,299905897.0,86307429.0
2015-11-04,44.287368,301055897.0,50930473.2
2015-11-05,44.187544,301705897.0,28721903.6
2015-11-06,44.3326,301705897.0,0.0
2015-11-09,43.897759,304605897.0,127303501.10000001
2015-11-10,43.604739,305055897.0,19622132.55
2015-11-11,43.609918,305055897.0,0.0
2015-11-12,43.218229,305205897.0,6482734.350000001
2015-11-13,42.38493,307605897.0,101723832.0
2015-11-16,43.016909,307755897.0,6452536.35
2015-11-17,43.026242,307955897.0,8605248.4
2015-11-18,43.673172,308005897.0,2183658.6
2015-11-19,43.855436,308005897.0,0.0
2015-11-20,44.172198,308805897.0,35337758.4
2015-11-23,43.939774,309055897.0,10984943.5
2015-11-24,43.949409,309255897.0,8789881.8
2015-11-25,43.796525,311605897.0,102921833.75
2015-11-27,43.879412,311055897.0,-24133676.6
2015-11-30,43.912264,311055897.0,0.0
2015-12-01,44.362504,316355897.0,235121271.20000002
2015-12-02,44.066726,316855897.0,22033363.0
2015-12-03,43.513322,316855897.0,0.0
2015-12-04,44.570763,317055897.0,8914152.6
2015-12-07,44.366825,318905897.0,82078626.25
2015-12-08,44.237853,324605897.0,252155762.1
2015-12-09,43.617814,326505897.0,82873846.60000001
2015-12-10,43.701942,328455897.0,85218786.9
2015-12-11,42.826384,329855897.0,59956937.599999994
2015-12-14,43.114857,323655897.0,-267312113.4
2015-12-15,43.302746,321905897.0,-75779805.5
2015-12-16,43.903282,319655897.0,-98782384.5
2015-12-17,43.225586,319155897.0,-21612793.0
2015-12-18,42.172066,325355897.0,261466809.20000002
2015-12-21,42.619396,323005897.0,-100155580.60000001
2015-12-22,42.915709,319405897.0,-154496552.4
2015-12-23,43.28619,320405897.0,43286190.0
2015-12-24,43.21768,320355897.0,-2160884.0
2015-12-28,43.246709,320005897.0,-15136348.15
2015-12-29,43.796413,319155897.0,-37226951.050000004
2015-12-30,43.457912,319305897.0,6518686.8
2015-12-31,42.859045,319305897.0,0.0
2016-01-04,42.254316,318705897.0,-25352589.6
2016-01-05,42.140309,315705897.0,-126420927.0
2016-01-06,41.640568,307205897.0,-353944828.0
2016-01-07,40.427234,306455897.0,-30320425.5
2016-01-08,40.119294,302755897.0,-148441387.79999998
2016-01-11,40.372638,296805897.0,-240217196.10000002
2016-01-12,40.799619,297055897.0,10199904.75
2016-01-13,39.733104,296105897.0,-37746448.8
2016-01-14,40.519985,295655897.0,-18233993.25
2016-01-15,39.354524,295355897.0,-11806357.2
2016-01-19,39.383852,291905897.0,-135874289.4
2016-01-20,39.089695,291355897.0,-21499332.25
2016-01-21,39.309058,290655897.0,-27516340.6
2016-01-22,40.389061,290205897.0,-18175077.45
2016-01-25,39.883722,291205897.0,39883722.0
2016-01-26,40.289972,290755897.0,-18130487.4
2016-01-27,39.448647,290755897.0,0.0
2016-01-28,39.96622,290455897.0,-11989866.0
2016-01-29,41.314983,290305897.0,-6197247.449999999
2016-02-01,41.429451,291405897.0,45572396.1
2016-02-02,40.633823,292655897.0,50792278.75
2016-02-03,40.597415,291805897.0,-34507802.75
2016-02-04,40.660363,291805897.0,0.0
2016-02-05,39.497828,294005897.0,86895221.6
2016-02-08,38.921413,290305897.0,-144009228.1
2016-02-09,38.732818,287505897.0,-108451890.4
2016-02-10,38.841188,286505897.0,-38841188.0
2016-02-11,38.751022,286455897.0,-1937551.0999999999
2016-02-12,39.268509,284305897.0,-84427294.35000001
2016-02-16,39.975913,283655897.0,-25984343.45
2016-02-17,40.804486,283705897.0,2040224.2999999998
2016-02-18,40.618699,286355897.0,107639552.35
2016-02-19,40.670114,286955897.0,24402068.4
2016-02-22,41.212479,288255897.0,53576222.7
2016-02-23,40.527781,288155897.0,-4052778.0999999996
2016-02-24,40.88367,287555897.0,-24530202.0
2016-02-25,41.384218,288505897.0,39315007.099999994
2016-02-26,41.26306,289305897.0,33010448.000000004
2016-02-29,41.005743,289855897.0,22553158.650000002
2016-03-01,42.181122,286805897.0,-128652422.10000001
2016-03-02,42.30244,285505897.0,-54993172.0
2016-03-03,42.293974,285505897.0,0.0
2016-03-04,42.407058,290055897.0,192952113.9
2016-03-07,42.168272,290105897.0,2108413.6
2016-03-08,41.885388,291555897.0,60733812.6
2016-03-09,42.248325,290755897.0,-33798660.0
2016-03-10,42.220853,291705897.0,40109810.35
2016-03-11,42.885887,291505897.0,-8577177.399999999
2016-03-14,42.912012,293655897.0,92260825.8
2016-03-15,43.07545,291855897.0,-77535810.0
2016-03-16,43.54558,292855897.0,43545580.0
2016-03-17,43.75828,294555897.0,74389076.0
2016-03-18,43.582128,294405897.0,-6537319.199999999
2016-03-21,43.736327,293155897.0,-54670408.75
2016-03-22,43.751256,296755897.0,157504521.6
2016-03-23,43.4939,297955897.0,52192679.99999999
2016-03-24,43.597504,298555897.0,26158502.400000002
2016-03-28,43.49626,296505897.0,-89167333.0
2016-03-29,44.16053,297805897.0,57408689.0
2016-03-30,44.434162,299855897.0,91090032.1
2016-03-31,44.362439,300805897.0,42144317.050000004
2016-04-01,44.689461,306305897.0,245792035.5
2016-04-04,44.533804,308405897.0,93520988.4
2016-04-05,44.082691,307905897.0,-22041345.5
2016-04-06,44.49868,314005897.0,271441948.0
2016-04-07,43.865936,313405897.0,-26319561.599999998
2016-04-08,43.884214,312155897.0,-54855267.5
2016-04-11,43.782331,312605897.0,19702048.95
2016-04-12,44.040409,312805897.0,8808081.799999999
2016-04-13,44.53713,313105897.0,13361139.0
2016-04-14,44.505096,313405897.0,13351528.8
2016-04-15,44.328139,312755897.0,-28813290.35
2016-04-18,44.50807,312805897.0,2225403.5
2016-04-19,44.295547,313605897.0,35436437.6
2016-04-20,44.3557,313355897.0,-11088925.0
2016-04-21,44.177576,313905897.0,24297666.8
2016-04-22,43.469723,313055897.0,-36949264.550000004
2016-04-25,43.42849,311855897.0,-52114187.99999999
2016-04-26,43.263247,310905897.0,-41100084.65
2016-04-27,43.031723,308455897.0,-105427721.35
2016-04-28,42.480873,308755897.0,12744261.9
2016-04-29,42.145695,302605897.0,-259196024.25000003
2016-05-02,42.42348,300855897.0,-74241090.0
2016-05-03,42.067632,299555897.0,-54687921.6
2016-05-04,41.923521,297005897.0,-106904978.55
2016-05-05,41.934078,296855897.0,-6290111.7
2016-05-06,42.242151,296805897.0,-2112107.55
2016-05-09,42.233134,296555897.0,-10558283.5
2016-05-10,42.78336,297305897.0,32087520.0
2016-05-11,42.506651,295705897.0,-68010641.6
2016-05-12,42.389235,294955897.0,-31791926.25
2016-05-13,42.231232,293005897.0,-82350902.39999999
2016-05-16,42.770484,290005897.0,-128311452.00000001
2016-05-17,42.36609,290505897.0,21183045.0
2016-05-18,42.49454,288905897.0,-67991264.0
2016-05-19,42.246248,289055897.0,6336937.2
2016-05-20,42.694342,287405897.0,-70445664.3
2016-05-23,42.624698,284905897.0,-106561745.0
2016-05-24,43.465119,285305897.0,17386047.6
2016-05-25,43.769366,282805897.0,-109423415.0
2016-05-26,43.892966,283155897.0,15362538.1
2016-05-27,44.151586,281205897.0,-86095592.7
2016-05-31,44.224857,281005897.0,-8844971.4
2016-06-01,44.07801,283705897.0,119010627.0
2016-06-02,44.050729,284105897.0,17620291.599999998
2016-06-03,43.913799,284755897.0,28543969.349999998
2016-06-06,44.033907,286505897.0,77059337.25
2016-06-07,44.169554,288905897.0,106006929.6
2016-06-08,44.305738,287505897.0,-62028033.199999996
2016-06-09,44.303248,286555897.0,-42088085.6
2016-06-10,43.926366,286955897.0,17570546.400000002
2016-06-13,43.477482,287705897.0,32608111.5
2016-06-14,43.554563,288105897.0,17421825.2
2016-06-15,43.444293,288355897.0,10861073.25
2016-06-16,43.576376,288255897.0,-4357637.600000001
2016-06-17,43.03581,288805897.0,23669695.5
2016-06-20,43.244022,288955897.0,6486603.3
2016-06-21,43.530719,288355897.0,-26118431.4
2016-06-22,43.369466,287955897.0,-17347786.400000002
2016-06-23,44.011706,287705897.0,-11002926.5
2016-06-24,42.314046,288555897.0,35966939.1
2016-06-27,41.478169,285905897.0,-109917147.85000001
2016-06-28,42.231482,284005897.0,-80239815.8
2016-06-29,42.901837,281755897.0,-96529133.25
2016-06-30,43.380976,281205897.0,-23859536.799999997
2016-07-01,43.467066,283155897.0,84760778.7
2016-07-05,43.196927,283805897.0,28078002.55
2016-07-06,43.427937,284805897.0,43427937.0
2016-07-07,43.440224,285255897.0,19548100.8
2016-07-08,44.136483,279305897.0,-262612073.85
2016-07-11,44.379464,284105897.0,213021427.2
2016-07-12,44.74293,283305897.0,-35794344.0
2016-07-13,44.743711,279055897.0,-190160771.75
2016-07-14,45.071212,276855897.0,-99156666.4
2016-07-15,45.016539,274255897.0,-117043001.4
2016-07-18,45.305082,274655897.0,18122032.8
2016-07-19,45.238811,272155897.0,-113097027.5
2016-07-20,45.786892,272155897.0,0.0
2016-07-21,45.560488,272205897.0,2278024.4
2016-07-22,45.836939,270805897.0,-64171714.6
2016-07-25,45.76453,270455897.0,-16017585.5
2016-07-26,45.865128,270905897.0,20639307.599999998
2016-07-27,46.202657,270355897.0,-25411461.35
2016-07-28,46.314351,269855897.0,-23157175.5
2016-07-29,46.434618,269555897.0,-13930385.4
2016-08-01,46.549413,265455897.0,-190852593.3
2016-08-02,46.179305,264255897.0,-55415166.0
2016-08-03,46.342601,264405897.0,6951390.15
2016-08-04,46.573959,264505897.0,4657395.9
2016-08-05,47.055776,262405897.0,-98817129.60000001
2016-08-08,47.048985,262605897.0,9409797.0
2016-08-09,47.141544,262605897.0,0.0
2016-08-10,47.012449,268155897.0,260919091.95
2016-08-11,47.17349,269055897.0,42456141.0
2016-08-12,47.125518,269205897.0,7068827.7
2016-08-15,47.310902,269405897.0,9462180.4
2016-08-16,46.999419,269555897.0,7049912.850000001
2016-08-17,46.989966,269955897.0,18795986.400000002
2016-08-18,46.985765,274905897.0,232579536.75
2016-08-19,47.028984,275355897.0,21163042.8
2016-08-22,47.001448,276405897.0,49351520.400000006
2016-08-23,47.159893,276405897.0,0.0
2016-08-24,46.93539,272905897.0,-164273865.0
2016-08-25,47.00839,273455897.0,25854614.5
2016-08-26,47.017674,272655897.0,-37614139.2
2016-08-29,47.186293,274305897.0,77857383.45
2016-08-30,47.072289,276955897.0,124741565.85
2016-08-31,47.008181,277505897.0,25854499.55
2016-09-01,47.167934,278155897.0,30659157.1
2016-09-02,47.336683,278805897.0,30768843.95
2016-09-06,47.577709,280605897.0,85639876.2
2016-09-07,47.6964,285855897.0,250406099.99999997
2016-09-08,47.314312,284655897.0,-56777174.4
2016-09-09,46.154062,284055897.0,-27692437.200000003
2016-09-12,46.953755,282405897.0,-77473695.75
2016-09-13,46.589787,267905897.0,-675551911.5
2016-09-14,46.823342,265455897.0,-114717187.89999999
2016-09-15,47.589584,264855897.0,-28553750.400000002
2016-09-16,47.231261,269355897.0,212540674.50000003
2016-09-19,47.103045,272405897.0,143664287.25
2016-09-20,47.08411,270305897.0,-98876631.0
2016-09-21,47.609944,272055897.0,83317402.0
2016-09-22,47.901563,271755897.0,-14370468.9
2016-09-23,47.508335,273355897.0,76013336.0
2016-09-26,47.206775,268055897.0,-250195907.5
2016-09-27,47.725189,268355897.0,14317556.7
2016-09-28,47.809314,269455897.0,52590245.4
2016-09-29,47.55813,270655897.0,57069756.0
2016-09-30,47.780809,273055897.0,114673941.6
2016-10-03,47.636039,272155897.0,-42872435.099999994
2016-10-04,47.48156,271955897.0,-9496312.0
2016-10-05,47.641716,272905897.0,45259630.2
2016-10-06,47.732403,273505897.0,28639441.799999997
2016-10-07,47.616519,274605897.0,52378170.9
2016-10-10,47.927201,276405897.0,86268961.8
2016-10-11,47.410113,276355897.0,-2370505.65
2016-10-12,47.461172,277855897.0,71191758.0
2016-10-13,47.197847,278955897.0,51917631.7
2016-10-14,47.385234,276505897.0,-116093823.3
2016-10-17,47.275832,274555897.0,-92187872.4
2016-10-18,47.562558,274555897.0,0.0
2016-10-19,47.587307,273905897.0,-30931749.55
2016-10-20,47.394256,273505897.0,-18957702.4
2016-10-21,47.525524,273605897.0,4752552.399999999
2016-10-24,48.006797,276655897.0,146420730.85
2016-10-25,47.829179,275855897.0,-38263343.2
2016-10-26,47.577824,275655897.0,-9515564.8
2016-10-27,47.459992,275655897.0,0.0
2016-10-28,47.434264,277205897.0,73523109.2
2016-10-31,47.432691,276505897.0,-33202883.7
2016-11-01,47.035058,276155897.0,-16462270.299999999
2016-11-02,46.693786,275805897.0,-16342825.100000001
2016-11-03,46.324653,275955897.0,6948697.949999999
2016-11-04,46.157268,270655897.0,-244633520.4
2016-11-07,47.165356,269205897.0,-68389766.2
2016-11-08,47.406818,278205897.0,426661362.0
2016-11-09,47.3468,273805897.0,-208325920.0
2016-11-10,46.56884,269855897.0,-183946918.0
2016-11-11,46.767294,268855897.0,-46767294.0
2016-11-14,46.013067,266905897.0,-89725480.65
2016-11-15,46.680882,264555897.0,-109700072.69999999
2016-11-16,47.117801,272305897.0,365162957.75
2016-11-17,47.425858,269605897.0,-128049816.6
2016-11-18,47.354589,269055897.0,-26045023.95
2016-11-21,47.837648,269005897.0,-2391882.4
2016-11-22,47.986583,272005897.0,143959749.0
2016-11-23,47.800322,271705897.0,-14340096.6
2016-11-25,48.011556,271605897.0,-4801155.6
2016-11-28,48.017097,271605897.0,0.0
2016-11-29,48.077499,272455897.0,40865874.150000006
2016-11-30,47.47807,272955897.0,23739035.0
2016-12-01,46.515316,274805897.0,86053334.6
2016-12-02,46.679993,270805897.0,-186719972.0
2016-12-05,47.114227,269655897.0,-54181361.05
2016-12-06,47.265715,269905897.0,11816428.75
2016-12-07,48.186571,271805897.0,91554484.9
2016-12-08,48.327173,272955897.0,55576248.95
2016-12-09,48.635718,274305897.0,65658219.3
2016-12-12,48.523412,277105897.0,135865553.6
2016-12-13,49.101967,277705897.0,29461180.200000003
2016-12-14,48.947272,282305897.0,225157451.2
2016-12-15,49.137842,282605897.0,14741352.6
2016-12-16,48.620273,283905897.0,63206354.9
2016-12-19,48.941948,287905897.0,195767792.0
2016-12-20,49.110453,287355897.0,-27010749.15
2016-12-21,49.012739,287055897.0,-14703821.700000001
2016-12-22,48.928827,286355897.0,-34250178.9
2016-12-23,48.965819,290555897.0,205656439.8
2016-12-27,49.155806,293705897.0,154840788.9
2016-12-28,48.753564,293455897.0,-12188391.0
2016-12-29,48.755818,293605897.0,7313372.699999999
2016-12-30,48.303598,292305897.0,-62794677.4
2017-01-03,48.786464,291755897.0,-26832555.200000003
2017-01-04,48.941453,296505897.0,232471901.75
2017-01-05,49.03156,295255897.0,-61289450.0
2017-01-06,49.363744,295205897.0,-2468187.1999999997
2017-01-09,49.391811,297705897.0,123479527.5
2017-01-10,49.360624,298205897.0,24680312.0
2017-01-11,49.626632,299905897.0,84365274.4
2017-01-12,49.536412,299905897.0,0.0
2017-01-13,49.651023,299005897.0,-44685920.7
2017-01-17,49.508506,294355897.0,-230214552.89999998
2017-01-18,49.618328,296105897.0,86832074.0
2017-01-19,49.521362,300355897.0,210465788.5
2017-01-20,49.795067,300005897.0,-17428273.45
2017-01-23,49.84933,303455897.0,171980188.5
2017-01-24,50.183385,304355897.0,45165046.5
2017-01-25,50.658229,313805897.0,478720264.05
2017-01-26,50.566002,314355897.0,27811301.099999998
2017-01-27,50.755101,316005897.0,83745916.65
2017-01-30,50.361089,318505897.0,125902722.5
2017-01-31,50.096663,305805897.0,-636227620.1
2017-02-01,50.397601,309655897.0,194030763.85
2017-02-02,50.345997,309255897.0,-20138398.799999997
2017-02-03,50.686231,311605897.0,119112642.85
2017-02-06,50.711708,310005897.0,-81138732.8
2017-02-07,50.90139,310005897.0,0.0
2017-02-08,51.002994,310305897.0,15300898.200000001
2017-02-09,51.190129,310555897.0,12797532.25
2017-02-10,51.303767,313605897.0,156476489.35
2017-02-13,51.541635,313605897.0,0.0
2017-02-14,51.701278,313155897.0,-23265575.1
2017-02-15,51.906511,313755897.0,31143906.6
2017-02-16,52.025725,314055897.0,15607717.5
2017-02-17,52.185301,313505897.0,-28701915.55
2017-02-21,52.462919,316505897.0,157388757.0
2017-02-22,52.544011,318405897.0,99833620.89999999
2017-02-23,52.535864,318555897.0,7880379.6
2017-02-24,52.667775,316055897.0,-131669437.5
2017-02-27,52.584273,316255897.0,10516854.600000001
2017-02-28,52.368453,315855897.0,-20947381.2
2017-03-01,53.092899,315355897.0,-26546449.5
2017-03-02,52.770135,315605897.0,13192533.75
2017-03-03,52.859622,315905897.0,15857886.6
2017-03-06,52.772667,315555897.0,-18470433.45
2017-03-07,52.806354,314655897.0,-47525718.6
2017-03-08,52.837133,315805897.0,60762702.95
2017-03-09,52.828653,316855897.0,55470085.650000006
2017-03-10,53.111131,317255897.0,21244452.4
2017-03-13,53.179492,318455897.0,63815390.400000006
2017-03-14,53.031706,318605897.0,7954755.9
2017-03-15,53.388162,317155897.0,-77412834.9
2017-03-16,53.487201,317655897.0,26743600.5
2017-03-17,53.339183,318405897.0,40004387.25
2017-03-20,53.373041,320555897.0,114752038.15
2017-03-21,52.630271,320805897.0,13157567.75
2017-03-22,52.958451,316655897.0,-219777571.64999998
2017-03-23,52.801427,316505897.0,-7920214.05
2017-03-24,52.830131,314555897.0,-103018755.45
2017-03-27,52.844279,313905897.0,-34348781.35
2017-03-28,53.197464,315255897.0,71816576.39999999
2017-03-29,53.290394,315655897.0,21316157.6
2017-03-30,53.38396,317305897.0,88083534.0
2017-03-31,53.311202,317805897.0,26655601.0
2017-04-03,53.254813,319455897.0,87870441.45
2017-04-04,53.281491,318905897.0,-29304820.05
2017-04-05,53.110375,317605897.0,-69043487.5
2017-04-06,53.064854,318205897.0,31838912.4
2017-04-07,53.04178,318255897.0,2652089.0
2017-04-10,52.959461,318255897.0,0.0
2017-04-11,52.759625,318855897.0,31655775.0
2017-04-12,52.593406,319605897.0,39445054.5
2017-04-13,52.382012,320305897.0,36667408.4
2017-04-17,52.854953,319755897.0,-29070224.150000002
2017-04-18,52.827588,319555897.0,-10565517.6
2017-04-19,52.785217,320305897.0,39588912.75
2017-04-20,53.24492,320655897.0,18635722.0
2017-04-21,53.167725,320655897.0,0.0
2017-04-24,53.795692,317755897.0,-156007506.8
2017-04-25,54.089954,318555897.0,43271963.199999996
2017-04-26,54.015949,316805897.0,-94527910.75
2017-04-27,54.257416,316805897.0,0.0
2017-04-28,54.370296,316805897.0,0.0
2017-05-01,54.749852,316955897.0,8212477.8
2017-05-02,54.894802,317155897.0,10978960.4
2017-05-03,54.806386,317355897.0,10961277.200000001
2017-05-04,54.76731,317255897.0,-5476731.0
2017-05-05,54.987631,316955897.0,-16496289.3
2017-05-08,55.221774,318355897.0,77310483.60000001
2017-05-09,55.271472,319205897.0,46980751.2
2017-05-10,55.485352,318955897.0,-13871338.0
2017-05-11,55.424376,319055897.0,5542437.600000001
2017-05-12,55.583338,319905897.0,47245837.3
2017-05-15,55.862156,321005897.0,61448371.6
2017-05-16,56.12057,322655897.0,92598940.5
2017-05-17,54.602573,325205897.0,139236561.15
2017-05-18,54.948312,324505897.0,-38463818.4
2017-05-19,55.237173,320555897.0,-218186833.35
2017-05-22,55.722059,321905897.0,75224779.65
2017-05-23,55.769611,318105897.0,-211924521.79999998
2017-05-24,55.986698,318205897.0,5598669.8
2017-05-25,56.404167,318655897.0,25381875.150000002
2017-05-26,56.41022,318505897.0,-8461533.0
2017-05-30,56.634019,309155897.0,-529528077.65000004
2017-05-31,56.493195,307455897.0,-96038431.5
2017-06-01,56.675323,308355897.0,51007790.699999996
2017-06-02,57.209507,309355897.0,57209507.0
2017-06-05,57.242087,308605897.0,-42931565.25
2017-06-06,57.145009,307455897.0,-65716760.35
2017-06-07,57.294344,304155897.0,-189071335.20000002
2017-06-08,57.457993,303105897.0,-60330892.65
2017-06-09,56.053851,305505897.0,134529242.4
2017-06-12,55.683022,295505897.0,-556830220.0
2017-06-13,56.071284,293105897.0,-134571081.6
2017-06-14,55.812211,294205897.0,61393432.099999994
2017-06-15,55.574658,292955897.0,-69468322.5
2017-06-16,55.251355,291555897.0,-77351897.0
2017-06-19,56.081079,292605897.0,58885132.95
2017-06-20,55.634395,293655897.0,58416114.75
2017-06-21,55.924636,291055897.0,-145404053.6
2017-06-22,55.944596,292655897.0,89511353.6
2017-06-23,56.275619,292605897.0,-2813780.9499999997
2017-06-26,55.997266,297805897.0,291185783.2
2017-06-27,55.075972,298355897.0,30291784.6
2017-06-28,55.765572,299855897.0,83648358.0
2017-06-29,54.781595,299855897.0,0.0
2017-06-30,54.737169,298955897.0,-49263452.1
2017-07-03,54.348234,298255897.0,-38043763.8
2017-07-05,54.870816,293705897.0,-249662212.79999998
2017-07-06,54.390401,294855897.0,62548961.15
2017-07-07,54.997459,293355897.0,-82496188.5
2017-07-10,55.388786,293955897.0,33233271.6
2017-07-11,55.541511,294305897.0,19439528.85
2017-07-12,56.230803,294905897.0,33738481.800000004
2017-07-13,56.370037,295405897.0,28185018.5
2017-07-14,56.844559,296005897.0,34106735.4
2017-07-17,56.881781,296005897.0,0.0
2017-07-18,57.117684,295855897.0,-8567652.6
2017-07-19,57.428395,296355897.0,28714197.5
2017-07-20,57.511499,296405897.0,2875574.95
2017-07-21,57.471871,297055897.0,37356716.15
2017-07-24,57.560577,297105897.0,2878028.85
2017-07-25,57.478951,298205897.0,63226846.1
2017-07-26,57.71903,298805897.0,34631418.0
2017-07-27,57.50906,300605897.0,103516308.0
2017-07-28,57.434357,298355897.0,-129227303.25
2017-07-31,57.170604,298505897.0,8575590.6
2017-08-01,57.456994,298155897.0,-20109947.900000002
2017-08-02,57.644655,298955897.0,46115724.0
2017-08-03,57.47708,298555897.0,-22990832.0
2017-08-04,57.63795,299005897.0,25937077.5
2017-08-07,57.950865,299755897.0,43463148.75
2017-08-08,57.868104,298355897.0,-81015345.60000001
2017-08-09,57.869882,297605897.0,-43402411.5
2017-08-10,56.725279,298105897.0,28362639.5
2017-08-11,57.108071,297605897.0,-28554035.5
2017-08-14,58.00432,297605897.0,0.0
2017-08-15,58.109976,298155897.0,31960486.8
2017-08-16,58.260504,297855897.0,-17478151.2
2017-08-17,57.123738,297805897.0,-2856186.9000000004
2017-08-18,57.07414,298105897.0,17122242.0
2017-08-21,57.073249,297355897.0,-42804936.75
2017-08-22,57.879998,294755897.0,-150487994.8
2017-08-23,57.782286,295655897.0,52004057.4
2017-08-24,57.699441,295305897.0,-20194804.35
2017-08-25,57.678636,295055897.0,-14419659.0
2017-08-28,57.831922,296205897.0,66506710.3
2017-08-29,58.041112,296905897.0,40628778.4
2017-08-30,58.459859,296705897.0,-11691971.8
2017-08-31,58.82349,296305897.0,-23529396.0
2017-09-01,58.803413,298055897.0,102905972.75
2017-09-05,58.270261,298005897.0,-2913513.05
2017-09-06,58.312122,296455897.0,-90383789.10000001
2017-09-07,58.494975,299105897.0,155011683.75
2017-09-08,58.025468,298405897.0,-40617827.599999994
2017-09-11,58.843473,298155897.0,-14710868.25
2017-09-12,58.982132,299205897.0,61931238.6
2017-09-13,58.927366,298305897.0,-53034629.4
2017-09-14,58.711533,297605897.0,-41098073.1
2017-09-15,58.746258,297655897.0,2937312.9
2017-09-18,58.760028,300505897.0,167466079.79999998
2017-09-19,59.063482,302255897.0,103361093.5
2017-09-20,58.824492,301705897.0,-32353470.6
2017-09-21,58.469307,304255897.0,149096732.85
2017-09-22,58.564426,302605897.0,-96631302.89999999
2017-09-25,57.84042,302655897.0,2892021.0
2017-09-26,58.008144,302455897.0,-11601628.8
2017-09-27,58.620961,302055897.0,-23448384.400000002
2017-09-28,58.712897,302355897.0,17613869.099999998
2017-09-29,59.12563,301605897.0,-44344222.5
2017-10-02,59.165287,301605897.0,0.0
2017-10-03,59.338071,302255897.0,38569746.15
2017-10-04,59.276795,301855897.0,-23710718.0
2017-10-05,59.846296,300555897.0,-77800184.8
2017-10-06,59.965306,300905897.0,20987857.099999998
2017-10-09,60.087377,298955897.0,-117170385.14999999
2017-10-10,60.135542,299305897.0,21047439.7
2017-10-11,60.362217,300055897.0,45271662.75
2017-10-12,60.214143,300455897.0,24085657.2
2017-10-13,60.47669,300755897.0,18143007.0
2017-10-16,60.715901,301405897.0,39465335.65
2017-10-17,60.70583,303955897.0,154799866.5
2017-10-18,60.853087,303655897.0,-18255926.1
2017-10-19,60.678729,305555897.0,115289585.1
2017-10-20,61.065735,305405897.0,-9159860.25
2017-10-23,60.799382,305305897.0,-6079938.2
2017-10-24,60.97251,304805897.0,-30486255.0
2017-10-25,60.675687,303955897.0,-51574333.95
2017-10-26,60.890494,303255897.0,-42623345.8
2017-10-27,62.527042,302355897.0,-56274337.800000004
2017-10-30,62.709223,304555897.0,137960290.6
2017-10-31,62.957156,305405897.0,53513582.6
2017-11-01,62.97646,304405897.0,-62976460.0
2017-11-02,62.996999,303255897.0,-72446548.85000001
2017-11-03,63.489647,306605897.0,212690317.45
2017-11-06,63.614677,306455897.0,-9542201.55
2017-11-07,63.690375,306105897.0,-22291631.25
2017-11-08,64.003064,306005897.0,-6400306.399999999
2017-11-09,63.519412,304805897.0,-76223294.4
2017-11-10,63.511231,304555897.0,-15877807.75
2017-11-13,63.493448,303955897.0,-38096068.8
2017-11-14,63.341903,305105897.0,72843188.45
2017-11-15,62.882975,306955897.0,116333503.75
2017-11-16,63.739822,306755897.0,-12747964.399999999
2017-11-17,63.368081,307055897.0,19010424.3
2017-11-20,63.573761,304505897.0,-162113090.54999998
2017-11-21,64.255867,303955897.0,-35340726.849999994
2017-11-22,64.169768,304105897.0,9625465.200000001
2017-11-24,64.487763,303355897.0,-48365822.25
2017-11-27,64.489394,305355897.0,128978788.00000001
2017-11-28,64.701103,305855897.0,32350551.5
2017-11-29,63.273101,305105897.0,-47454825.75
2017-11-30,63.864406,295355897.0,-622677958.5
2017-12-01,63.543827,296655897.0,82606975.1
2017-12-04,62.476542,296805897.0,9371481.3
2017-12-05,62.516339,294455897.0,-146913396.65
2017-12-06,62.907023,294505897.0,3145351.15
2017-12-07,63.287621,294655897.0,9493143.15
2017-12-08,63.602866,293855897.0,-50882292.8
2017-12-11,64.132574,293205897.0,-41686173.1
2017-12-12,64.105584,293105897.0,-6410558.399999999
2017-12-13,64.127332,293605897.0,32063665.999999996
2017-12-14,64.040142,293655897.0,3202007.1
2017-12-15,64.586502,294655897.0,64586501.99999999
2017-12-18,65.093466,302205897.0,491455668.3000001
2017-12-19,64.731214,303055897.0,55021531.9
2017-12-20,64.705271,302905897.0,-9705790.649999999
2017-12-21,64.564092,298605897.0,-277625595.6
2017-12-22,64.525442,300655897.0,132277156.1
2017-12-26,64.121327,303005897.0,150685118.45
2017-12-27,64.205753,302305897.0,-44944027.1
2017-12-28,64.294429,302155897.0,-9644164.35
2017-12-29,63.88617,304205897.0,130966648.5
2018-01-02,64.728124,302105897.0,-135929060.39999998
2018-01-03,65.279709,304255897.0,140351374.35
2018-01-04,65.614909,304605897.0,22965218.15
2018-01-05,66.333902,305205897.0,39800341.199999996
2018-01-08,66.57033,305205897.0,0.0
2018-01-09,66.385092,305405897.0,13277018.4
2018-01-10,66.149204,305855897.0,29767141.799999997
2018-01-11,66.44974,308105897.0,149511915.0
2018-01-12,66.842354,307805897.0,-20052706.2
2018-01-16,66.564432,305255897.0,-169739301.6
2018-01-17,67.555274,307105897.0,124977256.89999999
2018-01-18,67.675645,309405897.0,155653983.5
2018-01-19,67.79065,309405897.0,0.0
2018-01-22,68.439862,310655897.0,85549827.5
2018-01-23,68.790506,313955897.0,227008669.79999998
2018-01-24,68.23422,314605897.0,44352242.99999999
2018-01-25,68.115853,314205897.0,-27246341.2
2018-01-26,69.202205,313955897.0,-17300551.25
2018-01-29,68.583275,311805897.0,-147454041.25
2018-01-30,67.939287,320705897.0,604659654.3
2018-01-31,68.411402,320955897.0,17102850.5
2018-02-01,68.514399,320955897.0,0.0
2018-02-02,66.509507,317455897.0,-232783274.5
2018-02-05,63.824874,317155897.0,-19147462.2
2018-02-06,65.535283,318605897.0,95026160.35000001
2018-02-07,64.716892,306705897.0,-770131014.8000001
2018-02-08,62.022415,305905897.0,-49617932.0
2018-02-09,63.56951,301655897.0,-270170417.5
2018-02-12,64.6682,298005897.0,-236038930.0
2018-02-13,64.848714,296955897.0,-68091149.7
2018-02-14,66.031129,297105897.0,9904669.350000001
2018-02-15,67.263303,297605897.0,33631651.5
2018-02-16,67.166421,297455897.0,-10074963.15
2018-02-20,67.252159,297505897.0,3362607.95
2018-02-21,66.807615,294205897.0,-220465129.5
2018-02-22,66.869373,292805897.0,-93617122.19999999
2018-02-23,68.256853,293555897.0,51192639.75000001
2018-02-26,69.340534,296855897.0,228823762.20000002
2018-02-27,68.658117,299055897.0,151047857.4
2018-02-28,68.158913,301455897.0,163581391.2
2018-03-01,67.064851,301855897.0,26825940.400000002
2018-03-02,67.713374,301705897.0,-10157006.1
2018-03-05,68.354301,303955897.0,153797177.25000003
2018-03-06,68.534552,302455897.0,-102801828.00000001
2018-03-07,68.888065,301255897.0,-82665678.0
2018-03-08,69.205054,301655897.0,27682021.6
2018-03-09,70.514477,310555897.0,627578845.3
2018-03-12,70.726171,311705897.0,81335096.64999999
2018-03-13,69.928264,314505897.0,195799139.2
2018-03-14,69.847747,316605897.0,146680268.7
2018-03-15,69.891209,318305897.0,118815055.30000001
2018-03-16,69.641632,317405897.0,-62677468.800000004
2018-03-19,68.22939,317405897.0,0.0
2018-03-20,68.196322,316255897.0,-78425770.3
2018-03-21,67.785696,314505897.0,-118624968.0
2018-03-22,66.02536,314105897.0,-26410144.000000004
2018-03-23,64.276423,312905897.0,-77131707.6
2018-03-26,66.720784,311155897.0,-116761371.99999999
2018-03-27,64.590907,312105897.0,61361361.65
2018-03-28,64.152937,311355897.0,-48114702.74999999
2018-03-29,65.443507,309205897.0,-140703540.04999998
2018-04-02,63.869108,311605897.0,153285859.2
2018-04-03,64.501685,310455897.0,-74176937.75
2018-04-04,65.394218,309405897.0,-68663928.89999999
2018-04-05,65.668314,309305897.0,-6566831.399999999
2018-04-06,64.063222,307605897.0,-108907477.39999999
2018-04-09,64.530015,305155897.0,-158098536.75
2018-04-10,66.117657,305355897.0,13223531.399999999
2018-04-11,65.744712,306205897.0,55883005.2
2018-04-12,66.52579,306355897.0,9978868.5
2018-04-13,66.316034,307105897.0,49737025.5
2018-04-16,66.823397,307505897.0,26729358.8
2018-04-17,68.071776,308605897.0,74878953.6
2018-04-18,67.902823,307605897.0,-67902823.0
2018-04-19,67.152054,309205897.0,107443286.4
2018-04-20,66.179828,305855897.0,-221702423.8
2018-04-23,65.985622,307955897.0,138569806.20000002
2018-04-24,64.825472,300705897.0,-469984672.00000006
2018-04-25,64.792577,300705897.0,0.0
2018-04-26,65.995592,299905897.0,-52796473.6
2018-04-27,65.879949,300655897.0,49409961.75
2018-04-30,65.445289,302705897.0,134162842.45
2018-05-01,66.297974,303205897.0,33148987.0
2018-05-02,66.199944,302655897.0,-36409969.2
2018-05-03,66.369854,302305897.0,-23229448.900000002
2018-05-04,67.641181,300605897.0,-114990007.7
2018-05-07,68.11151,299255897.0,-91950538.5
2018-05-08,68.238223,303555897.0,293424358.90000004
2018-05-09,69.077788,306105897.0,176148359.4
2018-05-10,69.989431,307105897.0,69989431.0
2018-05-11,69.911115,307955897.0,59424447.74999999
2018-05-14,69.885529,309055897.0,76874081.9
2018-05-15,69.223271,308105897.0,-65762107.449999996
2018-05-16,69.517855,308455897.0,24331249.25
2018-05-17,69.178084,308505897.0,3458904.1999999997
2018-05-18,68.888535,309005897.0,34444267.5
2018-05-21,69.495314,308805897.0,-13899062.799999999
2018-05-22,69.333266,300905897.0,-547732801.4
2018-05-23,69.869083,309255897.0,583406843.0500001
2018-05-24,69.818593,310005897.0,52363944.75000001
2018-05-25,69.790146,308755897.0,-87237682.49999999
2018-05-29,69.345701,308155897.0,-41607420.6
2018-05-30,69.850167,308405897.0,17462541.75
2018-05-31,69.806429,305805897.0,-181496715.39999998
2018-06-01,71.104544,308955897.0,223979313.60000002
2018-06-04,71.624167,311455897.0,179060417.5
2018-06-05,71.936631,312755897.0,93517620.30000001
2018-06-06,72.362898,312955897.0,14472579.6
2018-06-07,71.689454,317205897.0,304680179.5
2018-06-08,71.717004,314805897.0,-172120809.6
2018-06-11,71.740385,312905897.0,-136306731.5
2018-06-12,72.124582,312605897.0,-21637374.6
2018-06-13,71.761378,311855897.0,-53821033.49999999
2018-06-14,72.216755,311305897.0,-39719215.25
2018-06-15,71.712322,310805897.0,-35856161.0
2018-06-18,71.798056,308455897.0,-168725431.6
2018-06-19,71.38916,310655897.0,157056152.0
2018-06-20,71.562667,309455897.0,-85875200.4
2018-06-21,71.019034,312455897.0,213057102.0
2018-06-22,70.825476,313205897.0,53119106.99999999
2018-06-25,69.321475,312705897.0,-34660737.5
2018-06-26,69.606244,313005897.0,20881873.200000003
2018-06-27,68.669059,311655897.0,-92703229.65
2018-06-28,69.467765,310155897.0,-104201647.5
2018-06-29,69.4413,310705897.0,38192715.0
2018-07-02,70.088028,310905897.0,14017605.6
2018-07-03,69.253689,309755897.0,-79641742.35
2018-07-05,70.231229,309605897.0,-10534684.35
2018-07-06,71.055336,310355897.0,53291502.0
2018-07-09,71.587569,311255897.0,64428812.1
2018-07-10,71.799231,311805897.0,39489577.050000004
2018-07-11,71.406829,309455897.0,-167806048.15
2018-07-12,72.620783,309805897.0,25417274.05
2018-07-13,72.566762,310805897.0,72566762.0
2018-07-16,72.360447,312105897.0,94068581.1
2018-07-17,72.887299,311955897.0,-10933094.85
2018-07-18,72.793294,312005897.0,3639664.7
2018-07-19,72.51208,311455897.0,-39881644.0
2018-07-20,72.547762,311055897.0,-29019104.8
2018-07-23,72.894932,310455897.0,-43736959.199999996
2018-07-24,73.318811,316005897.0,406919401.04999995
2018-07-25,74.19853,317455897.0,107587868.50000001
2018-07-26,73.085318,318505897.0,76739583.9
2018-07-27,71.824306,323705897.0,373486391.20000005
2018-07-30,70.739508,320305897.0,-240514327.2
2018-07-31,70.895681,319605897.0,-49626976.699999996
2018-08-01,71.527202,318055897.0,-110867163.10000001
2018-08-02,72.445029,317955897.0,-7244502.9
2018-08-03,72.723064,313905897.0,-294528409.2
2018-08-06,73.133061,316055897.0,157236081.15
2018-08-07,73.378864,315655897.0,-29351545.599999998
2018-08-08,73.57754,314555897.0,-80935294.0
2018-08-09,73.604383,313655897.0,-66243944.699999996
2018-08-10,73.050573,309005897.0,-339685164.45
2018-08-13,72.941791,312005897.0,218825372.99999997
2018-08-14,73.397378,312605897.0,44038426.800000004
2018-08-15,72.742066,311905897.0,-50919446.199999996
2018-08-16,73.019164,310805897.0,-80321080.4
2018-08-17,73.162994,312655897.0,135351538.9
2018-08-20,73.064019,312255897.0,-29225607.6
2018-08-21,73.150243,309305897.0,-215793216.85000002
2018-08-22,73.368763,308505897.0,-58695010.4
2018-08-23,73.490725,305155897.0,-246193928.75
2018-08-24,74.271845,307955897.0,207961166.0
2018-08-27,74.954844,307955897.0,0.0
2018-08-28,75.078588,309855897.0,142649317.2
2018-08-29,75.747503,309755897.0,-7574750.3
2018-08-30,75.530468,305505897.0,-321004489.0
2018-08-31,75.59524,310555897.0,381755962.0
2018-09-04,75.33411,313505897.0,222235624.5
2018-09-05,74.325086,309155897.0,-323314124.1
2018-09-06,73.801664,309805897.0,47971081.6
2018-09-07,73.546713,307605897.0,-161802768.6
2018-09-10,73.787284,311055897.0,254566129.8
2018-09-11,74.423099,311205897.0,11163464.85
2018-09-12,74.154489,312705897.0,111231733.5
2018-09-13,74.963994,310305897.0,-179913585.6
2018-09-14,74.956436,311905897.0,119930297.6
2018-09-17,73.998349,312855897.0,70298431.55
2018-09-18,74.431721,312455897.0,-29772688.4
2018-09-19,74.290293,312555897.0,7429029.300000001
2018-09-20,75.123209,356655897.0,3312933516.9
2018-09-21,74.680407,356155897.0,-37340203.5
2018-09-24,74.913134,305205897.0,-3816824177.3
2018-09-25,74.879853,303005897.0,-164735676.6
2018-09-26,74.57563,306105897.0,231184453.0
2018-09-27,74.977249,302205897.0,-292411271.1
2018-09-28,75.3002,305855897.0,274845730.0
2018-10-01,75.668459,304905897.0,-71885036.05
2018-10-02,75.660367,305455897.0,41613201.849999994
2018-10-03,75.913909,305455897.0,0.0
2018-10-04,74.583233,300555897.0,-365457841.70000005
2018-10-05,73.643179,299555897.0,-73643179.0
2018-10-08,72.774562,294855897.0,-342040441.40000004
2018-10-09,73.034213,295155897.0,21910263.9
2018-10-10,69.553642,295605897.0,31299138.9
2018-10-11,68.672271,294605897.0,-68672271.0
2018-10-12,70.833081,287755897.0,-485206604.85
2018-10-15,69.682527,286755897.0,-69682527.0
2018-10-16,71.786984,287855897.0,78965682.4
2018-10-17,71.461698,287705897.0,-10719254.7
2018-10-18,70.021464,287355897.0,-24507512.4
2018-10-19,70.028246,287105897.0,-17507061.5
2018-10-22,70.594717,286755897.0,-24708150.95
2018-10-23,70.311585,286355897.0,-28124633.999999996
2018-10-24,67.201237,287105897.0,50400927.75000001
2018-10-25,69.430495,288255897.0,79845069.24999999
2018-10-26,68.132241,289305897.0,71538853.05
2018-10-29,66.901473,286705897.0,-173943829.79999998
2018-10-30,67.684135,292055897.0,362110122.25
2018-10-31,69.302014,283905897.0,-564811414.1
2018-11-01,70.132787,283955897.0,3506639.3499999996
2018-11-02,68.807248,284755897.0,55045798.4
2018-11-05,68.683728,285555897.0,54946982.4
2018-11-06,69.123172,287405897.0,127877868.19999999
2018-11-07,71.10552,283805897.0,-255979872.0
2018-11-08,71.033526,284855897.0,74585202.3
2018-11-09,69.861259,285255897.0,27944503.6
2018-11-12,67.395823,285255897.0,0.0
2018-11-13,67.456386,285255897.0,0.0
2018-11-14,66.640067,285355897.0,6664006.7
2018-11-15,68.281243,285155897.0,-13656248.600000001
2018-11-16,68.207344,285755897.0,40924406.400000006
2018-11-19,65.636131,285155897.0,-39381678.6
2018-11-20,64.238532,286005897.0,54602752.2
2018-11-21,64.642709,282555897.0,-223017346.04999998
2018-11-23,64.081664,283255897.0,44857164.800000004
2018-11-26,65.519243,283255897.0,0.0
2018-11-27,65.676854,282955897.0,-19703056.200000003
2018-11-28,67.928725,281805897.0,-78118033.75
2018-11-29,67.284198,281905897.0,6728419.800000001
2018-11-30,67.996793,281205897.0,-47597755.099999994
2018-12-03,69.429318,279605897.0,-111086908.8
2018-12-04,66.763353,278555897.0,-70101520.64999999
2018-12-06,66.927977,279305897.0,50195982.75
2018-12-07,64.574274,280905897.0,103318838.4
2018-12-10,65.495007,282555897.0,108066761.55
2018-12-11,65.554875,282605897.0,3277743.75
2018-12-12,66.07525,283355897.0,49556437.5
2018-12-13,66.212088,290505897.0,473416429.2
2018-12-14,64.576077,290305897.0,-12915215.4
2018-12-17,63.151509,290705897.0,25260603.599999998
2018-12-18,63.713152,289255897.0,-92384070.4
2018-12-19,62.48164,291305897.0,128087362.0
2018-12-20,61.30864,291055897.0,-15327160.0
2018-12-21,59.218076,287605897.0,-204302362.20000002
2018-12-24,57.606381,281055897.0,-377321795.55
2018-12-26,61.082479,281205897.0,9162371.85
2018-12-27,61.554825,283255897.0,126187391.25
2018-12-28,61.401229,280755897.0,-153503072.5
2018-12-31,61.98258,280205897.0,-34090419.0
2019-01-02,62.023731,279205897.0,-62023731.0
2019-01-03,58.90753,283355897.0,244466249.5
2019-01-04,61.492188,282405897.0,-58417578.6
2019-01-07,62.021177,281355897.0,-65122235.85
2019-01-08,62.580152,280405897.0,-59451144.4
2019-01-09,63.353988,281605897.0,76024785.6
2019-01-10,63.646962,279455897.0,-136840968.3
2019-01-11,63.558521,279305897.0,-9533778.15
2019-01-14,62.976749,279105897.0,-12595349.799999999
2019-01-15,63.914894,278955897.0,-9587234.1
2019-01-16,63.94424,276255897.0,-172649448.0
2019-01-17,64.370981,275355897.0,-57933882.9
2019-01-18,65.32957,276205897.0,55530134.5
2019-01-22,64.178408,275655897.0,-35298124.400000006
2019-01-23,64.443624,276655897.0,64443624.0
2019-01-24,65.040707,277005897.0,22764247.45
2019-01-25,65.980331,274455897.0,-168249844.05
2019-01-28,65.057931,272855897.0,-104092689.6
2019-01-29,64.401636,271755897.0,-70841799.6
2019-01-30,66.358834,272055897.0,19907650.2
2019-01-31,66.284526,271255897.0,-53027620.8
2019-02-01,66.683864,268205897.0,-203385785.2
2019-02-04,67.749606,265905897.0,-155824093.8
2019-02-05,68.349044,265755897.0,-10252356.600000001
2019-02-06,68.534796,265805897.0,3426739.8
2019-02-07,67.570606,273105897.0,493265423.8
2019-02-08,67.948438,266455897.0,-451857112.7
2019-02-11,67.951515,266405897.0,-3397575.75
2019-02-12,68.874245,265455897.0,-65430532.75
2019-02-13,68.970083,265855897.0,27588033.2
2019-02-14,69.062041,265705897.0,-10359306.149999999
2019-02-15,69.60659,265155897.0,-38283624.5
2019-02-19,69.618154,264505897.0,-45251800.1
2019-02-20,69.703669,266005897.0,104555503.50000001
2019-02-21,69.740774,264955897.0,-73227812.7
2019-02-22,70.634666,266105897.0,81229865.89999999
2019-02-25,70.984292,266655897.0,39041360.6
2019-02-26,71.123609,268805897.0,152915759.35
2019-02-27,71.055041,267755897.0,-74607793.05
2019-02-28,70.836254,270955897.0,226676012.79999998
2019-03-01,71.335841,270705897.0,-17833960.25
2019-03-04,71.058542,273055897.0,166987573.70000002
2019-03-05,70.853081,273105897.0,3542654.0500000003
2019-03-06,70.47715,272405897.0,-49334004.99999999
2019-03-07,69.83562,273555897.0,80310963.0
2019-03-08,69.817409,276005897.0,171052652.04999998
2019-03-11,71.325806,275155897.0,-60626935.1
2019-03-12,71.701111,274605897.0,-39435611.05
2019-03-13,72.191076,274905897.0,21657322.799999997
2019-03-14,72.341887,271955897.0,-213408566.65
2019-03-15,72.985073,273305897.0,98529848.55
2019-03-18,73.283067,262905897.0,-762143896.8000001
2019-03-19,73.433861,263105897.0,14686772.2
2019-03-20,73.247267,261255897.0,-135507443.95
2019-03-21,75.052162,260505897.0,-56289121.5
2019-03-22,73.295917,256005897.0,-329831626.5
2019-03-25,73.00543,253955897.0,-149661131.5
2019-03-26,73.412627,256605897.0,194543461.55
2019-03-27,73.011977,260305897.0,270144314.90000004
2019-03-28,73.288321,261805897.0,109932481.5
2019-03-29,74.002222,262605897.0,59201777.6
2019-04-01,75.039264,263705897.0,82543190.4
2019-04-02,75.2656,265455897.0,131714800.00000001
2019-04-03,75.891072,267255897.0,136603929.6
2019-04-04,75.583171,265105897.0,-162503817.64999998
2019-04-05,75.904559,264605897.0,-37952279.5
2019-04-08,76.216197,264355897.0,-19054049.25
2019-04-09,75.820303,264355897.0,0.0
2019-04-10,76.374926,265005897.0,49643701.9
2019-04-11,76.280148,265905897.0,68652133.2
2019-04-12,76.807297,266605897.0,53765107.900000006
2019-04-15,76.778729,265605897.0,-76778729.0
2019-04-16,77.150789,263355897.0,-173589275.25
2019-04-17,77.597461,261505897.0,-143555302.85
2019-04-18,77.815243,261055897.0,-35016859.35
2019-04-22,77.991468,261155897.0,7799146.8
2019-04-23,78.868705,262205897.0,82812140.25
2019-04-24,78.861648,264805897.0,205040284.8
2019-04-25,78.860707,266605897.0,141949272.60000002
2019-04-26,78.58204,267955897.0,106085754.00000001
2019-04-29,78.577532,266905897.0,-82506408.60000001
2019-04-30,78.744255,268355897.0,114179169.75
2019-05-01,78.530889,263655897.0,-369095178.3
2019-05-02,78.108149,267055897.0,265567706.6
2019-05-03,78.855697,267505897.0,35485063.650000006
2019-05-06,78.233779,268755897.0,97792223.75
2019-05-07,76.581165,269005897.0,19145291.25
2019-05-08,76.453124,270455897.0,110857029.8
2019-05-09,75.955728,268455897.0,-151911456.0
2019-05-10,76.141304,271655897.0,243652172.8
2019-05-13,73.324344,269605897.0,-150314905.2
2019-05-14,74.497729,269055897.0,-40973750.95
2019-05-15,75.281491,269455897.0,30112596.400000002
2019-05-16,76.029068,267755897.0,-129249415.6
2019-05-17,75.405451,270155897.0,180973082.4
2019-05-20,74.095126,270155897.0,0.0
2019-05-21,74.981748,270355897.0,14996349.6
2019-05-22,74.561126,271605897.0,93201407.5
2019-05-23,73.27834,274805897.0,234490688.0
2019-05-24,73.313239,275005897.0,14662647.799999999
2019-05-28,73.071445,273655897.0,-98646450.75
2019-05-29,72.637836,281505897.0,570207012.5999999
2019-05-30,73.080031,278555897.0,-215586091.45000002
2019-05-31,71.91361,278205897.0,-25169763.500000004
2019-06-03,70.653341,276955897.0,-88316676.25
2019-06-04,72.953058,275305897.0,-120372545.7
2019-06-05,73.966083,280855897.0,410511760.65
2019-06-06,74.767616,273655897.0,-538326835.2
2019-06-07,76.202325,273655897.0,0.0
2019-06-10,76.94764,274405897.0,57710730.00000001
2019-06-11,76.970098,274755897.0,26939534.299999997
2019-06-12,76.52709,277005897.0,172185952.5
2019-06-13,76.703967,276155897.0,-65198371.95
2019-06-14,76.070251,277205897.0,79873763.55
2019-06-17,76.195849,277355897.0,11429377.35
2019-06-18,77.503841,275005897.0,-182134026.35
2019-06-19,77.839938,273905897.0,-85623931.8
2019-06-20,78.950326,272055897.0,-146058103.1
2019-06-21,78.326098,270605897.0,-113572842.10000001
2019-06-24,78.444133,270605897.0,0.0
2019-06-25,77.004181,271655897.0,80854390.05
2019-06-26,77.844344,272505897.0,66167692.400000006
2019-06-27,78.063496,272855897.0,27322223.6
2019-06-28,78.174158,271655897.0,-93808989.60000001
2019-07-01,79.303139,265355897.0,-499609775.7
2019-07-02,79.530152,265105897.0,-19882538.0
2019-07-03,80.092483,270105897.0,400462415.0
2019-07-05,79.937472,265005897.0,-407681107.2
2019-07-08,79.359059,265455897.0,35711576.550000004
2019-07-09,79.615827,265455897.0,0.0
2019-07-10,80.25271,265205897.0,-20063177.5
2019-07-11,80.523843,266005897.0,64419074.4
2019-07-12,81.162449,266955897.0,77104326.55
2019-07-15,81.405507,268055897.0,89546057.7
2019-07-16,80.67455,267205897.0,-68573367.5
2019-07-17,80.442951,267205897.0,0.0
2019-07-18,81.089654,267705897.0,40544827.0
2019-07-19,80.640225,267705897.0,0.0
2019-07-22,81.624605,267155897.0,-44893532.75
2019-07-23,82.076208,267755897.0,49245724.8
2019-07-24,82.779431,270155897.0,198670634.4
2019-07-25,82.125355,271405897.0,102656693.75
2019-07-26,82.582587,270305897.0,-90840845.7
2019-07-29,82.540785,270205897.0,-8254078.5
2019-07-30,81.976322,270055897.0,-12296448.299999999
2019-07-31,80.7754,270055897.0,0.0
2019-08-01,80.344363,272755897.0,216929780.1
2019-08-02,78.993979,272555897.0,-15798795.799999999
2019-08-05,75.783895,274105897.0,117465037.25
2019-08-06,77.023334,274255897.0,11553500.100000001
2019-08-07,77.514053,272605897.0,-127898187.45
2019-08-08,79.383443,279005897.0,508054035.2
2019-08-09,78.444154,277105897.0,-149043892.6
2019-08-12,77.460447,273555897.0,-274984586.85
2019-08-13,79.369753,272755897.0,-63495802.400000006
2019-08-14,76.961258,270905897.0,-142378327.3
2019-08-15,76.824311,270505897.0,-30729724.4
2019-08-16,78.262946,271705897.0,93915535.2
2019-08-19,79.477569,271505897.0,-15895513.8
2019-08-20,79.06125,272755897.0,98826562.5
2019-08-21,79.99518,273005897.0,19998795.0
2019-08-22,79.789195,274805897.0,143620551.0
2019-08-23,77.158846,275505897.0,54011192.199999996
2019-08-26,78.232877,274205897.0,-101702740.10000001
2019-08-27,78.128082,275005897.0,62502465.6
2019-08-28,78.205337,274655897.0,-27371867.95
2019-08-29,79.557231,274405897.0,-19889307.75
2019-08-30,79.566587,274605897.0,15913317.4
2019-09-03,78.566056,274805897.0,15713211.200000001
2019-09-04,79.904597,274905897.0,7990459.699999999
2019-09-05,81.59992,277605897.0,220319784.0
2019-09-06,81.476131,277855897.0,20369032.75
2019-09-09,80.890825,279255897.0,113247155.00000001
2019-09-10,80.50015,282155897.0,233450435.0
2019-09-11,81.32198,281755897.0,-32528792.0
2019-09-12,81.735995,282805897.0,85822794.75
2019-09-13,81.190628,282405897.0,-32476251.200000003
2019-09-16,80.971437,284255897.0,149797158.45
2019-09-17,81.252513,282755897.0,-121878769.49999999
2019-09-18,81.305212,283055897.0,24391563.599999998
2019-09-19,81.477833,284505897.0,118142857.85000001
2019-09-20,80.330668,284305897.0,-16066133.600000001
2019-09-23,80.513787,279205897.0,-410620313.7
2019-09-24,79.692397,280405897.0,95630876.4
2019-09-25,80.677119,278455897.0,-157320382.05
2019-09-26,80.708668,277805897.0,-52460634.2
2019-09-27,79.67646,278555897.0,59757345.00000001
2019-09-30,80.505229,278305897.0,-20126307.25
2019-10-01,79.821947,278455897.0,11973292.049999999
2019-10-02,78.246141,278355897.0,-7824614.1
2019-10-03,79.23726,280705897.0,186207561.0
2019-10-04,80.588775,276705897.0,-322355100.0
2019-10-07,80.203736,277305897.0,48122241.6
2019-10-08,78.753456,276805897.0,-39376728.0
2019-10-09,79.904622,276855897.0,3995231.1
2019-10-10,80.412859,277155897.0,24123857.7
2019-10-11,81.608945,277605897.0,36724025.25
2019-10-14,81.525846,277055897.0,-44839215.300000004
2019-10-15,82.424713,277355897.0,24727413.9
2019-10-16,81.850205,277505897.0,12277530.75
2019-10-17,81.658819,278305897.0,65327055.199999996
2019-10-18,80.915125,277705897.0,-48549075.0
2019-10-21,81.776181,277005897.0,-57243326.699999996
2019-10-22,80.656888,277555897.0,44361288.4
2019-10-23,80.75449,277005897.0,-44414969.5
2019-10-24,81.948464,277505897.0,40974232.0
2019-10-25,82.927363,277855897.0,29024577.05
2019-10-28,83.973839,277855897.0,0.0
2019-10-29,83.203017,278255897.0,33281206.8
2019-10-30,83.720874,277405897.0,-71162742.89999999
2019-10-31,83.622864,279105897.0,142158868.8
2019-11-01,84.638961,279755897.0,55015324.65
2019-11-04,85.100982,280005897.0,21275245.5
2019-11-05,84.977991,282505897.0,212444977.5
2019-11-06,84.98605,282505897.0,0.0
2019-11-07,85.623212,290455897.0,680704535.4
2019-11-08,86.123902,284755897.0,-490906241.40000004
2019-11-11,86.175424,285205897.0,38778940.800000004
2019-11-12,86.422995,284655897.0,-47532647.25
2019-11-13,86.640207,285155897.0,43320103.5
2019-11-14,86.536122,286055897.0,77882509.80000001
2019-11-15,87.262841,285355897.0,-61083988.699999996
2019-11-18,87.485014,283455897.0,-166221526.60000002
2019-11-19,87.696952,283455897.0,0.0
2019-11-20,87.125442,285955897.0,217813605.00000003
2019-11-21,86.705646,286255897.0,26011693.8
2019-11-22,86.601224,287655897.0,121241713.60000001
2019-11-25,87.834695,288455897.0,70267756.0
2019-11-26,87.896447,288405897.0,-4394822.35
2019-11-27,88.399382,289205897.0,70719505.60000001
2019-11-29,88.103553,289405897.0,17620710.6
2019-12-02,86.877208,290355897.0,82533347.6
2019-12-03,86.142658,290605897.0,21535664.5
2019-12-04,86.45599,289255897.0,-116715586.5
2019-12-05,86.795962,290055897.0,69436769.60000001
2019-12-06,87.766132,289805897.0,-21941533.0
2019-12-09,87.342564,290155897.0,30569897.4
2019-12-10,87.35339,289355897.0,-69882712.0
2019-12-11,87.968918,289305897.0,-4398445.9
2019-12-12,88.932289,288605897.0,-62252602.3
2019-12-13,89.500148,287855897.0,-67125111.0
2019-12-16,90.276227,287955897.0,9027622.700000001
2019-12-17,90.12279,288405897.0,40555255.5
2019-12-18,90.067043,288155897.0,-22516760.75
2019-12-19,90.704295,286905897.0,-113380368.75
2019-12-20,90.941506,285755897.0,-104582731.9
2019-12-23,91.215393,286555897.0,72972314.4
2019-12-24,91.252081,286205897.0,-31938228.35
2019-12-26,91.925597,287105897.0,82733037.3
2019-12-27,91.945207,286855897.0,-22986301.75
2019-12-30,91.403034,283355897.0,-319910619.0
2019-12-31,91.744633,283355897.0,0.0
2020-01-02,93.357963,289605897.0,583487268.75
2020-01-03,92.366212,285205897.0,-406411332.8
2020-01-06,92.6329,287255897.0,189897445.0
2020-01-07,92.531052,287055897.0,-18506210.400000002
2020-01-08,93.497469,285755897.0,-121546709.69999999
2020-01-09,94.555421,287355897.0,151288673.6
2020-01-10,94.37669,287905897.0,51907179.5
2020-01-13,95.642919,288555897.0,62167897.35
2020-01-14,95.073201,288655897.0,9507320.1
2020-01-15,95.147702,288405897.0,-23786925.5
2020-01-16,96.47808,288155897.0,-24119520.0
2020-01-17,97.16425,287455897.0,-68014975.0
2020-01-21,97.083239,290055897.0,252416421.4
2020-01-22,97.438118,291055897.0,97438118.0
2020-01-23,97.908445,291455897.0,39163378.0
2020-01-24,97.466939,292455897.0,97466939.0
2020-01-27,95.167407,291505897.0,-90409036.64999999
2020-01-28,96.948713,290305897.0,-116338455.6
2020-01-29,97.155461,288555897.0,-170022056.75
2020-01-30,98.025816,285205897.0,-328386483.6
2020-01-31,95.36552,285205897.0,0.0
2020-02-03,96.61992,285055897.0,-14492987.999999998
2020-02-04,99.126315,284005897.0,-104082630.75
2020-02-05,99.722396,284505897.0,49861198.0
2020-02-06,100.621782,285055897.0,55341980.1
2020-02-07,99.707525,283455897.0,-159532040.0
2020-02-10,101.053015,283105897.0,-35368555.25
2020-02-11,100.705453,283055897.0,-5035272.65
2020-02-12,101.772181,282305897.0,-76329135.75
2020-02-13,101.47706,281905897.0,-40590824.0
2020-02-14,101.977098,282405897.0,50988549.0
2020-02-18,101.624274,282805897.0,40649709.6
2020-02-19,102.784149,283705897.0,92505734.1
2020-02-20,101.754298,284405897.0,71228008.60000001
2020-02-21,99.470211,287355897.0,293437122.45000005
2020-02-24,95.319492,286155897.0,-114383390.39999999
2020-02-25,92.295711,284255897.0,-175361850.9
2020-02-26,92.664155,285455897.0,111196986.0
2020-02-27,87.748651,286255897.0,70198920.8
2020-02-28,88.439206,281805897.0,-393554466.7
2020-03-02,93.466178,281405897.0,-37386471.2
2020-03-03,89.931172,281905897.0,44965586.0
2020-03-04,93.782706,284855897.0,276658982.7
2020-03-05,90.778791,285755897.0,81700911.89999999
2020-03-06,88.938307,284755897.0,-88938307.0
2020-03-09,82.232389,285105897.0,28781336.15
2020-03-10,87.648544,283805897.0,-113943107.2
2020-03-11,83.535885,290305897.0,542983252.5
2020-03-12,75.351359,287855897.0,-184610829.55
2020-03-13,84.339963,287355897.0,-42169981.5
2020-03-16,72.636151,289255897.0,138008686.9
2020-03-17,77.542139,289455897.0,15508427.8
2020-03-18,73.99193,290555897.0,81391123.0
2020-03-19,74.809199,291305897.0,56106899.25000001
2020-03-20,71.528883,291455897.0,10729332.45
2020-03-23,70.460697,290205897.0,-88075871.25
2020-03-24,77.713477,290055897.0,-11657021.549999999
2020-03-25,77.495204,290805897.0,58121403.0
2020-03-26,82.406961,292755897.0,160693573.95
2020-03-27,78.616886,294755897.0,157233772.0
2020-03-30,81.940008,294005897.0,-61455006.00000001
2020-03-31,80.394175,294805897.0,64315340.0
2020-04-01,76.609447,293955897.0,-65118029.95
2020-04-02,78.376472,293505897.0,-35269412.400000006
2020-04-03,77.085809,293205897.0,-23125742.7
2020-04-06,83.840501,291905897.0,-108992651.3
2020-04-07,82.951309,292005897.0,8295130.899999999
2020-04-08,85.236249,291405897.0,-51141749.4
2020-04-09,85.25078,292455897.0,89513319.0
2020-04-13,85.42338,290805897.0,-140948577.0
2020-04-14,88.979577,290005897.0,-71183661.60000001
2020-04-15,87.043852,291555897.0,134917970.6
2020-04-16,88.124064,291455897.0,-8812406.4
2020-04-17,89.334313,291455897.0,0.0
2020-04-20,87.741352,293405897.0,171095636.4
2020-04-21,84.14694,293455897.0,4207347.0
2020-04-22,87.398694,295455897.0,174797388.0
2020-04-23,86.796865,294605897.0,-73777335.25
2020-04-24,88.622374,293905897.0,-62035661.8
2020-04-27,89.42851,293855897.0,-4471425.5
2020-04-28,88.172049,295405897.0,136666675.95
2020-04-29,91.886282,296555897.0,105669224.3
2020-04-30,91.466914,297655897.0,100613605.4
2020-05-01,88.814575,297055897.0,-53288745.0
2020-05-04,90.076473,296505897.0,-49542060.15
2020-05-05,91.357451,297955897.0,132468303.95
2020-05-06,92.028835,298655897.0,64420184.5
2020-05-07,93.44256,299405897.0,70081920.0
2020-05-08,94.795356,298055897.0,-127973730.6
2020-05-11,95.453491,300255897.0,209997680.2
2020-05-12,93.420649,301405897.0,107433746.35
2020-05-13,91.854833,303705897.0,211266115.9
2020-05-14,93.008931,304555897.0,79057591.35000001
2020-05-15,93.402051,300955897.0,-336247383.6
2020-05-18,95.790441,300255897.0,-67053308.7
2020-05-19,95.405231,300255897.0,0.0
2020-05-20,97.481561,303205897.0,287570604.95
2020-05-21,96.125512,301605897.0,-153800819.2
2020-05-22,96.526167,301505897.0,-9652616.7
2020-05-26,96.413147,301155897.0,-33744601.449999996
2020-05-27,96.936371,302405897.0,121170463.75
2020-05-28,96.755899,298755897.0,-353159031.35
2020-05-29,97.896141,299305897.0,53842877.55
2020-06-01,97.917853,303055897.0,367191948.75
2020-06-02,98.832777,304605897.0,153190804.35
2020-06-03,99.656414,302655897.0,-194330007.29999998
2020-06-04,98.82275,302555897.0,-9882275.0
2020-06-05,101.471482,301955897.0,-60882889.199999996
2020-06-08,101.926163,302205897.0,25481540.75
2020-06-09,102.421955,302155897.0,-5121097.75
2020-06-10,104.1513,300755897.0,-145811820.0
2020-06-11,98.120938,302855897.0,206053969.79999998
2020-06-12,99.438077,300355897.0,-248595192.50000003
2020-06-15,100.301484,300305897.0,-5015074.2
2020-06-16,102.462193,300205897.0,-10246219.3
2020-06-17,102.494984,301255897.0,107619733.2
2020-06-18,102.990002,303655897.0,247176004.8
2020-06-19,102.222521,303455897.0,-20444504.2
2020-06-22,103.90373,296905897.0,-680569431.5
2020-06-23,104.631514,297355897.0,47084181.3
2020-06-24,102.237833,298555897.0,122685399.6
2020-06-25,103.565416,297355897.0,-124278499.2
2020-06-26,101.484917,297855897.0,50742458.5
2020-06-29,102.607475,302955897.0,523298122.49999994
2020-06-30,104.572956,303055897.0,10457295.6
2020-07-01,104.681968,303955897.0,94213771.2
2020-07-02,105.230672,304755897.0,84184537.6
2020-07-06,107.12409,303955897.0,-85699272.0
2020-07-07,105.993284,303905897.0,-5299664.2
2020-07-08,107.693175,303905897.0,0.0
2020-07-09,108.103366,303855897.0,-5405168.3
2020-07-10,108.072304,303405897.0,-48632536.800000004
2020-07-13,105.784848,303005897.0,-42313939.199999996
2020-07-14,107.056233,304155897.0,123114667.95
2020-07-15,107.629766,303505897.0,-69959347.9
2020-07-16,106.317193,303005897.0,-53158596.5
2020-07-17,106.827995,303355897.0,37389798.25
2020-07-20,109.580873,302855897.0,-54790436.5
2020-07-21,108.418559,302855897.0,0.0
2020-07-22,109.314527,302605897.0,-27328631.75
2020-07-23,106.444227,302705897.0,10644422.7
2020-07-24,105.182357,303005897.0,31554707.099999998
2020-07-27,106.875076,303205897.0,21375015.200000003
2020-07-28,105.571988,303205897.0,0.0
2020-07-29,107.152873,303205897.0,0.0
2020-07-30,107.732518,301505897.0,-183145280.6
2020-07-31,110.428332,300905897.0,-66256999.199999996
2020-08-03,113.171118,300105897.0,-90536894.4
2020-08-04,113.416555,300555897.0,51037449.75
2020-08-05,113.811726,301855897.0,147955243.79999998
2020-08-06,115.486617,302055897.0,23097323.4
2020-08-07,113.756359,303255897.0,136507630.8
2020-08-10,113.383132,304955897.0,192751324.4
2020-08-11,111.365665,302905897.0,-228299613.25
2020-08-12,113.937033,303255897.0,39877961.55
2020-08-13,113.992538,303855897.0,68395522.8
2020-08-14,113.88317,304055897.0,22776634.0
2020-08-17,114.647122,304105897.0,5732356.1
2020-08-18,115.097161,303455897.0,-74813154.65
2020-08-19,114.844685,305905897.0,281369478.25
2020-08-20,116.496683,303555897.0,-273767205.05
2020-08-21,117.905488,303255897.0,-35371646.4
2020-08-24,118.932093,302005897.0,-148665116.25
2020-08-25,119.551055,302355897.0,41842869.25
2020-08-26,121.997546,303005897.0,79298404.9
2020-08-27,122.037646,303805897.0,97630116.8
2020-08-28,123.205928,302605897.0,-147847113.6
2020-08-31,123.648367,303505897.0,111283530.3
2020-09-01,125.940859,304955897.0,182614245.55
2020-09-02,127.108597,304255897.0,-88976017.9
2020-09-03,119.716186,302505897.0,-209503325.5
2020-09-04,118.109311,300955897.0,-183069432.05
2020-09-08,112.705752,300355897.0,-67623451.2
2020-09-09,116.468468,300705897.0,40763963.8
2020-09-10,113.833407,302455897.0,199208462.25
2020-09-11,112.981657,302455897.0,0.0
2020-09-14,115.320312,303305897.0,98022265.2
2020-09-15,116.468041,303605897.0,34940412.3
2020-09-16,114.656601,304655897.0,120389431.05
2020-09-17,113.692015,305905897.0,142115018.75
2020-09-18,111.808428,304955897.0,-106218006.60000001
2020-09-21,112.423421,299005897.0,-668919354.95
2020-09-22,114.271804,295755897.0,-371383363.0
2020-09-23,110.609604,293855897.0,-210158247.6
2020-09-24,111.291459,292905897.0,-105726886.05
2020-09-25,113.954359,292655897.0,-28488589.75
2020-09-28,116.06389,292005897.0,-75441528.5
2020-09-29,115.714175,291605897.0,-46285670.0
2020-09-30,116.761427,292405897.0,93409141.6
2020-10-01,117.902519,292005897.0,-47161007.6
2020-10-02,114.900734,289755897.0,-258526651.5
2020-10-05,117.498851,288255897.0,-176248276.5
2020-10-06,115.627896,291205897.0,341102293.20000005
2020-10-07,117.820334,289505897.0,-200294567.8
2020-10-08,118.354613,291755897.0,266297879.25
2020-10-09,120.183097,291755897.0,0.0
2020-10-12,123.443236,292155897.0,49377294.4
2020-10-13,122.666984,292705897.0,67466841.2
2020-10-14,121.99537,292205897.0,-60997685.0
2020-10-15,121.453374,291805897.0,-48581349.6
2020-10-16,121.114582,291405897.0,-48445832.8
2020-10-19,118.845129,291455897.0,5942256.45
2020-10-20,119.298965,291505897.0,5964948.25
2020-10-21,119.142303,292105897.0,71485381.8
2020-10-22,118.580503,292105897.0,0.0
2020-10-23,118.43802,291505897.0,-71062812.0
2020-10-26,115.873595,291605897.0,11587359.5
2020-10-27,116.475436,291355897.0,-29118859.0
2020-10-28,111.435376,293055897.0,189440139.20000002
2020-10-29,113.557719,294455897.0,158980806.6
2020-10-30,110.795097,294955897.0,55397548.5
2020-11-02,111.173904,295155897.0,22234780.799999997
2020-11-03,113.173941,296155897.0,113173941.0
2020-11-04,117.507676,294705897.0,-170386130.20000002
2020-11-05,121.193711,297405897.0,327223019.7
2020-11-06,121.598823,297205897.0,-24319764.599999998
2020-11-09,120.735542,299455897.0,271654969.5
2020-11-10,118.400804,301455897.0,236801608.0
2020-11-11,121.254875,299805897.0,-200070543.75
2020-11-12,120.124067,301205897.0,168173693.79999998
2020-11-13,121.151542,301055897.0,-18172731.3
2020-11-16,122.333376,301055897.0,0.0
2020-11-17,121.661811,299955897.0,-133827992.1
2020-11-18,120.378034,299605897.0,-42132311.9
2020-11-19,121.385162,298555897.0,-127454420.1
2020-11-20,120.112982,297855897.0,-84079087.4
2020-11-23,120.072753,297105897.0,-90054564.75
2020-11-24,121.732747,297605897.0,60866373.5
2020-11-25,122.004848,297705897.0,12200484.799999999
2020-11-27,122.625346,297605897.0,-12262534.6
2020-11-30,123.430649,298255897.0,80229921.85000001
2020-12-01,125.166879,299255897.0,125166879.0
2020-12-02,124.906379,299005897.0,-31226594.75
2020-12-03,124.779858,295655897.0,-418012524.3
2020-12-04,126.045966,293855897.0,-226882738.8
2020-12-07,126.378808,294055897.0,25275761.6
2020-12-08,126.823173,293655897.0,-50729269.199999996
2020-12-09,124.447216,293555897.0,-12444721.6
2020-12-10,124.543725,292305897.0,-155679656.25
2020-12-11,124.263697,292205897.0,-12426369.7
2020-12-14,124.779525,292355897.0,18716928.75
2020-12-15,126.784318,292305897.0,-6339215.9
2020-12-16,127.723051,292505897.0,25544610.2
2020-12-17,128.676097,292305897.0,-25735219.4
2020-12-18,128.255702,289905897.0,-307813684.8
2020-12-21,128.050194,289705897.0,-25610038.8
2020-12-22,129.150455,290405897.0,90405318.5
2020-12-23,128.056319,291755897.0,172876030.65
2020-12-24,129.008743,292105897.0,45153060.050000004
2020-12-28,130.504378,292105897.0,0.0
2020-12-29,129.822504,293355897.0,162278130.0
2020-12-30,129.794605,293405897.0,6489730.249999999
2020-12-31,130.18059,293855897.0,58581265.5
2021-01-04,127.886906,293155897.0,-89520834.2
2021-01-05,128.767093,294405897.0,160958866.25
2021-01-06,126.492052,293755897.0,-82219833.8
2021-01-07,129.827092,293605897.0,-19474063.8
2021-01-08,130.80212,293455897.0,-19620318.0
2021-01-11,129.6098,294455897.0,129609800.0
2021-01-12,129.051362,293355897.0,-141956498.20000002
2021-01-13,129.872462,293755897.0,51948984.800000004
2021-01-14,128.659319,292205897.0,-199421944.45000002
2021-01-15,127.417371,291505897.0,-89192159.7
2021-01-19,129.099516,291905897.0,51639806.4
2021-01-20,131.667818,291105897.0,-105334254.4
2021-01-21,133.340267,291755897.0,86671173.55000001
2021-01-22,132.865643,290905897.0,-112935796.55000001
2021-01-25,133.977432,289705897.0,-160772918.4
2021-01-26,133.983615,290105897.0,53593445.99999999
2021-01-27,131.37685,290105897.0,0.0
2021-01-28,132.080089,289505897.0,-79248053.39999999
2021-01-29,128.966521,290655897.0,148311499.15
2021-02-01,132.221106,290605897.0,-6611055.3
2021-02-02,133.930759,289805897.0,-107144607.2
2021-02-03,133.540044,289455897.0,-46739015.4
2021-02-04,135.595777,289255897.0,-27119155.4
2021-02-05,135.348186,289755897.0,67674093.0
2021-02-08,136.77488,291405897.0,225678552.0
2021-02-09,136.547609,291455897.0,6827380.449999999
2021-02-10,136.350061,290455897.0,-136350061.0
2021-02-11,137.878616,290405897.0,-6893930.8
2021-02-12,138.567113,290905897.0,69283556.5
2021-02-16,138.193173,290905897.0,0.0
2021-02-17,136.851701,291605897.0,95796190.69999999
2021-02-18,136.248367,289655897.0,-265684315.65
2021-02-19,136.038365,289905897.0,34009591.25
2021-02-22,132.996649,289555897.0,-46548827.15
2021-02-23,132.662889,288555897.0,-132662889.0
2021-02-24,134.707843,287705897.0,-114501666.55
2021-02-25,129.967728,286155897.0,-201449978.39999998
2021-02-26,130.751926,285555897.0,-78451155.6
2021-03-01,134.842464,288005897.0,330364036.8
2021-03-02,132.659052,286305897.0,-225520388.4
2021-03-03,129.377588,287205897.0,116439829.2
2021-03-04,126.448386,287205897.0,0.0
2021-03-05,128.953501,284755897.0,-315936077.45
2021-03-08,125.824497,286155897.0,176154295.79999998
2021-03-09,130.098078,285655897.0,-65049038.99999999
2021-03-10,129.58699,285755897.0,12958698.999999998
2021-03-11,132.352811,286355897.0,79411686.60000001
2021-03-12,131.412525,286055897.0,-39423757.5
2021-03-15,132.833694,285505897.0,-73058531.7
2021-03-16,133.871542,285705897.0,26774308.400000002
2021-03-17,133.73559,285855897.0,20060338.5
2021-03-18,129.951278,289805897.0,513307548.1
2021-03-19,129.65288,289005897.0,-103722304.00000001
2021-03-22,131.873039,283305897.0,-751676322.3000001
2021-03-23,131.038314,286555897.0,425874520.50000006
2021-03-24,129.458377,286505897.0,-6472918.850000001
2021-03-25,129.365916,286205897.0,-38809774.8
2021-03-26,132.640796,287655897.0,192329154.2
2021-03-29,131.963,287405897.0,-32990750.0
2021-03-30,130.715614,287755897.0,45750464.9
2021-03-31,132.669198,287255897.0,-66334599.0
2021-04-01,135.450963,287955897.0,94815674.1
2021-04-05,138.212116,288105897.0,20731817.400000002
2021-04-06,137.686362,287855897.0,-34421590.5
2021-04-07,138.434847,287655897.0,-27686969.4
2021-04-08,140.405357,287605897.0,-7020267.850000001
2021-04-09,141.796459,290355897.0,389940262.25
2021-04-12,141.109632,289705897.0,-91721260.8
2021-04-13,142.45499,290355897.0,92595743.5
2021-04-14,140.832706,289505897.0,-119707800.1
2021-04-15,143.344435,288755897.0,-107508326.25
2021-04-16,143.297672,289005897.0,35824418.0
2021-04-19,142.038717,288105897.0,-127834845.3
2021-04-20,140.847911,288055897.0,-7042395.550000001
2021-04-21,142.286823,287555897.0,-71143411.5
2021-04-22,140.614176,287605897.0,7030708.799999999
2021-04-23,142.636869,286705897.0,-128373182.1
2021-04-26,143.440128,286505897.0,-28688025.599999998
2021-04-27,143.045558,286305897.0,-28609111.6
2021-04-28,141.669281,286855897.0,77918104.55000001
2021-04-29,141.632654,286605897.0,-35408163.5
2021-04-30,139.62784,287155897.0,76795312.0
2021-05-03,139.325467,287205897.0,6966273.350000001
2021-05-04,136.689522,287205897.0,0.0
2021-05-05,136.466152,287205897.0,0.0
2021-05-06,137.868675,287005897.0,-27573735.0
2021-05-07,139.019076,288005897.0,139019076.0
2021-05-10,135.498777,288405897.0,54199510.8
2021-05-11,135.174192,288355897.0,-6758709.600000001
2021-05-12,131.305932,287105897.0,-164132415.00000003
2021-05-13,133.116446,284655897.0,-326135292.7
2021-05-14,135.935826,283555897.0,-149529408.6
2021-05-17,134.98642,284005897.0,60743889.00000001
2021-05-18,133.887493,283755897.0,-33471873.25
2021-05-19,134.392666,283655897.0,-13439266.6
2021-05-20,136.899217,283955897.0,41069765.1
2021-05-21,136.182023,282855897.0,-149800225.29999998
2021-05-24,138.577803,283205897.0,48502231.05
2021-05-25,138.66126,284205897.0,138661260.0
2021-05-26,138.645513,284705897.0,69322756.5
2021-05-27,137.924059,285005897.0,41377217.7
2021-05-28,138.34257,284255897.0,-103756927.5
2021-06-01,137.755793,284555897.0,41326737.900000006
2021-06-02,138.625258,284255897.0,-41587577.4
2021-06-03,137.356556,284305897.0,6867827.800000001
2021-06-04,139.98834,283805897.0,-69994170.0
2021-06-07,139.964688,283805897.0,0.0
2021-06-08,139.999589,284405897.0,83999753.39999999
2021-06-09,140.089004,284405897.0,0.0
2021-06-10,141.146676,284405897.0,0.0
2021-06-11,141.933431,284655897.0,35483357.75
2021-06-14,143.415276,284655897.0,0.0
2021-06-15,142.504174,284855897.0,28500834.8
2021-06-16,141.761344,284305897.0,-77968739.2
2021-06-17,143.416165,284055897.0,-35854041.25
2021-06-18,142.074965,283755897.0,-42622489.5
2021-06-21,143.351762,283905897.0,21502764.3
2021-06-22,144.626557,284405897.0,72313278.5
2021-06-23,144.461863,284705897.0,43338558.9
2021-06-24,145.392029,282605897.0,-305323260.90000004
2021-06-25,145.175128,283705897.0,159692640.8
2021-06-28,146.784811,286355897.0,388979749.15
2021-06-29,147.817116,285955897.0,-59126846.4
2021-06-30,147.675583,286405897.0,66454012.349999994
2021-07-01,147.827083,287355897.0,140435728.85
2021-07-02,149.90359,287105897.0,-37475897.5
2021-07-06,150.450651,287305897.0,30090130.2
2021-07-07,151.192468,286305897.0,-151192468.0
2021-07-08,149.804403,286905897.0,89882641.80000001
2021-07-09,151.226916,287055897.0,22684037.4
2021-07-12,151.290488,287005897.0,-7564524.4
2021-07-13,151.954803,287055897.0,7597740.15
2021-07-14,153.081996,286605897.0,-68886898.2
2021-07-15,151.791913,286405897.0,-30358382.599999998
2021-07-16,150.31872,286505897.0,15031872.000000002
2021-07-19,148.225422,287405897.0,133402879.80000001
2021-07-20,150.407466,287955897.0,82724106.3
2021-07-21,151.88639,288705897.0,113914792.5
2021-07-22,152.967305,288905897.0,30593461.000000004
2021-07-23,154.497272,288905897.0,0.0
2021-07-26,154.462247,290055897.0,177631584.04999998
2021-07-27,152.908855,289755897.0,-45872656.5
2021-07-28,152.762694,289555897.0,-30552538.8
2021-07-29,153.493359,289555897.0,0.0
2021-07-30,153.367349,290305897.0,115025511.75
2021-08-02,152.802393,290555897.0,38200598.25
2021-08-03,153.849606,290705897.0,23077440.9
2021-08-04,154.148589,290705897.0,0.0
2021-08-05,155.003084,291055897.0,54251079.4
2021-08-06,154.864674,291055897.0,0.0
2021-08-09,154.347492,290805897.0,-38586873.0
2021-08-10,153.22481,290505897.0,-45967443.0
2021-08-11,153.263301,289955897.0,-84294815.55000001
2021-08-12,154.167995,289555897.0,-61667197.99999999
2021-08-13,155.006036,289555897.0,0.0
2021-08-16,155.687558,289755897.0,31137511.599999998
2021-08-17,154.330576,289705897.0,-7716528.800000001
2021-08-18,152.249147,289955897.0,38062286.75
2021-08-19,153.758619,290705897.0,115318964.25000001
2021-08-20,155.754736,290955897.0,38938684.0
2021-08-23,157.739054,292105897.0,181399912.10000002
2021-08-24,157.541284,291605897.0,-78770642.0
2021-08-25,157.457974,291405897.0,-31491594.8
2021-08-26,156.479074,291755897.0,54767675.9
2021-08-27,157.991335,292505897.0,118493501.25
2021-08-30,159.714069,291355897.0,-183671179.35
2021-08-31,158.814515,291705897.0,55585080.25
2021-09-01,158.86514,294005897.0,365389822.0
2021-09-02,158.785845,294155897.0,23817876.75
2021-09-03,159.393983,292255897.0,-302848567.7
2021-09-07,159.439967,290555897.0,-271047943.9
2021-09-08,158.792331,288905897.0,-262007346.14999998
2021-09-09,158.131029,288155897.0,-118598271.75000001
2021-09-10,156.573938,288255897.0,15657393.8
2021-09-13,156.630238,289555897.0,203619309.39999998
2021-09-14,156.419614,290305897.0,117314710.5
2021-09-15,157.809142,290305897.0,0.0
2021-09-16,157.908886,290205897.0,-15790888.6
2021-09-17,155.511763,290355897.0,23326764.45
2021-09-20,152.357284,288755897.0,-243771654.39999998
2021-09-21,152.429625,286855897.0,-289616287.5
2021-09-22,154.551947,286405897.0,-69548376.15
2021-09-23,156.631109,286455897.0,7831555.45
2021-09-24,156.733127,286005897.0,-70529907.14999999
2021-09-27,155.156896,286305897.0,46547068.8
2021-09-28,150.525871,286705897.0,60210348.4
2021-09-29,150.371962,286955897.0,37592990.5
2021-09-30,149.354746,287105897.0,22403211.900000002
2021-10-01,151.499267,288055897.0,143924303.65
2021-10-04,147.94069,289005897.0,140543655.5
2021-10-05,150.096545,288855897.0,-22514481.75
2021-10-06,151.126361,290305897.0,219133223.45000002
2021-10-07,152.5177,288755897.0,-236402435.0
2021-10-08,151.934575,289905897.0,174724761.25
2021-10-11,151.129743,291155897.0,188912178.75
2021-10-12,150.358709,291555897.0,60143483.6
2021-10-13,151.218707,291705897.0,22682806.05
2021-10-14,154.669748,291855897.0,23200462.2
2021-10-15,155.892332,291805897.0,-7794616.600000001
2021-10-18,157.216241,292405897.0,94329744.6
2021-10-19,158.74336,292705897.0,47623008.0
2021-10-20,158.286596,293605897.0,142457936.4
2021-10-21,158.930143,294505897.0,143037128.7
2021-10-22,158.400197,294255897.0,-39600049.25
2021-10-25,158.923891,294655897.0,63569556.4
2021-10-26,159.438797,294305897.0,-55803578.949999996
2021-10-27,159.137192,294255897.0,-7956859.6
2021-10-28,160.823188,294355897.0,16082318.799999999
2021-10-29,161.537845,295255897.0,145384060.5
2021-11-01,161.412519,293555897.0,-274401282.3
2021-11-02,162.727917,295805897.0,366137813.25
2021-11-03,163.702596,296005897.0,32740519.2
2021-11-04,166.237254,295055897.0,-157925391.3
2021-11-05,167.003776,292955897.0,-350707929.59999996
2021-11-08,167.965308,291705897.0,-209956635.0
2021-11-09,167.265108,291855897.0,25089766.2
2021-11-10,164.472876,291655897.0,-32894575.200000003
2021-11-11,165.34123,291655897.0,0.0
2021-11-12,167.301962,291505897.0,-25095294.3
2021-11-15,167.10939,291155897.0,-58488286.5
2021-11-16,168.902765,291005897.0,-25335414.75
2021-11-17,168.307571,290155897.0,-143061435.35
2021-11-18,170.031345,290455897.0,51009403.49999999
2021-11-19,171.332217,290005897.0,-77099497.65
2021-11-22,169.372667,290705897.0,118560866.9
2021-11-23,169.024097,292455897.0,295792169.75
2021-11-24,170.222766,291655897.0,-136178212.8
2021-11-26,165.797487,292005897.0,58029120.449999996
2021-11-29,170.17097,292655897.0,110611130.5
2021-11-30,168.544339,294005897.0,227534857.65
2021-12-01,166.441808,296955897.0,491003333.6
2021-12-02,167.847308,296505897.0,-75531288.6
2021-12-03,165.077034,295955897.0,-90792368.7
2021-12-06,166.682852,296505897.0,91675568.6
2021-12-07,172.529543,296955897.0,77638294.35
2021-12-08,173.299762,296905897.0,-8664988.1
2021-12-09,171.411235,296055897.0,-145699549.75
2021-12-10,174.962001,296805897.0,131221500.74999999
2021-12-13,172.125208,297905897.0,189337728.79999998
2021-12-14,169.307423,298455897.0,93119082.65
2021-12-15,173.968342,299155897.0,121777839.4
2021-12-16,168.988599,305955897.0,1149122473.2
2021-12-17,167.900557,303905897.0,-344196141.84999996
2021-12-20,165.487599,297655897.0,-1034297493.7499999
2021-12-21,169.758438,299205897.0,263125578.9
2021-12-22,172.012156,300005897.0,137609724.8
2021-12-23,172.976911,298955897.0,-181625756.55
2021-12-27,176.665682,298405897.0,-97166125.10000001
2021-12-28,175.67126,298105897.0,-52701378.0
2021-12-29,175.839945,298105897.0,0.0
2021-12-30,174.676287,298205897.0,17467628.7
2021-12-31,173.832954,298955897.0,130374715.5
2022-01-03,175.560005,298955897.0,0.0
2022-01-04,173.647608,299205897.0,43411902.0
2022-01-05,168.309922,298705897.0,-84154961.0
2022-01-06,167.44956,298205897.0,-83724780.0
2022-01-07,165.808542,298655897.0,74613843.89999999
2022-01-10,165.964196,302455897.0,630663944.8
2022-01-11,167.969541,301155897.0,-218360403.29999998
2022-01-12,168.696128,300805897.0,-59043644.8
2022-01-13,164.318331,301155897.0,57511415.85
2022-01-14,165.751331,300155897.0,-165751331.0
2022-01-18,161.667332,299405897.0,-121250498.99999999
2022-01-19,159.49666,299005897.0,-63798664.0
2022-01-20,157.432388,298905897.0,-15743238.8
2022-01-21,154.417405,296555897.0,-362880901.75
2022-01-24,154.954723,296955897.0,61981889.2
2022-01-25,151.382898,295705897.0,-189228622.5
2022-01-26,152.423575,295205897.0,-76211787.5
2022-01-27,151.424946,296205897.0,151424946.0
2022-01-28,157.995448,295355897.0,-134296130.8
2022-01-31,162.131132,296005897.0,105385235.80000001
2022-02-01,162.52426,295855897.0,-24378639.0
2022-02-02,163.788876,295305897.0,-90083881.8
2022-02-03,158.820776,296955897.0,262054280.4
2022-02-04,159.612686,296555897.0,-63845074.4
2022-02-07,158.502256,296655897.0,15850225.6
2022-02-08,160.509093,296305897.0,-56178182.550000004
2022-02-09,164.11376,295605897.0,-114879632.00000001
2022-02-10,159.641954,295405897.0,-31928390.8
2022-02-11,154.957285,295505897.0,15495728.500000002
2022-02-14,154.863016,296005897.0,77431508.0
2022-02-15,158.922381,295605897.0,-63568952.4
2022-02-16,158.708184,295705897.0,15870818.399999999
2022-02-17,153.982412,295855897.0,23097361.8
2022-02-18,152.36035,295155897.0,-106652245.00000001
2022-02-22,151.03048,295305897.0,22654572.0
2022-02-23,147.212534,295705897.0,58885013.6
2022-02-24,152.252765,297105897.0,213153871.00000003
2022-02-25,154.333441,294655897.0,-378116930.45
2022-02-28,154.039801,294655897.0,0.0
2022-03-01,150.999889,295205897.0,83049938.95
2022-03-02,154.294348,295855897.0,100291326.2
2022-03-03,152.389354,296655897.0,121911483.2
2022-03-04,149.721142,296805897.0,22458171.299999997
2022-03-07,144.260429,297155897.0,50491150.15
2022-03-08,143.635555,297555897.0,57454222.00000001
2022-03-09,149.270657,297005897.0,-82098861.35
2022-03-10,146.664667,294705897.0,-337328734.1
2022-03-11,144.05326,293605897.0,-158458586.0
2022-03-14,141.375871,293055897.0,-77756729.05
2022-03-15,146.108771,292555897.0,-73054385.5
2022-03-16,150.878762,292005897.0,-82983319.1
2022-03-17,151.911239,294755897.0,417755907.25
2022-03-18,155.095974,294805897.0,7754798.7
2022-03-21,154.490226,290905897.0,-602511881.4
2022-03-22,156.710372,292605897.0,266407632.4
2022-03-23,154.292941,293105897.0,77146470.5
2022-03-24,158.324066,293555897.0,71245829.69999999
2022-03-25,158.198864,294255897.0,110739204.8
2022-03-28,160.149819,294105897.0,-24022472.85
2022-03-29,163.478481,294855897.0,122608860.74999999
2022-03-30,161.264388,297755897.0,467666725.2
2022-03-31,158.703788,298455897.0,111092651.60000001
2022-04-01,158.502879,299655897.0,190203454.8
2022-04-04,161.485292,300205897.0,88816910.6
2022-04-05,158.051355,299105897.0,-173856490.5
2022-04-06,154.114904,300755897.0,254289591.6
2022-04-07,154.520502,299205897.0,-239506778.1
2022-04-08,152.392346,298805897.0,-60956938.4
2022-04-11,148.520852,302655897.0,571805280.1999999
2022-04-12,147.958277,303055897.0,59183310.800000004
2022-04-13,150.265508,302555897.0,-75132754.0
2022-04-14,146.682621,301505897.0,-154016752.05
2022-04-18,147.118887,301805897.0,44135666.1
2022-04-19,149.850478,302805897.0,149850478.0
2022-04-20,149.736118,302955897.0,22460417.7
2022-04-21,147.200069,302605897.0,-51520024.150000006
2022-04-22,143.095844,300605897.0,-286191688.0
2022-04-25,145.172775,300605897.0,0.0
2022-04-26,139.838754,301305897.0,97887127.8
2022-04-27,141.86617,301705897.0,56746468.00000001
2022-04-28,147.503247,301505897.0,-29500649.4
2022-04-29,141.432509,301055897.0,-63644629.050000004
2022-05-02,143.616236,302155897.0,157977859.6
2022-05-03,143.84027,302355897.0,28768054.0
2022-05-04,148.858684,300305897.0,-305160302.20000005
2022-05-05,141.64634,301105897.0,113317072.0
2022-05-06,140.523603,301105897.0,0.0
2022-05-09,135.111771,299205897.0,-256712364.9
2022-05-10,137.182093,298805897.0,-54872837.2
2022-05-11,132.822662,299455897.0,86334730.30000001
2022-05-12,131.45166,298555897.0,-118306494.0
2022-05-13,135.878388,297855897.0,-95114871.6
2022-05-16,134.675882,297005897.0,-114474499.7
2022-05-17,138.572828,298105897.0,152430110.79999998
2022-05-18,132.176871,298555897.0,59479591.95
2022-05-19,130.780984,297455897.0,-143859082.39999998
2022-05-20,131.022935,299605897.0,281699310.25
2022-05-23,134.052739,299655897.0,6702636.95
2022-05-24,132.023283,300205897.0,72612805.64999999
2022-05-25,133.598441,300205897.0,0.0
2022-05-26,136.830444,298955897.0,-171038055.0
2022-05-27,141.470167,298505897.0,-63661575.15
2022-05-31,140.46486,298705897.0,28092971.999999996
2022-06-01,140.031286,298705897.0,0.0
2022-06-02,143.398261,298305897.0,-57359304.4
2022-06-03,139.967029,298555897.0,34991757.25
2022-06-06,139.999475,297005897.0,-216999186.24999997
2022-06-07,141.685516,297905897.0,127516964.4
2022-06-08,140.084018,297755897.0,-21012602.7
2022-06-09,136.333705,298655897.0,122700334.50000001
2022-06-10,131.08904,298555897.0,-13108904.000000002
2022-06-13,125.274804,299305897.0,93956103.0
2022-06-14,126.044028,301055897.0,220577049.0
2022-06-15,128.729917,301605897.0,70801454.35
2022-06-16,123.446159,301255897.0,-43206155.65
2022-06-17,124.637827,298605897.0,-330290241.55
2022-06-21,127.480079,298755897.0,19122011.85
2022-06-22,126.960734,299705897.0,120612697.3
2022-06-23,128.792068,299455897.0,-32198017.0
2022-06-24,133.381837,299305897.0,-20007275.549999997
2022-06-27,132.539822,298505897.0,-106031857.6
2022-06-28,128.566238,298105897.0,-51426495.2
2022-06-29,128.836548,298255897.0,19325482.2
2022-06-30,127.131949,298405897.0,19069792.35
2022-07-01,127.408595,298305897.0,-12740859.5
2022-07-05,128.994376,298755897.0,58047469.199999996
2022-07-06,130.132576,299305897.0,71572916.8
2022-07-07,132.81561,299355897.0,6640780.5
2022-07-08,132.902713,298855897.0,-66451356.5
2022-07-11,131.022864,297755897.0,-144125150.4
2022-07-12,129.211647,296905897.0,-109829899.95
2022-07-13,128.938818,297655897.0,96704113.5
2022-07-14,130.09775,297305897.0,-45534212.5
2022-07-15,132.401884,296905897.0,-52960753.6
2022-07-18,131.074851,296705897.0,-26214970.2
2022-07-19,135.114707,296955897.0,33778676.75
2022-07-20,137.224987,297305897.0,48028745.45
2022-07-21,139.150109,297005897.0,-41745032.699999996
2022-07-22,137.211661,296955897.0,-6860583.05
2022-07-25,136.375375,297905897.0,129556606.24999999
2022-07-26,134.193826,299405897.0,201290739.0
2022-07-27,139.980065,299605897.0,27996013.0
2022-07-28,142.018808,300555897.0,134917867.6
2022-07-29,144.17441,300455897.0,-14417441.0
2022-08-01,143.89499,300705897.0,35973747.5
2022-08-02,142.904228,302255897.0,221501553.39999998
2022-08-03,146.710908,304955897.0,396119451.59999996
2022-08-04,147.36311,304705897.0,-36840777.5
2022-08-05,147.05997,304305897.0,-58823988.0
2022-08-08,145.74753,304805897.0,72873765.0
2022-08-09,144.274808,304755897.0,-7213740.4
2022-08-10,148.281696,304855897.0,14828169.600000001
2022-08-11,147.572091,306805897.0,287765577.45
2022-08-12,150.629774,306805897.0,0.0
2022-08-15,151.57166,306805897.0,0.0
2022-08-16,151.130792,306455897.0,-52895777.2
2022-08-17,150.081153,309155897.0,405219113.1
2022-08-18,150.852013,307255897.0,-286618824.7
2022-08-19,148.086375,306105897.0,-170299331.25
2022-08-22,143.956576,306805897.0,100769603.2
2022-08-23,143.587091,306555897.0,-35896772.75
2022-08-24,143.645533,304555897.0,-287291066.0
2022-08-25,146.058247,303355897.0,-175269896.4
2022-08-26,139.791023,302805897.0,-76885062.64999999
2022-08-29,138.01628,302055897.0,-103512210.0
2022-08-30,136.545892,302605897.0,75100240.60000001
2022-08-31,135.249097,302805897.0,27049819.400000002
2022-09-01,134.574224,302305897.0,-67287112.0
2022-09-02,132.839061,301255897.0,-139481014.04999998
2022-09-06,131.942211,301305897.0,6597110.549999999
2022-09-07,134.064742,301455897.0,20109711.3
2022-09-08,134.566226,301605897.0,20184933.9
2022-09-09,137.225071,301605897.0,0.0
2022-09-12,139.394529,301705897.0,13939452.9
2022-09-13,131.970981,301755897.0,6598549.05
2022-09-14,132.538841,301355897.0,-53015536.4
2022-09-15,129.386399,306455897.0,659870634.9000001
2022-09-16,128.788411,305955897.0,-64394205.5
2022-09-19,129.437043,301755897.0,-543635580.5999999
2022-09-20,128.674669,301855897.0,12867466.899999999
2022-09-21,126.662573,302155897.0,37998771.9
2022-09-22,125.398851,301905897.0,-31349712.75
2022-09-23,123.710403,300855897.0,-129895923.15
2022-09-26,122.838056,299705897.0,-141263764.4
2022-09-27,123.085023,298905897.0,-98468018.4
2022-09-28,124.331672,297455897.0,-180280924.4
2022-09-29,121.03518,297155897.0,-36310554.0
2022-09-30,118.734024,300105897.0,350265370.8
2022-10-03,122.47242,300305897.0,24494484.0
2022-10-04,126.575401,300805897.0,63287700.5
2022-10-05,127.037589,300505897.0,-38111276.699999996
2022-10-06,125.956847,300505897.0,0.0
2022-10-07,120.727738,299605897.0,-108654964.2
2022-10-10,118.759884,299605897.0,0.0
2022-10-11,116.941836,299605897.0,0.0
2022-10-12,116.559155,299655897.0,5827957.75
2022-10-13,120.178705,301905897.0,270402086.25
2022-10-14,116.747033,301905897.0,0.0
2022-10-17,120.362555,302305897.0,48145022.0
2022-10-18,121.357036,301805897.0,-60678518.0
2022-10-19,121.025329,302155897.0,42358865.15
2022-10-20,121.12368,302405897.0,30280920.0
2022-10-21,124.326266,302405897.0,0.0
2022-10-24,126.034276,302705897.0,37810282.800000004
2022-10-25,128.469483,301905897.0,-102775586.39999999
2022-10-26,125.585838,301455897.0,-56513627.1
2022-10-27,124.109044,302805897.0,167547209.4
2022-10-28,129.587153,302755897.0,-6479357.65
2022-10-31,127.858234,302905897.0,19178735.099999998
2022-11-01,126.800371,302105897.0,-101440296.8
2022-11-02,122.412593,302605897.0,61206296.5
2022-11-03,118.805873,302005897.0,-71283523.8
2022-11-04,120.959843,301455897.0,-66527913.650000006
2022-11-07,123.002548,301805897.0,43050891.800000004
2022-11-08,124.158009,301605897.0,-24831601.8
2022-11-09,120.934478,301755897.0,18140171.7
2022-11-10,130.967385,301605897.0,-19645107.75
2022-11-11,133.212372,302055897.0,59945567.39999999
2022-11-14,131.928286,302455897.0,52771314.400000006
2022-11-15,133.560248,303005897.0,73458136.4
2022-11-16,131.678916,305305897.0,302861506.79999995
2022-11-17,131.911533,305505897.0,26382306.599999998
2022-11-18,132.069385,305555897.0,6603469.250000001
2022-11-21,130.636644,307705897.0,280868784.59999996
2022-11-22,133.177824,307305897.0,-53271129.599999994
2022-11-23,134.359929,306455897.0,-114205939.64999999
2022-11-25,133.529617,306755897.0,40058885.1
2022-11-28,130.709365,306455897.0,-39212809.5
2022-11-29,129.491874,307855897.0,181288623.6
2022-11-30,136.031963,306205897.0,-224452738.95
2022-12-01,136.122632,303705897.0,-340306580.0
2022-12-02,135.36957,305255897.0,209822833.50000003
2022-12-05,133.085855,304655897.0,-79851513.0
2022-12-06,130.262727,304555897.0,-13026272.700000001
2022-12-07,129.635496,304755897.0,25927099.2
2022-12-08,131.729137,305105897.0,46105197.95
2022-12-09,130.887221,305655897.0,71987971.55000001
2022-12-12,133.755055,305805897.0,20063258.25
2022-12-13,135.313238,305605897.0,-27062647.6
2022-12-14,134.193956,306105897.0,67096977.99999999
2022-12-15,129.175497,307155897.0,135634271.85
2022-12-16,127.546677,307755897.0,76528006.2
2022-12-19,125.416359,308055897.0,37624907.7
2022-12-20,125.619261,305655897.0,-301486226.4
2022-12-21,127.705637,305355897.0,-38311691.1
2022-12-22,124.45931,306355897.0,124459310.0
2022-12-23,124.610414,306455897.0,12461041.4
2022-12-27,123.408826,306505897.0,6170441.3
2022-12-28,121.415758,306405897.0,-12141575.799999999
2022-12-29,124.614291,306005897.0,-49845716.4
2022-12-30,124.449887,306005897.0,0.0
2023-01-03,123.263329,306005897.0,0.0
2023-01-04,123.584826,306255897.0,30896206.5
2023-01-05,121.148592,307105897.0,102976303.19999999
2023-01-06,124.761332,307405897.0,37428399.6
2023-01-09,126.152401,306555897.0,-107229540.85
2023-01-10,126.931205,304105897.0,-310981452.25
2023-01-11,129.159755,302355897.0,-226029571.24999997
2023-01-12,130.111599,302055897.0,-39033479.7
2023-01-13,130.536314,302305897.0,32634078.5
2023-01-17,131.096234,301955897.0,-45883681.900000006
2023-01-18,129.397126,301855897.0,-12939712.599999998
2023-01-19,127.889779,301005897.0,-108706312.15
2023-01-20,131.386231,302655897.0,216787281.15
2023-01-23,134.376012,300055897.0,-349377631.2
2023-01-24,134.297224,299305897.0,-100722918.0
2023-01-25,133.947869,299505897.0,26789573.8
2023-01-26,136.112453,299605897.0,13611245.299999999
2023-01-27,136.688578,299705897.0,13668857.8
2023-01-30,134.057288,300105897.0,53622915.2
2023-01-31,135.9986,300205897.0,13599860.000000002
2023-02-01,139.15395,299155897.0,-146111647.5
2023-02-02,143.000679,298755897.0,-57200271.599999994
2023-02-03,141.765411,299105897.0,49617893.85
2023-02-06,140.071125,299155897.0,7003556.25
2023-02-07,143.538058,298405897.0,-107653543.5
2023-02-08,141.762114,298055897.0,-49616739.9
2023-02-09,141.087132,298705897.0,91706635.8
2023-02-10,140.347916,297905897.0,-112278332.8
2023-02-13,142.834338,297105897.0,-114267470.4
2023-02-14,143.482306,297205897.0,14348230.6
2023-02-15,144.082018,296955897.0,-36020504.5
2023-02-16,141.542438,296205897.0,-106156828.5
2023-02-17,139.842936,296455897.0,34960734.0
2023-02-21,136.491791,295905897.0,-75070485.05
2023-02-22,136.288667,296055897.0,20443300.05
2023-02-23,138.545594,294405897.0,-228600230.1
2023-02-24,136.096853,293955897.0,-61243583.85
2023-02-27,136.801823,293805897.0,-20520273.450000003
2023-02-28,136.550947,293505897.0,-40965284.1
2023-03-01,135.468117,293355897.0,-20320217.55
2023-03-02,137.200745,292255897.0,-150920819.5
2023-03-03,140.095015,292055897.0,-28019002.999999996
2023-03-06,140.805234,291305897.0,-105603925.50000001
2023-03-07,139.036724,291205897.0,-13903672.399999999
2023-03-08,140.20704,291605897.0,56082816.0
2023-03-09,138.195829,289355897.0,-310940615.25
2023-03-10,135.78194,289455897.0,13578194.0
2023-03-13,136.505767,289855897.0,54602306.8
2023-03-14,139.668943,290355897.0,69834471.5
2023-03-15,139.699216,291005897.0,90804490.4
2023-03-16,143.658797,290105897.0,-129292917.3
2023-03-17,143.507435,290355897.0,35876858.75
2023-03-20,143.503695,291455897.0,157854064.5
2023-03-21,144.687838,290955897.0,-72343919.0
2023-03-22,143.22183,290805897.0,-21483274.5
2023-03-23,145.629252,290655897.0,-21844387.8
2023-03-24,145.961846,291005897.0,51086646.1
2023-03-27,144.819354,290655897.0,-50686773.9
2023-03-28,144.147672,290155897.0,-72073836.0
2023-03-29,147.187765,290055897.0,-14718776.500000002
2023-03-30,148.859345,289405897.0,-96758574.25
2023-03-31,151.025507,288955897.0,-67961478.15
2023-04-03,150.810756,288305897.0,-98026991.4
2023-04-04,149.966005,290905897.0,389911613.0
2023-04-05,148.21615,293505897.0,385361990.0
2023-04-06,149.089153,292805897.0,-104362407.10000001
2023-04-10,149.006091,290755897.0,-305462486.55
2023-04-11,147.567963,290505897.0,-36891990.75
2023-04-12,146.711958,289755897.0,-110033968.5
2023-04-13,149.479851,289605897.0,-22421977.65
2023-04-14,148.637992,288355897.0,-185797490.0
2023-04-17,149.19571,288055897.0,-44758713.0
2023-04-18,149.658534,287455897.0,-89795120.4
2023-04-19,149.246067,287955897.0,74623033.5
2023-04-20,148.249718,287855897.0,-14824971.8
2023-04-21,147.738872,287455897.0,-59095548.8
2023-04-24,147.095798,287505897.0,7354789.9
2023-04-25,143.931153,287605897.0,14393115.299999999
2023-04-26,146.149808,287905897.0,43844942.4
2023-04-27,149.209116,286855897.0,-156669571.79999998
2023-04-28,150.827403,287055897.0,30165480.6
2023-05-01,150.926078,286605897.0,-67916735.1
2023-05-02,149.501218,286605897.0,0.0
2023-05-03,148.227144,287305897.0,103759000.80000001
2023-05-04,147.536831,288305897.0,147536831.0
2023-05-05,151.257593,288455897.0,22688638.950000003
2023-05-08,151.172516,288505897.0,7558625.8
2023-05-09,149.987792,288405897.0,-14998779.200000001
2023-05-10,151.813974,286205897.0,-333990742.8
2023-05-11,151.113307,286655897.0,68000988.14999999
2023-05-12,150.960504,286655897.0,0.0
2023-05-15,152.189077,286655897.0,0.0
2023-05-16,152.350734,286655897.0,0.0
2023-05-17,154.435015,288755897.0,324313531.5
2023-05-18,157.575708,285655897.0,-488484694.79999995
2023-05-19,157.467953,285305897.0,-55113783.55
2023-05-22,157.742248,286005897.0,110419573.6
2023-05-23,155.421553,285805897.0,-31084310.599999998
2023-05-24,154.308351,286605897.0,123446680.8
2023-05-25,160.25821,285755897.0,-136219478.5
2023-05-26,164.818108,285655897.0,-16481810.799999999
2023-05-30,165.664916,286555897.0,149098424.4
2023-05-31,164.150645,287505897.0,155943112.75
2023-06-01,165.929826,286705897.0,-132743860.8
2023-06-02,166.921151,286605897.0,-16692115.100000001
2023-06-05,165.928318,285455897.0,-190817565.7
2023-06-06,165.912787,285405897.0,-8295639.350000001
2023-06-07,163.386282,285455897.0,8169314.1
2023-06-08,165.19825,285455897.0,0.0
2023-06-09,165.984258,285855897.0,66393703.2
2023-06-12,169.590085,286755897.0,152631076.5
2023-06-13,170.652451,287205897.0,76793602.95
2023-06-14,172.379835,287205897.0,0.0
2023-06-15,174.635069,294605897.0,1292299510.6
2023-06-16,173.143528,294155897.0,-77914587.60000001
2023-06-20,171.613724,288055897.0,-1046843716.4
2023-06-21,169.10808,286905897.0,-194474292.0
2023-06-22,170.54714,286605897.0,-51164142.00000001
2023-06-23,168.641365,287055897.0,75888614.25
2023-06-26,167.336597,284655897.0,-401607832.8
2023-06-27,170.745904,286105897.0,247581560.79999998
2023-06-28,170.769646,286405897.0,51230893.8
2023-06-29,171.138892,286855897.0,77012501.4
2023-06-30,173.935978,286905897.0,8696798.9
2023-07-03,173.470551,287255897.0,60714692.85
2023-07-05,172.409017,287305897.0,8620450.85
2023-07-06,171.95749,287455897.0,25793623.5
2023-07-07,171.155729,287805897.0,59904505.150000006
2023-07-10,171.64324,286855897.0,-163061078.0
2023-07-11,172.030867,291505897.0,799943531.55
2023-07-12,173.929684,292155897.0,113054294.60000001
2023-07-13,176.25457,289805897.0,-414198239.5
2023-07-14,175.964614,289955897.0,26394692.1
2023-07-17,178.269363,290055897.0,17826936.3
2023-07-18,180.263311,291205897.0,207302807.64999998
2023-07-19,179.809176,291755897.0,98895046.8
2023-07-20,176.170573,289755897.0,-352341146.0
2023-07-21,176.106242,287055897.0,-475486853.40000004
2023-07-24,176.447835,289155897.0,370540453.5
2023-07-25,178.439839,289105897.0,-8921991.950000001
2023-07-26,176.010366,289505897.0,70404146.4
2023-07-27,175.513689,289755897.0,43878422.25
2023-07-28,177.989554,289405897.0,-62296343.9
2023-07-31,178.321261,289555897.0,26748189.15
2023-08-01,178.658553,288655897.0,-160792697.70000002
2023-08-02,174.168397,288705897.0,8708419.85
2023-08-03,173.563337,289655897.0,164885170.14999998
2023-08-04,171.10412,289555897.0,-17110412.0
2023-08-07,171.659674,289755897.0,34331934.8
2023-08-08,170.284091,289905897.0,25542613.65
2023-08-09,168.05946,289855897.0,-8402973.0
2023-08-10,168.129966,289855897.0,0.0
2023-08-11,166.896141,292455897.0,433929966.6
2023-08-14,169.5694,289955897.0,-423923500.0
2023-08-15,167.834009,290405897.0,75525304.05
2023-08-16,166.327609,293655897.0,540564729.25
2023-08-17,164.741386,289455897.0,-691913821.2
2023-08-18,164.959178,288655897.0,-131967342.4
2023-08-21,168.142163,288605897.0,-8407108.15
2023-08-22,167.890105,289205897.0,100734063.0
2023-08-23,170.947784,289355897.0,25642167.6
2023-08-24,167.007171,290105897.0,125255378.25
2023-08-25,168.782858,290155897.0,8439142.9
2023-08-28,170.0767,289855897.0,-51023010.0
2023-08-29,173.423641,289405897.0,-78040638.45
2023-08-30,174.761613,289555897.0,26214241.950000003
2023-08-31,175.576758,290155897.0,105346054.80000001
2023-09-01,176.169213,290205897.0,8808460.65
2023-09-05,176.813576,290855897.0,114928824.4
2023-09-06,174.916431,291605897.0,131187323.24999999
2023-09-07,172.355019,291355897.0,-43088754.75
2023-09-08,172.78902,291455897.0,17278902.0
2023-09-11,173.64622,291405897.0,-8682311.0
2023-09-12,170.47566,291155897.0,-42618915.0
2023-09-13,170.986307,290255897.0,-153887676.3
2023-09-14,172.222374,290105897.0,-25833356.1
2023-09-15,168.937456,289905897.0,-33787491.2
2023-09-18,169.345479,290055897.0,25401821.85
2023-09-19,169.261056,290605897.0,93093580.8
2023-09-20,166.575015,289705897.0,-149917513.5
2023-09-21,164.029584,288855897.0,-139425146.4
2023-09-22,164.374053,289205897.0,57530918.550000004
2023-09-25,164.997944,290055897.0,140248252.4
2023-09-26,161.983683,291155897.0,178182051.3
2023-09-27,162.2316,290955897.0,-32446319.999999996
2023-09-28,163.351225,291205897.0,40837806.25
2023-09-29,163.893402,290805897.0,-65557360.800000004
2023-10-02,165.746831,290355897.0,-74586073.94999999
2023-10-03,162.860941,290405897.0,8143047.05
2023-10-04,164.920462,290205897.0,-32984092.4
2023-10-05,165.11007,290605897.0,66044028.0
2023-10-06,168.25318,290305897.0,-50475953.99999999
2023-10-09,169.111343,291855897.0,262122581.65
2023-10-10,169.351953,292005897.0,25402792.950000003
2023-10-11,170.910213,288355897.0,-623822277.45
2023-10-12,171.055543,288005897.0,-59869440.05
2023-10-13,168.585192,291455897.0,581618912.4
2023-10-16,170.256619,290905897.0,-93641140.45
2023-10-17,169.494532,290705897.0,-33898906.4
2023-10-18,167.675141,289105897.0,-268280225.6
2023-10-19,166.790835,288905897.0,-33358166.999999996
2023-10-20,163.914345,288705897.0,-32782869.0
2023-10-23,164.128456,288955897.0,41032114.0
2023-10-24,165.263789,290055897.0,181790167.9
2023-10-25,163.30559,290355897.0,48991677.0
2023-10-26,160.166993,290105897.0,-40041748.25
2023-10-27,161.084298,290055897.0,-8054214.899999999
2023-10-30,162.835519,289355897.0,-113984863.3
2023-10-31,164.02727,288905897.0,-73812271.5
2023-11-01,167.200462,288455897.0,-75240207.89999999
2023-11-02,169.989925,288155897.0,-50996977.5
2023-11-03,171.771402,288205897.0,8588570.1
2023-11-06,172.865905,288655897.0,77789657.25
2023-11-07,174.779137,290705897.0,358297230.84999996
2023-11-08,175.7778,290855897.0,26366670.000000004
2023-11-09,174.922691,290605897.0,-43730672.75
2023-11-10,179.52634,294205897.0,646294824.0
2023-11-13,178.459902,292305897.0,-339073813.8
2023-11-14,182.035869,293005897.0,127425108.3
2023-11-15,182.184285,295455897.0,446351498.25
2023-11-16,183.167439,295955897.0,91583719.5
2023-11-17,182.80564,296455897.0,91402820.0
2023-11-20,185.444274,296855897.0,74177709.60000001
2023-11-21,183.897159,296855897.0,0.0
2023-11-22,184.738061,297255897.0,73895224.39999999
2023-11-24,184.447272,297055897.0,-36889454.4
2023-11-27,184.364265,297655897.0,110618559.0
2023-11-28,184.754029,298505897.0,157040924.65
2023-11-29,184.902197,297355897.0,-212637526.55
2023-11-30,185.134075,298955897.0,296214520.0
2023-12-01,185.577859,299505897.0,102067822.44999999
2023-12-04,183.329058,300355897.0,155829699.3
2023-12-05,184.385626,301255897.0,165947063.4
2023-12-06,182.836102,301355897.0,18283610.2
2023-12-07,185.135702,301905897.0,101824636.10000001
2023-12-08,186.665996,303305897.0,261332394.4
2023-12-11,188.232471,304255897.0,178820847.45000002
2023-12-12,189.596438,311605897.0,1393533819.3
2023-12-13,191.273094,309955897.0,-315600605.09999996
2023-12-14,190.662276,306305897.0,-695917307.4
2023-12-15,192.014235,305605897.0,-134409964.5
2023-12-18,191.898142,305755897.0,28784721.3
2023-12-19,192.572342,304305897.0,-279229895.9
2023-12-20,189.645749,304355897.0,9482287.45
2023-12-21,191.798439,304555897.0,38359687.8
2023-12-22,191.997148,304555897.0,0.0
2023-12-26,192.846354,304205897.0,-67496223.89999999
2023-12-27,192.873882,304355897.0,28931082.3
2023-12-28,193.05318,304105897.0,-48263295.0
2023-12-29,192.441153,303755897.0,-67354403.55000001
2024-01-02,187.482353,303855897.0,18748235.3
2024-01-03,185.456297,302905897.0,-176183482.15
2024-01-04,184.126373,302955897.0,9206318.65
2024-01-05,184.166594,303705897.0,138124945.5
2024-01-08,188.790228,302255897.0,-273745830.6
2024-01-09,189.088762,301255897.0,-189088762.0
2024-01-10,190.708624,302105897.0,162102330.39999998
2024-01-11,191.576044,303755897.0,316100472.59999996
2024-01-12,192.264094,304255897.0,96132047.0
2024-01-16,192.766446,304205897.0,-9638322.3
2024-01-17,191.798789,303455897.0,-143849091.75
2024-01-18,195.665218,303555897.0,19566521.8
2024-01-19,200.198465,304305897.0,150148848.75
2024-01-22,201.005408,304005897.0,-60301622.4
2024-01-23,201.868279,304705897.0,141307795.3
2024-01-24,203.233925,305955897.0,254042406.25
2024-01-25,204.063067,307355897.0,285688293.8
2024-01-26,201.736785,306855897.0,-100868392.5
2024-01-29,203.547276,306205897.0,-132305729.4
2024-01-30,201.916952,306355897.0,30287542.8
2024-01-31,197.691582,307705897.0,266883635.70000002
2024-02-01,200.181739,307305897.0,-80072695.6
2024-02-02,202.2461,308405897.0,222470710.0
2024-02-05,202.738934,308205897.0,-40547786.8
2024-02-06,201.75164,307355897.0,-171488894.0
2024-02-07,204.446781,306805897.0,-112445729.55
2024-02-08,205.095421,307255897.0,92292939.44999999
2024-02-09,207.922771,306905897.0,-72772969.85000001
2024-02-12,206.193137,307255897.0,72167597.95
2024-02-13,202.664145,306155897.0,-222930559.5
2024-02-14,204.943138,308755897.0,532852158.8
2024-02-15,204.37371,308205897.0,-112405540.5
2024-02-16,202.562967,307855897.0,-70897038.44999999
2024-02-20,200.465056,307705897.0,-30069758.400000002
2024-02-21,199.141854,308405897.0,139399297.79999998
2024-02-22,205.869759,309905897.0,308804638.5
2024-02-23,205.280842,309455897.0,-92376378.9
2024-02-26,205.503556,310005897.0,113026955.8
2024-02-27,205.685479,309105897.0,-185116931.1
2024-02-28,204.697743,308105897.0,-204697743.0
2024-02-29,207.114999,308005897.0,-20711499.900000002
2024-03-01,210.776108,308005897.0,0.0
2024-03-04,210.757523,308355897.0,73765133.05
2024-03-05,205.510905,310305897.0,400746264.75
2024-03-06,207.115027,309055897.0,-258893783.75
2024-03-07,210.550714,308905897.0,-31582607.1
2024-03-08,207.257391,309005897.0,20725739.1
2024-03-11,206.741692,309305897.0,62022507.6
2024-03-12,210.97866,309005897.0,-63293598.0
2024-03-13,208.568933,308705897.0,-62570679.9
2024-03-14,208.686658,321605897.0,2692057888.2
2024-03-15,205.618215,321705897.0,20561821.5
2024-03-18,206.286541,309005897.0,-2619839070.7
2024-03-19,207.299388,309905897.0,186569449.2
2024-03-20,209.697347,310755897.0,178242744.95000002
2024-03-21,209.87224,309755897.0,-209872240.0
2024-03-22,209.877562,310455897.0,146914293.4
2024-03-25,208.459528,312605897.0,448187985.2
2024-03-26,207.531644,312905897.0,62259493.2
2024-03-27,208.615159,313605897.0,146030611.3
2024-03-28,208.416601,313905897.0,62524980.300000004
2024-04-01,208.926766,313555897.0,-73124368.1
2024-04-02,206.834514,314055897.0,103417257.0
2024-04-03,207.30734,313505897.0,-114019037.0
2024-04-04,204.056044,314505897.0,204056044.0
2024-04-05,206.507185,314055897.0,-92928233.25
2024-04-08,206.142871,314555897.0,103071435.5
2024-04-09,207.203132,314355897.0,-41440626.4
2024-04-10,204.712466,314655897.0,61413739.800000004
2024-04-11,208.796352,314705897.0,10439817.600000001
2024-04-12,205.406526,314805897.0,20540652.6
2024-04-15,201.547268,314505897.0,-60464180.4
2024-04-16,201.736223,314305897.0,-40347244.6
2024-04-17,198.832338,314305897.0,0.0
2024-04-18,196.620773,314205897.0,-19662077.3
2024-04-19,192.55822,314305897.0,19255822.0
2024-04-22,194.240618,313555897.0,-145680463.5
2024-04-23,197.039355,313655897.0,19703935.5
2024-04-24,198.059884,313705897.0,9902994.200000001
2024-04-25,197.4984,313505897.0,-39499680.0
2024-04-26,199.844243,313505897.0,0.0
2024-04-29,200.683711,313905897.0,80273484.39999999
2024-04-30,196.284295,313755897.0,-29442644.249999996
2024-05-01,194.300924,314255897.0,97150462.0
2024-05-02,197.027878,313705897.0,-108365332.89999999
2024-05-03,202.503826,312755897.0,-192378634.70000002
2024-05-06,204.919643,312905897.0,30737946.450000003
2024-05-07,204.30497,312705897.0,-40860994.0
2024-05-08,204.884515,312555897.0,-30732677.25
2024-05-09,204.737923,311805897.0,-153553442.25
2024-05-10,205.588014,313355897.0,318661421.7
2024-05-13,206.486347,310055897.0,-681404945.1
2024-05-14,208.395842,310205897.0,31259376.299999997
2024-05-15,212.997619,309855897.0,-74549166.64999999
2024-05-16,212.276062,309255897.0,-127365637.2
2024-05-17,211.778629,309955897.0,148245040.29999998
2024-05-20,214.2466,310255897.0,64273980.0
2024-05-21,214.643711,310405897.0,32196556.65
2024-05-22,215.11919,310505897.0,21511919.0
2024-05-23,213.417688,310055897.0,-96037959.6
2024-05-24,215.17017,310355897.0,64551051.00000001
2024-05-28,216.049925,311055897.0,151234947.5
2024-05-29,214.631927,310505897.0,-118047559.85
2024-05-30,209.75802,310855897.0,73415307.0
2024-05-31,210.127879,311655897.0,168102303.20000002
2024-06-03,210.645632,311855897.0,42129126.4
2024-06-04,211.087058,311605897.0,-52771764.5
2024-06-05,215.814654,311855897.0,53953663.5
2024-06-06,215.115572,311855897.0,0.0
2024-06-07,215.593157,311355897.0,-107796578.5
2024-06-10,216.121533,311305897.0,-10806076.65
2024-06-11,220.181881,311205897.0,-22018188.1
2024-06-12,225.079644,312055897.0,191317697.4
2024-06-13,226.957925,313155897.0,249653717.5
2024-06-14,227.593802,313005897.0,-34139070.300000004
2024-06-17,231.015014,312655897.0,-80855254.9
2024-06-18,231.409264,312705897.0,11570463.200000001
2024-06-20,228.758675,348705897.0,8235312300.0
2024-06-21,228.015963,348005897.0,-159611174.1
2024-06-24,222.386656,311955897.0,-8017038948.799999
2024-06-25,226.45812,312155897.0,45291624.0
2024-06-26,226.366491,310905897.0,-282958113.75
2024-06-27,226.35548,310855897.0,-11317774.0
2024-06-28,226.223486,310355897.0,-113111743.0
2024-07-01,228.067833,311005897.0,148244091.45000002
2024-07-02,229.02758,311505897.0,114513790.0
2024-07-03,232.339907,311655897.0,34850986.050000004
2024-07-05,232.927535,311505897.0,-34939130.25
2024-07-08,234.530484,311455897.0,-11726524.2
2024-07-09,234.255525,310955897.0,-117127762.5
2024-07-10,237.743951,311455897.0,118871975.5
2024-07-11,231.619941,311655897.0,46323988.2
2024-07-12,233.77786,311605897.0,-11688893.0
2024-07-15,234.213255,311905897.0,70263976.5
2024-07-16,233.46819,310955897.0,-221794780.5
2024-07-17,224.367662,311355897.0,89747064.8
2024-07-18,224.317531,311955897.0,134590518.6
2024-07-19,220.841951,311305897.0,-143547268.15
2024-07-22,226.023132,311055897.0,-56505783.0
2024-07-23,225.241594,311555897.0,112620797.0
2024-07-24,215.83948,310505897.0,-226631454.0
2024-07-25,213.435861,310055897.0,-96046137.44999999
2024-07-26,216.227,310505897.0,97302150.0
2024-07-29,215.295535,310955897.0,96882990.75
2024-07-30,209.905804,311555897.0,125943482.39999999
2024-07-31,218.743514,312005897.0,98434581.3
2024-08-01,210.667929,311105897.0,-189601136.1
2024-08-02,204.79199,311805897.0,143354393.0
2024-08-05,197.952561,311255897.0,-108873908.55
2024-08-06,200.85272,312655897.0,281193808.0
2024-08-07,197.340809,312055897.0,-118404485.4
2024-08-08,204.618102,314305897.0,460390729.5
2024-08-09,205.583014,315955897.0,339211973.09999996
2024-08-12,207.26631,315305897.0,-134723101.5
2024-08-13,213.68217,315705897.0,85472868.0
2024-08-14,214.951527,315805897.0,21495152.7
2024-08-15,221.091281,318355897.0,563782766.5500001
2024-08-16,221.419334,316705897.0,-365341901.09999996
2024-08-19,225.075701,316655897.0,-11253785.05
2024-08-20,224.219122,316255897.0,-89687648.8
2024-08-21,225.648771,316155897.0,-22564877.1
2024-08-22,220.365766,316005897.0,-33054864.900000002
2024-08-23,224.008643,316255897.0,56002160.75
2024-08-26,221.095274,315855897.0,-88438109.6
2024-08-27,222.56493,315605897.0,-55641232.5
2024-08-28,219.392777,315805897.0,43878555.4
2024-08-29,217.400675,316005897.0,43480135.0
2024-08-30,220.380262,314755897.0,-275475327.5
2024-09-03,210.187049,314205897.0,-115602876.95
2024-09-04,209.728918,314205897.0,0.0
2024-09-05,209.351064,313955897.0,-52337766.0
2024-09-06,203.917393,313055897.0,-183525653.70000002
2024-09-09,207.28248,313305897.0,51820620.0
2024-09-10,210.339334,312805897.0,-105169667.0
2024-09-11,217.503589,312355897.0,-97876615.05
2024-09-12,219.306435,311705897.0,-142549182.75
2024-09-13,220.466183,310955897.0,-165349637.25
2024-09-16,219.550258,310155897.0,-175640206.4
2024-09-17,219.18509,310305897.0,32877763.5
2024-09-18,217.097644,310405897.0,21709764.4
2024-09-19,223.521872,310855897.0,100584842.4
2024-09-20,222.392806,310305897.0,-122316043.3
2024-09-23,222.107672,310705897.0,88843068.8
2024-09-24,223.541369,310855897.0,33531205.35
2024-09-25,224.289893,311155897.0,67286967.9
2024-09-26,227.161286,310555897.0,-136296771.6
2024-09-27,225.077318,310405897.0,-33761597.699999996
2024-09-30,225.8035,310455897.0,11290175.0
2024-10-01,220.219549,310405897.0,-11010977.45
2024-10-02,221.849563,310355897.0,-11092478.15
2024-10-03,222.865938,310255897.0,-22286593.8
2024-10-04,225.364721,310505897.0,56341180.25
2024-10-07,223.719892,310505897.0,0.0
2024-10-08,227.959469,310555897.0,11397973.450000001
2024-10-09,230.496947,310555897.0,0.0
2024-10-10,230.373737,310155897.0,-92149494.8
2024-10-11,230.776111,309955897.0,-46155222.199999996
2024-10-14,233.653435,311605897.0,385528167.75
2024-10-15,228.78883,312255897.0,148712739.5
2024-10-16,229.370987,311905897.0,-80279845.45
2024-10-17,230.13231,311305897.0,-138079386.0
2024-10-18,230.883119,311605897.0,69264935.7
2024-10-21,231.984913,311205897.0,-92793965.2
2024-10-22,231.817831,311005897.0,-46363566.2
2024-10-23,228.469225,310755897.0,-57117306.25
2024-10-24,229.140721,311005897.0,57285180.25
2024-10-25,230.350221,310805897.0,-46070044.2
2024-10-28,230.219623,311605897.0,184175698.4
2024-10-29,233.279894,311855897.0,58319973.5
2024-10-30,229.557814,312205897.0,80345234.9
2024-10-31,222.319993,312155897.0,-11115999.65
2024-11-01,223.944907,311005897.0,-257536643.05
2024-11-04,223.701487,311055897.0,11185074.35
2024-11-05,226.849925,310705897.0,-79397473.75
2024-11-06,233.362182,310855897.0,35004327.3
2024-11-07,237.480366,311155897.0,71244109.8
2024-11-08,237.056398,311255897.0,23705639.8
2024-11-11,235.778717,311205897.0,-11788935.85
2024-11-12,236.062054,311205897.0,0.0
2024-11-13,235.2672,311655897.0,105870240.0
2024-11-14,234.535169,312455897.0,187628135.2
2024-11-15,228.777916,312355897.0,-22877791.6
2024-11-18,229.455775,312205897.0,-34418366.25
2024-11-19,231.392622,312205897.0,0.0
2024-11-20,231.128846,312705897.0,115564423.0
2024-11-21,233.490018,313205897.0,116745009.0
2024-11-22,233.614628,312755897.0,-105126582.60000001
2024-11-25,233.525738,312255897.0,-116762869.0
2024-11-26,234.800256,311605897.0,-152620166.4
2024-11-27,231.545695,310905897.0,-162081986.5
2024-11-29,233.645505,311405897.0,116822752.5
2024-12-02,235.956412,311405897.0,0.0
2024-12-03,236.776822,310805897.0,-142066093.20000002
2024-12-04,241.1696,310905897.0,24116960.0
2024-12-05,239.878173,310305897.0,-143926903.8
2024-12-06,240.862069,310505897.0,48172413.8
2024-12-09,239.225325,310855897.0,83728863.75
2024-12-10,235.961467,311555897.0,165173026.9
2024-12-11,239.432823,311355897.0,-47886564.6
2024-12-12,238.000286,311555897.0,47600057.199999996
2024-12-13,239.077985,311605897.0,11953899.25
2024-12-16,241.449944,311655897.0,12072497.2
2024-12-17,240.041116,312255897.0,144024669.6
2024-12-18,232.387024,312455897.0,46477404.8
2024-12-19,232.418752,312755897.0,69725625.60000001
2024-12-20,235.882867,312255897.0,-117941433.5
2024-12-23,238.105239,311855897.0,-95242095.60000001
2024-12-24,240.581751,312405897.0,132319963.05
2024-12-26,240.640694,312605897.0,48128138.8
2024-12-27,237.369878,312605897.0,0.0
2024-12-30,234.488173,313105897.0,117244086.5
2024-12-31,232.475188,313005897.0,-23247518.8
2025-01-02,231.98471,312605897.0,-92793884.0
2025-01-03,235.769701,312455897.0,-35365455.15
2025-01-06,238.654896,312255897.0,-47730979.2
2025-01-07,233.973229,311705897.0,-128685275.95
2025-01-08,233.964068,312155897.0,105283830.6
2025-01-10,228.839454,312005897.0,-34325918.1
2025-01-13,227.139265,312655897.0,147640522.25
2025-01-14,227.774105,312505897.0,-34166115.75
2025-01-15,232.325649,313155897.0,151011671.85
2025-01-16,230.510638,313605897.0,103729787.1
2025-01-17,234.120684,313605897.0,0.0
2025-01-21,236.06772,313305897.0,-70820316.0
2025-01-22,241.43643,313405897.0,24143643.0
2025-01-23,241.88328,314455897.0,253977444.0
2025-01-24,239.369561,314755897.0,71810868.3
2025-01-27,227.511682,315705897.0,216136097.9
2025-01-28,233.724482,317305897.0,373959171.2
2025-01-29,231.702826,316805897.0,-115851413.0
2025-01-30,232.150731,316755897.0,-11607536.55
2025-01-31,230.851191,316255897.0,-115425595.5
2025-02-03,227.618067,315405897.0,-193475356.95
2025-02-04,230.971526,315105897.0,-69291457.8
2025-02-05,234.181691,314555897.0,-128799930.05
2025-02-06,234.890971,314555897.0,0.0
2025-02-07,232.761586,314055897.0,-116380793.0
2025-02-10,236.288678,314055897.0,0.0
2025-02-11,236.242352,314555897.0,118121176.0
2025-02-12,235.887832,314655897.0,23588783.2
2025-02-13,239.20659,314955897.0,71761977.0
2025-02-14,239.992828,314755897.0,-47998565.6
2025-02-18,242.213067,315005897.0,60553266.75
2025-02-19,242.187759,314905897.0,-24218775.9
2025-02-20,241.404307,314655897.0,-60351076.75
2025-02-21,234.894535,314805897.0,35234180.25
2025-02-24,231.48354,314755897.0,-11574177.0
2025-02-25,228.457013,314755897.0,0.0
2025-02-26,230.921843,315155897.0,92368737.2
2025-02-27,222.580655,315155897.0,0.0
2025-02-28,225.624358,314305897.0,-191780704.3
2025-03-03,218.682661,313055897.0,-273353326.25
2025-03-04,218.478553,312955897.0,-21847855.3
2025-03-05,221.551254,311905897.0,-232628816.7
2025-03-06,215.381285,311205897.0,-150766899.5
2025-03-07,218.522473,310705897.0,-109261236.5
2025-03-10,209.304985,310755897.0,10465249.25
2025-03-11,208.451089,311055897.0,62535326.699999996
2025-03-12,211.708864,310805897.0,-52927216.0
2025-03-13,207.729848,310555897.0,-51932462.0
2025-03-14,213.93848,310405897.0,-32090772.0
2025-03-17,215.338155,310555897.0,32300723.25
2025-03-18,212.103037,310255897.0,-63630911.1
2025-03-19,214.941274,309955897.0,-64482382.199999996
2025-03-20,213.454952,312755897.0,597673865.6
2025-03-21,214.022412,312755897.0,0.0
2025-03-24,217.772094,309755897.0,-653316282.0
2025-03-25,218.385541,310005897.0,54596385.25
2025-03-26,213.519326,310405897.0,85407730.4
2025-03-27,211.557455,310855897.0,95200854.75
2025-03-28,206.351435,310805897.0,-10317571.75
2025-03-31,206.47456,311105897.0,61942368.0
2025-04-01,208.056415,310755897.0,-72819745.25
2025-04-02,209.55481,309755897.0,-209554810.0
2025-04-03,195.302101,310355897.0,117181260.6
2025-04-04,182.474003,310455897.0,18247400.3
2025-04-07,183.506549,309655897.0,-146805239.20000002
2025-04-08,179.548372,308655897.0,-179548372.0
2025-04-09,203.967957,309205897.0,112182376.35000001
2025-04-10,194.494204,308405897.0,-155595363.2
2025-04-11,198.529953,307755897.0,-129044469.45
2025-04-14,200.085136,308055897.0,60025540.800000004
2025-04-15,200.977774,308105897.0,10048888.700000001
2025-04-16,193.960334,308705897.0,116376200.39999999
2025-04-17,192.934414,309655897.0,183287693.3
2025-04-21,187.873893,309705897.0,9393694.65
2025-04-22,192.382322,310105897.0,76952928.8
2025-04-23,198.062289,309955897.0,-29709343.349999998
2025-04-24,205.54298,310205897.0,51385745.0
2025-04-25,208.499259,309905897.0,-62549777.699999996
2025-04-28,208.174288,309905897.0,0.0
2025-04-29,209.205235,309505897.0,-83682094.0
2025-04-30,210.232115,309655897.0,31534817.25
2025-05-01,213.184824,309855897.0,42636964.8
2025-05-02,216.671801,308755897.0,-238338981.1
2025-05-05,215.360741,308505897.0,-53840185.25
2025-05-06,213.616738,308255897.0,-53404184.5
2025-05-07,215.797745,308105897.0,-32369661.75
2025-05-08,217.761429,308155897.0,10888071.45
2025-05-09,217.720565,308005897.0,-32658084.75
2025-05-12,227.746623,308105897.0,22774662.3
2025-05-13,232.671713,308405897.0,69801513.9
2025-05-14,234.187008,308955897.0,128802854.39999999
2025-05-15,234.471061,309305897.0,82064871.35
2025-05-16,234.923083,309655897.0,82223079.05
2025-05-19,234.565925,309855897.0,46913185.0
2025-05-20,233.640519,310005897.0,35046077.85
2025-05-21,229.371183,309855897.0,-34405677.45
2025-05-22,229.322743,310205897.0,80262960.05
2025-05-23,226.742482,310855897.0,147382613.3
2025-05-27,232.235135,310855897.0,0.0
2025-05-28,231.199838,311805897.0,219639846.1
2025-05-29,231.673188,312205897.0,92669275.2
2025-05-30,231.09666,312305897.0,23109666.0
2025-06-02,232.9673,312305897.0,0.0
2025-06-03,236.411902,312355897.0,11820595.1
2025-06-04,236.805011,313155897.0,189444008.8
2025-06-05,236.074797,312805897.0,-82626178.95
2025-06-06,238.405709,312405897.0,-95362283.6
2025-06-09,239.556825,312555897.0,35933523.75
2025-06-10,240.839442,312505897.0,-12041972.1
2025-06-11,240.25165,312405897.0,-24025165.0
2025-06-12,242.573624,312605897.0,48514724.8
2025-06-13,239.083809,313305897.0,167358666.3
2025-06-16,243.133994,313505897.0,48626798.8
2025-06-17,241.297058,313555897.0,12064852.9
2025-06-18,241.687564,313805897.0,60421891.0
2025-06-20,240.622348,314005897.0,48124469.599999994
2025-06-23,242.892663,313505897.0,-121446331.5
2025-06-24,247.305325,314205897.0,173113727.5
2025-06-25,249.303233,314255897.0,12465161.65
2025-06-26,251.083902,314755897.0,125541951.0
2025-06-27,250.707589,314405897.0,-87747656.15
2025-06-30,253.284386,315105897.0,177299070.20000002
2025-07-01,250.929063,315555897.0,112918078.35000001
2025-07-02,253.728187,315805897.0,63432046.75
2025-07-03,257.097199,316755897.0,244242339.04999998
2025-07-07,254.953161,316455897.0,-76485948.3
2025-07-08,256.285313,316555897.0,25628531.299999997
2025-07-09,257.844464,317005897.0,116030008.80000001
2025-07-10,257.016657,315955897.0,-269867489.85
2025-07-11,255.876824,315655897.0,-76763047.2
2025-07-14,255.626973,316055897.0,102250789.2
2025-07-15,257.937114,315805897.0,-64484278.5
2025-07-16,258.675501,316055897.0,64668875.25
2025-07-17,260.986564,317605897.0,404529174.2
2025-07-18,260.885906,317755897.0,39132885.9
2025-07-21,261.218758,317955897.0,52243751.599999994
2025-07-22,258.742616,317605897.0,-90559915.6
2025-07-23,260.282749,317955897.0,91098962.15
2025-07-24,261.331009,318055897.0,26133100.9
2025-07-25,262.028522,318655897.0,157217113.20000002
2025-07-28,264.123614,318505897.0,-39618542.099999994
2025-07-29,264.037555,318905897.0,105615022.0
2025-07-30,264.648816,319705897.0,211719052.8
2025-07-31,262.47066,318755897.0,-249347127.0
2025-08-01,257.151333,319005897.0,64287833.25000001
2025-08-04,262.270522,319755897.0,196702891.50000003
2025-08-05,260.126029,319705897.0,-13006301.450000001
2025-08-06,263.100552,319505897.0,-52620110.4
2025-08-07,263.252132,319755897.0,65813033.00000001
2025-08-08,265.883767,319655897.0,-26588376.7
2025-08-11,264.143372,319605897.0,-13207168.6
2025-08-12,268.237927,319605897.0,0.0
2025-08-13,268.337355,319955897.0,93918074.25
2025-08-14,267.785775,320055897.0,26778577.5
2025-08-15,265.707914,319355897.0,-185995539.8
2025-08-18,266.300824,319405897.0,13315041.2
2025-08-19,261.591825,319305897.0,-26159182.499999996
2025-08-20,259.916392,319105897.0,-51983278.39999999
2025-08-21,258.902913,320255897.0,297738349.95
2025-08-22,262.490695,319805897.0,-118120812.75
2025-08-25,261.880738,319605897.0,-52376147.6
2025-08-26,263.062777,319855897.0,65765694.24999999
2025-08-27,264.375989,319855897.0,0.0
2025-08-28,266.521764,319755897.0,-26652176.400000002
2025-08-29,262.391757,319905897.0,39358763.55
2025-09-02,259.896657,320055897.0,38984498.55
2025-09-03,261.381548,319705897.0,-91483541.8
2025-09-04,262.675929,319355897.0,-91936575.15
2025-09-05,262.87729,319705897.0,92007051.5
2025-09-08,264.76848,319705897.0,0.0
2025-09-09,265.333324,319555897.0,-39799998.6
2025-09-10,270.186951,319655897.0,27018695.1
2025-09-11,270.983987,319655897.0,0.0
2025-09-12,270.892073,319405897.0,-67723018.25
2025-09-15,273.304526,319705897.0,81991357.8
2025-09-16,272.343124,319855897.0,40851468.6
2025-09-17,271.464253,320005897.0,40719637.949999996
2025-09-18,276.17838,328805897.0,2430369744.0
2025-09-19,278.891818,328755897.0,-13944590.9
2025-09-22,282.716151,319555897.0,-2600988589.2000003
2025-09-23,280.116116,319305897.0,-70029029.0
2025-09-24,278.514743,319555897.0,69628685.75
2025-09-25,277.998178,319055897.0,-138999089.0
2025-09-26,278.801961,318955897.0,-27880196.1
2025-09-29,280.199135,318955897.0,0.0
2025-09-30,282.025711,320005897.0,296126996.55
2025-10-01,284.644574,319755897.0,-71161143.5
2025-10-02,286.192015,320355897.0,171715209.00000003
2025-10-03,284.698653,320255897.0,-28469865.299999997
2025-10-06,287.594401,319805897.0,-129417480.45
2025-10-07,285.686576,320805897.0,285686576.0
2025-10-08,290.657682,321155897.0,101730188.7
2025-10-09,290.207609,320205897.0,-275697228.55
2025-10-10,278.429667,320555897.0,97450383.45
2025-10-13,285.216883,319755897.0,-228173506.4
2025-10-14,281.413102,320105897.0,98494585.69999999
2025-10-15,284.246848,319755897.0,-99486396.8
2025-10-16,284.517449,319805897.0,14225872.45
2025-10-17,284.919263,320305897.0,142459631.5
2025-10-20,288.235415,320955897.0,187353019.75
2025-10-21,288.328053,321355897.0,115331221.2
2025-10-22,285.478147,321455897.0,28547814.7
2025-10-23,289.073246,320955897.0,-144536623.0
2025-10-24,293.633754,321005897.0,14681687.700000001
2025-10-27,299.127919,322355897.0,403822690.65000004
2025-10-28,301.904257,321105897.0,-377380321.24999994
2025-10-29,304.15166,322655897.0,471435073.0
2025-10-30,300.419796,323005897.0,105146928.60000001
2025-10-31,300.586629,322805897.0,-60117325.800000004
2025-11-03,301.943628,322905897.0,30194362.8
2025-11-04,293.839248,322555897.0,-102843736.8
2025-11-05,295.121395,322255897.0,-88536418.5
2025-11-06,289.016825,321955897.0,-86705047.5
2025-11-07,288.134754,322505897.0,158474114.7
2025-11-10,295.640174,322805897.0,88692052.2
2025-11-11,292.91884,322905897.0,29291884.0
2025-11-12,293.948164,323655897.0,220461123.0
2025-11-13,286.500014,322905897.0,-214875010.50000003
2025-11-14,288.090158,323655897.0,216067618.49999997
2025-11-17,283.607702,323505897.0,-42541155.300000004
2025-11-18,278.916782,324105897.0,167350069.20000002
2025-11-19,280.952512,324205897.0,28095251.200000003
2025-11-20,272.125434,326205897.0,544250868.0
2025-11-21,273.244168,326305897.0,27324416.8
2025-11-24,279.889061,326255897.0,-13994453.05
2025-11-25,280.489239,326105897.0,-42073385.85
2025-11-26,283.7931,326955897.0,241224134.99999997
2025-11-28,286.25379,326505897.0,-128814205.49999999
2025-12-01,286.369031,326405897.0,-28636903.1
2025-12-02,289.29666,326105897.0,-86788997.99999999
2025-12-03,289.923174,326205897.0,28992317.400000002
2025-12-04,291.043301,325805897.0,-116417320.39999999
2025-12-05,146.61729,650611794.0,47622160394.15913
2025-12-08,147.629612,649861794.0,-110722209.0
2025-12-09,148.022543,648661794.0,-177627051.60000002
2025-12-10,148.747343,648161794.0,-74373671.5
2025-12-11,147.964034,647211794.0,-140565832.3
2025-12-12,143.682454,646161794.0,-150866576.70000002
2025-12-15,142.298956,647811794.0,234793277.4
2025-12-16,142.586042,647661794.0,-21387906.299999997
2025-12-17,139.355365,647261794.0,-55742146.0
2025-12-18,141.551893,648311794.0,148629487.65
2025-12-19,144.566046,647311794.0,-144566046.0
2025-12-22,145.186181,644111794.0,-464595779.2
2025-12-23,145.971163,643111794.0,-145971163.0
2025-12-24,146.338725,643811794.0,102437107.50000001
2025-12-26,146.503511,644011794.0,29300702.2
2025-12-29,145.898297,644011794.0,0.0
2025-12-30,145.408713,643161794.0,-123597406.05000001
2025-12-31,143.952329,642411794.0,-107964246.75
2026-01-02,144.307882,641011794.0,-202031034.8
2026-01-05,144.639739,643361794.0,339903386.65
2026-01-06,146.674618,641861794.0,-220011927.0
2026-01-07,146.502367,641461794.0,-58600946.8
2026-01-08,144.251303,642811794.0,194739259.05
2026-01-09,146.170051,642661794.0,-21925507.65
2026-01-12,146.792051,643311794.0,95414833.14999999
2026-01-13,146.503826,640611794.0,-395560330.2
2026-01-14,144.677087,642861794.0,325523445.75
2026-01-15,145.421949,643661794.0,116337559.2
2026-01-16,145.609603,643411794.0,-36402400.75
2026-01-20,141.834713,643411794.0,0.0
2026-01-21,143.851824,641661794.0,-251740692.0
2026-01-22,144.905525,641411794.0,-36226381.25
2026-01-23,145.086093,639861794.0,-224883444.15
2026-01-26,146.12513,638561794.0,-189962669.00000003
2026-01-27,148.064746,638011794.0,-81435610.30000001
2026-01-28,149.187084,640911794.0,432642543.6
2026-01-29,146.909936,640311794.0,-88145961.6
2026-01-30,143.898094,636861794.0,-496448424.29999995
2026-02-02,145.271301,637011794.0,21790695.15
2026-02-03,142.043622,633911794.0,-440335228.2
2026-02-04,138.091716,632111794.0,-248565088.79999998
2026-02-05,135.597317,632661794.0,74578524.35000001
2026-02-06,141.116142,634261794.0,225785827.2
2026-02-09,143.389747,633011794.0,-179237183.75
2026-02-10,142.516478,631261794.0,-249403836.5
2026-02-11,142.962389,628711794.0,-364554091.95
2026-02-12,139.176041,627761794.0,-132217238.95
2026-02-13,139.602021,629911794.0,300144345.15000004
2026-02-17,139.448994,632011794.0,292842887.4
2026-02-18,140.959985,630511794.0,-211439977.49999997
2026-02-19,140.195511,630661794.0,21029326.650000002
2026-02-20,140.886214,630711794.0,7044310.7
2026-02-23,138.518323,630961794.0,34629580.75
2026-02-24,140.317665,636261794.0,743683624.5
2026-02-25,142.984107,631311794.0,-707771329.65
2026-02-26,141.002245,632061794.0,105751683.74999999
2026-02-27,138.773499,631861794.0,-27754699.799999997
2026-03-02,139.558354,628661794.0,-446586732.8
2026-03-03,137.513728,630911794.0,309405887.99999994
2026-03-04,139.882113,629861794.0,-146876218.65
2026-03-05,140.184846,631761794.0,266351207.39999998
2026-03-06,137.311265,632011794.0,34327816.25
2026-03-09,139.777146,632861794.0,118810574.1
2026-03-10,139.767543,628161794.0,-656907452.0999999
2026-03-11,140.461727,634561794.0,898955052.8
2026-03-12,137.808376,633211794.0,-186041307.60000002
2026-03-13,136.788957,639061794.0,800215398.45
2026-03-16,138.798904,635111794.0,-548255670.8
2026-03-17,139.529811,636211794.0,153482792.1
2026-03-18,137.98035,636611794.0,55192139.99999999
2026-03-19,138.438977,633461794.0,-436082777.54999995
2026-03-20,135.249055,632811794.0,-87911885.75
2026-03-23,136.992741,630011794.0,-383579674.8
2026-03-24,136.145228,631361794.0,183796057.8
2026-03-25,136.764709,631111794.0,-34191177.25
2026-03-26,132.479611,632461794.0,178847474.85
2026-03-27,129.93075,632261794.0,-25986149.999999996
2026-03-30,127.518962,632411794.0,19127844.3
2026-03-31,132.959904,633261794.0,113015918.39999999
2026-04-01,134.935719,633561794.0,40480715.7
2026-04-02,136.003119,634311794.0,102002339.25
2026-04-06,136.78253,635611794.0,177817289.0
2026-04-07,137.409293,636361794.0,103056969.75
2026-04-08,141.718816,637311794.0,134632875.20000002
2026-04-09,142.063171,638911794.0,227301073.60000002
2026-04-10,142.584203,640011794.0,156842623.3
2026-04-13,145.644959,638811794.0,-174773950.8
2026-04-14,147.908392,638911794.0,14790839.2
2026-04-15,150.276275,639011794.0,15027627.5
2026-04-16,152.071217,638811794.0,-30414243.4
2026-04-17,154.345534,643761794.0,764010393.3
2026-04-20,154.560786,644561794.0,123648628.80000001
2026-04-21,154.652871,646661794.0,324771029.1
2026-04-22,158.164247,648911794.0,355869555.75
2026-04-23,155.830258,653261794.0,677861622.3
2026-04-24,160.287702,650961794.0,-368661714.59999996
2026-04-27,160.559028,647811794.0,-505760938.20000005
2026-04-28,157.844708,648611794.0,126275766.39999999
2026-04-29,159.078635,648261794.0,-55677522.25
2026-04-30,159.448425,648061794.0,-31889684.999999996
2026-05-01,161.873159,647761794.0,-48561947.699999996
2026-05-04,162.007808,648811794.0,170108198.4
2026-05-05,165.584207,649161794.0,57954472.449999996
2026-05-06,170.004934,650261794.0,187005427.39999998
2026-05-07,169.665307,652211794.0,330847348.65000004
2026-05-08,175.575379,653211794.0,175575379.0
2026-05-11,177.889197,653211794.0,0.0
2026-05-12,175.225279,653461794.0,43806319.75
2026-05-13,176.886155,653561794.0,17688615.5
2026-05-14,179.478527,653011794.0,-98713189.85000001
2026-05-15,176.279928,652261794.0,-132209946.00000001
2026-05-18,174.367212,653211794.0,165648851.4
2026-05-19,173.212691,653061794.0,-25981903.650000002
2026-05-20,177.140578,652211794.0,-150569491.3
2026-05-21,178.560687,651111794.0,-196416755.7
2026-05-22,180.393755,650861794.0,-45098438.75
2026-05-26,185.200786,650911794.0,9260039.299999999
2026-05-27,184.373218,650711794.0,-36874643.6
2026-05-28,186.871538,651061794.0,65405038.3
2026-05-29,191.015511,651861794.0,152812408.8
2026-06-01,195.765737,653861794.0,391531474.0
2026-06-02,198.190754,651461794.0,-475657809.6
2026-06-03,196.196186,651111794.0,-68668665.10000001
2026-06-04,193.096707,652111794.0,193096707.0
2026-06-05,180.245215,653461794.0,243331040.25
2026-06-08,184.271269,653061794.0,-73708507.6
2026-06-09,180.854862,654161794.0,198940348.2
2026-06-10,176.511355,655811794.0,291243735.75
2026-06-11,183.299739,654311794.0,-274949608.5
2026-06-12,184.851688,653661794.0,-120153597.2
2026-06-15,191.796034,653611794.0,-9589801.7
2026-06-16,186.462135,653511794.0,-18646213.5
2026-06-17,185.767551,701561794.0,8926130825.55
2026-06-18,191.481683,698311794.0,-622315469.75
2026-06-22,192.119866,649961794.0,-9288995521.1
2026-06-23,184.205216,650911794.0,174994955.20000002
2026-06-24,183.060455,651361794.0,82377204.75
2026-06-25,184.528014,653461794.0,387508829.40000004
2026-06-26,181.481191,650111794.0,-607961989.85
2026-06-29,185.497299,650511794.0,74198919.6
2026-06-30,190.528682,650361794.0,-28579302.3
2026-07-01,185.54904,649311794.0,-194826492.0
2026-07-02,180.672573,650311794.0,180672573.0
2026-07-06,183.558244,650761794.0,82601209.8
2026-07-07,179.222573,650311794.0,-80650157.85000001
2026-07-08,181.450232,650311794.0,0.0
2026-07-09,185.339571,650661794.0,64868849.85
2026-07-10,185.802555,651611794.0,176512427.25
2026-07-13,181.288556,651711794.0,18128855.6
2026-07-14,183.575743,652061794.0,64251510.05
2026-07-15,181.614967,651761794.0,-54484490.1
2026-07-16,177.47647,651461794.0,-53242941.0
2026-07-17,175.575009,652811794.0,237026262.15
2026-07-20,175.693519,652611794.0,-35138703.800000004
2026-07-21,180.775642,653361794.0,135581731.5
2026-07-22,180.258739,653061794.0,-54077621.699999996
2026-07-23,178.462025,653661794.0,107077215.0
2026-07-24,175.897027,654361794.0,123127918.9
2026-07-27,174.301705,654811794.0,78435767.25
2026-07-28,171.038192,655111794.0,51311457.6
2026-07-29,166.500695,656911794.0,299701251.0
2026-07-30,175.667041,657861794.0,166883688.95000002
2026-07-31,175.273637,658461794.0,105164182.2
2026-08-03,178.084831,658211794.0,-44521207.75
2026-08-04,186.838019,657061794.0,-214863721.85
2026-08-05,185.883043,657611794.0,102235673.64999999
2026-08-06,185.351046,654761794.0,-528250481.09999996
2026-08-07,188.001886,655711794.0,178601791.70000002
2026-08-10,186.330813,654011794.0,-316762382.1
2026-08-11,186.156223,655311794.0,242003089.9
2026-08-12,188.850087,653111794.0,-415470191.4
2026-08-13,190.737376,652411794.0,-133516163.2
2026-08-14,190.027359,652661794.0,47506839.75
2026-08-17,190.235047,652461794.0,-38047009.4
2026-08-18,185.576747,652711794.0,46394186.75
2026-08-19,183.585549,652111794.0,-110151329.39999999
2026-08-20,183.048545,652261794.0,27457281.75
2026-08-21,183.288148,652711794.0,82479666.60000001
2026-08-24,180.040096,652011794.0,-126028067.2
2026-08-25,181.776134,652511794.0,90888067.0
2026-08-26,182.834033,652661794.0,27425104.95
2026-08-27,188.711536,652061794.0,-113226921.6
2026-08-28,185.690305,651661794.0,-74276122.0
2026-08-31,186.436689,651361794.0,-55931006.7
2026-09-01,183.633908,651661794.0,55090172.4
2026-09-02,183.612222,651261794.0,-73444888.8
2026-09-03,186.001483,650961794.0,-55800444.900000006
2026-09-04,187.327689,651311794.0,65564691.15
2026-09-08,187.878317,651811794.0,93939158.5
2026-09-09,187.866319,650811794.0,-187866319.0
2026-09-10,185.200111,649911794.0,-166680099.9
2026-09-11,187.730567,649011794.0,-168957510.3
2026-09-14,184.238195,648411794.0,-110542917.0
2026-09-15,183.752974,648811794.0,73501189.6
2026-09-16,183.972145,648961794.0,27595821.75
2026-09-17,188.065173,648411794.0,-103435845.14999999
2026-09-18,189.697776,649411794.0,189697776.0
2026-09-21,194.846791,649211794.0,-38969358.199999996
2026-09-22,196.263611,650661794.0,284582235.95
2026-09-23,195.304247,651461794.0,156243397.6
2026-09-24,194.759708,651261794.0,-38951941.6
2026-09-25,196.297127,651011794.0,-49074281.75
2026-09-28,194.493179,651111794.0,19449317.9
2026-09-29,194.446742,650161794.0,-184724404.9
2026-09-30,195.673488,650561794.0,78269395.2
2026-10-01,197.826778,652011794.0,286848828.09999996
2026-10-02,199.818289,651811794.0,-39963657.8
2026-10-05,200.884691,652461794.0,130575049.15
2026-10-06,201.950782,657311794.0,979461292.7
