date,nav,shares,flow
2015-10-07,30.0,100000.0,
2015-10-08,30.256859,100000.0,0.0
2015-10-09,30.185161,100000.0,0.0
2015-10-12,30.357426,100000.0,0.0
2015-10-13,30.134279,100000.0,0.0
2015-10-14,29.919693,100000.0,0.0
2015-10-15,30.342907,100000.0,0.0
2015-10-16,30.642946,100000.0,0.0
2015-10-19,31.05203,100000.0,0.0
2015-10-20,31.017598,100000.0,0.0
2015-10-21,30.972136,150000.0,1548606.8
2015-10-22,31.419452,150000.0,0.0
2015-10-23,31.050621,150000.0,0.0
2015-10-26,31.107489,150000.0,0.0
2015-10-27,31.091773,150000.0,0.0
2015-10-28,31.16144,150000.0,0.0
2015-10-29,31.173547,150000.0,0.0
2015-10-30,30.943761,150000.0,0.0
2015-11-02,31.670021,150000.0,0.0
2015-11-03,31.344746,150000.0,0.0
2015-11-04,31.162282,150000.0,0.0
2015-11-05,31.175421,150000.0,0.0
2015-11-06,30.198133,150000.0,0.0
2015-11-09,29.822941,150000.0,0.0
2015-11-10,30.064108,150000.0,0.0
2015-11-11,30.135904,150000.0,0.0
2015-11-12,29.961836,200000.0,1498091.8
2015-11-13,29.589134,100000.0,-2958913.4
2015-11-16,29.972889,100000.0,0.0
2015-11-17,30.015423,150000.0,1500771.15
2015-11-18,30.403685,150000.0,0.0
2015-11-19,30.502865,100000.0,-1525143.25
2015-11-20,30.846744,100000.0,0.0
2015-11-23,30.862166,150000.0,1543108.2999999998
2015-11-24,30.656567,150000.0,0.0
2015-11-25,30.770332,150000.0,0.0
2015-11-27,30.997841,150000.0,0.0
2015-11-30,30.745347,150000.0,0.0
2015-12-01,31.221753,150000.0,0.0
2015-12-02,30.585217,150000.0,0.0
2015-12-03,30.151359,150000.0,0.0
2015-12-04,30.766896,150000.0,0.0
2015-12-07,30.742687,150000.0,0.0
2015-12-08,30.71275,150000.0,0.0
2015-12-09,30.477131,150000.0,0.0
2015-12-10,30.225443,150000.0,0.0
2015-12-11,30.150332,150000.0,0.0
2015-12-14,30.331381,150000.0,0.0
2015-12-15,30.652732,150000.0,0.0
2015-12-16,31.260707,150000.0,0.0
2015-12-17,31.056247,150000.0,0.0
2015-12-18,30.258533,150000.0,0.0
2015-12-21,30.446477,150000.0,0.0
2015-12-22,30.589104,150000.0,0.0
2015-12-23,30.98354,150000.0,0.0
2015-12-24,30.969398,150000.0,0.0
2015-12-28,31.115201,150000.0,0.0
2015-12-29,31.450162,150000.0,0.0
2015-12-30,31.290947,150000.0,0.0
2015-12-31,31.037825,150000.0,0.0
2016-01-04,30.662019,150000.0,0.0
2016-01-05,31.278608,150000.0,0.0
2016-01-06,31.070739,200000.0,1553536.95
2016-01-07,30.442503,200000.0,0.0
2016-01-08,30.020668,200000.0,0.0
2016-01-11,30.173558,200000.0,0.0
2016-01-12,30.021549,200000.0,0.0
2016-01-13,29.590124,200000.0,0.0
2016-01-14,29.60086,200000.0,0.0
2016-01-15,29.223865,200000.0,0.0
2016-01-19,29.424662,200000.0,0.0
2016-01-20,28.540512,200000.0,0.0
2016-01-21,28.785719,200000.0,0.0
2016-01-22,29.541117,200000.0,0.0
2016-01-25,29.277125,200000.0,0.0
2016-01-26,29.854582,200000.0,0.0
2016-01-27,29.329253,200000.0,0.0
2016-01-28,29.066516,200000.0,0.0
2016-01-29,29.618465,200000.0,0.0
2016-02-01,29.660311,200000.0,0.0
2016-02-02,29.333697,200000.0,0.0
2016-02-03,29.452557,250000.0,1472627.8499999999
2016-02-04,29.489091,250000.0,0.0
2016-02-05,28.690697,250000.0,0.0
2016-02-08,27.827805,250000.0,0.0
2016-02-09,27.343256,250000.0,0.0
2016-02-10,27.538974,250000.0,0.0
2016-02-11,27.192991,250000.0,0.0
2016-02-12,27.556499,250000.0,0.0
2016-02-16,28.023008,250000.0,0.0
2016-02-17,28.302212,250000.0,0.0
2016-02-18,28.552918,250000.0,0.0
2016-02-19,28.655785,250000.0,0.0
2016-02-22,29.015666,250000.0,0.0
2016-02-23,28.927317,250000.0,0.0
2016-02-24,28.907486,250000.0,0.0
2016-02-25,29.4145,250000.0,0.0
2016-02-26,29.31785,250000.0,0.0
2016-02-29,29.298146,250000.0,0.0
2016-03-01,30.128827,250000.0,0.0
2016-03-02,30.294326,250000.0,0.0
2016-03-03,30.419092,250000.0,0.0
2016-03-04,30.489448,250000.0,0.0
2016-03-07,30.524846,250000.0,0.0
2016-03-08,30.239827,250000.0,0.0
2016-03-09,30.362872,250000.0,0.0
2016-03-10,30.325125,250000.0,0.0
2016-03-11,31.102863,250000.0,0.0
2016-03-14,31.079009,250000.0,0.0
2016-03-15,31.115513,250000.0,0.0
2016-03-16,31.446731,250000.0,0.0
2016-03-17,31.943621,250000.0,0.0
2016-03-18,31.502394,250000.0,0.0
2016-03-21,31.271961,250000.0,0.0
2016-03-22,31.280917,250000.0,0.0
2016-03-23,31.129293,250000.0,0.0
2016-03-24,31.142001,250000.0,0.0
2016-03-28,31.405281,250000.0,0.0
2016-03-29,31.993332,250000.0,0.0
2016-03-30,31.914763,350000.0,3191476.3000000003
2016-03-31,32.081833,350000.0,0.0
2016-04-01,32.153565,350000.0,0.0
2016-04-04,32.153421,350000.0,0.0
2016-04-05,31.934057,350000.0,0.0
2016-04-06,32.058577,350000.0,0.0
2016-04-07,31.857672,350000.0,0.0
2016-04-08,32.063628,350000.0,0.0
2016-04-11,31.931057,350000.0,0.0
2016-04-12,32.149132,350000.0,0.0
2016-04-13,32.030843,350000.0,0.0
2016-04-14,31.81534,350000.0,0.0
2016-04-15,32.020255,350000.0,0.0
2016-04-18,32.204947,350000.0,0.0
2016-04-19,32.18928,350000.0,0.0
2016-04-20,31.708899,350000.0,0.0
2016-04-21,31.149261,350000.0,0.0
2016-04-22,31.535163,350000.0,0.0
2016-04-25,31.724062,350000.0,0.0
2016-04-26,31.815993,350000.0,0.0
2016-04-27,31.716104,350000.0,0.0
2016-04-28,31.598403,350000.0,0.0
2016-04-29,31.377618,350000.0,0.0
2016-05-02,31.833513,350000.0,0.0
2016-05-03,31.798826,350000.0,0.0
2016-05-04,32.229736,350000.0,0.0
2016-05-05,32.333304,350000.0,0.0
2016-05-06,32.612732,350000.0,0.0
2016-05-09,32.865426,350000.0,0.0
2016-05-10,32.960809,350000.0,0.0
2016-05-11,32.210732,350000.0,0.0
2016-05-12,32.431231,350000.0,0.0
2016-05-13,32.069651,350000.0,0.0
2016-05-16,32.356779,350000.0,0.0
2016-05-17,31.826627,400000.0,1591331.3499999999
2016-05-18,31.400131,400000.0,0.0
2016-05-19,31.092928,400000.0,0.0
2016-05-20,31.30718,400000.0,0.0
2016-05-23,31.345167,400000.0,0.0
2016-05-24,31.677421,400000.0,0.0
2016-05-25,31.736245,400000.0,0.0
2016-05-26,31.752312,400000.0,0.0
2016-05-27,31.891623,400000.0,0.0
2016-05-31,31.873139,400000.0,0.0
2016-06-01,31.828329,400000.0,0.0
2016-06-02,31.976785,400000.0,0.0
2016-06-03,32.055548,400000.0,0.0
2016-06-06,31.888146,400000.0,0.0
2016-06-07,32.067926,400000.0,0.0
2016-06-08,32.181039,400000.0,0.0
2016-06-09,32.233287,400000.0,0.0
2016-06-10,32.103484,400000.0,0.0
2016-06-13,32.119377,400000.0,0.0
2016-06-14,31.982208,400000.0,0.0
2016-06-15,32.283165,400000.0,0.0
2016-06-16,32.49347,400000.0,0.0
2016-06-17,32.141633,400000.0,0.0
2016-06-20,32.187822,400000.0,0.0
2016-06-21,32.389796,400000.0,0.0
2016-06-22,32.355751,400000.0,0.0
2016-06-23,32.596831,400000.0,0.0
2016-06-24,32.087519,400000.0,0.0
2016-06-27,32.139652,400000.0,0.0
2016-06-28,32.839885,400000.0,0.0
2016-06-29,33.32123,400000.0,0.0
2016-06-30,33.622885,400000.0,0.0
2016-07-01,33.607033,400000.0,0.0
2016-07-05,33.923322,400000.0,0.0
2016-07-06,33.752257,400000.0,0.0
2016-07-07,33.422237,400000.0,0.0
2016-07-08,33.988394,400000.0,0.0
2016-07-11,34.15939,450000.0,1707969.5
2016-07-12,34.238985,450000.0,0.0
2016-07-13,34.376365,1300000.0,29219910.25
2016-07-14,34.163115,1300000.0,0.0
2016-07-15,34.13379,1350000.0,1706689.4999999998
2016-07-18,34.154806,1650000.0,10246441.8
2016-07-19,34.310597,1650000.0,0.0
2016-07-20,34.283759,1700000.0,1714187.9500000002
2016-07-21,34.324576,1700000.0,0.0
2016-07-22,34.613341,1700000.0,0.0
2016-07-25,34.540015,1700000.0,0.0
2016-07-26,34.431782,1700000.0,0.0
2016-07-27,34.102587,1700000.0,0.0
2016-07-28,34.292135,1700000.0,0.0
2016-07-29,34.599461,1700000.0,0.0
2016-08-01,34.775753,1700000.0,0.0
2016-08-02,34.239156,1700000.0,0.0
2016-08-03,34.021191,1700000.0,0.0
2016-08-04,33.941509,3150000.0,49215188.050000004
2016-08-05,33.97318,3300000.0,5095977.0
2016-08-08,33.979531,3350000.0,1698976.55
2016-08-09,34.137534,3350000.0,0.0
2016-08-10,34.115642,3400000.0,1705782.1
2016-08-11,33.774712,3400000.0,0.0
2016-08-12,33.868011,3400000.0,0.0
2016-08-15,33.846238,3400000.0,0.0
2016-08-16,33.45297,3400000.0,0.0
2016-08-17,33.574253,3400000.0,0.0
2016-08-18,33.506721,3400000.0,0.0
2016-08-19,33.227788,3400000.0,0.0
2016-08-22,33.383033,3400000.0,0.0
2016-08-23,33.394544,3400000.0,0.0
2016-08-24,33.275844,3450000.0,1663792.2
2016-08-25,33.413817,3450000.0,0.0
2016-08-26,33.075975,3450000.0,0.0
2016-08-29,33.41647,3450000.0,0.0
2016-08-30,33.351549,3450000.0,0.0
2016-08-31,33.365807,3450000.0,0.0
2016-09-01,33.340737,3450000.0,0.0
2016-09-02,33.567815,3600000.0,5035172.25
2016-09-06,33.888371,3600000.0,0.0
2016-09-07,33.839327,3600000.0,0.0
2016-09-08,33.434616,4050000.0,15045577.2
2016-09-09,32.117632,93300000.0,2866498656.0
2016-09-12,32.53975,93750000.0,14642887.5
2016-09-13,31.728652,93650000.0,-3172865.2
2016-09-14,31.836073,89700000.0,-125752488.35
2016-09-15,31.995434,89050000.0,-20797032.1
2016-09-16,31.934514,86850000.0,-70255930.8
2016-09-19,32.244029,87700000.0,27407424.65
2016-09-20,32.190568,87550000.0,-4828585.2
2016-09-21,32.579254,86650000.0,-29321328.599999998
2016-09-22,33.207269,86500000.0,-4981090.35
2016-09-23,33.300668,87250000.0,24975501.0
2016-09-26,33.353219,98400000.0,371888391.85
2016-09-27,33.103768,99250000.0,28138202.8
2016-09-28,33.326699,98150000.0,-36659368.9
2016-09-29,32.914211,98800000.0,21394237.150000002
2016-09-30,32.743819,98200000.0,-19646291.400000002
2016-10-03,32.156872,97750000.0,-14470592.4
2016-10-04,31.647639,97150000.0,-18988583.400000002
2016-10-05,31.038678,95900000.0,-38798347.5
2016-10-06,31.107793,94400000.0,-46661689.5
2016-10-07,31.038301,93650000.0,-23278725.75
2016-10-10,31.193511,93850000.0,6238702.2
2016-10-11,30.928846,93800000.0,-1546442.3
2016-10-12,31.339234,92100000.0,-53276697.800000004
2016-10-13,31.50108,92050000.0,-1575054.0
2016-10-14,31.413686,92100000.0,1570684.2999999998
2016-10-17,31.451871,92050000.0,-1572593.55
2016-10-18,31.62227,91950000.0,-3162227.0
2016-10-19,31.729498,88150000.0,-120572092.39999999
2016-10-20,31.620031,87950000.0,-6324006.2
2016-10-21,31.581724,87950000.0,0.0
2016-10-24,31.666946,87750000.0,-6333389.2
2016-10-25,31.588296,87000000.0,-23691222.0
2016-10-26,31.199308,87000000.0,0.0
2016-10-27,30.435556,87000000.0,0.0
2016-10-28,30.524421,87000000.0,0.0
2016-10-31,30.9462,87000000.0,0.0
2016-11-01,30.319501,87000000.0,0.0
2016-11-02,29.880503,85400000.0,-47808804.800000004
2016-11-03,29.725073,85400000.0,0.0
2016-11-04,29.968287,85400000.0,0.0
2016-11-07,30.492137,85400000.0,0.0
2016-11-08,30.684311,85650000.0,7671077.75
2016-11-09,29.985761,84850000.0,-23988608.8
2016-11-10,29.529835,85200000.0,10335442.25
2016-11-11,29.570309,84400000.0,-23656247.200000003
2016-11-14,30.16817,84350000.0,-1508408.5
2016-11-15,29.972723,83800000.0,-16484997.649999999
2016-11-16,29.941207,83400000.0,-11976482.799999999
2016-11-17,29.649466,83400000.0,0.0
2016-11-18,29.703917,84050000.0,19307546.05
2016-11-21,29.6528,84050000.0,0.0
2016-11-22,30.15155,83050000.0,-30151550.0
2016-11-23,29.941659,83800000.0,22456244.25
2016-11-25,30.07153,83700000.0,-3007153.0
2016-11-28,30.162881,83700000.0,0.0
2016-11-29,30.3693,83700000.0,0.0
2016-11-30,29.994299,82800000.0,-26994869.1
2016-12-01,29.527648,82800000.0,0.0
2016-12-02,29.866988,82800000.0,0.0
2016-12-05,30.092355,82800000.0,0.0
2016-12-06,30.187945,82950000.0,4528191.75
2016-12-07,30.854938,82400000.0,-16970215.9
2016-12-08,30.997035,82400000.0,0.0
2016-12-09,30.971992,81500000.0,-27874792.8
2016-12-12,31.280837,81650000.0,4692125.55
2016-12-13,31.373004,80900000.0,-23529753.0
2016-12-14,30.790806,78000000.0,-89293337.4
2016-12-15,30.590366,76700000.0,-39767475.8
2016-12-16,30.420878,77000000.0,9126263.4
2016-12-19,30.714685,77000000.0,0.0
2016-12-20,30.736508,77000000.0,0.0
2016-12-21,30.330928,76550000.0,-13648917.6
2016-12-22,30.303933,76550000.0,0.0
2016-12-23,30.336044,76700000.0,4550406.600000001
2016-12-27,30.416645,76700000.0,0.0
2016-12-28,30.185213,76250000.0,-13583345.85
2016-12-29,30.469127,76250000.0,0.0
2016-12-30,30.737728,76250000.0,0.0
2017-01-03,30.858026,75150000.0,-33943828.6
2017-01-04,31.240391,75300000.0,4686058.649999999
2017-01-05,31.39997,75300000.0,0.0
2017-01-06,31.39817,75100000.0,-6279634.0
2017-01-09,31.196947,75700000.0,18718168.2
2017-01-10,30.795316,75600000.0,-3079531.6
2017-01-11,30.652644,75950000.0,10728425.4
2017-01-12,30.773686,75950000.0,0.0
2017-01-13,30.698281,75950000.0,0.0
2017-01-17,30.954798,75800000.0,-4643219.7
2017-01-18,31.009574,76350000.0,17055265.7
2017-01-19,30.704369,76200000.0,-4605655.35
2017-01-20,30.912211,76050000.0,-4636831.649999999
2017-01-23,31.094109,76300000.0,7773527.25
2017-01-24,31.092587,74800000.0,-46638880.5
2017-01-25,30.902373,73450000.0,-41718203.550000004
2017-01-26,30.897529,73450000.0,0.0
2017-01-27,30.62274,73600000.0,4593411.0
2017-01-30,30.475755,74450000.0,25904391.75
2017-01-31,30.716177,74650000.0,6143235.399999999
2017-02-01,30.364073,74650000.0,0.0
2017-02-02,30.742773,74650000.0,0.0
2017-02-03,30.933258,74000000.0,-20106617.7
2017-02-06,30.749445,73100000.0,-27674500.5
2017-02-07,30.68603,72900000.0,-6137206.0
2017-02-08,30.956832,73400000.0,15478416.0
2017-02-09,31.065246,73200000.0,-6213049.199999999
2017-02-10,31.269643,73200000.0,0.0
2017-02-13,31.430233,73200000.0,0.0
2017-02-14,31.266422,73700000.0,15633211.0
2017-02-15,31.177379,74100000.0,12470951.6
2017-02-16,31.314996,74100000.0,0.0
2017-02-17,31.402333,73600000.0,-15701166.5
2017-02-21,31.81849,73600000.0,0.0
2017-02-22,31.721348,73850000.0,7930337.0
2017-02-23,31.930487,73850000.0,0.0
2017-02-24,32.081895,74250000.0,12832758.000000002
2017-02-27,32.239605,74250000.0,0.0
2017-02-28,32.14739,74000000.0,-8036847.5
2017-03-01,32.055533,71650000.0,-75330502.55
2017-03-02,31.967669,71700000.0,1598383.45
2017-03-03,31.856849,71700000.0,0.0
2017-03-06,31.727452,71700000.0,0.0
2017-03-07,31.624653,71700000.0,0.0
2017-03-08,31.155191,71650000.0,-1557759.5499999998
2017-03-09,30.757071,71650000.0,0.0
2017-03-10,30.707853,72050000.0,12283141.2
2017-03-13,30.767384,72050000.0,0.0
2017-03-14,30.721494,72050000.0,0.0
2017-03-15,31.325511,72450000.0,12530204.4
2017-03-16,31.234313,72650000.0,6246862.6
2017-03-17,31.092495,73900000.0,38865618.75
2017-03-20,31.132374,74150000.0,7783093.5
2017-03-21,31.084238,74150000.0,0.0
2017-03-22,31.140421,74300000.0,4671063.15
2017-03-23,31.373475,74500000.0,6274695.0
2017-03-24,31.325484,73950000.0,-17229016.2
2017-03-27,31.131221,73800000.0,-4669683.15
2017-03-28,31.278603,73750000.0,-1563930.15
2017-03-29,31.396014,73750000.0,0.0
2017-03-30,31.458009,73750000.0,0.0
2017-03-31,31.611232,73900000.0,4741684.8
2017-04-03,31.650478,73900000.0,0.0
2017-04-04,31.554596,73750000.0,-4733189.4
2017-04-05,31.604343,73750000.0,0.0
2017-04-06,31.766813,73750000.0,0.0
2017-04-07,31.820305,73750000.0,0.0
2017-04-10,32.045527,73750000.0,0.0
2017-04-11,32.193213,73800000.0,1609660.65
2017-04-12,32.149418,73750000.0,-1607470.9
2017-04-13,32.076502,74250000.0,16038250.999999998
2017-04-17,32.447445,74050000.0,-6489489.0
2017-04-18,32.534771,74250000.0,6506954.2
2017-04-19,32.456599,74250000.0,0.0
2017-04-20,32.450861,73200000.0,-34073404.050000004
2017-04-21,32.294616,72400000.0,-25835692.799999997
2017-04-24,32.001026,72400000.0,0.0
2017-04-25,32.072316,72250000.0,-4810847.4
2017-04-26,31.799554,72200000.0,-1589977.7
2017-04-27,31.828077,72100000.0,-3182807.7
2017-04-28,31.639448,72100000.0,0.0
2017-05-01,31.836463,72100000.0,0.0
2017-05-02,31.862134,72100000.0,0.0
2017-05-03,31.46735,72050000.0,-1573367.5
2017-05-04,31.506363,72050000.0,0.0
2017-05-05,31.757545,72000000.0,-1587877.25
2017-05-08,31.586009,71950000.0,-1579300.45
2017-05-09,31.456157,71850000.0,-3145615.7
2017-05-10,31.640574,72200000.0,11074200.9
2017-05-11,31.478767,71450000.0,-23609075.25
2017-05-12,31.357895,71350000.0,-3135789.5
2017-05-15,31.494627,71500000.0,4724194.05
2017-05-16,31.330019,71500000.0,0.0
2017-05-17,31.523802,72000000.0,15761901.0
2017-05-18,31.598825,71800000.0,-6319765.0
2017-05-19,31.777889,71800000.0,0.0
2017-05-22,31.868973,71700000.0,-3186897.3
2017-05-23,31.895192,71700000.0,0.0
2017-05-24,32.097342,71950000.0,8024335.499999999
2017-05-25,32.213096,71950000.0,0.0
2017-05-26,32.007051,71950000.0,0.0
2017-05-30,31.904875,71950000.0,0.0
2017-05-31,31.861793,72050000.0,3186179.3
2017-06-01,31.983031,72050000.0,0.0
2017-06-02,32.267948,72050000.0,0.0
2017-06-05,32.157349,72050000.0,0.0
2017-06-06,32.015599,71050000.0,-32015599.0
2017-06-07,32.178914,71050000.0,0.0
2017-06-08,32.043449,71050000.0,0.0
2017-06-09,32.182648,71050000.0,0.0
2017-06-12,32.388671,71050000.0,0.0
2017-06-13,32.46378,71150000.0,3246378.0
2017-06-14,32.576255,71150000.0,0.0
2017-06-15,32.736673,71150000.0,0.0
2017-06-16,32.42622,71150000.0,0.0
2017-06-19,32.4694,71800000.0,21105110.0
2017-06-20,32.406428,72050000.0,8101607.0
2017-06-21,32.332926,72000000.0,-1616646.3
2017-06-22,32.360667,72000000.0,0.0
2017-06-23,32.486601,70850000.0,-37359591.15
2017-06-26,32.63844,70850000.0,0.0
2017-06-27,32.513404,70900000.0,1625670.2
2017-06-28,32.543108,70600000.0,-9762932.399999999
2017-06-29,32.20947,71500000.0,28988523.000000004
2017-06-30,32.200132,71500000.0,0.0
2017-07-03,32.50744,71500000.0,0.0
2017-07-05,32.119208,71500000.0,0.0
2017-07-06,31.520115,71500000.0,0.0
2017-07-07,31.72374,71500000.0,0.0
2017-07-10,31.45127,71600000.0,3145127.0
2017-07-11,31.394001,71600000.0,0.0
2017-07-12,31.806435,71600000.0,0.0
2017-07-13,31.871054,71650000.0,1593552.7
2017-07-14,32.205975,71650000.0,0.0
2017-07-17,32.272657,71650000.0,0.0
2017-07-18,32.236919,71850000.0,6447383.8
2017-07-19,32.474631,72800000.0,30850899.450000003
2017-07-20,32.369129,75950000.0,101962756.35000001
2017-07-21,32.446758,75950000.0,0.0
2017-07-24,32.397224,75950000.0,0.0
2017-07-25,32.418974,75950000.0,0.0
2017-07-26,32.681648,76100000.0,4902247.2
2017-07-27,32.649616,76100000.0,0.0
2017-07-28,32.618891,76800000.0,22833223.7
2017-07-31,32.580109,76800000.0,0.0
2017-08-01,32.706851,76250000.0,-17988768.05
2017-08-02,32.560527,76200000.0,-1628026.35
2017-08-03,32.489182,76200000.0,0.0
2017-08-04,32.589797,76200000.0,0.0
2017-08-07,32.58749,76200000.0,0.0
2017-08-08,32.415962,76200000.0,0.0
2017-08-09,32.459232,75950000.0,-8114808.0
2017-08-10,32.158875,75950000.0,0.0
2017-08-11,31.961755,75950000.0,0.0
2017-08-14,32.512034,75950000.0,0.0
2017-08-15,32.433037,75950000.0,0.0
2017-08-16,32.528976,75950000.0,0.0
2017-08-17,32.294068,75950000.0,0.0
2017-08-18,32.053663,75950000.0,0.0
2017-08-21,32.403232,76550000.0,19441939.200000003
2017-08-22,32.366815,76550000.0,0.0
2017-08-23,32.700259,76550000.0,0.0
2017-08-24,32.650457,76650000.0,3265045.7
2017-08-25,32.784245,76650000.0,0.0
2017-08-28,32.63954,75450000.0,-39167447.99999999
2017-08-29,32.616154,75450000.0,0.0
2017-08-30,32.776731,74850000.0,-19666038.599999998
2017-08-31,32.946316,74850000.0,0.0
2017-09-01,32.91871,74850000.0,0.0
2017-09-05,32.896775,74450000.0,-13158710.0
2017-09-06,32.928769,74650000.0,6585753.800000001
2017-09-07,33.190651,74700000.0,1659532.55
2017-09-08,33.188973,74650000.0,-1659448.65
2017-09-11,33.449332,74650000.0,0.0
2017-09-12,33.070193,74650000.0,0.0
2017-09-13,32.935733,74650000.0,0.0
2017-09-14,33.164409,74650000.0,0.0
2017-09-15,33.034442,75250000.0,19820665.2
2017-09-18,32.86625,74050000.0,-39439500.0
2017-09-19,32.527439,74450000.0,13010975.6
2017-09-20,32.437553,74550000.0,3243755.3000000003
2017-09-21,32.371696,74550000.0,0.0
2017-09-22,32.113795,73900000.0,-20873966.750000004
2017-09-25,32.21912,73900000.0,0.0
2017-09-26,32.255304,73900000.0,0.0
2017-09-27,31.985005,73900000.0,0.0
2017-09-28,32.226889,73900000.0,0.0
2017-09-29,32.257699,73850000.0,-1612884.9500000002
2017-10-02,32.126664,73000000.0,-27307664.4
2017-10-03,32.116494,72600000.0,-12846597.600000001
2017-10-04,32.383268,72550000.0,-1619163.4000000001
2017-10-05,32.486064,72850000.0,9745819.2
2017-10-06,32.423613,73850000.0,32423613.000000004
2017-10-09,32.46261,73850000.0,0.0
2017-10-10,32.531661,73850000.0,0.0
2017-10-11,32.706163,73850000.0,0.0
2017-10-12,32.942976,73800000.0,-1647148.8
2017-10-13,33.007132,73800000.0,0.0
2017-10-16,32.86117,73800000.0,0.0
2017-10-17,32.86614,73600000.0,-6573228.0
2017-10-18,32.809169,73550000.0,-1640458.45
2017-10-19,32.778703,73550000.0,0.0
2017-10-20,32.741721,73550000.0,0.0
2017-10-23,32.608438,73550000.0,0.0
2017-10-24,32.403895,73550000.0,0.0
2017-10-25,32.314152,73800000.0,8078538.0
2017-10-26,32.13501,73500000.0,-9640503.0
2017-10-27,32.211168,73500000.0,0.0
2017-10-30,32.399109,73700000.0,6479821.800000001
2017-10-31,32.495758,73700000.0,0.0
2017-11-01,32.47796,73700000.0,0.0
2017-11-02,32.763212,72950000.0,-24572409.000000004
2017-11-03,32.742895,72950000.0,0.0
2017-11-06,33.258591,72950000.0,0.0
2017-11-07,33.565123,72600000.0,-11747793.05
2017-11-08,33.813377,72350000.0,-8453344.25
2017-11-09,33.818223,72400000.0,1690911.1500000001
2017-11-10,33.812946,72450000.0,1690647.2999999998
2017-11-13,33.917281,72350000.0,-3391728.1
2017-11-14,33.873617,72350000.0,0.0
2017-11-15,33.625929,74050000.0,57164079.3
2017-11-16,33.759829,74050000.0,0.0
2017-11-17,33.570539,72950000.0,-36927592.9
2017-11-20,33.474584,72800000.0,-5021187.6
2017-11-21,33.66294,72200000.0,-20197764.0
2017-11-22,33.544269,71950000.0,-8386067.25
2017-11-24,33.667062,71800000.0,-5050059.3
2017-11-27,33.574548,71800000.0,0.0
2017-11-28,33.480997,71850000.0,1674049.85
2017-11-29,33.415221,71850000.0,0.0
2017-11-30,33.455409,71850000.0,0.0
2017-12-01,33.515869,71800000.0,-1675793.4500000002
2017-12-04,33.084383,71800000.0,0.0
2017-12-05,32.949388,71800000.0,0.0
2017-12-06,33.000382,71600000.0,-6600076.4
2017-12-07,33.115758,71550000.0,-1655787.9
2017-12-08,33.196776,71550000.0,0.0
2017-12-11,33.2614,71450000.0,-3326140.0
2017-12-12,33.419408,71050000.0,-13367763.2
2017-12-13,33.41606,71400000.0,11695621.0
2017-12-14,33.435427,71200000.0,-6687085.399999999
2017-12-15,33.180573,71950000.0,24885429.750000004
2017-12-18,33.289116,72150000.0,6657823.2
2017-12-19,32.661079,72200000.0,1633053.95
2017-12-20,32.310235,72800000.0,19386141.0
2017-12-21,32.188646,72850000.0,1609432.2999999998
2017-12-22,32.425575,72350000.0,-16212787.500000002
2017-12-26,32.581515,72550000.0,6516303.000000001
2017-12-27,32.726116,72550000.0,0.0
2017-12-28,32.913534,72900000.0,11519736.9
2017-12-29,32.921439,72900000.0,0.0
2018-01-02,32.728667,73050000.0,4909300.05
2018-01-03,32.762921,73050000.0,0.0
2018-01-04,32.201885,73650000.0,19321131.0
2018-01-05,32.288668,73650000.0,0.0
2018-01-08,32.478189,73650000.0,0.0
2018-01-09,32.113667,73850000.0,6422733.399999999
2018-01-10,31.619617,73850000.0,0.0
2018-01-11,31.413911,73850000.0,0.0
2018-01-12,31.186506,74200000.0,10915277.1
2018-01-16,31.33518,74200000.0,0.0
2018-01-17,31.549436,74250000.0,1577471.8
2018-01-18,31.240197,73200000.0,-32802206.849999998
2018-01-19,31.447341,73150000.0,-1572367.05
2018-01-22,31.753437,73300000.0,4763015.55
2018-01-23,32.221735,73000000.0,-9666520.5
2018-01-24,32.11774,73200000.0,6423548.0
2018-01-25,32.062378,71900000.0,-41681091.400000006
2018-01-26,32.164383,71900000.0,0.0
2018-01-29,31.788864,71900000.0,0.0
2018-01-30,31.642023,72050000.0,4746303.45
2018-01-31,32.303251,72800000.0,24227438.250000004
2018-02-01,31.704606,74150000.0,42801218.099999994
2018-02-02,31.377388,74950000.0,25101910.4
2018-02-05,30.52208,74900000.0,-1526104.0
2018-02-06,30.474248,74900000.0,0.0
2018-02-07,30.335176,75050000.0,4550276.4
2018-02-08,29.384022,76300000.0,36730027.5
2018-02-09,30.087559,74650000.0,-49644472.35
2018-02-12,30.180629,74500000.0,-4527094.35
2018-02-13,30.37496,74500000.0,0.0
2018-02-14,30.195539,74500000.0,0.0
2018-02-15,30.475093,74250000.0,-7618773.25
2018-02-16,30.677989,74250000.0,0.0
2018-02-20,30.370688,76150000.0,57704307.2
2018-02-21,29.821528,82700000.0,195331008.4
2018-02-22,30.16155,82550000.0,-4524232.5
2018-02-23,30.688942,82550000.0,0.0
2018-02-26,30.822988,82500000.0,-1541149.4
2018-02-27,30.161214,82850000.0,10556424.9
2018-02-28,30.133426,82850000.0,0.0
2018-03-01,29.977368,82850000.0,0.0
2018-03-02,29.871749,82850000.0,0.0
2018-03-05,30.278511,83150000.0,9083553.3
2018-03-06,30.396087,83150000.0,0.0
2018-03-07,30.554095,81900000.0,-38192618.75
2018-03-08,30.750652,73150000.0,-269068205.0
2018-03-09,30.968564,73750000.0,18581138.400000002
2018-03-12,31.118315,73750000.0,0.0
2018-03-13,31.21748,73400000.0,-10926118.0
2018-03-14,31.285463,73400000.0,0.0
2018-03-15,31.275134,73450000.0,1563756.7
2018-03-16,31.254667,73450000.0,0.0
2018-03-19,30.958453,74000000.0,17027149.15
2018-03-20,30.940169,74100000.0,3094016.9
2018-03-21,30.653945,74600000.0,15326972.5
2018-03-22,30.538155,74600000.0,0.0
2018-03-23,30.073469,74050000.0,-16540407.95
2018-03-26,30.481652,74750000.0,21337156.4
2018-03-27,30.525603,75000000.0,7631400.75
2018-03-28,31.097213,75100000.0,3109721.3
2018-03-29,31.083303,75100000.0,0.0
2018-04-02,30.696881,75850000.0,23022660.75
2018-04-03,30.793389,75450000.0,-12317355.6
2018-04-04,31.167169,74400000.0,-32725527.450000003
2018-04-05,31.185424,75750000.0,42100322.4
2018-04-06,30.895624,75750000.0,0.0
2018-04-09,30.874586,74550000.0,-37049503.2
2018-04-10,30.671495,75050000.0,15335747.5
2018-04-11,30.732536,75950000.0,27659282.4
2018-04-12,30.391372,75950000.0,0.0
2018-04-13,30.548643,75950000.0,0.0
2018-04-16,30.676823,75950000.0,0.0
2018-04-17,31.084045,76200000.0,7771011.25
2018-04-18,31.018157,76200000.0,0.0
2018-04-19,30.500323,76200000.0,0.0
2018-04-20,30.231379,76200000.0,0.0
2018-04-23,30.279236,76300000.0,3027923.6
2018-04-24,30.325361,76300000.0,0.0
2018-04-25,30.222167,76300000.0,0.0
2018-04-26,30.599417,76400000.0,3059941.6999999997
2018-04-27,31.002529,76200000.0,-6200505.8
2018-04-30,30.887309,75700000.0,-15443654.5
2018-05-01,31.097702,75700000.0,0.0
2018-05-02,30.994281,74850000.0,-26345138.85
2018-05-03,30.967044,75100000.0,7741761.0
2018-05-04,31.314913,74350000.0,-23486184.75
2018-05-07,31.373327,74350000.0,0.0
2018-05-08,31.159121,75950000.0,49854593.6
2018-05-09,31.385817,75950000.0,0.0
2018-05-10,31.688041,77750000.0,57038473.8
2018-05-11,31.533776,77750000.0,0.0
2018-05-14,31.305641,76250000.0,-46958461.5
2018-05-15,30.792975,76250000.0,0.0
2018-05-16,30.688351,76250000.0,0.0
2018-05-17,30.535616,75950000.0,-9160684.8
2018-05-18,30.564176,76300000.0,10697461.6
2018-05-21,30.874545,76150000.0,-4631181.75
2018-05-22,30.916551,76150000.0,0.0
2018-05-23,31.167003,76150000.0,0.0
2018-05-24,31.044047,76300000.0,4656607.05
2018-05-25,31.183683,76300000.0,0.0
2018-05-29,31.261382,75850000.0,-14067621.9
2018-05-30,31.687504,74950000.0,-28518753.6
2018-05-31,31.579993,75250000.0,9473997.9
2018-06-01,31.705691,75550000.0,9511707.3
2018-06-04,32.014211,75250000.0,-9604263.3
2018-06-05,31.861991,75350000.0,3186199.1
2018-06-06,31.962119,75100000.0,-7990529.75
2018-06-07,31.933192,75200000.0,3193319.1999999997
2018-06-08,32.078217,75350000.0,4811732.550000001
2018-06-11,32.038847,75250000.0,-3203884.6999999997
2018-06-12,32.237545,75250000.0,0.0
2018-06-13,31.50336,75250000.0,0.0
2018-06-14,31.812824,75250000.0,0.0
2018-06-15,31.499737,75250000.0,0.0
2018-06-18,31.466117,75250000.0,0.0
2018-06-19,31.494854,74650000.0,-18896912.4
2018-06-20,31.838842,75650000.0,31838842.0
2018-06-21,32.040557,75550000.0,-3204055.7
2018-06-22,32.300894,76850000.0,41991162.2
2018-06-25,32.243215,76750000.0,-3224321.5
2018-06-26,32.405872,78600000.0,59950863.2
2018-06-27,32.313227,79300000.0,22619258.9
2018-06-28,32.627183,78800000.0,-16313591.500000002
2018-06-29,32.695064,78800000.0,0.0
2018-07-02,32.53972,79250000.0,14642874.000000002
2018-07-03,32.693685,79550000.0,9808105.5
2018-07-05,33.136765,78500000.0,-34793603.25
2018-07-06,33.272104,78600000.0,3327210.4
2018-07-09,32.97258,78600000.0,0.0
2018-07-10,33.130448,78600000.0,0.0
2018-07-11,33.022485,79200000.0,19813491.000000004
2018-07-12,33.099734,79200000.0,0.0
2018-07-13,33.009318,79700000.0,16504659.0
2018-07-16,32.815715,79700000.0,0.0
2018-07-17,32.608447,79700000.0,0.0
2018-07-18,32.46832,79800000.0,3246832.0
2018-07-19,32.796401,80100000.0,9838920.3
2018-07-20,32.495821,80100000.0,0.0
2018-07-23,32.419002,80100000.0,0.0
2018-07-24,32.318763,80600000.0,16159381.499999998
2018-07-25,32.628164,80600000.0,0.0
2018-07-26,32.748049,80800000.0,6549609.800000001
2018-07-27,32.443945,80800000.0,0.0
2018-07-30,32.426366,81000000.0,6485273.2
2018-07-31,33.043371,81100000.0,3304337.1
2018-08-01,33.273275,80800000.0,-9981982.5
2018-08-02,33.097984,81000000.0,6619596.799999999
2018-08-03,33.534399,81000000.0,0.0
2018-08-06,33.471607,81600000.0,20082964.2
2018-08-07,33.398431,81600000.0,0.0
2018-08-08,33.220024,82100000.0,16610012.000000002
2018-08-09,33.265487,82500000.0,13306194.8
2018-08-10,32.930963,82500000.0,0.0
2018-08-13,32.928936,82500000.0,0.0
2018-08-14,33.052111,82500000.0,0.0
2018-08-15,33.334149,82550000.0,1666707.4499999997
2018-08-16,33.607792,82100000.0,-15123506.400000002
2018-08-17,33.929228,81800000.0,-10178768.4
2018-08-20,33.949779,81650000.0,-5092466.85
2018-08-21,33.648245,81650000.0,0.0
2018-08-22,33.432027,80600000.0,-35103628.35
2018-08-23,33.363004,80650000.0,1668150.1999999997
2018-08-24,33.574263,80650000.0,0.0
2018-08-27,33.546921,82900000.0,75480572.25
2018-08-28,33.945589,83200000.0,10183676.7
2018-08-29,33.911024,83200000.0,0.0
2018-08-30,33.72132,83750000.0,18546726.0
2018-08-31,33.864127,83950000.0,6772825.4
2018-09-04,33.557592,83950000.0,0.0
2018-09-05,33.753002,83950000.0,0.0
2018-09-06,33.866469,84350000.0,13546587.600000001
2018-09-07,33.44686,84850000.0,16723430.0
2018-09-10,33.627468,84850000.0,0.0
2018-09-11,33.618493,84700000.0,-5042773.95
2018-09-12,33.661201,84750000.0,1683060.0499999998
2018-09-13,33.871216,88400000.0,123629938.39999999
2018-09-14,33.588021,88400000.0,0.0
2018-09-17,33.753403,84400000.0,-135013612.0
2018-09-18,33.553951,84400000.0,0.0
2018-09-19,33.248415,83800000.0,-19949049.0
2018-09-20,33.503859,85050000.0,41879823.75
2018-09-21,33.119891,85050000.0,0.0
2018-09-24,32.494388,84500000.0,-17871913.400000002
2018-09-25,32.460648,84500000.0,0.0
2018-09-26,32.086803,84500000.0,0.0
2018-09-27,32.185521,86750000.0,72417422.25
2018-09-28,32.621069,87050000.0,9786320.7
2018-10-01,32.351432,83750000.0,-106759725.60000001
2018-10-02,32.261384,83700000.0,-1613069.2
2018-10-03,31.944755,83800000.0,3194475.5
2018-10-04,31.747763,83800000.0,0.0
2018-10-05,31.740638,83100000.0,-22218446.6
2018-10-08,32.156855,82900000.0,-6431371.0
2018-10-09,32.282481,82450000.0,-14527116.45
2018-10-10,31.765067,80950000.0,-47647600.5
2018-10-11,30.845824,80950000.0,0.0
2018-10-12,30.829729,80750000.0,-6165945.8
2018-10-15,30.986834,79950000.0,-24789467.200000003
2018-10-16,31.57708,79850000.0,-3157708.0
2018-10-17,31.502578,79850000.0,0.0
2018-10-18,31.504035,79400000.0,-14176815.75
2018-10-19,31.818441,79400000.0,0.0
2018-10-22,31.367598,79400000.0,0.0
2018-10-23,31.584023,79450000.0,1579201.15
2018-10-24,31.941627,79450000.0,0.0
2018-10-25,32.330182,78500000.0,-30713672.900000002
2018-10-26,31.492347,78350000.0,-4723852.05
2018-10-29,31.983701,77600000.0,-23987775.75
2018-10-30,32.518541,78300000.0,22762978.7
2018-10-31,32.077256,79350000.0,33681118.8
2018-11-01,32.222827,79350000.0,0.0
2018-11-02,31.937913,79150000.0,-6387582.600000001
2018-11-05,32.478328,79400000.0,8119581.999999999
2018-11-06,32.646528,80600000.0,39175833.6
2018-11-07,33.019135,80700000.0,3301913.5
2018-11-08,33.076369,80800000.0,3307636.9
2018-11-09,33.120643,80900000.0,3312064.3000000003
2018-11-12,33.185432,80700000.0,-6637086.399999999
2018-11-13,33.245566,80700000.0,0.0
2018-11-14,33.2633,82350000.0,54884445.0
2018-11-15,32.999178,84300000.0,64348397.1
2018-11-16,33.444603,81550000.0,-91972658.25
2018-11-19,33.564586,81650000.0,3356458.5999999996
2018-11-20,33.113342,81650000.0,0.0
2018-11-21,33.070497,81850000.0,6614099.4
2018-11-23,32.958435,81400000.0,-14831295.75
2018-11-26,33.024909,81400000.0,0.0
2018-11-27,33.210172,81700000.0,9963051.6
2018-11-28,33.498896,81700000.0,0.0
2018-11-29,33.538919,82250000.0,18446405.45
2018-11-30,33.876516,82250000.0,0.0
2018-12-03,33.999127,82900000.0,22099432.55
2018-12-04,33.570613,82550000.0,-11749714.55
2018-12-06,34.464374,81650000.0,-31017936.599999998
2018-12-07,33.968043,79800000.0,-62840879.550000004
2018-12-10,33.823955,80750000.0,32132757.249999996
2018-12-11,33.874892,84850000.0,138887057.20000002
2018-12-12,33.234057,84050000.0,-26587245.6
2018-12-13,33.476027,84050000.0,0.0
2018-12-14,33.414004,84050000.0,0.0
2018-12-17,32.189797,84250000.0,6437959.399999999
2018-12-18,32.493786,84650000.0,12997514.4
2018-12-19,32.197486,84050000.0,-19318491.599999998
2018-12-20,31.809249,83800000.0,-7952312.25
2018-12-21,30.940041,83700000.0,-3094004.1
2018-12-24,29.790287,83700000.0,0.0
2018-12-26,30.776662,83700000.0,0.0
2018-12-27,30.848964,84800000.0,33933860.4
2018-12-28,30.947426,82250000.0,-78915936.3
2018-12-31,31.003203,82250000.0,0.0
2019-01-02,30.299729,83050000.0,24239783.2
2019-01-03,30.448007,82650000.0,-12179202.8
2019-01-04,30.759735,82650000.0,0.0
2019-01-07,31.00099,82950000.0,9300297.0
2019-01-08,31.550715,82650000.0,-9465214.5
2019-01-09,31.420809,81750000.0,-28278728.099999998
2019-01-10,31.906223,81100000.0,-20739044.95
2019-01-11,31.980055,82550000.0,46371079.75
2019-01-14,31.889402,82550000.0,0.0
2019-01-15,32.228178,83100000.0,17725497.9
2019-01-16,32.404429,83900000.0,25923543.2
2019-01-17,32.556364,83900000.0,0.0
2019-01-18,32.656762,83900000.0,0.0
2019-01-22,32.60538,85150000.0,40756724.99999999
2019-01-23,32.635454,86900000.0,57112044.50000001
2019-01-24,32.761634,87450000.0,18018898.7
2019-01-25,33.152049,87200000.0,-8288012.249999999
2019-01-28,33.468489,87200000.0,0.0
2019-01-29,33.732974,88200000.0,33732974.0
2019-01-30,34.01365,88650000.0,15306142.5
2019-01-31,34.338598,88950000.0,10301579.399999999
2019-02-01,34.109226,88450000.0,-17054613.0
2019-02-04,34.332315,89000000.0,18882773.25
2019-02-05,34.538485,90350000.0,46626954.75
2019-02-06,34.2747,90450000.0,3427470.0000000005
2019-02-07,34.549199,90800000.0,12092219.65
2019-02-08,34.581659,91200000.0,13832663.600000001
2019-02-11,34.659259,91200000.0,0.0
2019-02-12,34.416077,91200000.0,0.0
2019-02-13,34.651886,91150000.0,-1732594.2999999998
2019-02-14,34.806208,88500000.0,-92236451.19999999
2019-02-15,34.993231,88500000.0,0.0
2019-02-19,35.029662,88100000.0,-14011864.8
2019-02-20,34.802059,90850000.0,95705662.25
2019-02-21,34.869503,90400000.0,-15691276.350000001
2019-02-22,35.081563,89950000.0,-15786703.350000001
2019-02-25,34.796986,87100000.0,-99171410.1
2019-02-26,34.731177,87850000.0,26048382.75
2019-02-27,34.597284,88000000.0,5189592.600000001
2019-02-28,34.717966,87400000.0,-20830779.599999998
2019-03-01,34.674582,87400000.0,0.0
2019-03-04,34.815866,88000000.0,20889519.6
2019-03-05,34.90534,88750000.0,26179005.0
2019-03-06,34.815554,87550000.0,-41778664.8
2019-03-07,34.78873,87550000.0,0.0
2019-03-08,34.830842,86850000.0,-24381589.4
2019-03-11,35.365428,86850000.0,0.0
2019-03-12,35.545843,86500000.0,-12441045.049999999
2019-03-13,35.725488,87150000.0,23221567.2
2019-03-14,35.805848,89500000.0,84143742.8
2019-03-15,35.466977,87950000.0,-54973814.35
2019-03-18,35.286388,86250000.0,-59986859.6
2019-03-19,35.184026,86850000.0,21110415.6
2019-03-20,35.333015,87000000.0,5299952.250000001
2019-03-21,35.961428,83100000.0,-140249569.2
2019-03-22,35.800948,83100000.0,0.0
2019-03-25,35.823028,83100000.0,0.0
2019-03-26,36.061802,83600000.0,18030901.0
2019-03-27,35.935714,84300000.0,25154999.799999997
2019-03-28,36.233287,87200000.0,105076532.3
2019-03-29,36.212325,85100000.0,-76045882.5
2019-04-01,36.115978,85050000.0,-1805798.9
2019-04-02,36.424894,85050000.0,0.0
2019-04-03,36.385806,84700000.0,-12735032.100000001
2019-04-04,36.281849,85050000.0,12698647.15
2019-04-05,36.556982,84950000.0,-3655698.1999999997
2019-04-08,36.376904,84800000.0,-5456535.600000001
2019-04-09,36.262243,84800000.0,0.0
2019-04-10,36.546271,84900000.0,3654627.0999999996
2019-04-11,36.494474,84900000.0,0.0
2019-04-12,36.694821,84100000.0,-29355856.799999997
2019-04-15,36.476071,84600000.0,18238035.5
2019-04-16,35.607353,84600000.0,0.0
2019-04-17,35.253481,84900000.0,10576044.3
2019-04-18,35.518142,84900000.0,0.0
2019-04-22,35.147119,85100000.0,7029423.800000001
2019-04-23,35.538241,84650000.0,-15992208.45
2019-04-24,35.81291,84650000.0,0.0
2019-04-25,35.7499,84650000.0,0.0
2019-04-26,35.993866,84300000.0,-12597853.1
2019-04-29,35.611542,84300000.0,0.0
2019-04-30,36.038213,84050000.0,-9009553.25
2019-05-01,36.053453,83500000.0,-19829399.15
2019-05-02,36.10642,83500000.0,0.0
2019-05-03,36.360029,85550000.0,74538059.44999999
2019-05-06,36.204673,83500000.0,-74219579.65
2019-05-07,35.565294,83500000.0,0.0
2019-05-08,35.581573,83500000.0,0.0
2019-05-09,35.697127,84300000.0,28557701.6
2019-05-10,36.104832,83550000.0,-27078624.0
2019-05-13,36.122925,85350000.0,65021265.00000001
2019-05-14,36.248808,83300000.0,-74310056.39999999
2019-05-15,36.485796,82200000.0,-40134375.6
2019-05-16,36.71228,84350000.0,78931402.0
2019-05-17,36.650148,80350000.0,-146600592.0
2019-05-20,36.057931,79600000.0,-27043448.250000004
2019-05-21,36.36931,79850000.0,9092327.5
2019-05-22,36.518946,79650000.0,-7303789.2
2019-05-23,36.704478,80700000.0,38539701.9
2019-05-24,36.758804,80700000.0,0.0
2019-05-28,36.354958,80700000.0,0.0
2019-05-29,35.935964,80800000.0,3593596.4
2019-05-30,36.168516,80300000.0,-18084258.0
2019-05-31,36.451307,80300000.0,0.0
2019-06-03,36.610561,80050000.0,-9152640.25
2019-06-04,36.40601,79900000.0,-5460901.5
2019-06-05,37.253404,79900000.0,0.0
2019-06-06,37.320032,80500000.0,22392019.2
2019-06-07,37.417251,80500000.0,0.0
2019-06-10,37.303818,80500000.0,0.0
2019-06-11,37.384568,80500000.0,0.0
2019-06-12,37.498306,80350000.0,-5624745.9
2019-06-13,37.57161,81050000.0,26300127.0
2019-06-14,37.702169,81350000.0,11310650.7
2019-06-17,38.124982,81350000.0,0.0
2019-06-18,38.016221,82750000.0,53222709.4
2019-06-19,38.273563,82750000.0,0.0
2019-06-20,38.480732,82950000.0,7696146.4
2019-06-21,37.759899,83600000.0,24543934.349999998
2019-06-24,37.587265,87100000.0,131555427.50000001
2019-06-25,37.080423,87800000.0,25956296.1
2019-06-26,36.356713,87150000.0,-23631863.45
2019-06-27,36.672182,88300000.0,42173009.3
2019-06-28,36.798732,88150000.0,-5519809.8
2019-07-01,36.698742,88300000.0,5504811.300000001
2019-07-02,37.364992,89700000.0,52310988.800000004
2019-07-03,37.912255,90150000.0,17060514.75
2019-07-05,37.698096,90150000.0,0.0
2019-07-08,37.837877,90150000.0,0.0
2019-07-09,38.040321,89700000.0,-17118144.45
2019-07-10,38.238811,90400000.0,26767167.7
2019-07-11,37.775351,94300000.0,147323868.9
2019-07-12,37.632001,95550000.0,47040001.25
2019-07-15,37.678419,95650000.0,3767841.9
2019-07-16,37.609856,96300000.0,24446406.400000002
2019-07-17,37.457279,96050000.0,-9364319.75
2019-07-18,37.403276,95600000.0,-16831474.2
2019-07-19,36.771637,95700000.0,3677163.6999999997
2019-07-22,36.755426,95500000.0,-7351085.2
2019-07-23,37.127127,95500000.0,0.0
2019-07-24,37.100248,95500000.0,0.0
2019-07-25,36.920154,95950000.0,16614069.299999999
2019-07-26,37.04211,95950000.0,0.0
2019-07-29,37.211798,95900000.0,-1860589.9000000001
2019-07-30,37.542563,95800000.0,-3754256.3000000003
2019-07-31,37.433848,95800000.0,0.0
2019-08-01,37.516773,95100000.0,-26261741.1
2019-08-02,37.816595,94400000.0,-26471616.5
2019-08-05,37.078774,94400000.0,0.0
2019-08-06,37.515014,94800000.0,15006005.6
2019-08-07,37.866111,95800000.0,37866111.0
2019-08-08,38.457349,95850000.0,1922867.45
2019-08-09,38.488461,96250000.0,15395384.4
2019-08-12,38.424299,96150000.0,-3842429.9
2019-08-13,38.455374,96150000.0,0.0
2019-08-14,37.871251,96950000.0,30297000.8
2019-08-15,38.410795,99650000.0,103709146.5
2019-08-16,38.656167,97000000.0,-102438842.55000001
2019-08-19,39.002798,96950000.0,-1950139.9
2019-08-20,38.69767,96950000.0,0.0
2019-08-21,38.889768,96950000.0,0.0
2019-08-22,39.055865,98400000.0,56631004.24999999
2019-08-23,38.553626,98400000.0,0.0
2019-08-26,38.945279,98300000.0,-3894527.9
2019-08-27,38.795253,98200000.0,-3879525.3000000003
2019-08-28,38.927093,98200000.0,0.0
2019-08-29,39.210279,99350000.0,45091820.85
2019-08-30,39.250408,99500000.0,5887561.2
2019-09-03,39.762407,99400000.0,-3976240.7
2019-09-04,40.098154,99100000.0,-12029446.200000001
2019-09-05,39.733568,99050000.0,-1986678.4
2019-09-06,39.819505,99050000.0,0.0
2019-09-09,39.473403,99400000.0,13815691.049999999
2019-09-10,38.934016,99400000.0,0.0
2019-09-11,38.825514,99400000.0,0.0
2019-09-12,39.076371,99050000.0,-13676729.850000001
2019-09-13,38.594002,101550000.0,96485005.00000001
2019-09-16,38.984803,98850000.0,-105258968.1
2019-09-17,39.528047,98850000.0,0.0
2019-09-18,39.404838,99150000.0,11821451.399999999
2019-09-19,39.52988,99300000.0,5929482.0
2019-09-20,39.142473,99950000.0,25442607.450000003
2019-09-23,39.233642,99500000.0,-17655138.900000002
2019-09-24,39.192392,98200000.0,-50950109.599999994
2019-09-25,39.161676,99650000.0,56784430.2
2019-09-26,39.535721,99350000.0,-11860716.3
2019-09-27,39.274761,102000000.0,104078116.64999999
2019-09-30,39.354334,99150000.0,-112159851.9
2019-10-01,38.960289,98700000.0,-17532130.05
2019-10-02,38.751458,98300000.0,-15500583.2
2019-10-03,39.206472,98450000.0,5880970.8
2019-10-04,39.442573,98400000.0,-1972128.6500000001
2019-10-07,39.316234,98400000.0,0.0
2019-10-08,39.127798,98400000.0,0.0
2019-10-09,39.253135,98400000.0,0.0
2019-10-10,39.325378,99850000.0,57021798.1
2019-10-11,39.21684,99850000.0,0.0
2019-10-14,39.269899,100100000.0,9817474.75
2019-10-15,39.317482,100100000.0,0.0
2019-10-16,39.27006,100700000.0,23562036.0
2019-10-17,39.534505,100950000.0,9883626.25
2019-10-18,39.920861,101600000.0,25948559.650000002
2019-10-21,40.201237,101600000.0,0.0
2019-10-22,40.042322,101800000.0,8008464.399999999
2019-10-23,40.111909,101700000.0,-4011190.9
2019-10-24,40.001546,101200000.0,-20000773.0
2019-10-25,39.477936,101200000.0,0.0
2019-10-28,39.052911,101450000.0,9763227.75
2019-10-29,39.203454,101650000.0,7840690.8
2019-10-30,39.446031,101650000.0,0.0
2019-10-31,39.307266,102150000.0,19653633.0
2019-11-01,39.209347,102050000.0,-3920934.7
2019-11-04,38.797298,101750000.0,-11639189.399999999
2019-11-05,38.11389,101750000.0,0.0
2019-11-06,38.269622,102250000.0,19134811.0
2019-11-07,37.862476,102700000.0,17038114.2
2019-11-08,37.77758,102950000.0,9444395.0
2019-11-11,37.862033,102950000.0,0.0
2019-11-12,37.57841,105600000.0,99582786.5
2019-11-13,37.984401,99050000.0,-248797826.54999998
2019-11-14,38.337049,101650000.0,99676327.4
2019-11-15,38.56108,99450000.0,-84834376.0
2019-11-18,38.752757,99350000.0,-3875275.7
2019-11-19,38.834501,99650000.0,11650350.3
2019-11-20,38.846611,99450000.0,-7769322.2
2019-11-21,38.307941,100100000.0,24900161.65
2019-11-22,38.101163,100250000.0,5715174.45
2019-11-25,38.1215,100250000.0,0.0
2019-11-26,38.669392,100300000.0,1933469.6
2019-11-27,38.793784,101350000.0,40733473.2
2019-11-29,38.62597,101350000.0,0.0
2019-12-02,37.951554,102000000.0,24668510.1
2019-12-03,38.232288,100900000.0,-42055516.8
2019-12-04,38.461854,100900000.0,0.0
2019-12-05,38.495471,100950000.0,1924773.55
2019-12-06,38.53342,101350000.0,15413368.0
2019-12-09,38.585949,100150000.0,-46303138.8
2019-12-10,38.323061,99950000.0,-7664612.2
2019-12-11,38.033877,96000000.0,-150233814.14999998
2019-12-12,37.53375,98100000.0,78820875.0
2019-12-13,37.614677,98350000.0,9403669.25
2019-12-16,37.899658,95250000.0,-117488939.80000001
2019-12-17,37.460972,94800000.0,-16857437.4
2019-12-18,37.97395,95250000.0,17088277.5
2019-12-19,38.377677,95050000.0,-7675535.399999999
2019-12-20,38.213505,95950000.0,34392154.5
2019-12-23,38.007437,95150000.0,-30405949.6
2019-12-24,38.071495,94400000.0,-28553621.25
2019-12-26,38.299184,94350000.0,-1914959.2
2019-12-27,38.431685,93950000.0,-15372674.0
2019-12-30,38.414538,95650000.0,65304714.6
2019-12-31,38.706196,95950000.0,11611858.799999999
2020-01-02,38.194748,93150000.0,-106945294.39999999
2020-01-03,38.502545,94350000.0,46203054.0
2020-01-06,38.533931,94850000.0,19266965.5
2020-01-07,38.075307,94700000.0,-5711296.050000001
2020-01-08,38.235605,94250000.0,-17206022.25
2020-01-09,38.264476,94650000.0,15305790.4
2020-01-10,38.626131,94500000.0,-5793919.65
2020-01-13,39.102207,98500000.0,156408828.0
2020-01-14,38.914984,98150000.0,-13620244.399999999
2020-01-15,39.215645,98550000.0,15686258.0
2020-01-16,39.525566,98350000.0,-7905113.199999999
2020-01-17,39.578284,97800000.0,-21768056.2
2020-01-21,40.001565,97800000.0,0.0
2020-01-22,39.685997,97750000.0,-1984299.85
2020-01-23,40.068982,96250000.0,-60103473.0
2020-01-24,39.981187,95950000.0,-11994356.1
2020-01-27,39.814009,95900000.0,-1990700.45
2020-01-28,39.934612,96900000.0,39934612.0
2020-01-29,39.684064,97800000.0,35715657.6
2020-01-30,39.788844,96350000.0,-57693823.8
2020-01-31,39.251271,96150000.0,-7850254.2
2020-02-03,39.302769,95650000.0,-19651384.5
2020-02-04,39.769406,96050000.0,15907762.399999999
2020-02-05,39.74182,96000000.0,-1987090.9999999998
2020-02-06,39.900373,95700000.0,-11970111.9
2020-02-07,39.919894,95900000.0,7983978.8
2020-02-10,40.410083,95900000.0,0.0
2020-02-11,40.902488,96100000.0,8180497.6
2020-02-12,41.175808,92800000.0,-135880166.4
2020-02-13,41.421078,92700000.0,-4142107.8000000003
2020-02-14,41.887508,92700000.0,0.0
2020-02-18,41.822559,92750000.0,2091127.95
2020-02-19,41.254961,92850000.0,4125496.1
2020-02-20,41.73015,93300000.0,18778567.5
2020-02-21,41.908934,93350000.0,2095446.7000000002
2020-02-24,41.348517,93350000.0,0.0
2020-02-25,40.296588,93150000.0,-8059317.6
2020-02-26,39.94489,93800000.0,25964178.5
2020-02-27,37.712342,93700000.0,-3771234.2
2020-02-28,36.759593,94100000.0,14703837.200000001
2020-03-02,38.616985,94300000.0,7723397.0
2020-03-03,38.576967,95150000.0,32790421.950000003
2020-03-04,40.114054,94700000.0,-18051324.3
2020-03-05,39.181129,96200000.0,58771693.5
2020-03-06,38.517397,95000000.0,-46220876.400000006
2020-03-09,35.769218,96200000.0,42923061.6
2020-03-10,37.551681,96050000.0,-5632752.15
2020-03-11,35.510505,95700000.0,-12428676.75
2020-03-12,32.446307,97150000.0,47047145.15
2020-03-13,35.29528,96100000.0,-37060044.0
2020-03-16,29.483315,94000000.0,-61914961.5
2020-03-17,31.521665,94050000.0,1576083.25
2020-03-18,29.178921,94950000.0,26261028.9
2020-03-19,28.788468,95550000.0,17273080.8
2020-03-20,27.227408,93850000.0,-46286593.6
2020-03-23,25.529539,94650000.0,20423631.2
2020-03-24,27.705109,97550000.0,80344816.1
2020-03-25,28.945231,96800000.0,-21708923.25
2020-03-26,31.196622,96000000.0,-24957297.6
2020-03-27,31.173739,95950000.0,-1558686.95
2020-03-30,32.061635,93500000.0,-78551005.75
2020-03-31,31.037574,94650000.0,35693210.1
2020-04-01,29.152143,92100000.0,-74337964.64999999
2020-04-02,29.540743,93350000.0,36925928.75
2020-04-03,29.317747,90750000.0,-76226142.2
2020-04-06,31.424659,90400000.0,-10998630.649999999
2020-04-07,31.461946,88750000.0,-51912210.9
2020-04-08,33.790693,83350000.0,-182469742.2
2020-04-09,35.526274,96900000.0,481381012.7
2020-04-13,33.922644,134350000.0,1270403017.8
2020-04-14,35.030359,138550000.0,147127507.79999998
2020-04-15,33.696683,140150000.0,53914692.8
2020-04-16,33.496127,140550000.0,13398450.8
2020-04-17,34.573136,139300000.0,-43216420.0
2020-04-20,33.283469,138500000.0,-26626775.199999996
2020-04-21,32.748543,138000000.0,-16374271.499999998
2020-04-22,33.371797,137700000.0,-10011539.1
2020-04-23,32.974706,137500000.0,-6594941.199999999
2020-04-24,33.069552,137500000.0,0.0
2020-04-27,34.059528,137050000.0,-15326787.6
2020-04-28,34.068193,137850000.0,27254554.400000002
2020-04-29,34.189099,137850000.0,0.0
2020-04-30,33.966352,137700000.0,-5094952.8
2020-05-01,32.866029,136950000.0,-24649521.749999996
2020-05-04,32.861539,136450000.0,-16430769.5
2020-05-05,33.066343,136950000.0,16533171.500000002
2020-05-06,32.457435,137200000.0,8114358.749999999
2020-05-07,32.741231,136900000.0,-9822369.299999999
2020-05-08,33.357653,136900000.0,0.0
2020-05-11,32.953185,136250000.0,-21419570.25
2020-05-12,31.55337,136250000.0,0.0
2020-05-13,31.050199,124300000.0,-371049878.05
2020-05-14,31.082117,125250000.0,29528011.15
2020-05-15,30.949311,124650000.0,-18569586.6
2020-05-18,32.485994,124000000.0,-21115896.099999998
2020-05-19,31.895414,124000000.0,0.0
2020-05-20,32.166352,123950000.0,-1608317.6
2020-05-21,31.993502,124050000.0,3199350.1999999997
2020-05-22,32.698969,123650000.0,-13079587.6
2020-05-26,33.732695,123600000.0,-1686634.75
2020-05-27,34.458671,123600000.0,0.0
2020-05-28,34.886697,123050000.0,-19187683.349999998
2020-05-29,34.611781,123050000.0,0.0
2020-06-01,35.339168,123400000.0,12368708.8
2020-06-02,35.571198,123650000.0,8892799.5
2020-06-03,36.425318,123650000.0,0.0
2020-06-04,35.768369,124350000.0,25037858.3
2020-06-05,37.053488,124350000.0,0.0
2020-06-08,37.851362,123500000.0,-32173657.700000003
2020-06-09,37.428376,124000000.0,18714188.0
2020-06-10,36.713271,124500000.0,18356635.5
2020-06-11,34.440798,124800000.0,10332239.4
2020-06-12,35.570584,113650000.0,-396612011.59999996
2020-06-15,35.951265,113200000.0,-16178069.25
2020-06-16,36.578655,112800000.0,-14631462.0
2020-06-17,36.164822,113700000.0,32548339.8
2020-06-18,35.706452,114100000.0,14282580.799999999
2020-06-19,35.352703,114100000.0,0.0
2020-06-22,34.99391,114100000.0,0.0
2020-06-23,34.870342,114100000.0,0.0
2020-06-24,33.946987,114100000.0,0.0
2020-06-25,34.313604,114100000.0,0.0
2020-06-26,33.693487,114650000.0,18531417.849999998
2020-06-29,34.293246,114900000.0,8573311.5
2020-06-30,34.850676,114350000.0,-19167871.8
2020-07-01,35.744563,114800000.0,16085053.35
2020-07-02,35.623871,114900000.0,3562387.1
2020-07-06,35.684806,114900000.0,0.0
2020-07-07,35.113481,114900000.0,0.0
2020-07-08,35.057204,114900000.0,0.0
2020-07-09,34.964884,108500000.0,-223775257.6
2020-07-10,35.021665,107100000.0,-49030331.0
2020-07-13,34.451311,106000000.0,-37896442.099999994
2020-07-14,34.791095,99050000.0,-241798110.25
2020-07-15,34.96682,98150000.0,-31470138.0
2020-07-16,34.552344,95550000.0,-89836094.39999999
2020-07-17,35.034693,95500000.0,-1751734.65
2020-07-20,34.68329,95400000.0,-3468329.0
2020-07-21,34.687239,90200000.0,-180373642.79999998
2020-07-22,35.118029,88950000.0,-43897536.25
2020-07-23,34.945928,84150000.0,-167740454.4
2020-07-24,34.807024,68900000.0,-530807116.0
2020-07-27,35.19484,68300000.0,-21116904.0
2020-07-28,35.916313,68350000.0,1795815.6500000001
2020-07-29,36.595061,68350000.0,0.0
2020-07-30,36.291526,68350000.0,0.0
2020-07-31,36.237492,68350000.0,0.0
2020-08-03,35.704829,68650000.0,10711448.7
2020-08-04,36.189793,65900000.0,-99521930.75
2020-08-05,35.95925,65900000.0,0.0
2020-08-06,35.992997,65850000.0,-1799649.85
2020-08-07,36.483709,65500000.0,-12769298.149999999
2020-08-10,36.424123,65500000.0,0.0
2020-08-11,35.744616,65500000.0,0.0
2020-08-12,36.215683,64800000.0,-25350978.099999998
2020-08-13,35.793077,63950000.0,-30424115.449999996
2020-08-14,35.842446,63950000.0,0.0
2020-08-17,36.172511,64600000.0,23512132.15
2020-08-18,36.129824,64300000.0,-10838947.2
2020-08-19,35.402085,64150000.0,-5310312.75
2020-08-20,35.783714,64700000.0,19681042.700000003
2020-08-21,35.871923,65300000.0,21523153.8
2020-08-24,35.960706,65100000.0,-7192141.2
2020-08-25,36.069862,65100000.0,0.0
2020-08-26,35.801858,65350000.0,8950464.5
2020-08-27,36.292874,65150000.0,-7258574.8
2020-08-28,36.555433,65150000.0,0.0
2020-08-31,36.250686,65500000.0,12687740.100000001
2020-09-01,36.194814,65050000.0,-16287666.3
2020-09-02,37.004119,65150000.0,3700411.9000000004
2020-09-03,36.398489,65900000.0,27298866.75
2020-09-04,36.227654,65850000.0,-1811382.7
2020-09-08,35.763391,65850000.0,0.0
2020-09-09,36.205907,65100000.0,-27154430.250000004
2020-09-10,35.674014,64900000.0,-7134802.8
2020-09-11,35.574833,64900000.0,0.0
2020-09-14,36.409401,64750000.0,-5461410.15
2020-09-15,36.913579,64200000.0,-20302468.45
2020-09-16,37.132385,64200000.0,0.0
2020-09-17,36.322928,64900000.0,25426049.599999998
2020-09-18,35.613528,64900000.0,0.0
2020-09-21,34.439025,65100000.0,6887805.0
2020-09-22,34.872121,65900000.0,27897696.8
2020-09-23,33.860355,66400000.0,16930177.5
2020-09-24,33.994004,66600000.0,6798800.8
2020-09-25,34.681226,66450000.0,-5202183.9
2020-09-28,35.268137,65500000.0,-33504730.150000002
2020-09-29,35.097128,64950000.0,-19303420.4
2020-09-30,35.298617,64900000.0,-1764930.85
2020-10-01,35.848263,64150000.0,-26886197.250000004
2020-10-02,36.413537,63350000.0,-29130829.599999998
2020-10-05,36.629429,64750000.0,51281200.6
2020-10-06,36.346705,64750000.0,0.0
2020-10-07,36.447682,64700000.0,-1822384.1
2020-10-08,37.049849,64650000.0,-1852492.4500000002
2020-10-09,36.93749,64650000.0,0.0
2020-10-12,37.11802,64600000.0,-1855901.0
2020-10-13,36.488986,64600000.0,0.0
2020-10-14,36.070623,65050000.0,16231780.35
2020-10-15,36.237427,62300000.0,-99652924.24999999
2020-10-16,36.087041,62250000.0,-1804352.05
2020-10-19,35.525944,62250000.0,0.0
2020-10-20,35.785535,62250000.0,0.0
2020-10-21,35.653041,60000000.0,-80219342.25
2020-10-22,35.385563,60800000.0,28308450.4
2020-10-23,35.623193,60800000.0,0.0
2020-10-26,35.192819,60800000.0,0.0
2020-10-27,34.755045,60450000.0,-12164265.75
2020-10-28,33.918495,60450000.0,0.0
2020-10-29,34.375396,59550000.0,-30937856.400000002
2020-10-30,34.126422,59550000.0,0.0
2020-11-02,34.993711,59550000.0,0.0
2020-11-03,35.574517,60100000.0,19565984.35
2020-11-04,35.669054,58500000.0,-57070486.400000006
2020-11-05,35.77908,58700000.0,7155816.0
2020-11-06,35.630792,59300000.0,21378475.2
2020-11-09,36.574226,59250000.0,-1828711.3
2020-11-10,36.778873,59550000.0,11033661.899999999
2020-11-11,37.058458,60050000.0,18529229.0
2020-11-12,36.679571,61350000.0,47683442.300000004
2020-11-13,37.520042,61350000.0,0.0
2020-11-16,37.715488,61550000.0,7543097.600000001
2020-11-17,37.769758,62150000.0,22661854.8
2020-11-18,37.13713,62350000.0,7427426.0
2020-11-19,37.183263,63000000.0,24169120.95
2020-11-20,36.942685,61400000.0,-59108295.99999999
2020-11-23,36.819637,62200000.0,29455709.6
2020-11-24,36.814496,60800000.0,-51540294.4
2020-11-25,36.891386,61050000.0,9222846.5
2020-11-27,36.807418,61450000.0,14722967.2
2020-11-30,36.510573,61450000.0,0.0
2020-12-01,36.972533,61250000.0,-7394506.6
2020-12-02,36.562562,61200000.0,-1828128.1
2020-12-03,36.83779,60650000.0,-20260784.5
2020-12-04,37.32708,60700000.0,1866354.0
2020-12-07,36.976007,60700000.0,0.0
2020-12-08,36.79401,60050000.0,-23916106.5
2020-12-09,36.43617,60050000.0,0.0
2020-12-10,36.258193,59500000.0,-19942006.15
2020-12-11,36.256337,59350000.0,-5438450.550000001
2020-12-14,36.009661,59350000.0,0.0
2020-12-15,36.636256,59350000.0,0.0
2020-12-16,36.641039,59350000.0,0.0
2020-12-17,37.102364,59750000.0,14840945.600000001
2020-12-18,36.426002,59600000.0,-5463900.3
2020-12-21,35.674249,59600000.0,0.0
2020-12-22,35.892023,60000000.0,14356809.200000001
2020-12-23,35.570201,61500000.0,53355301.49999999
2020-12-24,35.89274,61500000.0,0.0
2020-12-28,36.197676,61500000.0,0.0
2020-12-29,35.942422,61500000.0,0.0
2020-12-30,36.09393,61700000.0,7218786.0
2020-12-31,36.582819,60800000.0,-32924537.1
2021-01-04,35.38235,60750000.0,-1769117.5000000002
2021-01-05,35.354361,61300000.0,19444898.549999997
2021-01-06,35.161288,61550000.0,8790322.0
2021-01-07,35.269425,61150000.0,-14107770.0
2021-01-08,35.655847,61700000.0,19610715.85
2021-01-11,35.067366,61600000.0,-3506736.6
2021-01-12,35.087731,61150000.0,-15789478.95
2021-01-13,35.57328,61500000.0,12450647.999999998
2021-01-14,35.798379,61350000.0,-5369756.85
2021-01-15,36.31996,60250000.0,-39951956.0
2021-01-19,36.123974,60700000.0,16255788.299999999
2021-01-20,36.835441,60700000.0,0.0
2021-01-21,36.710282,59700000.0,-36710282.0
2021-01-22,36.822124,59800000.0,3682212.4000000004
2021-01-25,37.124906,59950000.0,5568735.9
2021-01-26,37.546482,60100000.0,5631972.3
2021-01-27,37.025709,60150000.0,1851285.45
2021-01-28,37.145765,60900000.0,27859323.749999996
2021-01-29,36.774326,60900000.0,0.0
2021-02-01,37.606508,60500000.0,-15042603.2
2021-02-02,37.761022,59900000.0,-22656613.2
2021-02-03,37.620199,59350000.0,-20691109.45
2021-02-04,37.805834,59850000.0,18902917.0
2021-02-05,37.935671,58600000.0,-47419588.75
2021-02-08,38.019899,58600000.0,0.0
2021-02-09,38.19936,58300000.0,-11459808.0
2021-02-10,38.428312,58700000.0,15371324.799999999
2021-02-11,38.383786,59450000.0,28787839.5
2021-02-12,38.364965,59450000.0,0.0
2021-02-16,37.956819,59450000.0,0.0
2021-02-17,37.987439,60050000.0,22792463.400000002
2021-02-18,37.978287,60200000.0,5696743.05
2021-02-19,38.087199,60200000.0,0.0
2021-02-22,38.293502,59200000.0,-38293502.0
2021-02-23,38.425819,60650000.0,55717437.55
2021-02-24,38.637509,60700000.0,1931875.4500000002
2021-02-25,38.024922,61350000.0,24716199.299999997
2021-02-26,37.337221,61800000.0,16801749.45
2021-03-01,37.394913,61450000.0,-13088219.55
2021-03-02,37.129018,60950000.0,-18564509.0
2021-03-03,36.694926,60950000.0,0.0
2021-03-04,36.417,61950000.0,36417000.0
2021-03-05,36.836231,61950000.0,0.0
2021-03-08,37.030774,61750000.0,-7406154.8
2021-03-09,37.431335,61850000.0,3743133.4999999995
2021-03-10,37.799979,61850000.0,0.0
2021-03-11,38.367019,62050000.0,7673403.8
2021-03-12,39.005527,62050000.0,0.0
2021-03-15,39.481282,62600000.0,21714705.1
2021-03-16,39.473216,63300000.0,27631251.2
2021-03-17,39.410482,63300000.0,0.0
2021-03-18,39.143309,63700000.0,15657323.600000001
2021-03-19,38.648991,63700000.0,0.0
2021-03-22,38.692102,63000000.0,-27084471.4
2021-03-23,38.825948,62650000.0,-13589081.799999999
2021-03-24,38.620953,62650000.0,0.0
2021-03-25,38.923271,63000000.0,13623144.85
2021-03-26,39.889777,63600000.0,23933866.200000003
2021-03-29,39.820229,63600000.0,0.0
2021-03-30,39.656285,63400000.0,-7931256.999999999
2021-03-31,39.47524,63500000.0,3947524.0
2021-04-01,40.097053,63150000.0,-14033968.55
2021-04-05,40.339542,64000000.0,34288610.7
2021-04-06,40.410768,64700000.0,28287537.599999998
2021-04-07,40.469937,64200000.0,-20234968.5
2021-04-08,40.268054,64850000.0,26174235.099999998
2021-04-09,40.324007,64500000.0,-14113402.450000001
2021-04-12,40.571803,64500000.0,0.0
2021-04-13,40.827469,64150000.0,-14289614.15
2021-04-14,40.550247,65000000.0,34467709.949999996
2021-04-15,41.342086,65150000.0,6201312.9
2021-04-16,41.412139,65150000.0,0.0
2021-04-19,41.532301,66000000.0,35302455.849999994
2021-04-20,41.99783,66000000.0,0.0
2021-04-21,42.166426,66800000.0,33733140.800000004
2021-04-22,42.008162,67850000.0,44108570.1
2021-04-23,42.251758,67850000.0,0.0
2021-04-26,42.337675,67550000.0,-12701302.5
2021-04-27,42.326631,67650000.0,4232663.1
2021-04-28,42.18255,67650000.0,0.0
2021-04-29,42.470915,66950000.0,-29729640.5
2021-04-30,42.736397,66550000.0,-17094558.799999997
2021-05-03,42.532147,66550000.0,0.0
2021-05-04,42.27291,66900000.0,14795518.500000002
2021-05-05,41.631481,66400000.0,-20815740.5
2021-05-06,41.852903,67450000.0,43945548.15
2021-05-07,42.370214,68250000.0,33896171.199999996
2021-05-10,42.529974,67850000.0,-17011989.6
2021-05-11,42.0562,68200000.0,14719669.999999998
2021-05-12,41.060177,69250000.0,43113185.85
2021-05-13,41.547679,69300000.0,2077383.9500000002
2021-05-14,41.966621,69500000.0,8393324.200000001
2021-05-17,41.964123,71200000.0,71339009.1
2021-05-18,42.046672,71550000.0,14716335.200000001
2021-05-19,41.874353,71500000.0,-2093717.65
2021-05-20,42.435531,72100000.0,25461318.599999998
2021-05-21,42.361358,71950000.0,-6354203.7
2021-05-24,42.808405,71950000.0,0.0
2021-05-25,42.939687,68350000.0,-154582873.2
2021-05-26,43.036291,71350000.0,129108873.0
2021-05-27,42.967318,71300000.0,-2148365.9
2021-05-28,43.248972,70050000.0,-54061215.0
2021-06-01,43.977626,70450000.0,17591050.4
2021-06-02,44.595814,70550000.0,4459581.399999999
2021-06-03,44.510801,71850000.0,57864041.300000004
2021-06-04,44.565905,71850000.0,0.0
2021-06-07,44.973613,71300000.0,-24735487.15
2021-06-08,45.207287,70450000.0,-38426193.95
2021-06-09,45.278116,71300000.0,38486398.599999994
2021-06-10,45.707792,72350000.0,47993181.599999994
2021-06-11,45.465242,71950000.0,-18186096.8
2021-06-14,45.706365,73150000.0,54847638.0
2021-06-15,45.255912,73850000.0,31679138.400000002
2021-06-16,44.858256,73400000.0,-20186215.2
2021-06-17,45.037806,73700000.0,13511341.8
2021-06-18,44.36477,73750000.0,2218238.5
2021-06-21,44.92775,74300000.0,24710262.5
2021-06-22,44.728976,75200000.0,40256078.400000006
2021-06-23,44.567079,75350000.0,6685061.85
2021-06-24,44.367991,75250000.0,-4436799.100000001
2021-06-25,44.663477,75550000.0,13399043.1
2021-06-28,44.698042,75750000.0,8939608.4
2021-06-29,44.665044,75850000.0,4466504.4
2021-06-30,44.338449,76350000.0,22169224.5
2021-07-01,44.497927,77400000.0,46722823.349999994
2021-07-02,44.727663,78050000.0,29072980.95
2021-07-06,45.108741,79000000.0,42853303.95
2021-07-07,45.345824,79950000.0,43078532.8
2021-07-08,45.310362,80450000.0,22655181.0
2021-07-09,45.913394,80450000.0,0.0
2021-07-12,46.306531,80450000.0,0.0
2021-07-13,45.696845,81050000.0,27418107.000000004
2021-07-14,46.107585,81150000.0,4610758.5
2021-07-15,46.170672,81900000.0,34628004.0
2021-07-16,46.218448,82050000.0,6932767.2
2021-07-19,45.4858,82400000.0,15920030.0
2021-07-20,46.339725,82150000.0,-11584931.25
2021-07-21,46.176298,82400000.0,11544074.5
2021-07-22,45.859368,83050000.0,29808589.200000003
2021-07-23,46.261833,83050000.0,0.0
2021-07-26,46.261906,84050000.0,46261906.0
2021-07-27,46.638485,84050000.0,0.0
2021-07-28,46.346349,84350000.0,13903904.7
2021-07-29,46.236928,82200000.0,-99409395.2
2021-07-30,46.389102,85050000.0,132208940.7
2021-08-02,46.392403,85150000.0,4639240.3
2021-08-03,46.598531,86150000.0,46598531.0
2021-08-04,46.437172,86900000.0,34827879.0
2021-08-05,46.820177,87300000.0,18728070.8
2021-08-06,46.723643,87850000.0,25698003.650000002
2021-08-09,46.528087,89150000.0,60486513.1
2021-08-10,46.021255,89400000.0,11505313.75
2021-08-11,46.261154,89750000.0,16191403.899999999
2021-08-12,46.422898,90350000.0,27853738.8
2021-08-13,46.741467,90350000.0,0.0
2021-08-16,46.797697,91050000.0,32758387.9
2021-08-17,46.875495,91050000.0,0.0
2021-08-18,46.367967,91600000.0,25502381.85
2021-08-19,46.795682,91600000.0,0.0
2021-08-20,47.008265,91600000.0,0.0
2021-08-23,46.818428,92350000.0,35113821.0
2021-08-24,46.480624,93850000.0,69720936.0
2021-08-25,46.401339,94000000.0,6960200.85
2021-08-26,46.446641,94250000.0,11611660.25
2021-08-27,46.849455,93850000.0,-18739782.0
2021-08-30,47.390597,93900000.0,2369529.85
2021-08-31,47.687031,92700000.0,-57224437.199999996
2021-09-01,48.491295,92750000.0,2424564.75
2021-09-02,48.709959,94400000.0,80371432.35
2021-09-03,48.729979,94700000.0,14618993.7
2021-09-07,48.177472,94700000.0,0.0
2021-09-08,48.471569,94150000.0,-26659362.950000003
2021-09-09,47.44545,93850000.0,-14233635.0
2021-09-10,46.860022,93850000.0,0.0
2021-09-13,47.085962,93950000.0,4708596.2
2021-09-14,47.003835,95100000.0,54054410.25
2021-09-15,47.195615,95300000.0,9439123.0
2021-09-16,47.290824,96100000.0,37832659.2
2021-09-17,46.842948,96200000.0,4684294.8
2021-09-20,46.290492,95100000.0,-50919541.2
2021-09-21,46.270548,94700000.0,-18508219.2
2021-09-22,46.693678,94900000.0,9338735.6
2021-09-23,46.441919,95050000.0,6966287.85
2021-09-24,45.890729,95600000.0,25239900.95
2021-09-27,45.135824,96000000.0,18054329.6
2021-09-28,44.856714,96100000.0,4485671.399999999
2021-09-29,45.174504,95900000.0,-9034900.799999999
2021-09-30,44.466682,95850000.0,-2223334.1
2021-10-01,44.939308,96300000.0,20222688.599999998
2021-10-04,44.998116,96300000.0,0.0
2021-10-05,44.611455,96350000.0,2230572.75
2021-10-06,45.050178,96700000.0,15767562.3
2021-10-07,45.122643,95650000.0,-47378775.15
2021-10-08,44.616574,94550000.0,-49078231.4
2021-10-11,44.693369,94100000.0,-20112016.049999997
2021-10-12,45.289922,93700000.0,-18115968.799999997
2021-10-13,45.538482,93700000.0,0.0
2021-10-14,46.17988,94500000.0,36943904.0
2021-10-15,46.19228,94900000.0,18476912.0
2021-10-18,46.293547,94850000.0,-2314677.3499999996
2021-10-19,46.477749,94100000.0,-34858311.75
2021-10-20,47.197894,94100000.0,0.0
2021-10-21,47.366824,94750000.0,30788435.6
2021-10-22,47.67675,94850000.0,4767675.0
2021-10-25,47.826704,94600000.0,-11956676.0
2021-10-26,48.04672,94600000.0,0.0
2021-10-27,47.698003,95400000.0,38158402.4
2021-10-28,48.396685,96800000.0,67755359.0
2021-10-29,47.818784,97450000.0,31082209.6
2021-11-01,47.920547,98300000.0,40732464.949999996
2021-11-02,48.367891,99150000.0,41112707.35
2021-11-03,48.659026,98950000.0,-9731805.2
2021-11-04,48.10324,99450000.0,24051620.0
2021-11-05,48.224037,99300000.0,-7233605.550000001
2021-11-08,48.216081,99300000.0,0.0
2021-11-09,48.38821,99750000.0,21774694.5
2021-11-10,48.1505,99150000.0,-28890300.0
2021-11-11,48.173725,98400000.0,-36130293.75
2021-11-12,48.202622,98500000.0,4820262.2
2021-11-15,48.45093,98500000.0,0.0
2021-11-16,48.149411,98500000.0,0.0
2021-11-17,48.462789,98150000.0,-16961976.15
2021-11-18,48.476022,106550000.0,407198584.8
2021-11-19,48.207556,106650000.0,4820755.6
2021-11-22,47.964471,107200000.0,26380459.05
2021-11-23,48.489819,107200000.0,0.0
2021-11-24,49.11003,110950000.0,184162612.5
2021-11-26,47.787894,110350000.0,-28672736.400000002
2021-11-29,48.425056,110800000.0,21791275.2
2021-11-30,47.405687,110600000.0,-9481137.4
2021-12-01,46.769708,111400000.0,37415766.4
2021-12-02,48.0237,109900000.0,-72035550.0
2021-12-03,47.827579,109900000.0,0.0
2021-12-06,48.487741,109850000.0,-2424387.05
2021-12-07,49.335131,109800000.0,-2466756.55
2021-12-08,49.570184,111700000.0,94183349.6
2021-12-09,48.920111,112900000.0,58704133.199999996
2021-12-10,49.16659,112900000.0,0.0
2021-12-13,49.836686,111800000.0,-54820354.6
2021-12-14,49.276809,112650000.0,41885287.65
2021-12-15,50.007771,113200000.0,27504274.05
2021-12-16,50.209512,113900000.0,35146658.4
2021-12-17,50.058571,113350000.0,-27532214.05
2021-12-20,49.277647,115700000.0,115802470.45
2021-12-21,49.590189,114300000.0,-69426264.60000001
2021-12-22,50.062092,114900000.0,30037255.2
2021-12-23,49.909259,114400000.0,-24954629.5
2021-12-27,50.928111,115450000.0,53474516.550000004
2021-12-28,51.146442,117400000.0,99735561.9
2021-12-29,51.473786,119000000.0,82358057.6
2021-12-30,51.681536,119500000.0,25840768.0
2021-12-31,51.807374,119500000.0,0.0
2022-01-03,51.309,119800000.0,15392700.0
2022-01-04,51.112532,121700000.0,97113810.8
2022-01-05,49.467685,122300000.0,29680611.0
2022-01-06,49.516753,123800000.0,74275129.5
2022-01-07,49.249201,126050000.0,110810702.25
2022-01-10,48.956908,126300000.0,12239227.0
2022-01-11,48.879027,127200000.0,43991124.3
2022-01-12,49.018875,127350000.0,7352831.25
2022-01-13,48.855704,127700000.0,17099496.400000002
2022-01-14,48.278878,126900000.0,-38623102.4
2022-01-18,47.936738,127500000.0,28762042.8
2022-01-19,47.354587,127150000.0,-16574105.450000001
2022-01-20,46.922257,128500000.0,63345046.95
2022-01-21,46.901387,129050000.0,25795762.85
2022-01-24,46.982787,128650000.0,-18793114.8
2022-01-25,46.859064,125500000.0,-147606051.6
2022-01-26,46.079871,123700000.0,-82943767.8
2022-01-27,45.272286,121400000.0,-104126257.8
2022-01-28,46.805695,121050000.0,-16381993.25
2022-01-31,47.398643,120950000.0,-4739864.3
2022-02-01,47.049248,120050000.0,-42344323.199999996
2022-02-02,47.830092,119850000.0,-9566018.4
2022-02-03,47.303678,119900000.0,2365183.9
2022-02-04,46.705576,119700000.0,-9341115.2
2022-02-07,46.664873,118850000.0,-39665142.05
2022-02-08,46.290766,118650000.0,-9258153.2
2022-02-09,47.391044,118350000.0,-14217313.200000001
2022-02-10,46.041602,118650000.0,13812480.6
2022-02-11,45.422709,118200000.0,-20440219.05
2022-02-14,44.957104,119250000.0,47204959.2
2022-02-15,45.139557,119000000.0,-11284889.25
2022-02-16,45.251655,118950000.0,-2262582.75
2022-02-17,44.863681,118300000.0,-29161392.65
2022-02-18,44.657483,117950000.0,-15630119.049999999
2022-02-22,44.549381,118450000.0,22274690.5
2022-02-23,43.961814,118700000.0,10990453.5
2022-02-24,44.745763,118350000.0,-15661017.049999999
2022-02-25,45.859251,117200000.0,-52738138.65
2022-02-28,45.065025,117200000.0,0.0
2022-03-01,44.962904,117100000.0,-4496290.4
2022-03-02,45.785539,116350000.0,-34339154.25
2022-03-03,46.293087,116500000.0,6943963.05
2022-03-04,46.685886,116450000.0,-2334294.3000000003
2022-03-07,45.847039,116000000.0,-20631167.55
2022-03-08,45.442684,116050000.0,2272134.2
2022-03-09,46.145865,115800000.0,-11536466.25
2022-03-10,46.310499,115700000.0,-4631049.9
2022-03-11,45.880014,114800000.0,-41292012.6
2022-03-14,45.612751,114600000.0,-9122550.200000001
2022-03-15,45.950811,114650000.0,2297540.5500000003
2022-03-16,46.470123,114150000.0,-23235061.5
2022-03-17,47.131028,114650000.0,23565514.0
2022-03-18,47.230996,114650000.0,0.0
2022-03-21,46.716591,115550000.0,42044931.9
2022-03-22,46.741519,115600000.0,2337075.9499999997
2022-03-23,46.258443,115600000.0,0.0
2022-03-24,46.552284,115400000.0,-9310456.8
2022-03-25,47.137402,115350000.0,-2356870.1
2022-03-28,47.741285,115500000.0,7161192.75
2022-03-29,49.099793,115250000.0,-12274948.25
2022-03-30,48.855227,116400000.0,56183511.05
2022-03-31,48.294974,117750000.0,65198214.900000006
2022-04-01,49.270989,118650000.0,44343890.1
2022-04-04,49.116459,118550000.0,-4911645.899999999
2022-04-05,49.145771,118950000.0,19658308.400000002
2022-04-06,49.908635,118650000.0,-14972590.499999998
2022-04-07,49.478347,119450000.0,39582677.6
2022-04-08,49.648317,119700000.0,12412079.25
2022-04-11,48.975952,119650000.0,-2448797.6
2022-04-12,48.83641,119700000.0,2441820.5
2022-04-13,49.043125,119200000.0,-24521562.5
2022-04-14,48.756713,119350000.0,7313506.949999999
2022-04-18,48.622355,120350000.0,48622355.0
2022-04-19,49.652906,121150000.0,39722324.800000004
2022-04-20,50.570975,122000000.0,42985328.75
2022-04-21,50.25236,122300000.0,15075708.0
2022-04-22,49.360585,122200000.0,-4936058.5
2022-04-25,49.123811,122900000.0,34386667.7
2022-04-26,48.392911,123300000.0,19357164.4
2022-04-27,48.073841,123250000.0,-2403692.0500000003
2022-04-28,48.963313,125050000.0,88133963.4
2022-04-29,46.572154,124850000.0,-9314430.799999999
2022-05-02,45.385785,125200000.0,15885024.75
2022-05-03,45.950367,125400000.0,9190073.4
2022-05-04,46.451626,124350000.0,-48774207.3
2022-05-05,45.275035,123600000.0,-33956276.25
2022-05-06,44.823105,122450000.0,-51546570.75
2022-05-09,42.753867,123250000.0,34203093.6
2022-05-10,41.776443,124250000.0,41776443.0
2022-05-11,41.707023,123300000.0,-39621671.85
2022-05-12,42.01715,126900000.0,151261740.0
2022-05-13,43.095604,129050000.0,92655548.60000001
2022-05-16,42.749606,129000000.0,-2137480.3
2022-05-17,43.210284,129550000.0,23765656.2
2022-05-18,41.940559,127550000.0,-83881118.0
2022-05-19,41.85503,128250000.0,29298521.0
2022-05-20,42.352576,128400000.0,6352886.399999999
2022-05-23,42.880038,128550000.0,6432005.7
2022-05-24,43.396651,127750000.0,-34717320.8
2022-05-25,43.64038,128350000.0,26184228.0
2022-05-26,43.598039,128350000.0,0.0
2022-05-27,44.826602,127450000.0,-40343941.800000004
2022-05-31,44.231374,128000000.0,24327255.700000003
2022-06-01,43.744587,123450000.0,-199037870.85000002
2022-06-02,44.392936,125250000.0,79907284.8
2022-06-03,43.840499,124600000.0,-28496324.35
2022-06-06,43.712845,123650000.0,-41527202.75
2022-06-07,44.216765,123350000.0,-13265029.5
2022-06-08,43.172248,123350000.0,0.0
2022-06-09,42.183412,123150000.0,-8436682.399999999
2022-06-10,41.171067,122900000.0,-10292766.75
2022-06-13,39.203674,123200000.0,11761102.2
2022-06-14,38.885367,126750000.0,138043052.85
2022-06-15,39.818229,122900000.0,-153300181.65
2022-06-16,38.830937,120900000.0,-77661874.0
2022-06-17,39.07882,120750000.0,-5861823.0
2022-06-21,39.499756,124100000.0,132324182.6
2022-06-22,40.125601,124100000.0,0.0
2022-06-23,40.929725,126000000.0,77766477.5
2022-06-24,41.783572,126450000.0,18802607.4
2022-06-27,41.674866,127250000.0,33339892.8
2022-06-28,41.095695,127050000.0,-8219139.0
2022-06-29,40.818162,127650000.0,24490897.2
2022-06-30,40.845654,128500000.0,34718805.900000006
2022-07-01,41.605622,128500000.0,0.0
2022-07-05,41.399987,127700000.0,-33119989.6
2022-07-06,41.405501,126950000.0,-31054125.75
2022-07-07,41.432236,126650000.0,-12429670.8
2022-07-08,41.208288,126550000.0,-4120828.8000000003
2022-07-11,41.21206,126750000.0,8242412.0
2022-07-12,40.970182,127850000.0,45067200.2
2022-07-13,40.747094,128150000.0,12224128.2
2022-07-14,40.345102,127500000.0,-26224316.299999997
2022-07-15,41.030495,127500000.0,0.0
2022-07-18,40.588717,127200000.0,-12176615.100000001
2022-07-19,41.73919,126200000.0,-41739190.0
2022-07-20,41.518148,126200000.0,0.0
2022-07-21,41.938243,126700000.0,20969121.5
2022-07-22,42.267479,126500000.0,-8453495.8
2022-07-25,42.296341,126500000.0,0.0
2022-07-26,42.383524,126500000.0,0.0
2022-07-27,42.614885,126800000.0,12784465.5
2022-07-28,44.190557,125800000.0,-44190557.0
2022-07-29,44.32981,126550000.0,33247357.5
2022-08-01,43.934825,126950000.0,17573930.0
2022-08-02,43.363497,126750000.0,-8672699.4
2022-08-03,43.540305,126750000.0,0.0
2022-08-04,43.594048,126300000.0,-19617321.6
2022-08-05,43.742482,125950000.0,-15309868.700000001
2022-08-08,44.050699,125850000.0,-4405069.9
2022-08-09,44.374961,124900000.0,-42156212.949999996
2022-08-10,45.013277,124900000.0,0.0
2022-08-11,44.765823,124900000.0,0.0
2022-08-12,45.534892,124750000.0,-6830233.8
2022-08-15,45.750681,124650000.0,-4575068.1
2022-08-16,45.571739,124650000.0,0.0
2022-08-17,45.437927,124200000.0,-20447067.150000002
2022-08-18,45.099212,123800000.0,-18039684.8
2022-08-19,44.664104,123800000.0,0.0
2022-08-22,43.73996,123650000.0,-6560994.000000001
2022-08-23,43.103903,123000000.0,-28017536.950000003
2022-08-24,43.413472,121650000.0,-58608187.199999996
2022-08-25,44.088981,122100000.0,19840041.45
2022-08-26,42.970161,122100000.0,0.0
2022-08-29,42.595931,122150000.0,2129796.55
2022-08-30,41.977489,122300000.0,6296623.35
2022-08-31,41.838677,122450000.0,6275801.55
2022-09-01,41.992084,123700000.0,52490105.0
2022-09-02,41.28652,124550000.0,35093542.0
2022-09-06,41.706026,124550000.0,0.0
2022-09-07,42.507911,125450000.0,38257119.9
2022-09-08,42.625704,126000000.0,23444137.2
2022-09-09,43.024465,125700000.0,-12907339.5
2022-09-12,43.392346,126100000.0,17356938.400000002
2022-09-13,41.740374,127000000.0,37566336.6
2022-09-14,41.254234,130400000.0,140264395.6
2022-09-15,40.330094,127200000.0,-129056300.80000001
2022-09-16,40.34244,126750000.0,-18154098.0
2022-09-19,39.892309,126400000.0,-13962308.149999999
2022-09-20,38.867516,126350000.0,-1943375.8
2022-09-21,38.276386,126250000.0,-3827638.6
2022-09-22,37.915846,126300000.0,1895792.3
2022-09-23,37.429848,125600000.0,-26200893.6
2022-09-26,36.446999,125700000.0,3644699.9
2022-09-27,35.979602,126350000.0,23386741.3
2022-09-28,36.653466,126950000.0,21992079.6
2022-09-29,35.636546,127300000.0,12472791.100000001
2022-09-30,36.004456,127950000.0,23402896.4
2022-10-03,36.674403,128100000.0,5501160.449999999
2022-10-04,37.268862,128900000.0,29815089.599999998
2022-10-05,36.559028,129300000.0,14623611.2
2022-10-06,35.389839,130000000.0,24772887.3
2022-10-07,34.542006,128200000.0,-62175610.800000004
2022-10-10,34.129483,129150000.0,32423008.85
2022-10-11,34.477545,129150000.0,0.0
2022-10-12,33.998998,130000000.0,28899148.3
2022-10-13,34.630861,129500000.0,-17315430.5
2022-10-14,33.732275,129500000.0,0.0
2022-10-17,35.04507,129900000.0,14018028.000000002
2022-10-18,35.489636,130650000.0,26617226.999999996
2022-10-19,34.582032,131600000.0,32852930.4
2022-10-20,34.439413,129350000.0,-77488679.25
2022-10-21,34.673158,129500000.0,5200973.7
2022-10-24,34.642756,129800000.0,10392826.799999999
2022-10-25,36.006906,129850000.0,1800345.3
2022-10-26,35.953084,130550000.0,25167158.799999997
2022-10-27,35.952022,129400000.0,-41344825.3
2022-10-28,36.811859,130600000.0,44174230.8
2022-10-31,36.736335,128800000.0,-66125402.99999999
2022-11-01,36.657787,128800000.0,0.0
2022-11-02,35.698504,128800000.0,0.0
2022-11-03,35.703584,130350000.0,55340555.199999996
2022-11-04,36.175353,131150000.0,28940282.400000002
2022-11-07,36.155148,131650000.0,18077574.0
2022-11-08,36.388294,131050000.0,-21832976.400000002
2022-11-09,35.992355,131100000.0,1799617.7500000002
2022-11-10,38.780181,131400000.0,11634054.299999999
2022-11-11,38.738771,132100000.0,27117139.7
2022-11-14,37.713518,132700000.0,22628110.8
2022-11-15,38.1916,132900000.0,7638320.0
2022-11-16,37.870093,133600000.0,26509065.099999998
2022-11-17,37.570718,134000000.0,15028287.2
2022-11-18,38.055358,133950000.0,-1902767.9
2022-11-21,38.327558,133850000.0,-3832755.8000000003
2022-11-22,38.505379,134250000.0,15402151.6
2022-11-23,38.561857,132550000.0,-65555156.900000006
2022-11-25,38.809362,132800000.0,9702340.5
2022-11-28,37.722964,132800000.0,0.0
2022-11-29,38.367075,131600000.0,-46040490.0
2022-11-30,39.268507,130450000.0,-45158783.05
2022-12-01,39.152181,129200000.0,-48940226.25
2022-12-02,38.988326,130700000.0,58482489.0
2022-12-05,38.318828,131100000.0,15327531.200000001
2022-12-06,38.017286,129450000.0,-62728521.9
2022-12-07,38.114585,129450000.0,0.0
2022-12-08,38.375695,129100000.0,-13431493.25
2022-12-09,38.297958,129100000.0,0.0
2022-12-12,38.641569,130650000.0,59894431.949999996
2022-12-13,39.45068,130300000.0,-13807738.0
2022-12-14,39.103214,131000000.0,27372249.8
2022-12-15,38.610312,131050000.0,1930515.6
2022-12-16,37.495614,131950000.0,33746052.6
2022-12-19,36.659686,131750000.0,-7331937.2
2022-12-20,36.560483,131750000.0,0.0
2022-12-21,36.910971,131650000.0,-3691097.1000000006
2022-12-22,36.763208,132700000.0,38601368.4
2022-12-23,37.086257,132750000.0,1854312.85
2022-12-27,37.064503,133450000.0,25945152.1
2022-12-28,36.474795,133450000.0,0.0
2022-12-29,37.288595,133100000.0,-13051008.25
2022-12-30,36.949337,133100000.0,0.0
2023-01-03,37.064298,133100000.0,0.0
2023-01-04,37.910959,132700000.0,-15164383.6
2023-01-05,36.813584,132700000.0,0.0
2023-01-06,37.870605,133550000.0,32190014.249999996
2023-01-09,37.849988,132800000.0,-28387491.000000004
2023-01-10,37.980928,133000000.0,7596185.6
2023-01-11,39.347802,133350000.0,13771730.700000001
2023-01-12,39.782806,134650000.0,51717647.800000004
2023-01-13,39.540647,134900000.0,9885161.75
2023-01-17,39.57245,135550000.0,25722092.500000004
2023-01-18,38.95532,136700000.0,44798618.0
2023-01-19,38.77914,134550000.0,-83375151.0
2023-01-20,39.243402,132500000.0,-80448974.10000001
2023-01-23,39.33736,132500000.0,0.0
2023-01-24,39.496327,132600000.0,3949632.7
2023-01-25,39.540068,135200000.0,102804176.8
2023-01-26,39.973878,132650000.0,-101933388.89999999
2023-01-27,40.349666,131400000.0,-50437082.5
2023-01-30,39.850679,131250000.0,-5977601.85
2023-01-31,40.604868,131300000.0,2030243.4000000001
2023-02-01,40.900796,131000000.0,-12270238.8
2023-02-02,41.812787,131650000.0,27178311.55
2023-02-03,40.962116,131950000.0,12288634.8
2023-02-06,40.684607,132350000.0,16273842.8
2023-02-07,40.558916,133000000.0,26363295.400000002
2023-02-08,40.44646,133700000.0,28312522.0
2023-02-09,40.038184,133800000.0,4003818.4
2023-02-10,40.143719,133800000.0,0.0
2023-02-13,40.477323,133250000.0,-22262527.65
2023-02-14,40.086555,132850000.0,-16034621.999999998
2023-02-15,40.18947,132850000.0,0.0
2023-02-16,39.815413,132500000.0,-13935394.55
2023-02-17,39.635522,132550000.0,1981776.1
2023-02-21,38.859377,130250000.0,-89376567.10000001
2023-02-22,38.464338,130100000.0,-5769650.699999999
2023-02-23,38.84081,128300000.0,-69913458.0
2023-02-24,38.135584,124850000.0,-131567764.80000001
2023-02-27,38.203494,126250000.0,53484891.6
2023-02-28,38.196605,127400000.0,43926095.75
2023-03-01,37.627868,127050000.0,-13169753.799999999
2023-03-02,38.091903,127100000.0,1904595.1500000001
2023-03-03,38.753428,126750000.0,-13563699.8
2023-03-06,38.610006,126500000.0,-9652501.5
2023-03-07,37.643937,126000000.0,-18821968.5
2023-03-08,38.146449,124900000.0,-41961093.9
2023-03-09,37.299063,124950000.0,1864953.15
2023-03-10,36.088234,124050000.0,-32479410.6
2023-03-13,36.668496,125050000.0,36668496.0
2023-03-14,37.06172,124150000.0,-33355548.0
2023-03-15,37.063734,124250000.0,3706373.3999999994
2023-03-16,37.075499,124550000.0,11122649.700000001
2023-03-17,36.234953,124400000.0,-5435242.949999999
2023-03-20,36.361511,124150000.0,-9090377.75
2023-03-21,36.123641,124150000.0,0.0
2023-03-22,34.824198,123850000.0,-10447259.4
2023-03-23,34.608534,123700000.0,-5191280.1
2023-03-24,35.508781,122250000.0,-51487732.449999996
2023-03-27,35.379702,124350000.0,74297374.2
2023-03-28,35.287405,124350000.0,0.0
2023-03-29,36.102744,124650000.0,10830823.200000001
2023-03-30,36.580981,124550000.0,-3658098.1
2023-03-31,37.394045,124650000.0,3739404.5
2023-04-03,37.040003,124400000.0,-9260000.75
2023-04-04,37.045997,124600000.0,7409199.4
2023-04-05,36.851302,125100000.0,18425651.0
2023-04-06,37.110797,125050000.0,-1855539.8499999999
2023-04-10,37.290832,125050000.0,0.0
2023-04-11,37.461362,125300000.0,9365340.5
2023-04-12,37.34828,120650000.0,-173669502.0
2023-04-13,37.235075,120450000.0,-7447015.0
2023-04-14,36.608653,120500000.0,1830432.65
2023-04-17,37.424748,120500000.0,0.0
2023-04-18,37.367367,119900000.0,-22420420.2
2023-04-19,37.572321,120300000.0,15028928.4
2023-04-20,37.126527,120250000.0,-1856326.35
2023-04-21,37.189354,120900000.0,24173080.1
2023-04-24,37.07514,120900000.0,0.0
2023-04-25,36.735915,120900000.0,0.0
2023-04-26,36.433032,121250000.0,12751561.2
2023-04-27,37.316229,120700000.0,-20523925.95
2023-04-28,37.753945,120700000.0,0.0
2023-05-01,37.405645,120350000.0,-13091975.75
2023-05-02,36.757295,119700000.0,-23892241.75
2023-05-03,36.538553,119750000.0,1826927.65
2023-05-04,36.875078,118000000.0,-64531386.5
2023-05-05,37.445973,117750000.0,-9361493.25
2023-05-08,37.18968,117750000.0,0.0
2023-05-09,37.045826,117750000.0,0.0
2023-05-10,37.410203,117750000.0,0.0
2023-05-11,37.028493,118650000.0,33325643.7
2023-05-12,37.083507,118600000.0,-1854175.3499999999
2023-05-15,37.008726,118600000.0,0.0
2023-05-16,36.042163,118600000.0,0.0
2023-05-17,36.506826,118300000.0,-10952047.799999999
2023-05-18,36.259616,118300000.0,0.0
2023-05-19,36.204687,118300000.0,0.0
2023-05-22,36.446438,118300000.0,0.0
2023-05-23,35.993049,118500000.0,7198609.8
2023-05-24,35.198052,118500000.0,0.0
2023-05-25,35.29931,117300000.0,-42359172.0
2023-05-26,35.710483,117300000.0,0.0
2023-05-30,35.808851,116350000.0,-34018408.449999996
2023-05-31,36.049681,116300000.0,-1802484.05
2023-06-01,36.067075,118300000.0,72134150.0
2023-06-02,36.817826,118500000.0,7363565.199999999
2023-06-05,36.627442,118400000.0,-3662744.2
2023-06-06,36.869643,118850000.0,16591339.350000001
2023-06-07,37.521179,118850000.0,0.0
2023-06-08,37.312342,119650000.0,29849873.6
2023-06-09,37.09904,119650000.0,0.0
2023-06-12,37.109185,119700000.0,1855459.2499999998
2023-06-13,37.362564,119900000.0,7472512.8
2023-06-14,37.543544,120350000.0,16894594.799999997
2023-06-15,37.736792,121250000.0,33963112.800000004
2023-06-16,37.693756,121350000.0,3769375.6
2023-06-20,36.920743,120950000.0,-14768297.200000001
2023-06-21,36.775231,121150000.0,7355046.199999999
2023-06-22,36.246196,121150000.0,0.0
2023-06-23,35.856802,121050000.0,-3585680.2
2023-06-26,36.650147,121250000.0,7330029.399999999
2023-06-27,37.056328,121550000.0,11116898.4
2023-06-28,37.13393,122200000.0,24137054.5
2023-06-29,37.49417,122750000.0,20621793.5
2023-06-30,37.698183,122850000.0,3769818.3
2023-07-03,38.018807,123350000.0,19009403.5
2023-07-05,38.195363,123850000.0,19097681.5
2023-07-06,37.965995,124000000.0,5694899.25
2023-07-07,37.781406,123600000.0,-15112562.399999999
2023-07-10,37.912083,123900000.0,11373624.9
2023-07-11,38.35411,123950000.0,1917705.5
2023-07-12,38.528063,124350000.0,15411225.200000001
2023-07-13,38.79354,124450000.0,3879354.0
2023-07-14,38.786231,124450000.0,0.0
2023-07-17,38.463502,124200000.0,-9615875.5
2023-07-18,38.148796,124350000.0,5722319.399999999
2023-07-19,38.574189,124100000.0,-9643547.25
2023-07-20,38.421317,124800000.0,26894921.900000002
2023-07-21,38.590068,124700000.0,-3859006.8000000003
2023-07-24,38.973953,124500000.0,-7794790.600000001
2023-07-25,38.68309,124450000.0,-1934154.5
2023-07-26,38.816627,124450000.0,0.0
2023-07-27,37.99148,124350000.0,-3799148.0000000005
2023-07-28,37.894217,124350000.0,0.0
2023-07-31,38.16661,124350000.0,0.0
2023-08-01,38.119857,124300000.0,-1905992.85
2023-08-02,37.950704,123900000.0,-15180281.600000001
2023-08-03,37.437019,123000000.0,-33693317.1
2023-08-04,37.071939,123000000.0,0.0
2023-08-07,37.528412,121800000.0,-45034094.400000006
2023-08-08,37.357064,121800000.0,0.0
2023-08-09,37.430355,121650000.0,-5614553.25
2023-08-10,37.314283,121750000.0,3731428.3000000003
2023-08-11,37.383943,121750000.0,0.0
2023-08-14,37.194765,121800000.0,1859738.2499999998
2023-08-15,36.797774,121900000.0,3679777.4
2023-08-16,36.354572,122200000.0,10906371.6
2023-08-17,36.083896,121900000.0,-10825168.8
2023-08-18,36.18423,121550000.0,-12664480.5
2023-08-21,35.86626,122150000.0,21519756.0
2023-08-22,35.980817,122350000.0,7196163.4
2023-08-23,36.510496,122350000.0,0.0
2023-08-24,36.360859,121600000.0,-27270644.25
2023-08-25,36.457768,121000000.0,-21874660.8
2023-08-28,36.739465,121450000.0,16532759.250000002
2023-08-29,37.162247,121450000.0,0.0
2023-08-30,37.290537,121800000.0,13051687.95
2023-08-31,37.021492,121450000.0,-12957522.200000001
2023-09-01,36.99512,121500000.0,1849756.0
2023-09-05,36.643421,121550000.0,1832171.0499999998
2023-09-06,36.56463,122150000.0,21938778.0
2023-09-07,36.84992,121250000.0,-33164927.999999996
2023-09-08,36.619264,121250000.0,0.0
2023-09-11,36.626394,121900000.0,23807156.099999998
2023-09-12,36.632667,121850000.0,-1831633.3499999999
2023-09-13,36.259234,122100000.0,9064808.5
2023-09-14,36.934742,124700000.0,96030329.2
2023-09-15,36.779129,121500000.0,-117693212.8
2023-09-18,36.191468,120900000.0,-21714880.8
2023-09-19,35.991493,121850000.0,34191918.35
2023-09-20,36.054938,121800000.0,-1802746.9
2023-09-21,34.804246,121650000.0,-5220636.899999999
2023-09-22,34.5547,121100000.0,-19005085.0
2023-09-25,34.503992,120700000.0,-13801596.799999999
2023-09-26,33.889608,120600000.0,-3388960.8000000003
2023-09-27,33.610877,120400000.0,-6722175.4
2023-09-28,33.935057,119750000.0,-22057787.05
2023-09-29,34.06848,120100000.0,11923968.0
2023-10-02,33.471704,120150000.0,1673585.2000000002
2023-10-03,32.836409,120150000.0,0.0
2023-10-04,33.208566,120600000.0,14943854.7
2023-10-05,33.431056,121200000.0,20058633.599999998
2023-10-06,33.550425,121200000.0,0.0
2023-10-09,33.985572,121750000.0,18692064.599999998
2023-10-10,34.11881,121300000.0,-15353464.500000002
2023-10-11,34.804956,121850000.0,19142725.799999997
2023-10-12,34.357886,121700000.0,-5153682.9
2023-10-13,34.344427,121900000.0,6868885.4
2023-10-16,34.695436,122050000.0,5204315.4
2023-10-17,34.509363,124400000.0,81097003.05
2023-10-18,33.756093,124950000.0,18565851.15
2023-10-19,32.930229,125150000.0,6586045.8
2023-10-20,32.752506,124900000.0,-8188126.499999999
2023-10-23,32.475094,124850000.0,-1623754.7
2023-10-24,32.862154,124750000.0,-3286215.4
2023-10-25,32.182405,124750000.0,0.0
2023-10-26,32.874024,124750000.0,0.0
2023-10-27,32.347922,125300000.0,17791357.099999998
2023-10-30,32.446709,125550000.0,8111677.25
2023-10-31,33.113886,125600000.0,1655694.3
2023-11-01,33.282455,124500000.0,-36610700.5
2023-11-02,34.311589,125450000.0,32596009.549999997
2023-11-03,35.118998,125850000.0,14047599.2
2023-11-06,34.635126,124950000.0,-31171613.4
2023-11-07,34.332078,125950000.0,34332078.0
2023-11-08,34.530576,125800000.0,-5179586.4
2023-11-09,34.009095,127200000.0,47612733.0
2023-11-10,34.382491,127400000.0,6876498.2
2023-11-13,34.11347,127000000.0,-13645388.0
2023-11-14,35.945246,127000000.0,0.0
2023-11-15,36.007399,127750000.0,27005549.25
2023-11-16,36.017903,128100000.0,12606266.049999999
2023-11-17,35.94776,128100000.0,0.0
2023-11-20,36.232234,128100000.0,0.0
2023-11-21,36.061328,128100000.0,0.0
2023-11-22,36.19334,127850000.0,-9048335.0
2023-11-24,36.324231,128050000.0,7264846.199999999
2023-11-27,36.461354,128050000.0,0.0
2023-11-28,36.648789,127900000.0,-5497318.350000001
2023-11-29,36.916732,128450000.0,20304202.6
2023-11-30,37.234798,129800000.0,50266977.3
2023-12-01,38.019408,130050000.0,9504852.0
2023-12-04,38.222119,129600000.0,-17199953.55
2023-12-05,38.048468,132200000.0,98926016.8
2023-12-06,37.92556,133350000.0,43614394.0
2023-12-07,37.98515,133500000.0,5697772.5
2023-12-08,37.897848,134150000.0,24633601.200000003
2023-12-11,38.021359,134200000.0,1901067.95
2023-12-12,38.022745,138950000.0,180608038.75
2023-12-13,39.385389,136500000.0,-96494203.05000001
2023-12-14,40.487791,136800000.0,12146337.3
2023-12-15,40.016719,137550000.0,30012539.25
2023-12-18,39.455742,138600000.0,41428529.1
2023-12-19,39.73031,140100000.0,59595465.00000001
2023-12-20,39.225631,140200000.0,3922563.1
2023-12-21,39.585059,140950000.0,29688794.25
2023-12-22,39.712857,142800000.0,73468785.45
2023-12-26,40.029791,143150000.0,14010426.850000001
2023-12-27,40.245477,143150000.0,0.0
2023-12-28,40.488104,143650000.0,20244052.0
2023-12-29,40.04538,143050000.0,-24027228.0
2024-01-02,40.417254,142650000.0,-16166901.6
2024-01-03,39.466788,144050000.0,55253503.2
2024-01-04,39.360194,143400000.0,-25584126.1
2024-01-05,39.283806,145400000.0,78567612.0
2024-01-08,39.8445,145400000.0,0.0
2024-01-09,39.556966,145400000.0,0.0
2024-01-10,39.610022,145600000.0,7922004.4
2024-01-11,39.237885,146650000.0,41199779.25
2024-01-12,39.543856,146800000.0,5931578.399999999
2024-01-16,39.30254,146950000.0,5895381.0
2024-01-17,38.566426,148300000.0,52064675.1
2024-01-18,38.330696,149100000.0,30664556.8
2024-01-19,38.699822,149100000.0,0.0
2024-01-22,38.869897,149050000.0,-1943494.85
2024-01-23,38.672191,148650000.0,-15468876.399999999
2024-01-24,38.147235,148650000.0,0.0
2024-01-25,38.645879,149800000.0,44442760.85
2024-01-26,38.502134,149800000.0,0.0
2024-01-29,38.763075,149750000.0,-1938153.75
2024-01-30,38.408595,149750000.0,0.0
2024-01-31,38.14481,149650000.0,-3814481.0
2024-02-01,38.812316,148750000.0,-34931084.400000006
2024-02-02,38.322219,148550000.0,-7664443.8
2024-02-05,37.558174,149100000.0,20656995.7
2024-02-06,38.118587,148800000.0,-11435576.1
2024-02-07,38.096059,148450000.0,-13333620.649999999
2024-02-08,38.310365,148200000.0,-9577591.25
2024-02-09,38.417862,148200000.0,0.0
2024-02-12,38.277256,148200000.0,0.0
2024-02-13,37.580598,148700000.0,18790299.0
2024-02-14,37.844954,150950000.0,85151146.5
2024-02-15,38.74241,152100000.0,44553771.5
2024-02-16,38.358226,152100000.0,0.0
2024-02-20,38.290078,151650000.0,-17230535.1
2024-02-21,38.565133,151650000.0,0.0
2024-02-22,38.671982,151600000.0,-1933599.1
2024-02-23,38.710602,151600000.0,0.0
2024-02-26,38.268597,151250000.0,-13394008.95
2024-02-27,38.298544,151250000.0,0.0
2024-02-28,38.789539,151500000.0,9697384.75
2024-02-29,39.12612,151300000.0,-7825224.0
2024-03-01,39.549871,151150000.0,-5932480.65
2024-03-04,39.971569,150800000.0,-13990049.15
2024-03-05,39.477723,149950000.0,-33556064.55
2024-03-06,39.700533,150300000.0,13895186.55
2024-03-07,39.712193,150600000.0,11913657.9
2024-03-08,40.161885,150600000.0,0.0
2024-03-11,39.966271,151050000.0,17984821.95
2024-03-12,39.845835,151450000.0,15938334.0
2024-03-13,39.610258,151150000.0,-11883077.4
2024-03-14,39.03439,152750000.0,62455024.0
2024-03-15,39.033835,155050000.0,89777820.50000001
2024-03-18,38.764426,154300000.0,-29073319.5
2024-03-19,38.765195,154000000.0,-11629558.5
2024-03-20,38.93118,155300000.0,50610534.0
2024-03-21,39.099921,155400000.0,3909992.1
2024-03-22,38.623992,155300000.0,-3862399.2
2024-03-25,38.462706,155600000.0,11538811.799999999
2024-03-26,38.289301,155600000.0,0.0
2024-03-27,39.262155,155950000.0,13741754.25
2024-03-28,39.548366,155500000.0,-17796764.7
2024-04-01,38.847589,156000000.0,19423794.5
2024-04-02,38.411262,155900000.0,-3841126.2
2024-04-03,38.433561,154300000.0,-61493697.599999994
2024-04-04,38.135493,154400000.0,3813549.3
2024-04-05,38.382106,154800000.0,15352842.4
2024-04-08,38.696097,154950000.0,5804414.55
2024-04-09,39.200134,154650000.0,-11760040.2
2024-04-10,37.59303,154350000.0,-11277909.0
2024-04-11,37.63275,153050000.0,-48922575.0
2024-04-12,37.246912,152150000.0,-33522220.8
2024-04-15,36.586341,152150000.0,0.0
2024-04-16,36.026716,151500000.0,-23417365.4
2024-04-17,35.740128,151600000.0,3574012.8
2024-04-18,35.748099,151250000.0,-12511834.65
2024-04-19,35.890602,151150000.0,-3589060.2
2024-04-22,36.166327,150800000.0,-12658214.450000001
2024-04-23,36.480278,150800000.0,0.0
2024-04-24,36.630415,150900000.0,3663041.5
2024-04-25,36.439491,150050000.0,-30973567.349999998
2024-04-26,36.464936,149550000.0,-18232468.0
2024-04-29,36.857996,149550000.0,0.0
2024-04-30,36.186638,149550000.0,0.0
2024-05-01,36.23035,149550000.0,0.0
2024-05-02,36.727718,150200000.0,23873016.700000003
2024-05-03,37.038402,150550000.0,12963440.7
2024-05-06,37.029236,150550000.0,0.0
2024-05-07,37.423532,150550000.0,0.0
2024-05-08,37.086285,150300000.0,-9271571.25
2024-05-09,37.942285,149550000.0,-28456713.75
2024-05-10,37.804191,150500000.0,35913981.45
2024-05-13,37.913995,150650000.0,5687099.25
2024-05-14,38.174746,151200000.0,20996110.3
2024-05-15,38.818078,151500000.0,11645423.4
2024-05-16,38.760982,154600000.0,120159044.19999999
2024-05-17,38.757807,154750000.0,5813671.05
2024-05-20,38.493823,154300000.0,-17322220.349999998
2024-05-21,38.48871,154800000.0,19244355.0
2024-05-22,38.16258,154850000.0,1908129.0
2024-05-23,37.339278,155150000.0,11201783.4
2024-05-24,37.344071,155150000.0,0.0
2024-05-28,37.10956,154700000.0,-16699302.0
2024-05-29,36.766542,154600000.0,-3676654.2
2024-05-30,37.321627,154700000.0,3732162.6999999997
2024-05-31,38.021887,154350000.0,-13307660.45
2024-06-03,37.897037,153950000.0,-15158814.799999999
2024-06-04,38.255388,154250000.0,11476616.4
2024-06-05,38.20078,153950000.0,-11460234.0
2024-06-06,38.280373,154400000.0,17226167.849999998
2024-06-07,37.975831,154600000.0,7595166.2
2024-06-10,38.145111,154650000.0,1907255.55
2024-06-11,38.040593,154350000.0,-11412177.9
2024-06-12,38.323828,154350000.0,0.0
2024-06-13,38.510613,153650000.0,-26957429.099999998
2024-06-14,38.536425,154700000.0,40463246.25
2024-06-17,38.309745,156050000.0,51718155.75
2024-06-18,38.465292,156050000.0,0.0
2024-06-20,38.367317,155400000.0,-24938756.05
2024-06-21,38.475073,156100000.0,26932551.1
2024-06-24,38.354307,156150000.0,1917715.3499999999
2024-06-25,37.812229,156850000.0,26468560.3
2024-06-26,37.76324,156850000.0,0.0
2024-06-27,38.120522,157100000.0,9530130.5
2024-06-28,38.396772,161700000.0,176625151.2
2024-07-01,38.041185,157300000.0,-167381214.0
2024-07-02,38.193986,157300000.0,0.0
2024-07-03,38.178054,157500000.0,7635610.800000001
2024-07-05,38.300733,157300000.0,-7660146.600000001
2024-07-08,38.366012,157350000.0,1918300.5999999999
2024-07-09,38.39197,156650000.0,-26874379.0
2024-07-10,38.676767,157050000.0,15470706.799999999
2024-07-11,39.705819,157250000.0,7941163.8
2024-07-12,39.978127,157300000.0,1998906.35
2024-07-15,40.1452,157250000.0,-2007260.0000000002
2024-07-16,40.559992,157700000.0,18251996.400000002
2024-07-17,40.88712,158550000.0,34754052.0
2024-07-18,40.554764,158600000.0,2027738.2
2024-07-19,40.505266,159400000.0,32404212.8
2024-07-22,40.901238,159400000.0,0.0
2024-07-23,40.83075,159400000.0,0.0
2024-07-24,40.28361,159700000.0,12085083.0
2024-07-25,40.053755,159750000.0,2002687.7500000002
2024-07-26,40.722137,161850000.0,85516487.69999999
2024-07-29,40.974587,161100000.0,-30730940.25
2024-07-30,41.285338,161100000.0,0.0
2024-07-31,41.164545,161100000.0,0.0
2024-08-01,41.823774,161350000.0,10455943.5
2024-08-02,41.861412,161450000.0,4186141.2
2024-08-05,40.633309,161800000.0,14221658.149999999
2024-08-06,41.565373,160900000.0,-37408835.7
2024-08-07,41.23322,165050000.0,171117863.0
2024-08-08,41.599966,166850000.0,74879938.8
2024-08-09,41.802899,171250000.0,183932755.6
2024-08-12,41.548818,171950000.0,29084172.599999998
2024-08-13,41.844284,172050000.0,4184428.4000000004
2024-08-14,42.00724,172050000.0,0.0
2024-08-15,41.864336,172050000.0,0.0
2024-08-16,41.848659,174500000.0,102529214.55
2024-08-19,42.116986,174300000.0,-8423397.2
2024-08-20,42.142636,174300000.0,0.0
2024-08-21,42.295517,173100000.0,-50754620.4
2024-08-22,42.536243,173100000.0,0.0
2024-08-23,43.386507,173800000.0,30370554.900000002
2024-08-26,43.334448,173800000.0,0.0
2024-08-27,43.442678,173950000.0,6516401.7
2024-08-28,43.288923,174100000.0,6493338.449999999
2024-08-29,43.114959,175450000.0,58205194.65
2024-08-30,43.541945,176000000.0,23948069.75
2024-09-03,43.666837,176150000.0,6550025.55
2024-09-04,43.77614,176550000.0,17510456.0
2024-09-05,43.621081,176350000.0,-8724216.2
2024-09-06,43.623823,177200000.0,37080249.550000004
2024-09-09,44.151824,177650000.0,19868320.8
2024-09-10,44.931141,177650000.0,0.0
2024-09-11,44.82601,178250000.0,26895605.999999996
2024-09-12,44.876473,178250000.0,0.0
2024-09-13,45.200301,178500000.0,11300075.25
2024-09-16,45.352814,178500000.0,0.0
2024-09-17,44.971034,178800000.0,13491310.200000001
2024-09-18,44.85497,179000000.0,8970994.0
2024-09-19,44.751696,180650000.0,73840298.4
2024-09-20,44.679154,181600000.0,42445196.3
2024-09-23,44.867372,181400000.0,-8973474.4
2024-09-24,44.84786,181000000.0,-17939144.0
2024-09-25,44.667902,181100000.0,4466790.2
2024-09-26,44.206885,181200000.0,4420688.5
2024-09-27,44.289067,180900000.0,-13286720.100000001
2024-09-30,44.666559,185850000.0,221099467.05
2024-10-01,44.392115,185900000.0,2219605.75
2024-10-02,44.226636,186250000.0,15479322.6
2024-10-03,43.794137,181800000.0,-194883909.65
2024-10-04,43.51035,181750000.0,-2175517.5
2024-10-07,43.193064,183000000.0,53991330.0
2024-10-08,43.313815,182250000.0,-32485361.25
2024-10-09,43.354391,182050000.0,-8670878.2
2024-10-10,42.97573,182500000.0,19339078.5
2024-10-11,43.42886,182900000.0,17371544.0
2024-10-14,43.724689,182900000.0,0.0
2024-10-15,44.270069,182900000.0,0.0
2024-10-16,44.718166,183450000.0,24594991.299999997
2024-10-17,44.414247,183450000.0,0.0
2024-10-18,44.738349,183600000.0,6710752.35
2024-10-21,43.807351,184350000.0,32855513.249999996
2024-10-22,43.875789,183600000.0,-32906841.749999996
2024-10-23,44.324063,183200000.0,-17729625.2
2024-10-24,44.420091,182900000.0,-13326027.299999999
2024-10-25,44.083242,183550000.0,28654107.3
2024-10-28,44.205377,183550000.0,0.0
2024-10-29,43.789243,183550000.0,0.0
2024-10-30,43.958985,183150000.0,-17583594.0
2024-10-31,43.200196,185100000.0,84240382.2
2024-11-01,42.737943,184450000.0,-27779662.95
2024-11-04,43.22934,184100000.0,-15130269.0
2024-11-05,43.818389,184100000.0,0.0
2024-11-06,42.663518,184100000.0,0.0
2024-11-07,43.170342,183250000.0,-36694790.699999996
2024-11-08,43.888355,179550000.0,-162386913.5
2024-11-11,43.535212,178550000.0,-43535212.0
2024-11-12,42.974768,175950000.0,-111734396.8
2024-11-13,43.318751,174550000.0,-60646251.4
2024-11-14,42.918941,174550000.0,0.0
2024-11-15,42.987857,173600000.0,-40838464.15
2024-11-18,43.349955,173600000.0,0.0
2024-11-19,43.544872,174450000.0,37013141.199999996
2024-11-20,43.464929,174450000.0,0.0
2024-11-21,43.744126,174650000.0,8748825.200000001
2024-11-22,44.110053,175100000.0,19849523.85
2024-11-25,44.674543,175100000.0,0.0
2024-11-26,44.908933,174450000.0,-29190806.45
2024-11-27,45.208762,175500000.0,47469200.1
2024-11-29,44.97807,176200000.0,31484649.0
2024-12-02,44.339209,176800000.0,26603525.4
2024-12-03,44.067568,176450000.0,-15423648.8
2024-12-04,43.935401,176450000.0,0.0
2024-12-05,43.817567,176650000.0,8763513.399999999
2024-12-06,43.798659,176750000.0,4379865.9
2024-12-09,43.864051,176500000.0,-10966012.75
2024-12-10,43.148944,175650000.0,-36676602.4
2024-12-11,43.044878,174750000.0,-38740390.199999996
2024-12-12,43.008687,174500000.0,-10752171.75
2024-12-13,42.818934,173850000.0,-27832307.099999998
2024-12-16,42.623457,173850000.0,0.0
2024-12-17,42.413486,173850000.0,0.0
2024-12-18,40.735184,173400000.0,-18330832.799999997
2024-12-19,40.046188,173250000.0,-6006928.2
2024-12-20,40.773909,172050000.0,-48928690.800000004
2024-12-23,40.539336,171600000.0,-18242701.2
2024-12-24,40.828968,170800000.0,-32663174.400000002
2024-12-26,40.892779,170750000.0,-2044638.95
2024-12-27,40.5148,170600000.0,-6077220.0
2024-12-30,40.332182,170600000.0,0.0
2024-12-31,40.677056,170400000.0,-8135411.2
2025-01-02,40.295858,170400000.0,0.0
2025-01-03,40.842267,170350000.0,-2042113.35
2025-01-06,40.268617,170500000.0,6040292.55
2025-01-07,39.977512,170600000.0,3997751.1999999997
2025-01-08,40.153792,170850000.0,10038448.0
2025-01-10,39.171396,170850000.0,0.0
2025-01-13,39.66106,170850000.0,0.0
2025-01-14,40.010428,170850000.0,0.0
2025-01-15,40.193527,171400000.0,22106439.85
2025-01-16,41.090528,171400000.0,0.0
2025-01-17,41.07303,171250000.0,-6160954.5
2025-01-21,41.824453,171250000.0,0.0
2025-01-22,41.087562,171550000.0,12326268.6
2025-01-23,41.425218,171300000.0,-10356304.5
2025-01-24,41.554341,171950000.0,27010321.650000002
2025-01-27,41.969586,172600000.0,27280230.9
2025-01-28,41.447667,172600000.0,0.0
2025-01-29,40.954418,172850000.0,10238604.5
2025-01-30,41.512076,172350000.0,-20756038.0
2025-01-31,41.42007,173150000.0,33136056.000000004
2025-02-03,41.342421,173150000.0,0.0
2025-02-04,41.344702,172100000.0,-43411937.1
2025-02-05,41.999476,171800000.0,-12599842.8
2025-02-06,42.127095,171800000.0,0.0
2025-02-07,41.951786,171800000.0,0.0
2025-02-10,42.029892,172300000.0,21014946.0
2025-02-11,42.263588,172150000.0,-6339538.2
2025-02-12,41.877551,171800000.0,-14657142.85
2025-02-13,42.229115,171750000.0,-2111455.75
2025-02-14,42.050705,170300000.0,-60973522.25
2025-02-18,42.219886,170600000.0,12665965.8
2025-02-19,42.288851,171500000.0,38059965.9
2025-02-20,42.578893,171500000.0,0.0
2025-02-21,42.236738,171000000.0,-21118369.0
2025-02-24,42.38687,170750000.0,-10596717.5
2025-02-25,42.887464,170750000.0,0.0
2025-02-26,42.652688,171500000.0,31989516.0
2025-02-27,42.820691,172600000.0,47102760.099999994
2025-02-28,43.166628,172500000.0,-4316662.800000001
2025-03-03,43.509295,172400000.0,-4350929.5
2025-03-04,42.982753,174900000.0,107456882.5
2025-03-05,43.416341,176300000.0,60782877.400000006
2025-03-06,42.21005,177750000.0,61204572.5
2025-03-07,42.47467,177750000.0,0.0
2025-03-10,42.065336,177650000.0,-4206533.600000001
2025-03-11,41.630094,179300000.0,68689655.1
2025-03-12,41.47502,177900000.0,-58065028.0
2025-03-13,40.667566,177400000.0,-20333783.0
2025-03-14,41.470425,180050000.0,109896626.25
2025-03-17,42.163042,177650000.0,-101191300.8
2025-03-18,41.930015,177000000.0,-27254509.75
2025-03-19,41.960551,176500000.0,-20980275.5
2025-03-20,41.939037,177000000.0,20969518.5
2025-03-21,41.508838,177900000.0,37357954.199999996
2025-03-24,41.835485,177100000.0,-33468388.0
2025-03-25,41.326933,175950000.0,-47525972.949999996
2025-03-26,41.539487,175750000.0,-8307897.4
2025-03-27,41.440855,175750000.0,0.0
2025-03-28,41.435509,174600000.0,-47650835.35
2025-03-31,41.856053,177650000.0,127660961.65
2025-04-01,41.90536,175650000.0,-83810720.0
2025-04-02,42.103393,176350000.0,29472375.099999998
2025-04-03,40.848876,176200000.0,-6127331.399999999
2025-04-04,38.960104,176300000.0,3896010.4
2025-04-07,38.025211,175200000.0,-41827732.1
2025-04-08,37.089912,174000000.0,-44507894.4
2025-04-09,39.219721,174400000.0,15687888.4
2025-04-10,38.410972,173850000.0,-21126034.6
2025-04-11,38.933915,173300000.0,-21413653.25
2025-04-14,39.770866,172800000.0,-19885433.0
2025-04-15,39.870617,172400000.0,-15948246.8
2025-04-16,39.807688,174000000.0,63692300.8
2025-04-17,40.453277,174750000.0,30339957.75
2025-04-21,39.610027,174950000.0,7922005.4
2025-04-22,40.435995,174950000.0,0.0
2025-04-23,40.487615,174950000.0,0.0
2025-04-24,40.589935,176300000.0,54796412.24999999
2025-04-25,40.538793,176600000.0,12161637.9
2025-04-28,40.815997,177000000.0,16326398.8
2025-04-29,41.119125,177350000.0,14391693.749999998
2025-04-30,41.350832,177550000.0,8270166.399999999
2025-05-01,41.422181,177600000.0,2071109.05
2025-05-02,41.939631,177850000.0,10484907.75
2025-05-05,41.877791,177000000.0,-35596122.35
2025-05-06,41.589316,177550000.0,22874123.799999997
2025-05-07,41.57919,177600000.0,2078959.4999999998
2025-05-08,41.354951,177900000.0,12406485.3
2025-05-09,41.621537,178150000.0,10405384.25
2025-05-12,41.63637,178150000.0,0.0
2025-05-13,41.09465,177300000.0,-34930452.5
2025-05-14,40.740231,177400000.0,4074023.1
2025-05-15,41.487772,177550000.0,6223165.8
2025-05-16,42.012782,177000000.0,-23107030.1
2025-05-19,42.104179,177500000.0,21052089.5
2025-05-20,41.872646,176500000.0,-41872646.0
2025-05-21,40.787697,176400000.0,-4078769.7
2025-05-22,40.62466,176400000.0,0.0
2025-05-23,40.641537,176150000.0,-10160384.25
2025-05-27,41.309748,176150000.0,0.0
2025-05-28,41.30424,176150000.0,0.0
2025-05-29,41.694177,176150000.0,0.0
2025-05-30,41.756648,177300000.0,48020145.199999996
2025-06-02,41.794752,179000000.0,71051078.4
2025-06-03,41.631076,178750000.0,-10407769.0
2025-06-04,41.772299,178750000.0,0.0
2025-06-05,41.742544,178750000.0,0.0
2025-06-06,41.87591,178350000.0,-16750363.999999998
2025-06-09,41.872551,178350000.0,0.0
2025-06-10,42.22145,178250000.0,-4222145.0
2025-06-11,41.994816,178400000.0,6299222.4
2025-06-12,42.237501,178700000.0,12671250.3
2025-06-13,41.888313,178450000.0,-10472078.25
2025-06-16,41.907701,178450000.0,0.0
2025-06-17,41.774258,178550000.0,4177425.8000000003
2025-06-18,41.849343,178300000.0,-10462335.75
2025-06-20,41.823179,178300000.0,0.0
2025-06-23,42.065569,178950000.0,27342619.85
2025-06-24,42.248726,178250000.0,-29574108.2
2025-06-25,41.210445,178150000.0,-4121044.5
2025-06-26,40.953597,179400000.0,51191996.25
2025-06-27,41.132478,179200000.0,-8226495.6
2025-06-30,41.444461,178700000.0,-20722230.5
2025-07-01,41.698279,178350000.0,-14594397.65
2025-07-02,41.766067,178400000.0,2088303.35
2025-07-03,41.815533,179350000.0,39724756.35
2025-07-07,41.476788,179650000.0,12443036.4
2025-07-08,41.413961,179550000.0,-4141396.1
2025-07-09,41.403276,178850000.0,-28982293.2
2025-07-10,41.60779,178900000.0,2080389.5
2025-07-11,41.578347,179200000.0,12473504.1
2025-07-14,41.85625,179200000.0,0.0
2025-07-15,41.32016,179200000.0,0.0
2025-07-16,41.761101,179200000.0,0.0
2025-07-17,41.695638,179200000.0,0.0
2025-07-18,41.846216,181450000.0,94153986.0
2025-07-21,41.993521,181850000.0,16797408.400000002
2025-07-22,42.742977,181850000.0,0.0
2025-07-23,42.819282,181550000.0,-12845784.6
2025-07-24,42.774391,181550000.0,0.0
2025-07-25,42.781056,181850000.0,12834316.8
2025-07-28,42.032395,181550000.0,-12609718.5
2025-07-29,42.746398,181550000.0,0.0
2025-07-30,42.134705,181550000.0,0.0
2025-07-31,41.403067,181100000.0,-18631380.15
2025-08-01,41.306794,181300000.0,8261358.799999999
2025-08-04,41.640593,181600000.0,12492177.9
2025-08-05,41.760871,181200000.0,-16704348.4
2025-08-06,41.420844,181150000.0,-2071042.2000000002
2025-08-07,41.588058,183300000.0,89414324.69999999
2025-08-08,41.247318,182300000.0,-41247318.0
2025-08-11,40.979969,182300000.0,0.0
2025-08-12,41.088532,181500000.0,-32870825.6
2025-08-13,41.348513,181500000.0,0.0
2025-08-14,41.049488,181500000.0,0.0
2025-08-15,41.327951,181500000.0,0.0
2025-08-18,40.936598,181500000.0,0.0
2025-08-19,41.675088,181500000.0,0.0
2025-08-20,41.833942,185850000.0,181977647.7
2025-08-21,41.677902,181050000.0,-200053929.60000002
2025-08-22,42.353231,180750000.0,-12705969.3
2025-08-25,42.126701,180750000.0,0.0
2025-08-26,41.991601,181500000.0,31493700.750000004
2025-08-27,42.173845,181500000.0,0.0
2025-08-28,42.062644,181600000.0,4206264.399999999
2025-08-29,42.301422,183650000.0,86717915.10000001
2025-09-02,41.576034,184650000.0,41576034.0
2025-09-03,41.490309,184650000.0,0.0
2025-09-04,41.75724,184400000.0,-10439310.0
2025-09-05,42.173188,185350000.0,40064528.6
2025-09-08,41.887024,185050000.0,-12566107.2
2025-09-09,41.879057,184850000.0,-8375811.4
2025-09-10,41.848904,185100000.0,10462226.0
2025-09-11,42.536268,185700000.0,25521760.8
2025-09-12,42.336746,185700000.0,0.0
2025-09-15,42.284532,190700000.0,211422660.0
2025-09-16,42.040599,185850000.0,-203896905.15
2025-09-17,42.014505,186100000.0,10503626.25
2025-09-18,42.057362,186450000.0,14720076.7
2025-09-19,41.862823,186450000.0,0.0
2025-09-22,41.666489,186850000.0,16666595.6
2025-09-23,41.992451,187000000.0,6298867.65
2025-09-24,41.566204,187250000.0,10391551.0
2025-09-25,41.460272,187150000.0,-4146027.2
2025-09-26,41.892982,187250000.0,4189298.2
2025-09-29,41.960342,187350000.0,4196034.199999999
2025-09-30,42.153156,187250000.0,-4215315.600000001
2025-10-01,42.131648,187250000.0,0.0
2025-10-02,41.911408,187250000.0,0.0
2025-10-03,42.069632,187450000.0,8413926.4
2025-10-06,41.641019,187450000.0,0.0
2025-10-07,41.524689,187450000.0,0.0
2025-10-08,41.314874,187450000.0,0.0
2025-10-09,41.135279,187450000.0,0.0
2025-10-10,40.68717,188400000.0,38652811.5
2025-10-13,40.885759,189400000.0,40885759.0
2025-10-14,41.309165,189400000.0,0.0
2025-10-15,41.892647,189400000.0,0.0
2025-10-16,41.775022,187900000.0,-62662533.0
2025-10-17,42.035865,189150000.0,52544831.25
2025-10-20,42.477162,188550000.0,-25486297.2
2025-10-21,42.345061,188150000.0,-16938024.400000002
2025-10-22,42.526207,188600000.0,19136793.15
2025-10-23,42.490502,189550000.0,40365976.9
2025-10-24,42.634832,189200000.0,-14922191.200000001
2025-10-27,42.732178,189200000.0,0.0
2025-10-28,41.775994,189200000.0,0.0
2025-10-29,40.634635,186450000.0,-111745246.25000001
2025-10-30,40.864969,187100000.0,26562229.85
2025-10-31,40.881525,186900000.0,-8176305.000000001
2025-11-03,40.811044,185050000.0,-75500431.4
2025-11-04,40.939237,185750000.0,28657465.9
2025-11-05,40.920077,184900000.0,-34782065.45
2025-11-06,40.717557,184150000.0,-30538167.75
2025-11-07,41.277673,183000000.0,-47469323.95
2025-11-10,41.228896,183250000.0,10307224.0
2025-11-11,41.683232,182850000.0,-16673292.799999999
2025-11-12,41.367311,182850000.0,0.0
2025-11-13,40.825135,182700000.0,-6123770.25
2025-11-14,40.940399,184100000.0,57316558.6
2025-11-17,40.679886,183300000.0,-32543908.800000004
2025-11-18,40.820589,183300000.0,0.0
2025-11-19,40.518847,182950000.0,-14181596.450000001
2025-11-20,40.363525,182950000.0,0.0
2025-11-21,40.901607,182400000.0,-22495883.849999998
2025-11-24,40.958283,182550000.0,6143742.45
2025-11-25,41.277224,182700000.0,6191583.6
2025-11-26,41.47663,184000000.0,53919619.0
2025-11-28,41.64975,181800000.0,-91629450.0
2025-12-01,41.074879,181800000.0,0.0
2025-12-02,40.99933,181750000.0,-2049966.5
2025-12-03,41.076485,181250000.0,-20538242.5
2025-12-04,41.006103,180800000.0,-18452746.35
2025-12-05,40.993083,181050000.0,10248270.75
2025-12-08,40.728719,180650000.0,-16291487.6
2025-12-09,40.49027,180650000.0,0.0
2025-12-10,40.561566,180650000.0,0.0
2025-12-11,40.785035,181900000.0,50981293.75
2025-12-12,40.743348,184600000.0,110007039.6
2025-12-15,40.91534,184600000.0,0.0
2025-12-16,40.557314,185450000.0,34473716.9
2025-12-17,40.723902,190950000.0,223981461.0
2025-12-18,40.482608,185700000.0,-212533692.0
2025-12-19,40.333467,186200000.0,20166733.5
2025-12-22,40.196947,185950000.0,-10049236.75
2025-12-23,40.179935,185950000.0,0.0
2025-12-24,40.455583,186000000.0,2022779.15
2025-12-26,40.510985,185750000.0,-10127746.25
2025-12-29,40.631971,185750000.0,0.0
2025-12-30,40.707262,184400000.0,-54954803.7
2025-12-31,40.349374,183000000.0,-56489123.599999994
2026-01-02,40.372448,182550000.0,-18167601.599999998
2026-01-05,40.426049,182450000.0,-4042604.9
2026-01-06,40.702857,182950000.0,20351428.5
2026-01-07,40.126353,183650000.0,28088447.1
2026-01-08,40.454956,184000000.0,14159234.600000001
2026-01-09,40.506977,183750000.0,-10126744.25
2026-01-12,40.618484,183750000.0,0.0
2026-01-13,40.939391,183950000.0,8187878.2
2026-01-14,41.399278,183850000.0,-4139927.8000000003
2026-01-15,41.704667,183450000.0,-16681866.8
2026-01-16,42.222887,170850000.0,-532008376.2
2026-01-20,41.390925,171500000.0,26904101.25
2026-01-21,41.564486,172000000.0,20782243.0
2026-01-22,41.135326,172000000.0,0.0
2026-01-23,41.254392,172300000.0,12376317.600000001
2026-01-26,41.225227,172050000.0,-10306306.75
2026-01-27,41.254933,172050000.0,0.0
2026-01-28,40.840782,172050000.0,0.0
2026-01-29,41.387989,172050000.0,0.0
2026-01-30,41.430443,173900000.0,76646319.55
2026-02-02,40.96114,174350000.0,18432513.0
2026-02-03,40.818764,174350000.0,0.0
2026-02-04,41.469759,174400000.0,2073487.9500000002
2026-02-05,41.244708,174450000.0,2062235.4000000001
2026-02-06,41.98583,172450000.0,-83971660.0
2026-02-09,42.24365,172400000.0,-2112182.5
2026-02-10,42.834477,172400000.0,0.0
2026-02-11,42.806404,172850000.0,19262881.8
2026-02-12,42.858806,172300000.0,-23572343.3
2026-02-13,43.496728,172900000.0,26098036.799999997
2026-02-17,43.929188,174300000.0,61500863.2
2026-02-18,43.349287,175000000.0,30344500.9
2026-02-19,43.205366,175500000.0,21602683.0
2026-02-20,43.541624,175950000.0,19593730.8
2026-02-23,43.606262,176150000.0,8721252.4
2026-02-24,43.718051,176350000.0,8743610.200000001
2026-02-25,43.432217,175900000.0,-19544497.650000002
2026-02-26,43.633534,175500000.0,-17453413.599999998
2026-02-27,43.83281,175800000.0,13149843.0
2026-03-02,43.943067,176250000.0,19774380.15
2026-03-03,43.685619,176550000.0,13105685.700000001
2026-03-04,43.769075,176500000.0,-2188453.75
2026-03-05,43.346082,176500000.0,0.0
2026-03-06,42.903006,177300000.0,34322404.8
2026-03-09,42.983546,178450000.0,49431077.9
2026-03-10,42.912354,178550000.0,4291235.4
2026-03-11,42.407235,178550000.0,0.0
2026-03-12,42.142406,178550000.0,0.0
2026-03-13,42.253598,177650000.0,-38028238.199999996
2026-03-16,42.572455,177800000.0,6385868.25
2026-03-17,42.704786,178150000.0,14946675.1
2026-03-18,42.002959,178250000.0,4200295.899999999
2026-03-19,41.921103,183150000.0,205413404.70000002
2026-03-20,40.603861,178400000.0,-192868339.75
2026-03-23,40.607344,177400000.0,-40607344.0
2026-03-24,40.287007,177650000.0,10071751.75
2026-03-25,40.269879,176650000.0,-40269879.0
2026-03-26,40.296378,176250000.0,-16118551.2
2026-03-27,40.019184,179700000.0,138066184.8
2026-03-30,40.201942,179300000.0,-16080776.8
2026-03-31,40.839797,178900000.0,-16335918.799999999
2026-04-01,40.961625,181150000.0,92163656.25
2026-04-02,41.624822,179950000.0,-49949786.4
2026-04-06,41.746537,179950000.0,0.0
2026-04-07,41.708834,180050000.0,4170883.4000000004
2026-04-08,42.421897,180250000.0,8484379.4
2026-04-09,42.73735,180200000.0,-2136867.5
2026-04-10,42.812367,178800000.0,-59937313.800000004
2026-04-13,43.033539,179100000.0,12910061.7
2026-04-14,43.440196,179250000.0,6516029.4
2026-04-15,43.417295,179250000.0,0.0
2026-04-16,43.823881,179250000.0,0.0
2026-04-17,44.500651,179600000.0,15575227.85
2026-04-20,44.637492,179150000.0,-20086871.400000002
2026-04-21,43.752027,179150000.0,0.0
2026-04-22,43.464627,178800000.0,-15212619.45
2026-04-23,43.984992,178000000.0,-35187993.6
2026-04-24,43.816722,178050000.0,2190836.1
2026-04-27,43.456116,178500000.0,19555252.2
2026-04-28,43.917381,178950000.0,19762821.45
2026-04-29,43.631045,178950000.0,0.0
2026-04-30,44.404092,173700000.0,-233121483.0
2026-05-01,44.302176,174000000.0,13290652.8
2026-05-04,44.060531,174850000.0,37451451.35
2026-05-05,44.156141,175100000.0,11039035.25
2026-05-06,44.753203,175850000.0,33564902.25
2026-05-07,44.380357,177650000.0,79884642.6
2026-05-08,44.420322,178550000.0,39978289.8
2026-05-11,44.576595,178600000.0,2228829.75
2026-05-12,44.580614,177650000.0,-42351583.3
2026-05-13,44.193836,177750000.0,4419383.6
2026-05-14,43.895129,179500000.0,76816475.75
2026-05-15,43.208121,179100000.0,-17283248.4
2026-05-18,43.741548,179400000.0,13122464.4
2026-05-19,43.930225,179400000.0,0.0
2026-05-20,44.457134,179350000.0,-2222856.7
2026-05-21,44.509531,178900000.0,-20029288.950000003
2026-05-22,44.561648,179250000.0,15596576.799999999
2026-05-26,44.708189,179500000.0,11177047.25
2026-05-27,44.608719,180350000.0,37917411.15
2026-05-28,44.397655,180350000.0,0.0
2026-05-29,43.987634,180700000.0,15395671.9
2026-06-01,43.287915,180650000.0,-2164395.75
2026-06-02,43.474961,180350000.0,-13042488.3
2026-06-03,43.487541,179200000.0,-50010672.15
2026-06-04,44.411121,178600000.0,-26646672.6
2026-06-05,44.710717,177950000.0,-29061966.05
2026-06-08,44.02671,177000000.0,-41825374.5
2026-06-09,44.987352,177800000.0,35989881.6
2026-06-10,44.993135,178050000.0,11248283.75
2026-06-11,44.910171,178950000.0,40419153.9
2026-06-12,45.362483,180200000.0,56703103.75
2026-06-15,44.982666,180200000.0,0.0
2026-06-16,45.078935,180150000.0,-2253946.75
2026-06-17,43.964186,180450000.0,13189255.799999999
2026-06-18,43.858043,180450000.0,0.0
2026-06-22,44.025303,182200000.0,77044280.25
2026-06-23,44.629169,182350000.0,6694375.35
2026-06-24,44.48753,181150000.0,-53385036.0
2026-06-25,44.577828,181750000.0,26746696.799999997
2026-06-26,45.249436,182350000.0,27149661.6
2026-06-29,44.928829,183600000.0,56161036.25
2026-06-30,44.022572,184050000.0,19810157.4
2026-07-01,44.16252,185500000.0,64035654.0
2026-07-02,44.696297,186000000.0,22348148.5
2026-07-06,44.278795,186750000.0,33209096.25
2026-07-07,44.90194,187850000.0,49392134.0
2026-07-08,44.149346,187450000.0,-17659738.400000002
2026-07-09,44.222108,188400000.0,42011002.6
2026-07-10,44.454519,189050000.0,28895437.349999998
2026-07-13,44.683273,189050000.0,0.0
2026-07-14,44.48231,189050000.0,0.0
2026-07-15,44.551647,189150000.0,4455164.7
2026-07-16,45.474444,189150000.0,0.0
2026-07-17,45.434948,189750000.0,27260968.8
2026-07-20,45.227767,190000000.0,11306941.75
2026-07-21,45.200878,189900000.0,-4520087.800000001
2026-07-22,44.999545,189900000.0,0.0
2026-07-23,44.93612,189800000.0,-4493612.0
2026-07-24,45.936553,190650000.0,39046070.050000004
2026-07-27,45.761806,190700000.0,2288090.3
2026-07-28,45.981381,190950000.0,11495345.25
2026-07-29,45.937454,192150000.0,55124944.800000004
2026-07-30,45.297274,191050000.0,-49827001.4
2026-07-31,45.034363,190150000.0,-40530926.699999996
2026-08-03,45.173352,191050000.0,40656016.800000004
2026-08-04,45.158191,192000000.0,42900281.45
2026-08-05,45.20014,192350000.0,15820049.0
2026-08-06,44.786432,192350000.0,0.0
2026-08-07,44.996462,192150000.0,-8999292.4
2026-08-10,44.410224,192150000.0,0.0
2026-08-11,44.047413,191950000.0,-8809482.6
2026-08-12,44.484756,192150000.0,8896951.2
2026-08-13,45.116943,191750000.0,-18046777.2
2026-08-14,45.260238,191350000.0,-18104095.2
2026-08-17,44.813816,191350000.0,0.0
2026-08-18,44.61086,188800000.0,-113757693.0
2026-08-19,44.999984,188500000.0,-13499995.2
2026-08-20,45.068304,188300000.0,-9013660.799999999
2026-08-21,45.062709,187500000.0,-36050167.199999996
2026-08-24,45.340278,187450000.0,-2267013.9
2026-08-25,45.35244,187900000.0,20408598.0
2026-08-26,45.082675,187900000.0,0.0
2026-08-27,44.646121,188200000.0,13393836.3
2026-08-28,44.466512,187950000.0,-11116628.0
2026-08-31,44.108126,188450000.0,22054063.0
2026-09-01,44.050727,187400000.0,-46253263.35
2026-09-02,43.729149,187800000.0,17491659.6
2026-09-03,44.26274,187950000.0,6639411.0
2026-09-04,43.92106,187100000.0,-37332901.0
2026-09-08,43.882736,187050000.0,-2194136.8000000003
2026-09-09,43.407141,187050000.0,0.0
2026-09-10,43.028901,185700000.0,-58089016.349999994
2026-09-11,43.410095,185700000.0,0.0
2026-09-14,43.127652,184950000.0,-32345739.0
2026-09-15,43.084813,184200000.0,-32313609.749999996
2026-09-16,42.782815,183900000.0,-12834844.5
2026-09-17,42.948318,192100000.0,352176207.6
2026-09-18,42.527323,182600000.0,-404009568.5
2026-09-21,42.582368,182750000.0,6387355.2
2026-09-22,42.503923,183650000.0,38253530.7
2026-09-23,41.855108,183950000.0,12556532.4
2026-09-24,41.652088,184650000.0,29156461.599999998
2026-09-25,41.545075,185450000.0,33236059.999999996
2026-09-28,41.347246,185450000.0,0.0
2026-09-29,41.344594,186400000.0,39277364.3
2026-09-30,40.900639,187100000.0,28630447.299999997
2026-10-01,40.678045,186700000.0,-16271217.999999998
