date,nav,shares,flow
2006-05-31,32.678825,68113274.0,
2006-06-01,33.095869,67163274.0,-31441075.55
2006-06-02,33.225624,66613274.0,-18274093.200000003
2006-06-05,32.693431,65613274.0,-32693430.999999996
2006-06-06,32.609993,65913274.0,9782997.9
2006-06-07,32.720307,59263274.0,-217590041.54999998
2006-06-08,32.827697,59263274.0,0.0
2006-06-09,32.733579,57213274.0,-67103836.949999996
2006-06-12,32.32432,56113274.0,-35556752.0
2006-06-13,31.705882,54463274.0,-52314705.3
2006-06-14,31.519707,48313274.0,-193846198.05
2006-06-15,32.213546,43463274.0,-156235698.1
2006-06-16,31.804278,46613274.0,100183475.7
2006-06-19,31.606746,46013274.0,-18964047.6
2006-06-20,31.698888,46413274.0,12679555.2
2006-06-21,31.939135,56413274.0,319391350.0
2006-06-22,31.819437,60413274.0,127277748.0
2006-06-23,31.6344,60413274.0,0.0
2006-06-26,31.881368,61813274.0,44633915.199999996
2006-06-27,31.570655,61813274.0,0.0
2006-06-28,31.734118,61963274.0,4760117.7
2006-06-29,32.42841,61763274.0,-6485682.0
2006-06-30,32.283489,62363274.0,19370093.400000002
2006-07-03,32.662776,64513274.0,70224968.4
2006-07-05,32.414836,65963274.0,47001512.2
2006-07-06,32.509465,65963274.0,0.0
2006-07-07,32.367515,65963274.0,0.0
2006-07-10,32.538448,64413274.0,-50434594.400000006
2006-07-11,32.580247,63513274.0,-29322222.3
2006-07-12,32.232893,61613274.0,-61242496.699999996
2006-07-13,31.782264,61613274.0,0.0
2006-07-14,31.643422,59763274.0,-58540330.7
2006-07-17,31.660616,57963274.0,-56989108.800000004
2006-07-18,31.724893,57963274.0,0.0
2006-07-19,32.578723,58463274.0,16289361.499999998
2006-07-20,32.477031,63613274.0,167256709.64999998
2006-07-21,32.288739,64613274.0,32288739.0
2006-07-24,32.678601,60913274.0,-120910823.7
2006-07-25,32.752666,60963274.0,1637633.2999999998
2006-07-26,32.723061,62513274.0,50720744.550000004
2006-07-27,32.574659,62513274.0,0.0
2006-07-28,33.176733,62513274.0,0.0
2006-07-31,33.07687,64013274.0,49615305.0
2006-08-01,32.995821,62513274.0,-49493731.5
2006-08-02,33.048809,62314719.0,-6562006.270994999
2006-08-03,33.181474,62314719.0,0.0
2006-08-04,33.267267,64564719.0,74851350.75
2006-08-07,33.140522,65914719.0,44739704.699999996
2006-08-08,32.966629,66614719.0,23076640.299999997
2006-08-09,32.565349,65564719.0,-34193616.449999996
2006-08-10,32.735759,64914719.0,-21278243.35
2006-08-11,32.629746,61364719.0,-115835598.3
2006-08-14,32.649042,63264719.0,62033179.800000004
2006-08-15,33.206357,61764719.0,-49809535.49999999
2006-08-16,33.383791,63864719.0,70105961.10000001
2006-08-17,33.482224,64364719.0,16741112.000000002
2006-08-18,33.528372,64364719.0,0.0
2006-08-21,33.401023,66314719.0,65131994.85
2006-08-22,33.371446,61464719.0,-161851513.1
2006-08-23,33.334962,59764719.0,-56669435.4
2006-08-24,33.414847,59414719.0,-11695196.450000001
2006-08-25,33.247174,58614719.0,-26597739.2
2006-08-28,33.45394,58614719.0,0.0
2006-08-29,33.364514,55614719.0,-100093542.0
2006-08-30,33.422492,52114719.0,-116978722.0
2006-08-31,33.452175,51464719.0,-21743913.749999996
2006-09-01,33.517994,52214719.0,25138495.5
2006-09-05,33.624291,52214719.0,0.0
2006-09-06,33.514228,57564719.0,179301119.8
2006-09-07,33.265752,58464719.0,29939176.8
2006-09-08,33.449941,59564719.0,36794935.1
2006-09-11,33.499116,59564719.0,0.0
2006-09-12,33.904154,59814719.0,8476038.5
2006-09-13,34.138603,62064719.0,76811856.75000001
2006-09-14,34.179786,62814719.0,25634839.5
2006-09-15,34.151822,60864719.0,-66596052.900000006
2006-09-18,34.086853,62064719.0,40904223.599999994
2006-09-19,34.141782,59064719.0,-102425346.0
2006-09-20,34.387623,60914719.0,63617102.55
2006-09-21,34.213779,55364719.0,-189886473.45000002
2006-09-22,34.204674,54064719.0,-44466076.199999996
2006-09-25,34.551547,55564719.0,51827320.5
2006-09-26,34.711134,55664719.0,3471113.4
2006-09-27,34.602294,56914719.0,43252867.5
2006-09-28,34.706324,57216265.0,10465553.176904
2006-09-29,34.639269,56966265.0,-8659817.25
2006-10-02,34.517947,56366265.0,-20710768.2
2006-10-03,34.878023,56366265.0,0.0
2006-10-04,35.289454,58266265.0,67049962.6
2006-10-05,35.300374,61616265.0,118256252.89999999
2006-10-06,35.158318,64216265.0,91411626.8
2006-10-09,35.259802,63566265.0,-22918871.3
2006-10-10,35.268757,63566265.0,0.0
2006-10-11,35.178095,63916265.0,12312333.25
2006-10-12,35.364383,63916265.0,0.0
2006-10-13,35.448515,63916265.0,0.0
2006-10-16,35.366437,63916265.0,0.0
2006-10-17,35.310441,62916265.0,-35310441.0
2006-10-18,35.390914,63016265.0,3539091.4000000004
2006-10-19,35.127812,63016265.0,0.0
2006-10-20,35.135428,67566265.0,159866197.39999998
2006-10-23,35.367224,64816265.0,-97259866.0
2006-10-24,35.345493,63166265.0,-58320063.449999996
2006-10-25,35.451708,63416265.0,8862927.0
2006-10-26,35.742621,63416265.0,0.0
2006-10-27,35.411017,68216265.0,169972881.6
2006-10-30,35.516614,69116265.0,31964952.599999998
2006-10-31,35.471277,68066265.0,-37244840.85
2006-11-01,35.176579,70966265.0,102012079.1
2006-11-02,35.151868,69466265.0,-52727802.0
2006-11-03,35.059619,69166265.0,-10517885.7
2006-11-06,35.525282,69166265.0,0.0
2006-11-07,35.602315,70066265.0,32042083.499999996
2006-11-08,35.708876,71466265.0,49992426.4
2006-11-09,35.485818,71466265.0,0.0
2006-11-10,35.693748,71466265.0,0.0
2006-11-13,35.748782,68816265.0,-94734272.3
2006-11-14,35.937593,65016265.0,-136562853.4
2006-11-15,35.933023,66266265.0,44916278.75
2006-11-16,36.158654,65916265.0,-12655528.9
2006-11-17,36.082049,68416265.0,90205122.5
2006-11-20,36.185908,68016265.0,-14474363.2
2006-11-21,36.141894,66866265.0,-41563178.1
2006-11-22,36.18662,68766265.0,68754578.0
2006-11-24,36.062216,68816265.0,1803110.8
2006-11-27,35.477992,68416265.0,-14191196.8
2006-11-28,35.520484,64066265.0,-154514105.4
2006-11-29,35.774702,62816265.0,-44718377.5
2006-11-30,35.68454,62816265.0,0.0
2006-12-01,35.531897,62816265.0,0.0
2006-12-04,35.97124,62516265.0,-10791372.0
2006-12-05,36.133916,62316265.0,-7226783.2
2006-12-06,36.216914,62266265.0,-1810845.7000000002
2006-12-07,36.093557,62266265.0,0.0
2006-12-08,36.200961,62066265.0,-7240192.2
2006-12-11,36.429167,62066265.0,0.0
2006-12-12,36.433253,63666265.0,58293204.800000004
2006-12-13,36.47049,65266265.0,58352784.0
2006-12-14,36.74852,65266265.0,0.0
2006-12-15,36.615234,65916265.0,23799902.1
2006-12-18,36.782567,65916265.0,0.0
2006-12-19,36.753046,67916265.0,73506092.0
2006-12-20,36.809913,66066265.0,-68098339.05
2006-12-21,36.699606,63566265.0,-91749015.0
2006-12-22,36.551424,60816265.0,-100516415.99999999
2006-12-26,36.802957,60816265.0,0.0
2006-12-27,37.105996,62366265.0,57514293.8
2006-12-28,36.993123,63068452.0,25976090.060000997
2006-12-29,36.769447,62568452.0,-18384723.5
2007-01-03,36.884835,61318452.0,-46106043.75
2007-01-04,36.827875,60418452.0,-33145087.5
2007-01-05,36.523582,60418452.0,0.0
2007-01-08,36.665396,59918452.0,-18332698.0
2007-01-09,36.606271,59918452.0,0.0
2007-01-10,36.719738,57668452.0,-82619410.5
2007-01-11,36.903968,57268452.0,-14761587.2
2007-01-12,36.983698,57268452.0,0.0
2007-01-16,37.078224,58518452.0,46347780.0
2007-01-17,36.984198,60118452.0,59174716.8
2007-01-18,36.87223,60118452.0,0.0
2007-01-19,36.955358,60118452.0,0.0
2007-01-22,36.927881,61568452.0,53545427.449999996
2007-01-23,36.923395,61918452.0,12923188.25
2007-01-24,37.264868,64368452.0,91298926.6
2007-01-25,36.767876,64368452.0,0.0
2007-01-26,36.814371,61518452.0,-104920957.35000001
2007-01-29,36.641579,60768452.0,-27481184.25
2007-01-30,36.829412,59718452.0,-38670882.599999994
2007-01-31,37.085465,59268452.0,-16688459.25
2007-02-01,37.320405,59568452.0,11196121.5
2007-02-02,37.401146,62168452.0,97242979.6
2007-02-05,37.36283,62168452.0,0.0
2007-02-06,37.543298,61368452.0,-30034638.4
2007-02-07,37.698856,61468452.0,3769885.6
2007-02-08,37.530782,62468452.0,37530782.0
2007-02-09,37.167409,56218452.0,-232296306.25
2007-02-12,37.061588,53818452.0,-88947811.2
2007-02-13,37.40888,52168452.0,-61724652.00000001
2007-02-14,37.704558,51968452.0,-7540911.6
2007-02-15,37.724366,55918452.0,149011245.70000002
2007-02-16,37.759816,56568452.0,24543880.400000002
2007-02-20,37.930979,57368452.0,30344783.2
2007-02-21,37.821056,57818452.0,17019475.2
2007-02-22,37.730517,59818452.0,75461034.0
2007-02-23,37.326598,59168452.0,-24262288.7
2007-02-26,37.047303,56968452.0,-81504066.6
2007-02-27,35.761216,53368452.0,-128740377.6
2007-02-28,35.976245,53268452.0,-3597624.5
2007-03-01,35.90846,49818452.0,-123884187.0
2007-03-02,35.542627,53918452.0,145724770.70000002
2007-03-05,34.983072,53318452.0,-20989843.2
2007-03-06,35.710589,56768452.0,123201532.05
2007-03-07,35.481541,61568452.0,170311396.8
2007-03-08,35.808071,64868452.0,118166634.3
2007-03-09,35.869056,67168452.0,82498828.8
2007-03-12,35.858247,66768452.0,-14343298.799999999
2007-03-13,34.72986,73068452.0,218798118.0
2007-03-14,34.951238,67818452.0,-183493999.49999997
2007-03-15,35.266805,72718452.0,172807344.5
2007-03-16,34.885417,73268452.0,19186979.349999998
2007-03-19,35.293827,78118452.0,171175060.95
2007-03-20,35.546398,80418452.0,81756715.4
2007-03-21,36.402751,78018452.0,-87366602.4
2007-03-22,36.174261,84768452.0,244176261.75
2007-03-23,36.234236,85668452.0,32610812.400000002
2007-03-26,36.100244,79468452.0,-223821512.8
2007-03-27,35.812638,78668452.0,-28650110.4
2007-03-28,35.397641,71468452.0,-254863015.2
2007-03-29,35.600337,66019686.0,-193977905.83414203
2007-03-30,35.553895,65419686.0,-21332337.0
2007-04-02,35.362105,65019686.0,-14144842.0
2007-04-03,35.797058,64319686.0,-25057940.6
2007-04-04,35.722515,66769686.0,87520161.75
2007-04-05,35.784011,68519686.0,62622019.25
2007-04-09,35.777484,67719686.0,-28621987.2
2007-04-10,35.858303,68969686.0,44822878.75
2007-04-11,35.59448,73919686.0,176192676.0
2007-04-12,35.605076,72919686.0,-35605076.0
2007-04-13,35.77843,67419686.0,-196781365.0
2007-04-16,36.533441,68819686.0,51146817.400000006
2007-04-17,36.590862,78969686.0,371397249.3
2007-04-18,36.958191,80369686.0,51741467.4
2007-04-19,36.906711,83169686.0,103338790.8
2007-04-20,37.163106,78869686.0,-159801355.79999998
2007-04-23,37.016489,81169686.0,85137924.7
2007-04-24,36.87742,83019686.0,68223227.0
2007-04-25,37.382386,83619686.0,22429431.599999998
2007-04-26,37.305008,82169686.0,-54092261.6
2007-04-27,37.264172,82169686.0,0.0
2007-04-30,37.012881,84669686.0,92532202.5
2007-05-01,37.069133,84669686.0,0.0
2007-05-02,37.297141,81169686.0,-130539993.50000001
2007-05-03,37.552471,77569686.0,-135188895.6
2007-05-04,37.654988,78169686.0,22592992.8
2007-05-07,37.754634,73569686.0,-173671316.4
2007-05-08,37.670621,72069686.0,-56505931.49999999
2007-05-09,37.902376,73419686.0,51168207.599999994
2007-05-10,37.380162,73419686.0,0.0
2007-05-11,37.709118,74919686.0,56563676.99999999
2007-05-14,37.499955,68019686.0,-258749689.5
2007-05-15,37.412246,56469686.0,-432111441.3
2007-05-16,37.817209,57619686.0,43489790.35
2007-05-17,37.704356,57619686.0,0.0
2007-05-18,37.83301,55669686.0,-73774369.5
2007-05-21,37.830974,56119686.0,17023938.3
2007-05-22,37.8877,52319686.0,-143973260.0
2007-05-23,37.826125,47469686.0,-183456706.25
2007-05-24,37.484936,46569686.0,-33736442.4
2007-05-25,37.548288,45769686.0,-30038630.4
2007-05-29,37.711311,40919686.0,-182899858.35000002
2007-05-30,37.97935,43619686.0,102544244.99999999
2007-05-31,37.855171,45369686.0,66246549.25
2007-06-01,37.993956,52569686.0,273556483.2
2007-06-04,37.941796,54169686.0,60706873.599999994
2007-06-05,37.703693,58169686.0,150814772.0
2007-06-06,37.417763,58169686.0,0.0
2007-06-07,36.783681,57369686.0,-29426944.8
2007-06-08,37.205153,52769686.0,-171143703.8
2007-06-11,37.342431,54869686.0,78419105.1
2007-06-12,36.920813,55519686.0,23998528.450000003
2007-06-13,37.569477,58969686.0,129614695.64999999
2007-06-14,37.499836,56969686.0,-74999672.0
2007-06-15,37.45473,58319686.0,50563885.5
2007-06-18,37.435259,64519686.0,232098605.8
2007-06-19,37.559653,66869686.0,88265184.55
2007-06-20,36.934128,58169686.0,-321326913.6
2007-06-21,37.01023,55669686.0,-92525575.0
2007-06-22,36.369537,46269686.0,-341873647.8
2007-06-25,36.157506,53469686.0,260334043.2
2007-06-26,36.093292,49619686.0,-138959174.2
2007-06-27,36.409776,59519686.0,360456782.40000004
2007-06-28,36.354422,61921265.0,87308016.432338
2007-06-29,36.08552,64021265.0,75779592.0
2007-07-02,36.517487,56921265.0,-259274157.70000002
2007-07-03,36.738429,57321265.0,14695371.599999998
2007-07-05,36.557108,60821265.0,127949878.0
2007-07-06,36.618368,59821265.0,-36618368.0
2007-07-09,36.51751,59921265.0,3651751.0
2007-07-10,35.716596,58871265.0,-37502425.800000004
2007-07-11,35.873965,50471265.0,-301341306.0
2007-07-12,36.643278,50571265.0,3664327.8000000003
2007-07-13,36.714428,57971265.0,271686767.2
2007-07-16,36.595648,64321265.0,232382364.79999998
2007-07-17,36.635685,62071265.0,-82430291.25
2007-07-18,36.201716,71321265.0,334865873.0
2007-07-19,36.097174,63671265.0,-276143381.1
2007-07-20,35.442121,60621265.0,-108098469.05
2007-07-23,35.431075,44171265.0,-582841183.75
2007-07-24,34.416919,34821265.0,-321798192.65
2007-07-25,34.708906,42521265.0,267258576.2
2007-07-26,33.858826,52721265.0,345360025.2
2007-07-27,33.454039,38071265.0,-490101671.35
2007-07-30,33.864342,51421265.0,452088965.7
2007-07-31,33.270525,65671265.0,474104981.25
2007-08-01,33.408244,82121265.0,549565613.8000001
2007-08-02,33.504496,79621265.0,-83761240.00000001
2007-08-03,32.224197,81721265.0,67670813.69999999
2007-08-06,33.733094,57371265.0,-821400838.9
2007-08-07,34.039873,71921265.0,495280152.15
2007-08-08,34.785031,82471265.0,366982077.04999995
2007-08-09,33.486613,94121265.0,390119041.45
2007-08-10,33.445757,81121265.0,-434794841.0
2007-08-13,33.17804,84721265.0,119440944.00000001
2007-08-14,32.389639,82521265.0,-71257205.80000001
2007-08-15,32.075154,64221265.0,-586975318.1999999
2007-08-16,33.19993,71421265.0,239039496.0
2007-08-17,34.39844,104971265.0,1154067662.0
2007-08-20,34.122112,156971265.0,1774349824.0
2007-08-21,34.28341,161521265.0,155989515.50000003
2007-08-22,34.566572,166121265.0,159006231.20000002
2007-08-23,34.412955,159721265.0,-220242911.99999997
2007-08-24,34.600408,143621265.0,-557066568.8000001
2007-08-27,34.129235,144321265.0,23890464.5
2007-08-28,33.027587,123471265.0,-688625188.9499999
2007-08-29,33.645339,104371265.0,-642625974.9
2007-08-30,33.273042,105871265.0,49909562.99999999
2007-08-31,33.775729,105621265.0,-8443932.25
2007-09-04,34.167769,105771265.0,5125165.35
2007-09-05,33.501639,105871265.0,3350163.9
2007-09-06,33.434575,97821265.0,-269148328.75
2007-09-07,32.95092,98571265.0,24713190.000000004
2007-09-10,32.920943,96121265.0,-80656310.35000001
2007-09-11,33.358096,83871265.0,-408636676.00000006
2007-09-12,33.295354,90521265.0,221414104.10000002
2007-09-13,33.831218,89871265.0,-21990291.7
2007-09-14,33.816279,102971265.0,442993254.90000004
2007-09-17,33.564097,98971265.0,-134256388.0
2007-09-18,35.052784,108671265.0,340012004.8
2007-09-19,35.260816,149421265.0,1436878252.0
2007-09-20,34.652226,151421265.0,69304452.0
2007-09-21,34.478084,137321265.0,-486140984.40000004
2007-09-24,34.054743,131521265.0,-197517509.4
2007-09-25,33.947257,115071265.0,-558432377.65
2007-09-26,34.152949,103921265.0,-380805381.35
2007-09-27,34.420232,103021265.0,-30978208.799999997
2007-09-28,34.276335,91021265.0,-411316020.00000006
2007-10-01,34.986736,82621265.0,-293888582.4
2007-10-02,35.279538,94571265.0,421590479.1
2007-10-03,35.302928,101621265.0,248885642.4
2007-10-04,35.38545,106423087.0,169914632.2899
2007-10-05,35.817003,104223087.0,-78797406.6
2007-10-08,35.521626,107873087.0,129653934.89999999
2007-10-09,35.815275,104373087.0,-125353462.5
2007-10-10,35.472265,101873087.0,-88680662.5
2007-10-11,35.39225,98423087.0,-122103262.49999999
2007-10-12,35.377009,88573087.0,-348463538.65000004
2007-10-15,34.729824,83573087.0,-173649120.0
2007-10-16,34.088247,71873087.0,-398832489.90000004
2007-10-17,34.039511,53923087.0,-611009222.4499999
2007-10-18,33.675989,47123087.0,-228996725.20000002
2007-10-19,32.694118,60623087.0,441370593.00000006
2007-10-22,33.007595,43673087.0,-559478735.25
2007-10-23,33.216516,50323087.0,220889831.39999998
2007-10-24,32.958136,72123087.0,718487364.8000001
2007-10-25,32.752338,76673087.0,149023137.9
2007-10-26,33.583004,92773087.0,540686364.4000001
2007-10-29,33.575129,107573087.0,496911909.1999999
2007-10-30,33.394424,110323087.0,91834666.0
2007-10-31,33.658865,109273087.0,-35341808.25
2007-11-01,32.133826,110873087.0,51414121.6
2007-11-02,31.615802,87773087.0,-730325026.1999999
2007-11-05,31.173226,76223087.0,-360050760.3
2007-11-06,31.707414,84773087.0,271098389.7
2007-11-07,30.122507,81023087.0,-112959401.25
2007-11-08,30.258898,75073087.0,-180040443.1
2007-11-09,30.300811,89573087.0,439361759.5
2007-11-12,30.344927,103973087.0,436966948.79999995
2007-11-13,31.834328,119073087.0,480698352.8
2007-11-14,31.641794,156373087.0,1180238916.2
2007-11-15,30.673688,165623087.0,283731614.0
2007-11-16,30.441802,147973087.0,-537297805.3
2007-11-19,29.530183,136723087.0,-332214558.75
2007-11-20,29.146983,95923087.0,-1189196906.3999999
2007-11-21,28.502912,92423087.0,-99760192.0
2007-11-23,29.37699,110373087.0,527316970.5
2007-11-26,28.191836,125473087.0,425696723.59999996
2007-11-27,28.93056,112623087.0,-371757696.0
2007-11-28,30.407314,129173087.0,503241046.7
2007-11-29,30.180522,156873087.0,836000459.4
2007-11-30,31.051613,147023087.0,-305858388.05
2007-12-03,30.693237,153773087.0,207179349.75
2007-12-04,30.125578,143573087.0,-307280895.6
2007-12-05,30.776796,151423087.0,241597848.6
2007-12-06,31.58426,149473087.0,-61589307.0
2007-12-07,31.266686,164123087.0,458056949.9
2007-12-10,31.904614,158323087.0,-185046761.2
2007-12-11,30.336586,164173087.0,177469028.1
2007-12-12,30.053609,147673087.0,-495884548.5
2007-12-13,29.90838,140673087.0,-209358660.0
2007-12-14,29.360932,109873087.0,-904316705.5999999
2007-12-17,29.098015,115973087.0,177497891.5
2007-12-18,29.126338,137323087.0,621847316.3
2007-12-19,29.160739,148223087.0,317852055.1
2007-12-20,28.972753,176323087.0,814134359.3000001
2007-12-21,29.300389,151873087.0,-716394511.05
2007-12-24,29.817486,158273087.0,190831910.4
2007-12-26,29.676709,172923087.0,434763786.84999996
2007-12-27,29.033123,174823087.0,55162933.7
2007-12-28,28.899997,181123087.0,182069981.1
2007-12-31,29.096268,173623087.0,-218222010.0
2008-01-02,28.398626,177773087.0,117854297.9
2008-01-03,28.215103,162523087.0,-430280320.75
2008-01-04,27.411373,157777404.0,-130085686.852759
2008-01-07,27.530701,163927404.0,169313811.15
2008-01-08,26.530793,167277404.0,88878156.55
2008-01-09,26.985491,165977404.0,-35081138.3
2008-01-10,27.613586,161677404.0,-118738419.80000001
2008-01-11,27.558603,212077404.0,1388953591.2
2008-01-14,27.836546,246427404.0,956185355.0999999
2008-01-15,26.80837,258727404.0,329742951.0
2008-01-16,27.150823,235127404.0,-640759422.8
2008-01-17,25.883142,242277404.0,185064465.29999998
2008-01-18,25.425689,230977404.0,-287310285.7
2008-01-22,25.991649,223577404.0,-192338202.6
2008-01-23,27.74579,266527404.0,1191681680.5
2008-01-24,27.906591,302927404.0,1015799912.4
2008-01-25,27.218891,318477404.0,423253755.05
2008-01-28,28.127366,269477404.0,-1378240934.0
2008-01-29,28.536689,250377404.0,-545050759.9
2008-01-30,28.213921,249577404.0,-22571136.8
2008-01-31,28.990861,227977404.0,-626202597.6
2008-02-01,29.547921,202127404.0,-763813757.85
2008-02-04,28.800699,202627404.0,14400349.5
2008-02-05,27.486593,203677404.0,28860922.65
2008-02-06,27.20959,202777404.0,-24488631.0
2008-02-07,27.663706,208427404.0,156299938.9
2008-02-08,27.031027,212777404.0,117584967.45
2008-02-11,26.520604,206777404.0,-159123624.0
2008-02-12,26.886165,193177404.0,-365651844.0
2008-02-13,27.112048,196577404.0,92180963.2
2008-02-14,26.590628,187077404.0,-252610966.0
2008-02-15,26.758008,198577404.0,307717092.0
2008-02-19,26.555285,195777404.0,-74354798.0
2008-02-20,26.970641,174077404.0,-585262909.7
2008-02-21,26.611477,196477404.0,596097084.8000001
2008-02-22,27.028844,195827404.0,-17568748.599999998
2008-02-25,27.341769,199827404.0,109367076.0
2008-02-26,27.397553,207827404.0,219180424.0
2008-02-27,27.640853,204627404.0,-88450729.6
2008-02-28,26.807496,216977404.0,331072575.6
2008-02-29,25.737125,211377404.0,-144127900.0
2008-03-03,25.421758,200477404.0,-277097162.2
2008-03-04,25.216056,196677404.0,-95821012.8
2008-03-05,25.084619,192027404.0,-116643478.35
2008-03-06,24.178421,198527404.0,157159736.5
2008-03-07,24.259049,193927404.0,-111591625.4
2008-03-10,23.518816,234877404.0,963095515.2
2008-03-11,25.257216,246927404.0,304349452.8
2008-03-12,24.733782,280777404.0,837238520.7
2008-03-13,24.822006,313327404.0,807956295.3
2008-03-14,23.819873,290977404.0,-532374161.55
2008-03-17,23.453942,278727404.0,-287310789.5
2008-03-18,25.442335,282477404.0,95408756.25
2008-03-19,24.929605,356377404.0,1842297809.5
2008-03-20,26.459006,334027404.0,-591358784.1
2008-03-24,26.644937,357677404.0,630152760.05
2008-03-25,26.569788,358077404.0,10627915.2
2008-03-26,25.650548,343427404.0,-375780528.2
2008-03-27,25.146853,311277404.0,-808471323.95
2008-03-28,24.645012,287927404.0,-575461030.2
2008-03-31,24.85339,269327404.0,-462273054.0
2008-04-01,26.711217,269577404.0,6677804.25
2008-04-02,26.549673,302077404.0,862864372.5
2008-04-03,26.651409,306865919.0,127620671.767635
2008-04-04,26.282103,304465919.0,-63077047.199999996
2008-04-07,26.541087,291065919.0,-355650565.8
2008-04-08,26.096521,296165919.0,133092257.1
2008-04-09,25.644031,294265919.0,-48723658.9
2008-04-10,25.548939,292865919.0,-35768514.6
2008-04-11,25.086359,284565919.0,-208216779.70000002
2008-04-14,24.478696,275615919.0,-219084329.2
2008-04-15,24.74405,266215919.0,-232594070.0
2008-04-16,25.557749,270865919.0,118843532.85000001
2008-04-17,25.920567,283215919.0,320119002.45
2008-04-18,26.388954,291865919.0,228264452.1
2008-04-21,25.94322,295915919.0,105070041.0
2008-04-22,25.715988,295565919.0,-9000595.799999999
2008-04-23,25.521773,300515919.0,126332776.35
2008-04-24,26.489629,303515919.0,79468887.0
2008-04-25,26.948889,308715919.0,140134222.8
2008-04-28,26.91127,307765919.0,-25565706.5
2008-04-29,26.739722,304465919.0,-88241082.6
2008-04-30,26.471284,299765919.0,-124415034.8
2008-05-01,27.527681,293765919.0,-165166086.0
2008-05-02,27.612855,302215919.0,233328624.75
2008-05-05,27.214762,307365919.0,140156024.3
2008-05-06,27.461478,303265919.0,-112592059.8
2008-05-07,26.472773,306115919.0,75447403.05
2008-05-08,26.151191,292065919.0,-367424233.55
2008-05-09,25.899511,272415919.0,-508925391.15000004
2008-05-12,26.342148,277115919.0,123808095.60000001
2008-05-13,25.974166,277865919.0,19480624.5
2008-05-14,26.220764,266415919.0,-300227747.8
2008-05-15,26.543807,275415919.0,238894263.0
2008-05-16,26.185611,277865919.0,64154746.95
2008-05-19,26.04779,276415919.0,-37769295.5
2008-05-20,25.476477,285515919.0,231835940.7
2008-05-21,24.821911,271565919.0,-346265658.45
2008-05-22,25.047251,256165919.0,-385727665.4
2008-05-23,24.583859,252315919.0,-94647857.15
2008-05-27,24.787521,242115919.0,-252832714.20000002
2008-05-28,24.641734,249315919.0,177420484.79999998
2008-05-29,25.044556,247065919.0,-56350251.0
2008-05-30,24.862982,258715919.0,289653740.3
2008-06-02,24.421734,255165919.0,-86697155.7
2008-06-03,24.27293,251865919.0,-80100669.0
2008-06-04,24.120853,252615919.0,18090639.75
2008-06-05,24.608116,260465919.0,193173710.6
2008-06-06,23.395256,280815919.0,476093459.6
2008-06-09,22.857318,271865919.0,-204572996.1
2008-06-10,23.105153,246015919.0,-597268205.0500001
2008-06-11,22.359005,296265919.0,1123540001.25
2008-06-12,22.814011,294815919.0,-33080315.95
2008-06-13,23.282162,310365919.0,362037619.09999996
2008-06-16,23.526693,317815919.0,175273862.85000002
2008-06-17,22.83967,338815919.0,479633070.00000006
2008-06-18,22.565079,346965919.0,183905393.85
2008-06-19,22.762642,351615919.0,105846285.3
2008-06-20,21.985626,346065919.0,-122020224.3
2008-06-23,21.386704,354765919.0,186064324.8
2008-06-24,21.705048,370065919.0,332087234.40000004
2008-06-25,21.790254,367115919.0,-64281249.300000004
2008-06-26,20.839103,376665919.0,199013433.65
2008-06-27,20.558,374765919.0,-39060200.0
2008-06-30,20.120788,379115919.0,87525427.8
2008-07-01,20.342242,372815919.0,-128156124.6
2008-07-02,20.052093,382165919.0,187487069.54999998
2008-07-03,19.987009,370615919.0,-230849953.95000002
2008-07-07,19.357233,373419586.0,54271235.373411
2008-07-08,20.463267,363919586.0,-194401036.49999997
2008-07-09,19.408644,390219586.0,510447337.2
2008-07-10,19.228619,394819586.0,88451647.39999999
2008-07-11,18.736569,387319586.0,-140524267.5
2008-07-14,17.800214,386719586.0,-10680128.4
2008-07-15,17.277137,373319586.0,-231513635.79999998
2008-07-16,19.395165,396019586.0,440270245.49999994
2008-07-17,20.64746,397919586.0,39230174.0
2008-07-18,20.873529,437619586.0,828679101.3000001
2008-07-21,20.700803,442819586.0,107644175.60000001
2008-07-22,22.060878,421219586.0,-476514964.79999995
2008-07-23,22.475388,374519586.0,-1049600619.5999999
2008-07-24,20.963262,339169586.0,-741051311.7
2008-07-25,20.838821,309019586.0,-628290453.15
2008-07-28,19.891771,312819586.0,75588729.8
2008-07-29,21.379236,303969586.0,-189206238.6
2008-07-30,21.807313,332619586.0,624779517.45
2008-07-31,21.552037,358219586.0,551732147.1999999
2008-08-01,21.684508,372769586.0,315509591.40000004
2008-08-04,21.413428,356269586.0,-353321562.0
2008-08-05,22.492452,359619586.0,75349714.2
2008-08-06,22.284646,378869586.0,428979435.5
2008-08-07,21.175644,372019586.0,-145053161.39999998
2008-08-08,21.922424,343269586.0,-630269690.0
2008-08-11,22.331003,346469586.0,71459209.6
2008-08-12,21.179967,356269586.0,207563676.60000002
2008-08-13,20.558871,331869586.0,-501636452.4
2008-08-14,21.082051,307819586.0,-507023326.55
2008-08-15,21.316703,310219586.0,51160087.2
2008-08-18,20.558922,319819586.0,197365651.2
2008-08-19,19.935493,310019586.0,-195367831.4
2008-08-20,20.26731,280469586.0,-598899010.5
2008-08-21,20.051779,282669586.0,44113913.8
2008-08-22,20.672224,292619586.0,205688628.8
2008-08-25,20.030154,315419586.0,456687511.2
2008-08-26,20.17314,310219586.0,-104900328.0
2008-08-27,20.51347,329619586.0,397961318.00000006
2008-08-28,21.442571,335719586.0,130799683.10000001
2008-08-29,21.317748,359969586.0,516955389.00000006
2008-09-02,21.702498,379569586.0,425368960.79999995
2008-09-03,22.040483,376569586.0,-66121448.99999999
2008-09-04,21.009474,370819586.0,-120804475.5
2008-09-05,21.686248,349319586.0,-466254332.0
2008-09-08,22.694127,383619586.0,778408556.1
2008-09-09,21.20209,413469586.0,632882386.5
2008-09-10,21.052033,406969586.0,-136838214.5
2008-09-11,21.377223,368169586.0,-829436252.4
2008-09-12,21.14973,374469586.0,133243299.00000001
2008-09-15,18.927654,399319586.0,470352201.90000004
2008-09-16,20.101272,438519586.0,787969862.4000001
2008-09-17,18.31079,430069586.0,-154726175.5
2008-09-18,20.452431,438469586.0,171800420.4
2008-09-19,22.526116,520019586.0,1837004759.8
2008-09-22,20.617149,598319586.0,1614322766.7
2008-09-23,20.30387,611219586.0,261919923.0
2008-09-24,20.003797,623419586.0,244046323.39999998
2008-09-25,20.527327,616219586.0,-147796754.4
2008-09-26,21.161058,621119586.0,103689184.2
2008-09-29,17.757837,629969586.0,157156857.45
2008-09-30,20.093783,585219586.0,-899196789.2499999
2008-10-01,20.530403,592169586.0,142686300.85
2008-10-02,19.665314,592383695.0,4210520.715225999
2008-10-03,18.8865,583983695.0,-158646600.0
2008-10-06,18.100267,592983695.0,162902403.0
2008-10-07,16.018579,563183695.0,-477353654.2
2008-10-08,15.542984,489133695.0,-1150957965.2
2008-10-09,13.726606,498383695.0,126971105.5
2008-10-10,14.678044,522833695.0,358878175.8
2008-10-13,16.174095,543133695.0,328334128.5
2008-10-14,17.209335,575683695.0,560163854.25
2008-10-15,15.651319,559583695.0,-251986235.9
2008-10-16,15.909254,553933695.0,-89887285.10000001
2008-10-17,15.543396,560083695.0,95591885.39999999
2008-10-20,15.979241,578033695.0,286827375.95
2008-10-21,15.685927,578033695.0,0.0
2008-10-22,14.59839,590333695.0,179560197.0
2008-10-23,14.475563,579433695.0,-157783636.7
2008-10-24,13.919899,578383695.0,-14615893.95
2008-10-27,13.353085,575583695.0,-37388638.0
2008-10-28,15.016632,585683695.0,151667983.2
2008-10-29,14.586843,582733695.0,-43031186.85
2008-10-30,14.778827,578833695.0,-57637425.3
2008-10-31,15.586124,584733695.0,91958131.6
2008-11-03,15.631636,585633695.0,14068472.4
2008-11-04,16.482461,576983695.0,-142573287.65
2008-11-05,15.053616,585683695.0,130966459.2
2008-11-06,14.052281,576983695.0,-122254844.7
2008-11-07,14.355996,578133695.0,16509395.399999999
2008-11-10,13.733179,585733695.0,104372160.39999999
2008-11-11,13.405243,578083695.0,-102550108.95
2008-11-12,12.489909,569133695.0,-111784685.55000001
2008-11-13,13.373086,563783695.0,-71546010.10000001
2008-11-14,12.681844,559483695.0,-54531929.2
2008-11-17,11.926444,567033695.0,90044652.2
2008-11-18,11.832819,584933695.0,211807460.10000002
2008-11-19,10.471561,593633695.0,91102580.69999999
2008-11-20,9.379116,598933695.0,49709314.8
2008-11-21,9.694389,621333695.0,217154313.6
2008-11-24,11.501944,629333695.0,92015552.0
2008-11-25,11.790974,638683695.0,110245606.9
2008-11-26,12.374022,642283695.0,44546479.2
2008-11-28,12.725513,656183695.0,176884630.7
2008-12-01,10.572829,653483695.0,-28546638.3
2008-12-02,11.406452,649383695.0,-46766453.199999996
2008-12-03,12.061124,640583695.0,-106137891.2
2008-12-04,11.837556,623333695.0,-204197841.0
2008-12-05,12.856397,622033695.0,-16713316.1
2008-12-08,13.73781,631983695.0,136691209.5
2008-12-09,13.067885,633033695.0,13721279.25
2008-12-10,12.980456,621533695.0,-149275244.0
2008-12-11,11.886035,622583695.0,12480336.75
2008-12-12,12.128503,629483695.0,83686670.7
2008-12-15,11.647832,635083695.0,65227859.199999996
2008-12-16,12.954436,627133695.0,-102987766.19999999
2008-12-17,12.794485,628883695.0,22390348.75
2008-12-18,12.410684,627833695.0,-13031218.2
2008-12-19,12.281081,619383695.0,-103775134.45
2008-12-22,11.787655,647433695.0,330643722.75
2008-12-23,11.557291,650883695.0,39872653.949999996
2008-12-24,11.774336,641083695.0,-115388492.8
2008-12-26,11.783187,639983695.0,-12961505.7
2008-12-29,11.677694,632333695.0,-89334359.10000001
2008-12-30,12.160707,632383695.0,608035.35
2008-12-31,12.508232,622933695.0,-118202792.39999999
2009-01-02,12.735397,621609651.0,-16862225.985468
2009-01-05,12.423392,621709651.0,1242339.2
2009-01-06,12.662968,636659651.0,189311371.6
2009-01-07,12.021635,622009651.0,-176116952.75
2009-01-08,11.996785,617959651.0,-48586979.25
2009-01-09,11.587911,621209651.0,37660710.75
2009-01-12,10.929576,575359651.0,-501121059.6
2009-01-13,11.076117,551359651.0,-265826808.0
2009-01-14,10.45166,559809651.0,88316527.0
2009-01-15,9.923917,549609651.0,-101223953.39999999
2009-01-16,9.688106,535109651.0,-140477537.0
2009-01-20,8.073713,535109651.0,0.0
2009-01-21,9.251093,544959651.0,91123266.05
2009-01-22,8.713188,540509651.0,-38773686.6
2009-01-23,9.010353,524459651.0,-144616165.65
2009-01-26,8.82483,528859651.0,38829252.0
2009-01-27,9.153679,535009651.0,56295125.85
2009-01-28,10.340216,541809651.0,70313468.8
2009-01-29,9.476981,542259651.0,4264641.45
2009-01-30,9.244018,546609651.0,40211478.300000004
2009-02-02,9.260266,534409651.0,-112975245.2
2009-02-03,9.028592,541059651.0,60040136.8
2009-02-04,8.956604,543259651.0,19704528.8
2009-02-05,9.081182,547059651.0,34508491.6
2009-02-06,9.818632,517759651.0,-287685917.59999996
2009-02-09,9.948605,530459651.0,126347283.5
2009-02-10,8.869697,524309651.0,-54548636.550000004
2009-02-11,9.329433,507209651.0,-159533304.3
2009-02-12,9.207529,499259651.0,-73199855.55
2009-02-13,8.822825,508959651.0,85581402.5
2009-02-17,7.961057,517909651.0,71251460.15
2009-02-18,7.94679,517309651.0,-4768074.0
2009-02-19,7.535321,520209651.0,21852430.9
2009-02-20,7.427184,503609651.0,-123291254.39999999
2009-02-23,7.203158,487609651.0,-115250528.0
2009-02-24,8.05241,478209651.0,-75692654.0
2009-02-25,8.01637,479509651.0,10421281.0
2009-02-26,8.177123,478659651.0,-6950554.55
2009-02-27,7.575899,484859651.0,46970573.8
2009-03-02,7.0603,482509651.0,-16591705.0
2009-03-03,6.950041,488059651.0,38572727.55
2009-03-04,6.898265,498859651.0,74501262.0
2009-03-05,6.21331,503659651.0,29823888.0
2009-03-06,6.12977,541859651.0,234157214.0
2009-03-09,6.281038,539059651.0,-17586906.4
2009-03-10,7.258695,525409651.0,-99081186.75
2009-03-11,7.435175,537909651.0,92939687.5
2009-03-12,8.181036,556759651.0,154212528.60000002
2009-03-13,8.206942,600209651.0,356591629.9
2009-03-16,8.057076,630109651.0,240906572.4
2009-03-17,8.58594,621609651.0,-72980490.0
2009-03-18,9.45327,622609651.0,9453270.0
2009-03-19,8.694316,551559651.0,-617731151.8000001
2009-03-20,8.148033,541159651.0,-84739543.2
2009-03-23,9.591449,529359651.0,-113179098.2
2009-03-24,8.964164,507659651.0,-194522358.8
2009-03-25,9.373194,499209651.0,-79203489.3
2009-03-26,9.469875,488709651.0,-99433687.5
2009-03-27,9.142824,483459651.0,-47999825.99999999
2009-03-30,8.284689,489509651.0,50122368.45
2009-03-31,8.839711,481959651.0,-66739818.05
2009-04-01,9.070346,473009651.0,-81179596.7
2009-04-02,9.338322,496229503.0,216834454.76834399
2009-04-03,9.73065,477979503.0,-177584362.5
2009-04-06,9.446447,479629503.0,15586637.549999999
2009-04-07,9.145302,484679503.0,46183775.099999994
2009-04-08,9.224959,477629503.0,-65035960.95
2009-04-09,10.652245,487579503.0,105989837.75
2009-04-13,11.164227,482979503.0,-51355444.2
2009-04-14,10.308567,476679503.0,-64943972.1
2009-04-15,10.880511,445729503.0,-336751815.45
2009-04-16,10.949429,459079503.0,146174877.15
2009-04-17,11.089981,468879503.0,108681813.8
2009-04-20,9.82696,467779503.0,-10809656.0
2009-04-21,10.629946,476179503.0,89291546.4
2009-04-22,10.224748,496279503.0,205517434.8
2009-04-23,10.684182,488329503.0,-84939246.9
2009-04-24,10.945431,485229503.0,-33930836.099999994
2009-04-27,10.598789,480529503.0,-49814308.3
2009-04-28,10.405567,476729503.0,-39541154.6
2009-04-29,10.903181,466229503.0,-114483400.5
2009-04-30,10.81549,471279503.0,54618224.5
2009-05-01,10.635676,469079503.0,-23398487.2
2009-05-04,11.711615,472979503.0,45675298.5
2009-05-05,11.569389,484279503.0,130734095.69999999
2009-05-06,12.510981,467129503.0,-214563324.14999998
2009-05-07,12.083665,479279503.0,146816529.75
2009-05-08,13.086503,486779503.0,98148772.5
2009-05-11,12.195844,491729503.0,60369427.8
2009-05-12,11.975692,485729503.0,-71854152.0
2009-05-13,11.356552,489429503.0,42019242.400000006
2009-05-14,11.807763,488979503.0,-5313493.35
2009-05-15,11.513027,493379503.0,50657318.8
2009-05-18,12.341919,479779503.0,-167850098.4
2009-05-19,12.020365,479329503.0,-5409164.25
2009-05-20,11.728203,474779503.0,-53363323.650000006
2009-05-21,11.7566,460629503.0,-166355890.0
2009-05-22,11.614823,452929503.0,-89434137.1
2009-05-26,12.095325,452629503.0,-3628597.5
2009-05-27,11.63236,458629503.0,69794160.0
2009-05-28,12.047886,438629503.0,-240957720.0
2009-05-29,12.25456,427979503.0,-130511064.0
2009-06-01,12.319636,437029503.0,111492705.8
2009-06-02,12.171806,460279503.0,282994489.5
2009-06-03,11.991462,492379503.0,384925930.2
2009-06-04,12.466499,507429503.0,187620809.95000002
2009-06-05,12.286763,523779503.0,200888575.05
2009-06-08,12.424682,511729503.0,-149717418.1
2009-06-09,12.490667,497329503.0,-179865604.8
2009-06-10,12.297379,461029503.0,-446394857.7
2009-06-11,12.411332,448779503.0,-152038817.0
2009-06-12,12.497224,459579503.0,134970019.2
2009-06-15,12.13103,453279503.0,-76425489.0
2009-06-16,11.932585,451479503.0,-21478653.0
2009-06-17,11.627755,452779503.0,15116081.5
2009-06-18,11.915938,464129503.0,135245896.3
2009-06-19,12.057466,453229503.0,-131426379.39999999
2009-06-22,11.317211,473729503.0,232002825.5
2009-06-23,11.510984,501879503.0,324034199.6
2009-06-24,11.639599,515729503.0,161208446.15
2009-06-25,11.836178,518679503.0,34916725.1
2009-06-26,11.911336,504079503.0,-173905505.6
2009-06-29,12.077298,497779503.0,-76086977.4
2009-06-30,11.945082,503929503.0,73462254.3
2009-07-01,11.888462,482229503.0,-257979625.4
2009-07-02,11.412699,476788865.0,-62092363.861962
2009-07-06,11.503587,465188865.0,-133441609.19999999
2009-07-07,11.2838,461838865.0,-37800730.0
2009-07-08,11.09633,463488865.0,18308944.5
2009-07-09,11.246976,437888865.0,-287922585.6
2009-07-10,11.10351,438188865.0,3331053.0
2009-07-13,11.825196,427938865.0,-121208259.0
2009-07-14,11.788289,466188865.0,450902054.25
2009-07-15,12.270819,461438865.0,-58286390.25
2009-07-16,12.241335,476288865.0,181783824.75
2009-07-17,12.146979,478988865.0,32796843.3
2009-07-20,12.246474,472338865.0,-81439052.1
2009-07-21,12.149646,465738865.0,-80187663.60000001
2009-07-22,12.131624,440038865.0,-311782736.8
2009-07-23,12.491334,441938865.0,23733534.6
2009-07-24,12.448519,454188865.0,152494357.75
2009-07-27,12.633746,460038865.0,73907414.10000001
2009-07-28,12.586946,475388865.0,193209621.1
2009-07-29,12.557368,479988865.0,57763892.800000004
2009-07-30,12.891499,480738865.0,9668624.25
2009-07-31,13.00439,504838865.0,313405799.0
2009-08-03,13.350537,498838865.0,-80103222.0
2009-08-04,13.626352,503338865.0,61318584.0
2009-08-05,14.082719,524238865.0,294328827.1
2009-08-06,13.987157,522138865.0,-29373029.7
2009-08-07,14.366076,501038865.0,-303124203.59999996
2009-08-10,14.272484,500438865.0,-8563490.4
2009-08-11,13.768203,496188865.0,-58514862.75
2009-08-12,14.047644,482838865.0,-187536047.4
2009-08-13,14.32448,485088865.0,32230080.0
2009-08-14,14.253314,503938865.0,268674968.9
2009-08-17,13.649441,507588865.0,49820459.65
2009-08-18,13.911641,504988865.0,-36170266.6
2009-08-19,13.904455,499188865.0,-80645839.0
2009-08-20,14.264839,501238865.0,29242919.95
2009-08-21,14.571464,491588865.0,-140614627.6
2009-08-24,14.437045,492988865.0,20211863.0
2009-08-25,14.598738,492088865.0,-13138864.200000001
2009-08-26,14.580622,498438865.0,92586949.7
2009-08-27,14.722972,507338865.0,131034450.8
2009-08-28,14.74669,508288865.0,14009355.5
2009-08-31,14.690299,507338865.0,-13955784.049999999
2009-09-01,13.917704,502738865.0,-64021438.400000006
2009-09-02,13.782751,487638865.0,-208119540.1
2009-09-03,14.098509,496838865.0,129706282.8
2009-09-04,14.214886,501388865.0,64677731.3
2009-09-08,14.306912,498838865.0,-36482625.6
2009-09-09,14.512914,488838865.0,-145129140.0
2009-09-10,14.646615,496638865.0,114243597.0
2009-09-11,14.528442,500738865.0,59566612.2
2009-09-14,14.739129,510888865.0,149602159.35
2009-09-15,14.752458,510388865.0,-7376229.0
2009-09-16,15.254222,514488865.0,62542310.2
2009-09-17,15.198597,518188865.0,56234808.9
2009-09-18,15.142125,503388865.0,-224103450.0
2009-09-21,15.004236,516388865.0,195055068.0
2009-09-22,15.340632,515938865.0,-6903284.399999999
2009-09-23,15.022189,524438865.0,127688606.5
2009-09-24,14.756704,523038865.0,-20659385.599999998
2009-09-25,14.593097,509638865.0,-195547499.8
2009-09-28,15.09541,506738865.0,-43776689.0
2009-09-29,15.014977,507538865.0,12011981.6
2009-09-30,14.941968,501788865.0,-85916316.0
2009-10-01,14.289387,501545427.0,-3478579.792506
2009-10-02,14.280248,491845427.0,-138518405.6
2009-10-05,14.750726,488345427.0,-51627541.0
2009-10-06,14.932681,488795427.0,6719706.45
2009-10-07,15.082917,481145427.0,-115384315.05
2009-10-08,15.114083,483245427.0,31739574.3
2009-10-09,15.236438,500845427.0,268161308.79999998
2009-10-12,15.374435,500645427.0,-3074887.0
2009-10-13,15.204527,507795427.0,108712368.05
2009-10-14,15.726596,515545427.0,121881119.0
2009-10-15,15.622168,530245427.0,229645869.6
2009-10-16,15.211076,521145427.0,-138420791.6
2009-10-19,15.280433,504345427.0,-256711274.4
2009-10-20,15.177437,507845427.0,53121029.5
2009-10-21,14.888883,507245427.0,-8933329.8
2009-10-22,15.32311,501645427.0,-85809416.0
2009-10-23,15.084562,499645427.0,-30169124.0
2009-10-26,14.705867,486245427.0,-197058617.79999998
2009-10-27,14.603897,478895427.0,-107338642.95
2009-10-28,14.13483,482845427.0,55832578.5
2009-10-29,14.74732,469045427.0,-203513016.0
2009-10-30,14.046459,466295427.0,-38627762.25
2009-11-02,14.163807,460095427.0,-87815603.4
2009-11-03,14.224472,444945427.0,-215500750.8
2009-11-04,14.014436,440195427.0,-66568571.0
2009-11-05,14.378232,445345427.0,74047894.8
2009-11-06,14.314667,455045427.0,138852269.9
2009-11-09,14.833057,452495427.0,-37824295.35
2009-11-10,14.768592,456345427.0,56859079.2
2009-11-11,14.974844,450095427.0,-93592775.0
2009-11-12,14.702458,451045427.0,13967335.1
2009-11-13,14.661326,446245427.0,-70374364.8
2009-11-16,14.843241,437695427.0,-126909710.55000001
2009-11-17,14.85371,437945427.0,3713427.5
2009-11-18,14.986492,441345427.0,50954072.8
2009-11-19,14.683548,445895427.0,66810143.4
2009-11-20,14.60288,449595427.0,54030656.0
2009-11-23,14.816651,450595427.0,14816651.0
2009-11-24,14.705746,448295427.0,-33823215.8
2009-11-25,14.676388,444745427.0,-52101177.4
2009-11-27,14.275192,440945427.0,-54245729.6
2009-11-30,14.667662,441595427.0,9533980.3
2009-12-01,14.681963,443145427.0,22757042.65
2009-12-02,14.665249,444045427.0,13198724.1
2009-12-03,14.363808,437095427.0,-99828465.60000001
2009-12-04,14.61668,430395427.0,-97931756.0
2009-12-07,14.381958,440095427.0,139504992.6
2009-12-08,14.257373,428945427.0,-158969708.95
2009-12-09,14.313506,418945427.0,-143135060.0
2009-12-10,14.28442,417745427.0,-17141304.0
2009-12-11,14.385721,405795427.0,-171909365.95
2009-12-14,14.470716,398845427.0,-100571476.2
2009-12-15,14.223567,404395427.0,78940796.85
2009-12-16,14.320266,407795427.0,48688904.4
2009-12-17,14.062328,429245427.0,301636935.6
2009-12-18,14.204232,413545427.0,-223006442.39999998
2009-12-21,14.415631,443745427.0,435352056.2
2009-12-22,14.458982,484445427.0,588480567.4
2009-12-23,14.408149,479095427.0,-77083597.15
2009-12-24,14.532017,475945427.0,-45775853.55
2009-12-28,14.487108,476795427.0,12314041.799999999
2009-12-29,14.429551,477695427.0,12986595.9
2009-12-30,14.440685,475345427.0,-33935609.75
2009-12-31,14.387518,475995427.0,9351886.7
2010-01-04,14.686348,474845427.0,-16889300.2
2010-01-05,14.935476,470045427.0,-71690284.8
2010-01-06,14.999685,471445427.0,20999559.0
2010-01-07,15.314024,477995427.0,100306857.2
2010-01-08,15.230516,478795427.0,12184412.799999999
2010-01-11,15.234751,479645427.0,12949538.35
2010-01-12,14.992225,469945427.0,-145424582.5
2010-01-13,15.168119,470395427.0,6825653.550000001
2010-01-14,15.263968,469145427.0,-19079960.0
2010-01-15,14.953079,471045427.0,28410850.1
2010-01-19,15.122884,459945427.0,-167864012.4
2010-01-20,15.10261,457695427.0,-33980872.5
2010-01-21,14.656343,449245427.0,-123846098.35
2010-01-22,14.179847,429345427.0,-282178955.3
2010-01-25,14.255565,390045427.0,-560243704.5
2010-01-26,14.016247,383195427.0,-96011291.95
2010-01-27,14.341833,380945427.0,-32269124.25
2010-01-28,14.286138,383395427.0,35001038.1
2010-01-29,14.183949,411445427.0,397859769.45
2010-02-01,14.411054,412745427.0,18734370.2
2010-02-02,14.572022,426595427.0,201822504.70000002
2010-02-03,14.379783,416395427.0,-146673786.6
2010-02-04,13.784628,413695427.0,-37218495.6
2010-02-05,13.951725,373945427.0,-554581068.75
2010-02-08,13.644356,395495427.0,294035871.8
2010-02-09,13.795441,396945427.0,20003389.45
2010-02-10,13.911067,395445427.0,-20866600.5
2010-02-11,13.944313,398945427.0,48805095.5
2010-02-12,13.904441,395395427.0,-49360765.550000004
2010-02-16,14.24752,395445427.0,712376.0
2010-02-17,14.302877,409795427.0,205246284.95000002
2010-02-18,14.382994,395995427.0,-198485317.2
2010-02-19,14.469348,400845427.0,70176337.8
2010-02-22,14.634053,391995427.0,-129511369.05
2010-02-23,14.37329,389045427.0,-42401205.5
2010-02-24,14.623856,392145427.0,45333953.6
2010-02-25,14.576481,400845427.0,126815384.69999999
2010-02-26,14.681576,414195427.0,195999039.6
2010-03-01,14.736159,413345427.0,-12525735.15
2010-03-02,14.778222,408545427.0,-70935465.6
2010-03-03,14.786748,411045427.0,36966870.0
2010-03-04,14.92188,396795427.0,-212636790.0
2010-03-05,15.224789,399545427.0,41868169.75
2010-03-08,15.250638,396045427.0,-53377233.0
2010-03-09,15.292484,393795427.0,-34408089.0
2010-03-10,15.465953,400295427.0,100528694.5
2010-03-11,15.609156,406295427.0,93654936.0
2010-03-12,15.545122,414695427.0,130579024.8
2010-03-15,15.533713,421895427.0,111842733.60000001
2010-03-16,15.730669,418245427.0,-57416941.85
2010-03-17,15.903357,422745427.0,71565106.5
2010-03-18,15.830736,425995427.0,51449892.0
2010-03-19,15.676859,416545427.0,-148146317.55
2010-03-22,15.76785,427295427.0,169504387.5
2010-03-23,15.888559,426995427.0,-4766567.7
2010-03-24,15.915483,428045427.0,16711257.15
2010-03-25,15.983684,431295427.0,51946973.0
2010-03-26,16.00038,441295427.0,160003800.0
2010-03-29,16.033136,457645427.0,262141773.6
2010-03-30,15.919327,434845427.0,-362960655.59999996
2010-03-31,15.946492,428345427.0,-103652198.0
2010-04-01,16.09508,428845427.0,8047540.0
2010-04-05,16.255825,433995427.0,83717498.75000001
2010-04-06,16.425663,430345427.0,-59953669.95
2010-04-07,16.338954,436245427.0,96399828.60000001
2010-04-08,16.474808,446395427.0,167219301.2
2010-04-09,16.548336,458695427.0,203544532.79999998
2010-04-12,16.623777,451545427.0,-118860005.55
2010-04-13,16.623562,453595427.0,34078302.1
2010-04-14,17.062508,437995427.0,-266175124.8
2010-04-15,16.980045,461545427.0,399880059.75
2010-04-16,16.3332,459245427.0,-37566360.0
2010-04-19,16.512902,404545427.0,-903255739.4
2010-04-20,16.7291,417595427.0,218314755.0
2010-04-21,16.63879,437645427.0,333607739.5
2010-04-22,16.734186,414595427.0,-385722987.3
2010-04-23,16.800003,406595427.0,-134400024.0
2010-04-26,16.509995,400195427.0,-105663968.0
2010-04-27,15.957561,404095427.0,62234487.9
2010-04-28,16.165218,400045427.0,-65469132.9
2010-04-29,16.568797,423145427.0,382739210.7
2010-04-30,16.158919,439495427.0,264198325.65
2010-05-03,16.45609,429095427.0,-171143336.0
2010-05-04,16.009814,429545427.0,7204416.3
2010-05-05,15.937934,437295427.0,123518988.5
2010-05-06,15.28451,431495427.0,-88650158.0
2010-05-07,15.09652,422195427.0,-140397636.0
2010-05-10,15.938442,441145427.0,302033475.9
2010-05-11,15.862185,449045427.0,125311261.5
2010-05-12,16.041156,448045427.0,-16041156.0
2010-05-13,15.773971,448645427.0,9464382.6
2010-05-14,15.345053,432145427.0,-253193374.5
2010-05-17,15.345304,417745427.0,-220972377.6
2010-05-18,14.917135,427695427.0,148425493.25
2010-05-19,14.942757,420895427.0,-101610747.60000001
2010-05-20,14.239405,446495427.0,364528768.0
2010-05-21,14.754485,455345427.0,130577192.25
2010-05-24,14.329951,476345427.0,300928971.0
2010-05-25,14.449631,464595427.0,-169783164.25
2010-05-26,14.357848,463895427.0,-10050493.6
2010-05-27,14.999136,461495427.0,-35997926.4
2010-05-28,14.677388,474445427.0,190072174.6
2010-06-01,14.372251,453745427.0,-297505595.7
2010-06-02,14.809843,453645427.0,-1480984.3
2010-06-03,14.732264,456045427.0,35357433.6
2010-06-04,14.149131,432995427.0,-326137469.55
2010-06-07,13.861986,425095427.0,-109509689.4
2010-06-08,14.144104,421895427.0,-45261132.800000004
2010-06-09,14.007914,431145427.0,129573204.5
2010-06-10,14.475866,443195427.0,174434185.3
2010-06-11,14.530008,446895427.0,53761029.6
2010-06-14,14.43391,438095427.0,-127018407.99999999
2010-06-15,14.803619,437045427.0,-15543799.95
2010-06-16,14.807979,413795427.0,-344285511.75
2010-06-17,14.786714,420345427.0,96852976.7
2010-06-18,14.840127,411845427.0,-126141079.5
2010-06-21,14.800544,423145427.0,167246147.20000002
2010-06-22,14.577463,410345427.0,-186591526.4
2010-06-23,14.534341,402195427.0,-118454879.14999999
2010-06-24,14.233981,389295427.0,-183618354.9
2010-06-25,14.632964,397645427.0,122185249.39999999
2010-06-28,14.504961,429545427.0,462708255.9
2010-06-29,13.942981,432845427.0,46011837.3
2010-06-30,13.792929,429795427.0,-42068433.45
2010-07-01,13.678234,419895427.0,-135414516.6
2010-07-02,13.530652,414895427.0,-67653260.0
2010-07-06,13.607476,407695427.0,-97973827.2
2010-07-07,14.212777,410595427.0,41217053.300000004
2010-07-08,14.304034,407595427.0,-42912102.0
2010-07-09,14.528952,401095427.0,-94438188.0
2010-07-12,14.532312,408595427.0,108992340.0
2010-07-13,14.90904,404795427.0,-56654352.0
2010-07-14,14.772759,411045427.0,92329743.75
2010-07-15,14.758619,414445427.0,50179304.6
2010-07-16,14.113914,407845427.0,-93151832.39999999
2010-07-19,14.117589,395495427.0,-174352224.15
2010-07-20,14.279992,396145427.0,9281994.8
2010-07-21,14.024372,407045427.0,152865654.79999998
2010-07-22,14.458526,398645427.0,-121451618.4
2010-07-23,14.561589,401945427.0,48053243.699999996
2010-07-26,14.78754,402145427.0,2957508.0
2010-07-27,14.803132,395495427.0,-98440827.8
2010-07-28,14.666103,404095427.0,126128485.8
2010-07-29,14.715266,401445427.0,-38995454.9
2010-07-30,14.710768,401245427.0,-2942153.6
2010-08-02,15.088264,400095427.0,-17351503.6
2010-08-03,14.920259,403145427.0,45506789.949999996
2010-08-04,14.964061,398545427.0,-68834680.6
2010-08-05,14.909392,391745427.0,-101383865.60000001
2010-08-06,14.786331,386695427.0,-74670971.55
2010-08-09,14.876029,383395427.0,-49090895.7
2010-08-10,14.722482,381745427.0,-24292095.3
2010-08-11,14.19475,377545427.0,-59617950.0
2010-08-12,14.108187,366345427.0,-158011694.39999998
2010-08-13,14.064237,370895427.0,63992278.35
2010-08-16,14.035607,368995427.0,-26667653.3
2010-08-17,14.138815,374045427.0,71401015.75
2010-08-18,14.195812,381645427.0,107888171.2
2010-08-19,13.85541,384045427.0,33252983.999999996
2010-08-20,13.822919,387545427.0,48380216.5
2010-08-23,13.740474,377445427.0,-138778787.4
2010-08-24,13.505726,381195427.0,50646472.5
2010-08-25,13.544127,382095427.0,12189714.299999999
2010-08-26,13.425474,379445427.0,-35577506.1
2010-08-27,13.740509,379045427.0,-5496203.6
2010-08-30,13.438256,381645427.0,34939465.6
2010-08-31,13.561432,384695427.0,41362367.6
2010-09-01,14.083962,391695427.0,98587734.0
2010-09-02,14.21745,402295427.0,150704970.0
2010-09-03,14.522145,402095427.0,-2904429.0
2010-09-07,14.177815,414045427.0,169424889.25
2010-09-08,14.342016,411545427.0,-35855040.0
2010-09-09,14.507203,413745427.0,31915846.6
2010-09-10,14.518356,407845427.0,-85658300.4
2010-09-13,14.848969,394745427.0,-194521493.9
2010-09-14,14.702109,410445427.0,230823111.3
2010-09-15,14.757995,399245427.0,-165289544.0
2010-09-16,14.705619,410895427.0,171320461.35
2010-09-17,14.596185,403845427.0,-102903104.25
2010-09-20,14.892123,414745427.0,162324140.7
2010-09-21,14.738833,420145427.0,79589698.2
2010-09-22,14.501927,415995427.0,-60182997.050000004
2010-09-23,14.217669,398595427.0,-247387440.60000002
2010-09-24,14.610961,399795427.0,17533153.2
2010-09-27,14.437943,382345427.0,-251942105.35000002
2010-09-28,14.48456,383895427.0,22451068.0
2010-09-29,14.366734,373945427.0,-142949003.29999998
2010-09-30,14.351018,365745427.0,-117678347.6
2010-10-01,14.502112,374795427.0,131244113.60000001
2010-10-04,14.396085,389545427.0,212342253.75
2010-10-05,14.736512,382495427.0,-103892409.6
2010-10-06,14.733851,387395427.0,72195869.89999999
2010-10-07,14.67047,377395427.0,-146704700.0
2010-10-08,14.68543,376045427.0,-19825330.5
2010-10-11,14.670489,376095427.0,733524.45
2010-10-12,14.855412,374695427.0,-20797576.8
2010-10-13,14.856355,387395427.0,188675708.5
2010-10-14,14.586962,400795427.0,195465290.79999998
2010-10-15,14.337825,392845427.0,-113985708.75
2010-10-18,14.672587,392445427.0,-5869034.8
2010-10-19,14.466599,390945427.0,-21699898.5
2010-10-20,14.628746,395695427.0,69486543.5
2010-10-21,14.601344,390095427.0,-81767526.39999999
2010-10-22,14.611484,384295427.0,-84746607.2
2010-10-25,14.552089,389595427.0,77126071.7
2010-10-26,14.570354,399495427.0,144246504.6
2010-10-27,14.585374,406145427.0,96992737.1
2010-10-28,14.579165,412845427.0,97680405.5
2010-10-29,14.555137,414595427.0,25471489.75
2010-11-01,14.552901,410495427.0,-59666894.1
2010-11-02,14.59074,407345427.0,-45960831.0
2010-11-03,14.740505,403995427.0,-49380691.75
2010-11-04,15.246833,409495427.0,83857581.5
2010-11-05,15.575941,428695427.0,299058067.2
2010-11-08,15.456616,464245427.0,549482698.8000001
2010-11-09,15.121423,457195427.0,-106606032.15
2010-11-10,15.325582,459545427.0,36015117.7
2010-11-11,15.182619,467945427.0,127533999.60000001
2010-11-12,14.95317,481445427.0,201867795.0
2010-11-15,15.014876,474945427.0,-97596694.0
2010-11-16,14.741054,470045427.0,-72231164.6
2010-11-17,14.658172,474795427.0,69626317.0
2010-11-18,14.868046,473395427.0,-20815264.4
2010-11-19,14.848805,464595427.0,-130669484.0
2010-11-22,14.639813,460445427.0,-60755223.95
2010-11-23,14.403012,450945427.0,-136828614.0
2010-11-24,14.638241,449445427.0,-21957361.5
2010-11-26,14.474057,441045427.0,-121582078.8
2010-11-29,14.557529,430245427.0,-157221313.20000002
2010-11-30,14.456175,425245427.0,-72280875.0
2010-12-01,14.757992,421845427.0,-50177172.8
2010-12-02,15.14311,424195427.0,35586308.5
2010-12-03,15.187811,442845427.0,283252675.15
2010-12-06,15.154605,428745427.0,-213679930.5
2010-12-07,15.149578,424145427.0,-69688058.8
2010-12-08,15.426545,429095427.0,76361397.75
2010-12-09,15.625812,431145427.0,32032914.599999998
2010-12-10,15.763254,455245427.0,379894421.4
2010-12-13,15.746202,460745427.0,86604111.0
2010-12-14,15.599608,458545427.0,-34319137.6
2010-12-15,15.46861,464095427.0,85850785.5
2010-12-16,15.505849,456745427.0,-113967990.14999999
2010-12-17,15.492914,437995427.0,-290492137.5
2010-12-20,15.551253,449745427.0,182727222.75
2010-12-21,15.805914,449145427.0,-9483548.4
2010-12-22,15.979738,451995427.0,45542253.3
2010-12-23,15.857162,463245427.0,178393072.5
2010-12-27,16.007627,463245427.0,0.0
2010-12-28,16.013075,463695427.0,7205883.75
2010-12-29,15.967978,475245427.0,184430145.9
2010-12-30,15.912524,472045427.0,-50920076.8
2010-12-31,15.945639,468495427.0,-56607018.45
2011-01-03,16.312028,466195427.0,-37517664.400000006
2011-01-04,16.275072,487545427.0,347472787.20000005
2011-01-05,16.471117,488495427.0,15647561.15
2011-01-06,16.368307,508945427.0,334731878.15000004
2011-01-07,16.216704,505395427.0,-57569299.2
2011-01-10,16.168735,482945427.0,-362988100.75000006
2011-01-11,16.25011,478195427.0,-77188022.5
2011-01-12,16.521911,487045427.0,146218912.35
2011-01-13,16.455708,500495427.0,221329272.60000002
2011-01-14,16.738876,505995427.0,92063818.0
2011-01-18,16.610365,507745427.0,29068138.750000004
2011-01-19,16.24462,523995427.0,263975075.00000003
2011-01-20,16.324956,518395427.0,-91419753.6
2011-01-21,16.461354,517145427.0,-20576692.5
2011-01-24,16.446904,520745427.0,59208854.4
2011-01-25,16.41152,520395427.0,-5744032.0
2011-01-26,16.395215,516345427.0,-66400620.75
2011-01-27,16.540226,517045427.0,11578158.200000001
2011-01-28,16.236316,509945427.0,-115277843.6
2011-01-31,16.395076,513345427.0,55743258.4
2011-02-01,16.751811,517045427.0,61981700.7
2011-02-02,16.605847,521245427.0,69744557.4
2011-02-03,16.613879,518445427.0,-46518861.2
2011-02-04,16.607882,518945427.0,8303941.0
2011-02-07,16.860857,508995427.0,-167765527.15
2011-02-08,16.974154,511195427.0,37343138.8
2011-02-09,16.850822,521495427.0,173563466.6
2011-02-10,16.852965,521495427.0,0.0
2011-02-11,17.087465,524495427.0,51262395.00000001
2011-02-14,17.099028,523995427.0,-8549514.0
2011-02-15,17.065283,523645427.0,-5972849.050000001
2011-02-16,17.163405,522445427.0,-20596086.0
2011-02-17,17.145391,519245427.0,-54865251.2
2011-02-18,17.18138,509145427.0,-173531938.0
2011-02-22,16.65086,511045427.0,31636634.000000004
2011-02-23,16.582496,497545427.0,-223863696.0
2011-02-24,16.545286,485145427.0,-205161546.4
2011-02-25,16.780466,473795427.0,-190458289.1
2011-02-28,16.859713,472295427.0,-25289569.5
2011-03-01,16.492241,483995427.0,192959219.7
2011-03-02,16.384782,484245427.0,4096195.5000000005
2011-03-03,16.735833,468895427.0,-256895036.54999998
2011-03-04,16.51505,465295427.0,-59454179.99999999
2011-03-07,16.404823,470895427.0,91867008.8
2011-03-08,16.773014,492695427.0,365651705.2
2011-03-09,16.760644,509245427.0,277388658.2
2011-03-10,16.416913,510595427.0,22162832.55
2011-03-11,16.553219,499445427.0,-184568391.85
2011-03-14,16.391192,502895427.0,56549612.4
2011-03-15,16.190971,499995427.0,-46953815.900000006
2011-03-16,15.885667,509895427.0,157268103.3
2011-03-17,16.104718,492395427.0,-281832565.0
2011-03-18,16.245529,483095427.0,-151083419.70000002
2011-03-21,16.3484,501995427.0,308984760.00000006
2011-03-22,16.261752,492045427.0,-161804432.4
2011-03-23,16.213586,500045427.0,129708688.0
2011-03-24,16.292974,491645427.0,-136860981.6
2011-03-25,16.3271,495695427.0,66124755.00000001
2011-03-28,16.277414,492445427.0,-52901595.5
2011-03-29,16.33094,494095427.0,26946050.999999996
2011-03-30,16.454453,493845427.0,-4113613.25
2011-03-31,16.381466,497845427.0,65525864.0
2011-04-01,16.513509,491995427.0,-96604027.64999999
2011-04-04,16.510037,495945427.0,65214646.15
2011-04-05,16.493279,516195427.0,333988899.75
2011-04-06,16.684351,514295427.0,-31700266.9
2011-04-07,16.611002,522545427.0,137040766.5
2011-04-08,16.46743,527545427.0,82337150.0
2011-04-11,16.458384,524495427.0,-50198071.199999996
2011-04-12,16.39442,516195427.0,-136073686.0
2011-04-13,16.266677,503245427.0,-210653467.15
2011-04-14,16.130151,497045427.0,-100006936.2
2011-04-15,16.139656,481095427.0,-257427513.2
2011-04-18,15.920463,474745427.0,-101094940.05
2011-04-19,15.978734,469045427.0,-91078783.8
2011-04-20,16.019673,470495427.0,23228525.85
2011-04-21,16.109246,466295427.0,-67658833.19999999
2011-04-25,16.087028,469945427.0,58717652.2
2011-04-26,16.177784,476945427.0,113244488.0
2011-04-27,16.28325,476245427.0,-11398275.0
2011-04-28,16.414522,477045427.0,13131617.600000001
2011-04-29,16.381016,486295427.0,151524398.0
2011-05-02,16.320342,485495427.0,-13056273.6
2011-05-03,16.383147,486645427.0,18840619.05
2011-05-04,16.236636,497695427.0,179414827.8
2011-05-05,16.05475,493445427.0,-68232687.5
2011-05-06,16.109469,488845427.0,-74103557.4
2011-05-09,16.079976,486095427.0,-44219933.99999999
2011-05-10,16.231327,486545427.0,7304097.15
2011-05-11,16.016493,489145427.0,41642881.800000004
2011-05-12,16.003629,472295427.0,-269661148.65
2011-05-13,15.769892,460495427.0,-186084725.6
2011-05-16,15.751555,450795427.0,-152790083.5
2011-05-17,15.864468,458995427.0,130088637.60000001
2011-05-18,15.943008,481545427.0,359514830.40000004
2011-05-19,15.952946,482295427.0,11964709.5
2011-05-20,15.718644,469995427.0,-193339321.2
2011-05-23,15.509908,473495427.0,54284678.0
2011-05-24,15.486722,468045427.0,-84402634.9
2011-05-25,15.494533,457595427.0,-161917869.85
2011-05-26,15.570786,458445427.0,13235168.1
2011-05-27,15.699138,468945427.0,164840949.0
2011-05-31,15.851088,464395427.0,-72122450.4
2011-06-01,15.300603,453495427.0,-166776572.70000002
2011-06-02,15.324967,421895427.0,-484268957.2
2011-06-03,15.222132,445545427.0,360003421.8
2011-06-06,14.920087,453095427.0,112646656.85000001
2011-06-07,14.890719,472545427.0,289624484.55
2011-06-08,14.753826,482645427.0,149013642.6
2011-06-09,14.929639,475695427.0,-103760991.05
2011-06-10,14.824267,476595427.0,13341840.3
2011-06-13,14.979548,478645427.0,30708073.4
2011-06-14,15.056383,493545427.0,224340106.70000002
2011-06-15,14.727154,483395427.0,-149480613.1
2011-06-16,14.81222,456795427.0,-394005052.0
2011-06-17,14.895264,437445427.0,-288223358.4
2011-06-20,14.884897,439645427.0,32746773.400000002
2011-06-21,15.089862,444195427.0,68658872.1
2011-06-22,14.991663,459145427.0,224125361.85000002
2011-06-23,14.846506,461745427.0,38600915.6
2011-06-24,14.744218,462695427.0,14007007.1
2011-06-27,14.911313,462295427.0,-5964525.2
2011-06-28,14.97708,464245427.0,29205306.0
2011-06-29,15.293698,468895427.0,71115695.7
2011-06-30,15.352302,476145427.0,111304189.5
2011-07-01,15.625936,484945427.0,137508236.79999998
2011-07-05,15.496225,484945427.0,0.0
2011-07-06,15.412067,497195427.0,188797820.75
2011-07-07,15.655119,488095427.0,-142461582.9
2011-07-08,15.451067,489145427.0,16223620.35
2011-07-11,15.018221,484095427.0,-75842016.05
2011-07-12,14.975963,480595427.0,-52415870.5
2011-07-13,15.000721,486845427.0,93754506.25
2011-07-14,14.886333,488845427.0,29772666.0
2011-07-15,14.849405,479645427.0,-136614526.0
2011-07-18,14.645332,483645427.0,58581328.0
2011-07-19,14.843672,451495427.0,-477224054.8
2011-07-20,15.002595,468745427.0,258794763.75
2011-07-21,15.373309,469595427.0,13067312.65
2011-07-22,15.332368,485295427.0,240718177.60000002
2011-07-25,15.203529,496695427.0,173320230.6
2011-07-26,15.177557,488195427.0,-129009234.5
2011-07-27,14.827108,484895427.0,-48929456.400000006
2011-07-28,14.834696,468945427.0,-236613401.2
2011-07-29,14.79674,462495427.0,-95438973.0
2011-08-01,14.747786,461795427.0,-10323450.2
2011-08-02,14.339385,464195427.0,34414524.0
2011-08-03,14.420346,463145427.0,-15141363.3
2011-08-04,13.676468,449795427.0,-182580847.8
2011-08-05,13.440883,443795427.0,-80645298.0
2011-08-08,12.102505,427945427.0,-191824704.25
2011-08-09,13.093517,396595427.0,-410481757.95
2011-08-10,12.165376,424545427.0,340022259.2
2011-08-11,12.925675,417345427.0,-93064860.0
2011-08-12,12.771654,424245427.0,88124412.6
2011-08-15,13.187273,401595427.0,-298691733.45
2011-08-16,12.934491,404545427.0,38156748.449999996
2011-08-17,13.012434,383795427.0,-270008005.5
2011-08-18,12.361851,386445427.0,32758905.15
2011-08-19,12.129017,363945427.0,-272902882.5
2011-08-22,11.975114,353145427.0,-129331231.2
2011-08-23,12.363005,356595427.0,42652367.25
2011-08-24,12.711281,360295427.0,47031739.699999996
2011-08-25,12.653522,385245427.0,315705373.90000004
2011-08-26,12.78106,386895427.0,21088749.0
2011-08-29,13.313497,384445427.0,-32618067.65
2011-08-30,13.219662,386145427.0,22473425.4
2011-08-31,13.382475,384095427.0,-27434073.75
2011-09-01,13.064742,385845427.0,22863298.5
2011-09-02,12.542501,374095427.0,-147374386.75
2011-09-06,12.321213,365045427.0,-111506977.65
2011-09-07,12.915425,353845427.0,-144652760.0
2011-09-08,12.621663,362695427.0,111701717.55
2011-09-09,12.225271,357345427.0,-65405199.849999994
2011-09-12,12.376396,355795427.0,-19183413.8
2011-09-13,12.45502,363245427.0,92789899.0
2011-09-14,12.607951,364745427.0,18911926.5
2011-09-15,12.931229,373245427.0,109915446.5
2011-09-16,12.907197,382745427.0,122618371.5
2011-09-19,12.554034,372045427.0,-134328163.79999998
2011-09-20,12.523121,357795427.0,-178454474.25
2011-09-21,11.906556,357795427.0,0.0
2011-09-22,11.551214,353495427.0,-49670220.2
2011-09-23,11.684671,339995427.0,-157743058.5
2011-09-26,12.198785,335045427.0,-60383985.75000001
2011-09-27,12.248577,348095427.0,159843929.85
2011-09-28,11.901026,356795427.0,103538926.2
2011-09-29,12.239042,364195427.0,90568910.8
2011-09-30,11.8104,365645427.0,17125080.0
2011-10-03,11.277102,364445427.0,-13532522.399999999
2011-10-04,11.747382,354545427.0,-116299081.8
2011-10-05,11.889601,347095427.0,-88577527.45
2011-10-06,12.272889,349045427.0,23932133.549999997
2011-10-07,11.824001,377795427.0,339940028.75
2011-10-10,12.429425,378595427.0,9943540.0
2011-10-11,12.421447,395045427.0,204332803.15
2011-10-12,12.752725,383195427.0,-151119791.25
2011-10-13,12.450375,403645427.0,254610168.75
2011-10-14,12.625614,374145427.0,-372455613.0
2011-10-17,12.206623,368495427.0,-68967419.95
2011-10-18,12.810813,370695427.0,28183788.599999998
2011-10-19,12.59233,396945427.0,330548662.5
2011-10-20,12.818465,383945427.0,-166640045.0
2011-10-21,13.120742,378345427.0,-73476155.2
2011-10-24,13.405804,390045427.0,156847906.8
2011-10-25,12.994342,407795427.0,230649570.5
2011-10-26,13.247109,406945427.0,-11260042.65
2011-10-27,14.063361,402895427.0,-56956612.050000004
2011-10-28,14.033566,443945427.0,576077884.3000001
2011-10-31,13.494032,430045427.0,-187567044.8
2011-11-01,12.8599,422495427.0,-97092245.0
2011-11-02,13.226394,401445427.0,-278415593.70000005
2011-11-03,13.473367,397045427.0,-59282814.8
2011-11-04,13.285962,400845427.0,50486655.6
2011-11-07,13.351434,402345427.0,20027151.0
2011-11-08,13.610625,391045427.0,-153800062.5
2011-11-09,12.873899,400295427.0,119083565.75
2011-11-10,12.945937,402445427.0,27833764.55
2011-11-11,13.232593,381495427.0,-277222823.34999996
2011-11-14,12.967817,388795427.0,94665064.1
2011-11-15,13.022359,404995427.0,210962215.79999998
2011-11-16,12.699918,403895427.0,-13969909.8
2011-11-17,12.435343,397095427.0,-84560332.39999999
2011-11-18,12.507703,376945427.0,-252030215.45
2011-11-21,12.192907,357745427.0,-234103814.4
2011-11-22,12.080934,346295427.0,-138326694.29999998
2011-11-23,11.733274,352895427.0,77439608.39999999
2011-11-25,11.785015,350995427.0,-22391528.5
2011-11-28,12.131802,352145427.0,13951572.3
2011-11-29,12.062473,354195427.0,24728069.650000002
2011-11-30,12.853679,348095427.0,-78407441.89999999
2011-12-01,12.73275,375245427.0,345694162.5
2011-12-02,12.904776,377845427.0,33552417.6
2011-12-05,13.17555,386295427.0,111333397.5
2011-12-06,13.164929,381495427.0,-63191659.2
2011-12-07,13.321991,392095427.0,141213104.6
2011-12-08,12.828766,412645427.0,263631141.3
2011-12-09,13.121427,408345427.0,-56422136.1
2011-12-12,12.784819,433645427.0,323455920.7
2011-12-13,12.599382,414495427.0,-241278165.3
2011-12-14,12.561871,400595427.0,-174610006.9
2011-12-15,12.5659,393745427.0,-86076415.0
2011-12-16,12.549639,396295427.0,32001579.450000003
2011-12-19,12.257669,371845427.0,-299700007.05
2011-12-20,12.726313,368845427.0,-38178939.0
2011-12-21,12.800656,412795427.0,562588831.2
2011-12-22,13.063947,397495427.0,-199878389.10000002
2011-12-23,13.159928,402995427.0,72379604.0
2011-12-27,13.071331,400395427.0,-33985460.6
2011-12-28,12.867795,411045427.0,137042016.75
2011-12-29,13.075116,409295427.0,-22881453.0
2011-12-30,12.994703,413495427.0,54577752.599999994
2012-01-03,13.352316,419445427.0,79446280.2
2012-01-04,13.293091,437395427.0,238610983.45000002
2012-01-05,13.477355,434845427.0,-34367255.25
2012-01-06,13.401139,442195427.0,98498371.65
2012-01-09,13.468363,445195427.0,40405089.0
2012-01-10,13.734572,427595427.0,-241728467.2
2012-01-11,13.868757,438745427.0,154636640.55
2012-01-12,13.928969,444195427.0,75912881.05
2012-01-13,13.817078,447895427.0,51123188.6
2012-01-17,13.709542,439845427.0,-110361813.10000001
2012-01-18,13.93782,434095427.0,-80142465.0
2012-01-19,14.058332,442595427.0,119495822.0
2012-01-20,14.155046,463295427.0,293009452.2
2012-01-23,14.194205,460545427.0,-39034063.75
2012-01-24,14.168038,476845427.0,230939019.39999998
2012-01-25,14.202689,476595427.0,-3550672.25
2012-01-26,14.07874,481695427.0,71801574.0
2012-01-27,14.129953,477345427.0,-61465295.550000004
2012-01-30,13.989515,475295427.0,-28678505.75
2012-01-31,14.047327,464395427.0,-153115864.29999998
2012-02-01,14.283815,473845427.0,134982051.75
2012-02-02,14.351381,480595427.0,96871821.75
2012-02-03,14.73528,485445427.0,71466108.0
2012-02-06,14.664705,507995427.0,330689097.75
2012-02-07,14.651648,493095427.0,-218309555.2
2012-02-08,14.765946,496195427.0,45774432.6
2012-02-09,14.708448,494795427.0,-20591827.2
2012-02-10,14.561251,482045427.0,-185655950.25
2012-02-13,14.703313,483045427.0,14703313.0
2012-02-14,14.548112,478745427.0,-62556881.6
2012-02-15,14.463868,456545427.0,-321097869.59999996
2012-02-16,14.695211,448795427.0,-113887885.25
2012-02-17,14.789259,461895427.0,193739292.9
2012-02-21,14.772646,449345427.0,-185396707.3
2012-02-22,14.584511,452745427.0,49587337.4
2012-02-23,14.72475,452795427.0,736237.5
2012-02-24,14.659489,444995427.0,-114344014.2
2012-02-27,14.785832,439345427.0,-83539950.8
2012-02-28,14.811662,439495427.0,2221749.3
2012-02-29,14.74397,432895427.0,-97310202.0
2012-03-01,14.928931,430695427.0,-32843648.2
2012-03-02,14.864301,441745427.0,164250526.04999998
2012-03-05,14.801889,441445427.0,-4440566.7
2012-03-06,14.438233,437545427.0,-56309108.7
2012-03-07,14.632757,413345427.0,-354112719.4
2012-03-08,14.7779,419745427.0,94578560.0
2012-03-09,14.893787,414295427.0,-81171139.14999999
2012-03-12,14.84918,423145427.0,131415243.0
2012-03-13,15.431437,432995427.0,151999654.45000002
2012-03-14,15.43552,460695427.0,427563904.0
2012-03-15,15.724598,460295427.0,-6289839.2
2012-03-16,15.720062,477245427.0,266455050.9
2012-03-19,15.814608,488245427.0,173960688.0
2012-03-20,15.871965,496995427.0,138879693.75
2012-03-21,15.804089,490945427.0,-95614738.45
2012-03-22,15.591763,478495427.0,-194117449.35
2012-03-23,15.727144,470395427.0,-127389866.39999999
2012-03-26,15.977599,476245427.0,93468954.14999999
2012-03-27,15.821142,493445427.0,272123642.4
2012-03-28,15.883646,491695427.0,-27796380.5
2012-03-29,15.71479,485395427.0,-99003177.0
2012-03-30,15.798138,468095427.0,-273307787.4
2012-04-02,15.92242,464895427.0,-50951744.0
2012-04-03,15.829242,475995427.0,175704586.20000002
2012-04-04,15.573704,465195427.0,-168196003.2
2012-04-05,15.540846,458945427.0,-97130287.5
2012-04-09,15.292453,459295427.0,5352358.55
2012-04-10,14.967732,458345427.0,-14219345.4
2012-04-11,15.204314,454845427.0,-53215099.0
2012-04-12,15.501548,454445427.0,-6200619.2
2012-04-13,15.113663,474945427.0,309830091.5
2012-04-16,15.250177,455445427.0,-297378451.5
2012-04-17,15.463144,454145427.0,-20102087.2
2012-04-18,15.334428,460195427.0,92773289.4
2012-04-19,15.266534,449895427.0,-157245300.2
2012-04-20,15.188138,440945427.0,-135933835.1
2012-04-23,15.071756,433095427.0,-118313284.60000001
2012-04-24,15.242712,435445427.0,35820373.199999996
2012-04-25,15.386488,450045427.0,224642724.8
2012-04-26,15.516264,451695427.0,25601835.599999998
2012-04-27,15.512546,448745427.0,-45762010.7
2012-04-30,15.423182,446845427.0,-29304045.8
2012-05-01,15.598793,439645427.0,-112311309.60000001
2012-05-02,15.459757,454395427.0,228031415.75
2012-05-03,15.330808,443545427.0,-166339266.79999998
2012-05-04,15.081279,432945427.0,-159861557.4
2012-05-07,15.1841,420245427.0,-192838070.0
2012-05-08,15.079991,442395427.0,334021800.65
2012-05-09,14.907992,427245427.0,-225856078.8
2012-05-10,14.991488,427395427.0,2248723.2
2012-05-11,14.812954,430695427.0,48882748.199999996
2012-05-14,14.506089,411245427.0,-282143431.05
2012-05-15,14.427446,387295427.0,-345537331.7
2012-05-16,14.220608,374745427.0,-178468630.4
2012-05-17,13.921827,357045427.0,-246416337.9
2012-05-18,13.778539,378145427.0,290727172.90000004
2012-05-21,13.912753,389745427.0,161387934.8
2012-05-22,14.009368,401395427.0,163209137.20000002
2012-05-23,14.064517,404845427.0,48522583.65
2012-05-24,14.078585,403545427.0,-18302160.5
2012-05-25,14.025079,395595427.0,-111499378.05
2012-05-29,14.222982,394345427.0,-17778727.5
2012-05-30,13.91276,407095427.0,177387690.0
2012-05-31,14.013802,394345427.0,-178675975.5
2012-06-01,13.495089,397095427.0,37111494.75
2012-06-04,13.365601,389245427.0,-104919967.85
2012-06-05,13.589378,402695427.0,182777134.1
2012-06-06,13.996091,408695427.0,83976546.0
2012-06-07,13.964445,419845427.0,155703561.75
2012-06-08,14.136311,409295427.0,-149138081.04999998
2012-06-11,13.867621,418295427.0,124808589.0
2012-06-12,14.097567,415595427.0,-38063430.9
2012-06-13,14.033544,411495427.0,-57537530.4
2012-06-14,14.210032,405145427.0,-90233703.2
2012-06-15,14.339867,419545427.0,206494084.8
2012-06-18,14.258261,425995427.0,91965783.44999999
2012-06-19,14.502499,426895427.0,13052249.1
2012-06-20,14.534537,436745427.0,143165189.45
2012-06-21,14.201642,434895427.0,-26273037.7
2012-06-22,14.329439,430495427.0,-63049531.6
2012-06-25,14.033283,439095427.0,120686233.80000001
2012-06-26,14.11332,433795427.0,-74800596.0
2012-06-27,14.291944,433245427.0,-7860569.2
2012-06-28,14.27209,435245427.0,28544180.0
2012-06-29,14.646474,421545427.0,-200656693.79999998
2012-07-02,14.726451,422645427.0,16199096.100000001
2012-07-03,14.803398,430395427.0,114726334.5
2012-07-05,14.585167,434095427.0,53965117.9
2012-07-06,14.477703,428895427.0,-75284055.6
2012-07-09,14.451468,431595427.0,39018963.6
2012-07-10,14.345763,420695427.0,-156368816.7
2012-07-11,14.463056,423445427.0,39773404.0
2012-07-12,14.317412,431345427.0,113107554.8
2012-07-13,14.714207,441545427.0,150084911.4
2012-07-16,14.668719,443995427.0,35938361.55
2012-07-17,14.78038,445545427.0,22909589.0
2012-07-18,14.695799,446145427.0,8817479.4
2012-07-19,14.591943,440945427.0,-75878103.60000001
2012-07-20,14.368664,436195427.0,-68251154.0
2012-07-23,14.258777,421445427.0,-210316960.75
2012-07-24,14.21224,416545427.0,-69639976.0
2012-07-25,14.261157,432995427.0,234596032.65
2012-07-26,14.487459,434495427.0,21731188.5
2012-07-27,14.776723,439195427.0,69450598.10000001
2012-07-30,14.726118,439545427.0,5154141.3
2012-07-31,14.670309,443045427.0,51346081.5
2012-08-01,14.60678,431845427.0,-163595936.0
2012-08-02,14.477407,420795427.0,-159975347.35
2012-08-03,14.848136,412245427.0,-126951562.8
2012-08-06,14.870976,412495427.0,3717744.0
2012-08-07,14.951489,423145427.0,159233357.85
2012-08-08,14.947232,428695427.0,82957137.6
2012-08-09,14.93718,428695427.0,0.0
2012-08-10,14.94697,428545427.0,-2242045.5
2012-08-13,14.947945,428945427.0,5979178.0
2012-08-14,14.939316,430645427.0,25396837.2
2012-08-15,14.990451,432345427.0,25483766.7
2012-08-16,15.090787,434995427.0,39990585.550000004
2012-08-17,15.133936,434995427.0,0.0
2012-08-20,15.176178,437395427.0,36422827.2
2012-08-21,15.212809,437395427.0,0.0
2012-08-22,15.189836,438045427.0,9873393.4
2012-08-23,15.041494,443345427.0,79719918.2
2012-08-24,15.134627,448595427.0,79456791.75
2012-08-27,15.123484,444945427.0,-55200716.6
2012-08-28,15.102177,444945427.0,0.0
2012-08-29,15.134458,446945427.0,30268916.0
2012-08-30,15.052952,447645427.0,10537066.4
2012-08-31,15.138881,451045427.0,51472195.4
2012-09-04,15.155149,457245427.0,93961923.8
2012-09-05,15.153689,459445427.0,33338115.8
2012-09-06,15.523148,456145427.0,-51226388.400000006
2012-09-07,15.689379,459195427.0,47852605.95
2012-09-10,15.549766,462445427.0,50536739.5
2012-09-11,15.678927,464145427.0,26654175.9
2012-09-12,15.753794,465495427.0,21267621.9
2012-09-13,16.158716,460645427.0,-78369772.6
2012-09-14,16.292214,476495427.0,258231591.9
2012-09-17,16.120421,499945427.0,378023872.45
2012-09-18,16.048278,506795427.0,109930704.3
2012-09-19,16.037561,522445427.0,250987829.65
2012-09-20,15.946814,502945427.0,-310962873.0
2012-09-21,15.834763,518045427.0,239104921.3
2012-09-24,15.834195,515545427.0,-39585487.5
2012-09-25,15.592164,518145427.0,40539626.4
2012-09-26,15.487312,513095427.0,-78210925.6
2012-09-27,15.649624,506095427.0,-109547368.0
2012-09-28,15.590436,511245427.0,80290745.4
2012-10-01,15.663387,508095427.0,-49339669.05
2012-10-02,15.70259,507395427.0,-10991813.0
2012-10-03,15.836092,505295427.0,-33255793.200000003
2012-10-04,16.068997,512595427.0,117303678.1
2012-10-05,16.074492,528245427.0,251565799.79999998
2012-10-08,16.054166,524945427.0,-52978747.8
2012-10-09,15.930795,523095427.0,-29471970.75
2012-10-10,15.942188,517995427.0,-81305158.8
2012-10-11,16.02458,521995427.0,64098320.0
2012-10-12,15.806221,524395427.0,37934930.4
2012-10-15,15.995701,516345427.0,-128765393.05
2012-10-16,16.100708,527395427.0,177912823.4
2012-10-17,16.29504,529045427.0,26886816.0
2012-10-18,16.322324,539695427.0,173832750.6
2012-10-19,16.113303,535045427.0,-74926858.94999999
2012-10-22,16.109265,528045427.0,-112764855.0
2012-10-23,15.846488,521745427.0,-99832874.4
2012-10-24,15.846704,519195427.0,-40409095.2
2012-10-25,15.886442,512745427.0,-102467550.9
2012-10-26,15.79218,518845427.0,96332298.0
2012-10-29,15.792109,517995427.0,-13423292.65
2012-10-30,15.792035,517995427.0,0.0
2012-10-31,15.889214,517995427.0,0.0
2012-11-01,16.099693,524945427.0,111892866.35
2012-11-02,15.990138,540795427.0,253443687.3
2012-11-05,15.966782,551645427.0,173239584.7
2012-11-06,16.159427,553895427.0,36358710.75
2012-11-07,15.608347,553895427.0,0.0
2012-11-08,15.476708,539295427.0,-225959936.8
2012-11-09,15.513247,534295427.0,-77566235.0
2012-11-12,15.520092,541695427.0,114848680.8
2012-11-13,15.415806,543445427.0,26977660.5
2012-11-14,15.142446,543995427.0,8328345.3
2012-11-15,15.185394,538145427.0,-88834554.9
2012-11-16,15.284014,531195427.0,-106223897.30000001
2012-11-19,15.569963,529945427.0,-19462453.75
2012-11-20,15.650529,537445427.0,117378967.5
2012-11-21,15.659172,521745427.0,-245849000.4
2012-11-23,15.851373,514895427.0,-108581905.05
2012-11-26,15.781074,516545427.0,26038772.1
2012-11-27,15.634009,514495427.0,-32049718.450000003
2012-11-28,15.710969,508895427.0,-87981426.4
2012-11-29,15.784437,517445427.0,134956936.35
2012-11-30,15.758454,516995427.0,-7091304.3
2012-12-03,15.700659,515795427.0,-18840790.8
2012-12-04,15.653946,523545427.0,121318081.5
2012-12-05,15.855646,524995427.0,22990686.7
2012-12-06,15.90508,526495427.0,23857620.0
2012-12-07,16.028381,531345427.0,77737647.85
2012-12-10,15.983035,535495427.0,66329595.25
2012-12-11,16.058348,515545427.0,-320364042.59999996
2012-12-12,16.14332,514545427.0,-16143320.0
2012-12-13,16.048979,513495427.0,-16851427.95
2012-12-14,16.00347,505745427.0,-124026892.5
2012-12-17,16.339329,502595427.0,-51468886.35
2012-12-18,16.575892,508245427.0,93653789.8
2012-12-19,16.465213,524845427.0,273322535.79999995
2012-12-20,16.694177,539095427.0,237892022.25
2012-12-21,16.39925,542895427.0,62317149.99999999
2012-12-24,16.381376,549845427.0,113850563.2
2012-12-26,16.35736,553695427.0,62975836.0
2012-12-27,16.305578,552195427.0,-24458367.0
2012-12-28,16.174467,557195427.0,80872335.0
2012-12-31,16.398517,563295427.0,100030953.69999999
2013-01-02,16.882431,569995427.0,113112287.7
2013-01-03,16.853652,568895427.0,-18539017.2
2013-01-04,17.065201,566295427.0,-44369522.599999994
2013-01-07,17.009542,573495427.0,122468702.39999999
2013-01-08,16.965766,578645427.0,87373694.89999999
2013-01-09,16.93238,582795427.0,70269377.0
2013-01-10,17.165379,595695427.0,221433389.10000002
2013-01-11,17.108362,611795427.0,275444628.2
2013-01-14,17.064578,623645427.0,202215249.3
2013-01-15,17.131751,623145427.0,-8565875.5
2013-01-16,17.152705,618245427.0,-84048254.5
2013-01-17,17.134279,605745427.0,-214178487.5
2013-01-18,17.159427,606095427.0,6005799.45
2013-01-22,17.313438,589695427.0,-283940383.20000005
2013-01-23,17.308225,596745427.0,122022986.25
2013-01-24,17.39256,594395427.0,-40872516.0
2013-01-25,17.473983,581645427.0,-222793283.25
2013-01-28,17.395955,580795427.0,-14786561.75
2013-01-29,17.469685,581595427.0,13975747.999999998
2013-01-30,17.402545,598195427.0,288882247.0
2013-01-31,17.374266,598145427.0,-868713.2999999999
2013-02-01,17.61765,604345427.0,109229430.0
2013-02-04,17.391587,612545427.0,142611013.4
2013-02-05,17.589567,603245427.0,-163582973.1
2013-02-06,17.619806,614945427.0,206151730.20000002
2013-02-07,17.552092,619295427.0,76351600.19999999
2013-02-08,17.614779,612445427.0,-120661236.14999999
2013-02-11,17.678955,612895427.0,7955529.749999999
2013-02-12,17.814698,607195427.0,-101543778.6
2013-02-13,17.775969,617145427.0,176870891.55
2013-02-14,17.8312,618395427.0,22289000.0
2013-02-15,17.77397,619345427.0,16885271.5
2013-02-19,17.926661,617145427.0,-39438654.199999996
2013-02-20,17.67046,626645427.0,167869370.0
2013-02-21,17.515806,623195427.0,-60429530.7
2013-02-22,17.732853,620995427.0,-39012276.599999994
2013-02-25,17.257314,627195427.0,106995346.80000001
2013-02-26,17.343298,613295427.0,-241071842.20000002
2013-02-27,17.625856,610245427.0,-53758860.8
2013-02-28,17.590064,616995427.0,118732932.00000001
2013-03-01,17.644478,607345427.0,-170269212.7
2013-03-04,17.794078,601845427.0,-97867429.0
2013-03-05,17.944531,603795427.0,34991835.45
2013-03-06,18.069451,598395427.0,-97575035.4
2013-03-07,18.188922,601445427.0,55476212.1
2013-03-08,18.250069,604445427.0,54750207.0
2013-03-11,18.389853,603895427.0,-10114419.149999999
2013-03-12,18.275153,612495427.0,157166315.79999998
2013-03-13,18.340077,620345427.0,143969604.45000002
2013-03-14,18.451516,619745427.0,-11070909.600000001
2013-03-15,18.438694,624345427.0,84817992.4
2013-03-18,18.263758,628295427.0,72141844.1
2013-03-19,18.167389,637845427.0,173498564.95
2013-03-20,18.274131,624495427.0,-243959648.85
2013-03-21,18.075918,628595427.0,74111263.80000001
2013-03-22,18.170341,634345427.0,104479460.75
2013-03-25,18.117426,638695427.0,78810803.1
2013-03-26,18.240135,644545427.0,106704789.74999999
2013-03-27,18.157073,640695427.0,-69904731.05
2013-03-28,18.199229,641645427.0,17289267.55
2013-04-01,18.112591,640145427.0,-27168886.499999996
2013-04-02,18.22648,635145427.0,-91132400.0
2013-04-03,17.920445,641495427.0,113794825.75
2013-04-04,18.082036,622495427.0,-343558684.0
2013-04-05,18.028463,629395427.0,124396394.69999999
2013-04-08,18.216565,607695427.0,-395299460.5
2013-04-09,18.288325,604595427.0,-56693807.5
2013-04-10,18.506384,610495427.0,109187665.60000001
2013-04-11,18.55979,623695427.0,244989228.0
2013-04-12,18.482735,630495427.0,125682598.00000001
2013-04-15,18.073723,624945427.0,-100309162.65
2013-04-16,18.364244,617245427.0,-141404678.79999998
2013-04-17,18.014118,620395427.0,56744471.7
2013-04-18,17.828636,609095427.0,-201463586.79999998
2013-04-19,18.079855,602995427.0,-110287115.49999999
2013-04-22,18.096351,600145427.0,-51574600.349999994
2013-04-23,18.421347,595445427.0,-86580330.9
2013-04-24,18.546941,602695427.0,134465322.25
2013-04-25,18.641732,611895427.0,171503934.4
2013-04-26,18.562082,617945427.0,112300596.1
2013-04-29,18.644613,620245427.0,42882609.9
2013-04-30,18.703018,624345427.0,76682373.8
2013-05-01,18.501013,622395427.0,-36076975.35
2013-05-02,18.654714,621295427.0,-20520185.4
2013-05-03,18.849187,626195427.0,92361016.3
2013-05-06,19.043676,629295427.0,59035395.6
2013-05-07,19.153911,634095427.0,91938772.8
2013-05-08,19.300687,640495427.0,123524396.8
2013-05-09,19.153164,650095427.0,183870374.4
2013-05-10,19.242137,656145427.0,116414928.85
2013-05-13,19.30865,650695427.0,-105232142.5
2013-05-14,19.637466,654945427.0,83459230.5
2013-05-15,19.827303,653045427.0,-37671875.7
2013-05-16,19.685118,657645427.0,90551542.8
2013-05-17,19.952675,656645427.0,-19952675.0
2013-05-20,19.990715,659645427.0,59972145.00000001
2013-05-21,20.041278,667545427.0,158326096.2
2013-05-22,19.830845,674995427.0,147739795.25
2013-05-23,19.703272,681395427.0,126100940.79999998
2013-05-24,19.730184,687645427.0,123313650.00000001
2013-05-28,19.931048,696695427.0,180375984.4
2013-05-29,19.938143,701745427.0,100687622.15
2013-05-30,20.1524,701395427.0,-7053340.0
2013-05-31,19.837142,702745427.0,26780141.7
2013-06-03,19.867995,711245427.0,168877957.5
2013-06-04,19.68886,699895427.0,-223468560.99999997
2013-06-05,19.35804,700945427.0,20325942.0
2013-06-06,19.639132,694195427.0,-132564141.0
2013-06-07,19.968938,701545427.0,146771694.3
2013-06-10,19.985466,706195427.0,92932416.89999999
2013-06-11,19.639027,713945427.0,152202459.25
2013-06-12,19.453464,710295427.0,-71005143.6
2013-06-13,19.804275,711345427.0,20794488.75
2013-06-14,19.557036,699145427.0,-238595839.2
2013-06-17,19.742948,695395427.0,-74036055.0
2013-06-18,19.865471,704095427.0,172829597.7
2013-06-19,19.589098,707095427.0,58767294.0
2013-06-20,19.169458,723495427.0,314379111.2
2013-06-21,19.119365,725445427.0,37282761.75
2013-06-24,18.774839,717195427.0,-154892421.75
2013-06-25,19.127546,719245427.0,39211469.3
2013-06-26,19.317362,724345427.0,98518546.2
2013-06-27,19.563062,740095427.0,308118226.5
2013-06-28,19.430002,743495427.0,66062006.800000004
2013-07-01,19.524595,749645427.0,120076259.25000001
2013-07-02,19.545259,753945427.0,84044613.7
2013-07-03,19.478339,765695427.0,228870483.24999997
2013-07-05,19.820231,755645427.0,-199193321.55
2013-07-08,19.970572,762645427.0,139794004.0
2013-07-09,20.138211,764095427.0,29200405.95
2013-07-10,20.012742,788745427.0,493314090.3
2013-07-11,20.197461,782545427.0,-125224258.2
2013-07-12,20.357443,788995427.0,131305507.35
2013-07-15,20.434111,788945427.0,-1021705.55
2013-07-16,20.35356,791195427.0,45795510.0
2013-07-17,20.446614,792495427.0,26580598.2
2013-07-18,20.720241,799895427.0,153329783.4
2013-07-19,20.72372,803895427.0,82894880.0
2013-07-22,20.865718,803495427.0,-8346287.2
2013-07-23,20.81307,807045427.0,73886398.5
2013-07-24,20.637503,816095427.0,186769402.14999998
2013-07-25,20.657873,826395427.0,212776091.89999998
2013-07-26,20.633502,822645427.0,-77375632.5
2013-07-29,20.479882,821445427.0,-24575858.4
2013-07-30,20.461711,818745427.0,-55246619.7
2013-07-31,20.473383,817245427.0,-30710074.499999996
2013-08-01,20.818906,814495427.0,-57251991.49999999
2013-08-02,20.815092,807195427.0,-151950171.6
2013-08-05,20.766719,810945427.0,77875196.25
2013-08-06,20.589532,808145427.0,-57650689.599999994
2013-08-07,20.440713,801995427.0,-125710384.94999999
2013-08-08,20.490674,792245427.0,-199784071.5
2013-08-09,20.433478,779895427.0,-252353453.3
2013-08-12,20.339404,778645427.0,-25424254.999999996
2013-08-13,20.426168,774195427.0,-90896447.60000001
2013-08-14,20.354993,781195427.0,142484951.0
2013-08-15,20.060031,776995427.0,-84252130.19999999
2013-08-16,20.026344,769195427.0,-156205483.20000002
2013-08-19,19.762217,764495427.0,-92882419.9
2013-08-20,19.936961,752995427.0,-229275051.5
2013-08-21,19.811914,754345427.0,26746083.900000002
2013-08-22,20.033692,760795427.0,129217313.39999999
2013-08-23,20.052518,763295427.0,50131295.0
2013-08-26,19.937161,765845427.0,50839760.55
2013-08-27,19.454144,775145427.0,180923539.2
2013-08-28,19.48145,758395427.0,-326314287.5
2013-08-29,19.539162,762045427.0,71317941.3
2013-08-30,19.445913,765695427.0,70977582.45
2013-09-03,19.611626,761795427.0,-76485341.4
2013-09-04,19.761533,758845427.0,-58296522.35
2013-09-05,19.805056,763495427.0,92093510.4
2013-09-06,19.801315,761895427.0,-31682104.0
2013-09-09,20.026798,758095427.0,-76101832.39999999
2013-09-10,20.264637,763645427.0,112468735.35000001
2013-09-11,20.296775,766245427.0,52771615.0
2013-09-12,20.151616,768145427.0,38288070.4
2013-09-13,20.189625,767495427.0,-13123256.25
2013-09-16,20.411778,768195427.0,14288244.600000001
2013-09-17,20.503325,774495427.0,129170947.5
2013-09-18,20.706458,782045427.0,156333757.9
2013-09-19,20.610127,782645427.0,12366076.2
2013-09-20,20.433239,774295427.0,-170617545.65
2013-09-23,20.136672,779645427.0,107731195.2
2013-09-24,20.006752,768195427.0,-229077310.39999998
2013-09-25,20.114201,758245427.0,-200136299.95000002
2013-09-26,20.130685,756645427.0,-32209096.0
2013-09-27,20.052321,754045427.0,-52136034.6
2013-09-30,19.905086,738945427.0,-300566798.6
2013-10-01,20.04909,733195427.0,-115282267.5
2013-10-02,20.045315,731595427.0,-32072503.999999996
2013-10-03,19.88536,730795427.0,-15908287.999999998
2013-10-04,20.058933,715045427.0,-315928194.75
2013-10-07,19.819097,712495427.0,-50538697.35
2013-10-08,19.561024,709795427.0,-52814764.8
2013-10-09,19.629051,694595427.0,-298361575.2
2013-10-10,20.202312,703595427.0,181820808.0
2013-10-11,20.31885,715195427.0,235698660.0
2013-10-14,20.408906,719595427.0,89799186.4
2013-10-15,20.254926,724345427.0,96210898.5
2013-10-16,20.690015,725095427.0,15517511.25
2013-10-17,20.873596,738995427.0,290142984.4
2013-10-18,20.924598,744395427.0,112992829.2
2013-10-21,20.885544,746795427.0,50125305.6
2013-10-22,20.917612,741895427.0,-102496298.8
2013-10-23,20.740847,744145427.0,46666905.75
2013-10-24,20.766436,742495427.0,-34264619.4
2013-10-25,20.853016,745045427.0,53175190.8
2013-10-28,20.809596,748895427.0,80116944.6
2013-10-29,20.876375,749045427.0,3131456.25
2013-10-30,20.784481,750195427.0,23902153.15
2013-10-31,20.552152,746645427.0,-72960139.6
2013-11-01,20.605508,728545427.0,-372959694.8
2013-11-04,20.624255,722245427.0,-129932806.50000001
2013-11-05,20.530142,719345427.0,-59537411.800000004
2013-11-06,20.614684,713895427.0,-112350027.8
2013-11-07,20.384128,708995427.0,-99882227.2
2013-11-08,20.847975,705895427.0,-64628722.50000001
2013-11-11,20.868097,715895427.0,208680970.0
2013-11-12,20.674755,712845427.0,-63058002.75
2013-11-13,20.847383,714345427.0,31271074.5
2013-11-14,21.023472,717345427.0,63070416.00000001
2013-11-15,21.128747,721895427.0,96135798.85000001
2013-11-18,21.118391,724895427.0,63355173.0
2013-11-19,21.155825,722295427.0,-55005145.0
2013-11-20,21.08108,728645427.0,133864858.0
2013-11-21,21.385977,731945427.0,70573724.10000001
2013-11-22,21.488566,741045427.0,195545950.6
2013-11-25,21.507114,743945427.0,62370630.6
2013-11-26,21.494526,744995427.0,22569252.3
2013-11-27,21.568502,755795427.0,232939821.6
2013-11-29,21.485747,754495427.0,-27931471.1
2013-12-02,21.440659,751945427.0,-54673680.45
2013-12-03,21.245165,749945427.0,-42490330.0
2013-12-04,21.294903,747845427.0,-44719296.300000004
2013-12-05,21.102099,749795427.0,41149093.05
2013-12-06,21.399071,748395427.0,-29958699.4
2013-12-09,21.478297,743695427.0,-100947995.9
2013-12-10,21.409756,745395427.0,36396585.2
2013-12-11,21.1041,748395427.0,63312300.0
2013-12-12,21.106552,749895427.0,31659828.0
2013-12-13,21.133951,750945427.0,22190648.55
2013-12-16,21.251322,753345427.0,51003172.8
2013-12-17,21.125993,752995427.0,-7394097.550000001
2013-12-18,21.621752,758295427.0,114595285.60000001
2013-12-19,21.589369,750045427.0,-178112294.25
2013-12-20,21.586948,760695427.0,229900996.2
2013-12-23,21.71349,758845427.0,-40169956.5
2013-12-24,21.760609,752695427.0,-133827745.35
2013-12-26,21.795482,752395427.0,-6538644.6
2013-12-27,21.785069,781145427.0,626320733.75
2013-12-30,21.758766,781145427.0,0.0
2013-12-31,21.845796,782345427.0,26214955.2
2014-01-02,21.738042,782945427.0,13042825.2
2014-01-03,21.87742,784895427.0,42660969.0
2014-01-06,21.908958,784045427.0,-18622614.299999997
2014-01-07,21.918477,778795427.0,-115072004.25
2014-01-08,21.993706,773945427.0,-106669474.1
2014-01-09,22.066329,780245427.0,139017872.7
2014-01-10,22.036906,781295427.0,23138751.299999997
2014-01-13,21.714183,777595427.0,-80342477.1
2014-01-14,21.883672,777195427.0,-8753468.8
2014-01-15,22.143174,777195427.0,0.0
2014-01-16,22.006908,788095427.0,239875297.2
2014-01-17,21.92868,789695427.0,35085888.0
2014-01-21,21.945882,795845427.0,134967174.3
2014-01-22,21.968445,795195427.0,-14279489.25
2014-01-23,21.602089,792995427.0,-47524595.8
2014-01-24,21.107676,780445427.0,-264901333.8
2014-01-27,20.979105,768395427.0,-252798215.25
2014-01-28,21.241948,759195427.0,-195425921.6
2014-01-29,21.020049,758295427.0,-18918044.1
2014-01-30,21.297153,759795427.0,31945729.500000004
2014-01-31,21.05409,756295427.0,-73689315.0
2014-02-03,20.533218,755245427.0,-21559878.900000002
2014-02-04,20.731158,751745427.0,-72559053.0
2014-02-05,20.716661,758445427.0,138801628.7
2014-02-06,21.028297,759445427.0,21028297.0
2014-02-07,21.292849,758795427.0,-13840351.85
2014-02-10,21.319155,761395427.0,55429802.99999999
2014-02-11,21.527756,769045427.0,164687333.4
2014-02-12,21.52344,770895427.0,39818364.0
2014-02-13,21.604263,776145427.0,113422380.75
2014-02-14,21.63587,778695427.0,55171468.5
2014-02-18,21.672459,780995427.0,49846655.7
2014-02-19,21.393143,788245427.0,155100286.75
2014-02-20,21.445914,777795427.0,-224109801.29999998
2014-02-21,21.454758,778745427.0,20382020.1
2014-02-24,21.634232,781345427.0,56249003.2
2014-02-25,21.500561,779245427.0,-45151178.1
2014-02-26,21.476357,786695427.0,159998859.65
2014-02-27,21.59596,788695427.0,43191920.0
2014-02-28,21.709339,791845427.0,68384417.85
2014-03-03,21.519384,797995427.0,132344211.6
2014-03-04,21.947251,794295427.0,-81204828.7
2014-03-05,22.106865,798395427.0,90638146.5
2014-03-06,22.260511,812545427.0,314986230.65000004
2014-03-07,22.372368,824495427.0,267349797.60000002
2014-03-10,22.382581,837695427.0,295450069.2
2014-03-11,22.21905,839045427.0,29995717.5
2014-03-12,22.197252,833545427.0,-122084886.0
2014-03-13,21.941174,827845427.0,-125064691.8
2014-03-14,21.817397,814795427.0,-284717030.85
2014-03-17,22.044429,814795427.0,0.0
2014-03-18,22.151674,814545427.0,-5537918.5
2014-03-19,22.119857,814995427.0,9953935.65
2014-03-20,22.485019,818545427.0,79821817.45
2014-03-21,22.405094,845945427.0,613899575.5999999
2014-03-24,22.354528,855545427.0,214603468.79999998
2014-03-25,22.356242,860395427.0,108427773.7
2014-03-26,22.147194,859295427.0,-24361913.4
2014-03-27,22.02674,851345427.0,-175112583.0
2014-03-28,22.113923,840345427.0,-243253153.0
2014-03-31,22.323124,837395427.0,-65853215.8
2014-04-01,22.409491,835395427.0,-44818982.0
2014-04-02,22.449809,835645427.0,5612452.25
2014-04-03,22.424777,836495427.0,19061060.45
2014-04-04,22.166485,837245427.0,16624863.750000002
2014-04-07,21.837254,833945427.0,-72062938.2
2014-04-08,21.867444,827795427.0,-134484780.6
2014-04-09,22.054685,823245427.0,-100348816.75
2014-04-10,21.53588,825345427.0,45225348.0
2014-04-11,21.287279,810595427.0,-313987365.25
2014-04-14,21.45571,808845427.0,-37547492.5
2014-04-15,21.64553,808745427.0,-2164553.0
2014-04-16,21.83161,819595427.0,236872968.5
2014-04-17,21.849734,822045427.0,53531848.300000004
2014-04-18,21.849734,821745427.0,-6554920.2
2014-04-21,21.841435,821745427.0,0.0
2014-04-22,21.992234,820895427.0,-18693398.9
2014-04-23,22.046237,832595427.0,257940972.9
2014-04-24,22.027975,836145427.0,78199311.25
2014-04-25,21.84219,840595427.0,97197745.5
2014-04-28,21.722197,839995427.0,-13033318.200000001
2014-04-29,21.928135,836845427.0,-69073625.25
2014-04-30,21.978268,837445427.0,13186960.8
2014-05-01,21.992685,832895427.0,-100066716.75
2014-05-02,21.992553,832195427.0,-15394787.100000001
2014-05-05,21.900012,826995427.0,-113880062.4
2014-05-06,21.59535,829795427.0,60466980.0
2014-05-07,21.890466,813495427.0,-356814595.8
2014-05-08,21.949979,811845427.0,-36217465.35
2014-05-09,21.927393,811345427.0,-10963696.5
2014-05-12,22.15421,813545427.0,48739262.0
2014-05-13,22.127818,813545427.0,0.0
2014-05-14,21.963284,810295427.0,-71380673.0
2014-05-15,21.721533,808645427.0,-35840529.45
2014-05-16,21.747196,802195427.0,-140269414.2
2014-05-19,21.868979,799795427.0,-52485549.6
2014-05-20,21.721728,803695427.0,84714739.19999999
2014-05-21,21.889397,797845427.0,-128052972.44999999
2014-05-22,21.972472,794595427.0,-71410534.0
2014-05-23,22.026239,790845427.0,-82598396.25
2014-05-27,22.241225,790345427.0,-11120612.5
2014-05-28,22.190492,795045427.0,104295312.39999999
2014-05-29,22.242889,805345427.0,229101756.70000002
2014-05-30,22.290528,804795427.0,-12259790.399999999
2014-06-02,22.350651,809195427.0,98342864.39999999
2014-06-03,22.372889,813595427.0,98440711.60000001
2014-06-04,22.44672,818645427.0,113355936.0
2014-06-05,22.656621,820895427.0,50977397.25
2014-06-06,22.81378,824095427.0,73004096.0
2014-06-09,22.896647,828245427.0,95021085.05000001
2014-06-10,22.887057,830045427.0,41196702.599999994
2014-06-11,22.737087,834145427.0,93222056.7
2014-06-12,22.60717,836495427.0,53126849.5
2014-06-13,22.610539,836345427.0,-3391580.85
2014-06-16,22.513914,838195427.0,41650740.9
2014-06-17,22.723356,838845427.0,14770181.399999999
2014-06-18,22.871509,842045427.0,73188828.8
2014-06-19,22.837568,837195427.0,-110762204.80000001
2014-06-20,22.821796,834495427.0,-61618849.199999996
2014-06-23,22.883511,832395427.0,-48055373.099999994
2014-06-24,22.722441,832195427.0,-4544488.2
2014-06-25,22.747969,830395427.0,-40946344.2
2014-06-26,22.680429,828195427.0,-49896943.8
2014-06-27,22.734145,820995427.0,-163685844.0
2014-06-30,22.736219,819745427.0,-28420273.749999996
2014-07-01,22.877855,811395427.0,-191030089.25
2014-07-02,22.87195,807145427.0,-97205787.49999999
2014-07-03,23.046868,807145427.0,0.0
2014-07-07,22.931187,810545427.0,77966035.80000001
2014-07-08,22.735161,808595427.0,-44333563.95
2014-07-09,22.797444,808245427.0,-7979105.399999999
2014-07-10,22.655706,804795427.0,-78162185.69999999
2014-07-11,22.686787,804195427.0,-13612072.2
2014-07-14,22.824299,802395427.0,-41083738.2
2014-07-15,22.973801,803645427.0,28717251.250000004
2014-07-16,22.947623,807045427.0,78021918.2
2014-07-17,22.660646,809045427.0,45321292.0
2014-07-18,22.902968,806295427.0,-62983162.0
2014-07-21,22.851515,806295427.0,0.0
2014-07-22,22.927655,804595427.0,-38977013.5
2014-07-23,22.969776,804595427.0,0.0
2014-07-24,23.028503,800945427.0,-84054035.95
2014-07-25,22.90056,799495427.0,-33205811.999999996
2014-07-28,22.911324,790895427.0,-197037386.4
2014-07-29,22.772535,792545427.0,37574682.75
2014-07-30,22.872675,789295427.0,-74336193.75
2014-07-31,22.406689,791995427.0,60498060.3
2014-08-01,22.210539,778445427.0,-300952803.45
2014-08-04,22.387486,773595427.0,-108579307.1
2014-08-05,22.166984,770845427.0,-60959206.0
2014-08-06,22.266793,769145427.0,-37853548.1
2014-08-07,22.155556,771195427.0,45418889.800000004
2014-08-08,22.375697,768195427.0,-67127091.0
2014-08-11,22.409141,749345427.0,-422412307.85
2014-08-12,22.438732,760195427.0,243460242.20000002
2014-08-13,22.562425,760495427.0,6768727.5
2014-08-14,22.684279,763145427.0,60113339.35
2014-08-15,22.589123,765195427.0,46307702.15
2014-08-18,22.834321,758295427.0,-157556814.9
2014-08-19,22.868627,762995427.0,107482546.9
2014-08-20,22.936474,769795427.0,155968023.20000002
2014-08-21,23.191744,768495427.0,-30149267.2
2014-08-22,23.112702,777645427.0,211481223.29999998
2014-08-25,23.303049,778795427.0,26798506.35
2014-08-26,23.36455,786945427.0,190421082.5
2014-08-27,23.331887,789845427.0,67662472.3
2014-08-28,23.235767,791245427.0,32530073.799999997
2014-08-29,23.357699,792345427.0,25693468.9
2014-09-02,23.441909,802845427.0,246140044.5
2014-09-03,23.417213,801645427.0,-28100655.6
2014-09-04,23.422875,803845427.0,51530325.0
2014-09-05,23.464301,805645427.0,42235741.8
2014-09-08,23.465074,808445427.0,65702207.2
2014-09-09,23.233419,808995427.0,12778380.450000001
2014-09-10,23.333601,800545427.0,-197168928.45000002
2014-09-11,23.409841,800545427.0,0.0
2014-09-12,23.381491,799395427.0,-26888714.650000002
2014-09-15,23.388805,800195427.0,18711044.0
2014-09-16,23.472231,799645427.0,-12909727.05
2014-09-17,23.5787,801845427.0,51873140.0
2014-09-18,23.827094,805695427.0,91734311.89999999
2014-09-19,23.644285,821595427.0,375944131.5
2014-09-22,23.48114,824145427.0,59876907.0
2014-09-23,23.320571,825745427.0,37312913.6
2014-09-24,23.458227,824945427.0,-18766581.6
2014-09-25,23.072808,824295427.0,-14997325.2
2014-09-26,23.296534,811695427.0,-293536328.40000004
2014-09-29,23.206996,799395427.0,-285446050.8
2014-09-30,23.166629,805695427.0,145949762.7
2014-10-01,22.897919,803095427.0,-59534589.400000006
2014-10-02,22.950461,795745427.0,-168685888.35
2014-10-03,23.282336,804445427.0,202556323.20000002
2014-10-06,23.246914,809995427.0,129020372.7
2014-10-07,22.821757,430695427.0,-8656292430.1
2014-10-08,23.235539,811745427.0,8853902135.949999
2014-10-09,22.758072,812095427.0,7965325.199999999
2014-10-10,22.575736,805995427.0,-137711989.6
2014-10-13,22.377055,794945427.0,-247266457.74999997
2014-10-14,22.483688,796045427.0,24732056.8
2014-10-15,22.036627,800295427.0,93655664.75
2014-10-16,22.034166,785695427.0,-321698823.59999996
2014-10-17,22.320318,797445427.0,262263736.5
2014-10-20,22.454918,796945427.0,-11227459.0
2014-10-21,22.874031,785695427.0,-257332848.74999997
2014-10-22,22.670529,793295427.0,172296020.39999998
2014-10-23,22.89138,795895427.0,59517588.00000001
2014-10-24,23.099161,757945427.0,-876613159.9499999
2014-10-27,23.13145,758545427.0,13878870.0
2014-10-28,23.392627,766195427.0,178953596.55
2014-10-29,23.440701,763795427.0,-56257682.4
2014-10-30,23.556963,767995427.0,98939244.6
2014-10-31,23.848747,775245427.0,172903415.75
2014-11-03,23.923219,772045427.0,-76554300.8
2014-11-04,23.947205,765945427.0,-146077950.5
2014-11-05,24.115287,764895427.0,-25321051.349999998
2014-11-06,24.140107,765395427.0,12070053.5
2014-11-07,24.153209,761145427.0,-102651138.25
2014-11-10,24.27335,756695427.0,-108016407.5
2014-11-11,24.218177,755345427.0,-32694538.95
2014-11-12,24.161883,754495427.0,-20537600.55
2014-11-13,24.149556,755295427.0,19319644.8
2014-11-14,24.065584,756795427.0,36098376.0
2014-11-17,24.071476,755995427.0,-19257180.8
2014-11-18,24.130761,757845427.0,44641907.85
2014-11-19,24.087007,758945427.0,26495707.7
2014-11-20,24.100035,758945427.0,0.0
2014-11-21,24.231886,758595427.0,-8481160.1
2014-11-24,24.377676,762995427.0,107261774.4
2014-11-25,24.332481,777995427.0,364987215.0
2014-11-26,24.381229,785445427.0,181640156.05
2014-11-28,24.395251,784945427.0,-12197625.5
2014-12-01,24.222207,784445427.0,-12111103.5
2014-12-02,24.459509,784445427.0,0.0
2014-12-03,24.567401,785845427.0,34394361.4
2014-12-04,24.592789,785845427.0,0.0
2014-12-05,24.834497,786995427.0,28559671.549999997
2014-12-08,24.932111,791695427.0,117180921.69999999
2014-12-09,24.871084,802745427.0,274825478.2
2014-12-10,24.53819,807395427.0,114102583.5
2014-12-11,24.622131,814795427.0,182203769.4
2014-12-12,24.121204,813645427.0,-27739384.599999998
2014-12-15,23.920972,847795427.0,816901193.8
2014-12-16,23.682748,850045427.0,53286183.0
2014-12-17,24.223478,847245427.0,-67825738.4
2014-12-18,24.810968,847245427.0,0.0
2014-12-19,24.691004,852495427.0,129627771.0
2014-12-22,24.842216,851395427.0,-27326437.6
2014-12-23,24.987733,853995427.0,64968105.8
2014-12-24,24.943657,857945427.0,98527445.15
2014-12-26,24.942543,853695427.0,-106005807.75
2014-12-29,25.039083,856045427.0,58841845.050000004
2014-12-30,25.009572,858095427.0,51269622.599999994
2014-12-31,24.707092,859745427.0,40766701.8
2015-01-02,24.726,859545427.0,-4945200.0
2015-01-05,24.209664,857845427.0,-41156428.8
2015-01-06,23.840578,854945427.0,-69137676.2
2015-01-07,24.104661,848345427.0,-159090762.6
2015-01-08,24.458864,847495427.0,-20790034.4
2015-01-09,24.132579,850195427.0,65157963.3
2015-01-12,23.928388,847745427.0,-58624550.6
2015-01-13,23.849858,843145427.0,-109709346.80000001
2015-01-14,23.512587,842495427.0,-15283181.55
2015-01-15,23.213199,827195427.0,-355161944.7
2015-01-16,23.490065,823195427.0,-93960260.0
2015-01-20,23.400803,813945427.0,-216457427.75
2015-01-21,23.445647,815445427.0,35168470.5
2015-01-22,24.019672,807595427.0,-188554425.2
2015-01-23,23.77709,789145427.0,-438687310.5
2015-01-26,23.889314,790045427.0,21500382.599999998
2015-01-27,23.62866,786395427.0,-86244609.0
2015-01-28,23.16786,785495427.0,-20851074.0
2015-01-29,23.381754,771045427.0,-337866345.3
2015-01-30,23.004588,770595427.0,-10352064.6
2015-02-02,23.379268,772145427.0,36237865.4
2015-02-03,23.773926,768445427.0,-87963526.2
2015-02-04,23.718792,773445427.0,118593960.0
2015-02-05,23.959631,774295427.0,20365686.35
2015-02-06,24.136104,771495427.0,-67581091.2
2015-02-09,24.03704,782145427.0,255994476.0
2015-02-10,24.209615,778095427.0,-98048940.75
2015-02-11,24.202665,773595427.0,-108911992.5
2015-02-12,24.45767,771095427.0,-61144175.0
2015-02-13,24.433029,763745427.0,-179582763.15
2015-02-17,24.530014,768995427.0,128782573.5
2015-02-18,24.371912,768695427.0,-7311573.6
2015-02-19,24.264478,763345427.0,-129814957.3
2015-02-20,24.461852,763145427.0,-4892370.4
2015-02-23,24.375474,761245427.0,-46313400.6
2015-02-24,24.498461,758045427.0,-78395075.2
2015-02-25,24.513377,759095427.0,25739045.849999998
2015-02-26,24.44467,764845427.0,140556852.5
2015-02-27,24.344965,764895427.0,1217248.25
2015-03-02,24.543322,761045427.0,-94491789.7
2015-03-03,24.480474,765295427.0,104042014.5
2015-03-04,24.304214,764745427.0,-13367317.700000001
2015-03-05,24.40716,764795427.0,1220358.0
2015-03-06,24.225899,762545427.0,-54508272.74999999
2015-03-09,24.333788,771545427.0,219004092.0
2015-03-10,23.821185,771495427.0,-1191059.25
2015-03-11,23.972632,768995427.0,-59931580.0
2015-03-12,24.497707,767795427.0,-29397248.4
2015-03-13,24.330305,769945427.0,52310155.75
2015-03-16,24.618251,763995427.0,-146478593.45000002
2015-03-17,24.56739,760995427.0,-73702170.0
2015-03-18,24.699699,760845427.0,-3704954.8499999996
2015-03-19,24.461001,749095427.0,-287416761.75
2015-03-20,24.681437,745945427.0,-77746526.55
2015-03-23,24.573665,742995427.0,-72492311.75
2015-03-24,24.362184,741695427.0,-31670839.2
2015-03-25,23.999459,744645427.0,70798404.05000001
2015-03-26,23.961882,745195427.0,13179035.1
2015-03-27,23.943453,745145427.0,-1197172.6500000001
2015-03-30,24.269536,738595427.0,-158965460.79999998
2015-03-31,24.104717,748545427.0,239841934.15
2015-04-01,24.073603,747795427.0,-18055202.25
2015-04-02,24.212548,747145427.0,-15738156.200000001
2015-04-06,24.234354,745045427.0,-50892143.4
2015-04-07,24.12871,746145427.0,26541581.0
2015-04-08,24.213834,740845427.0,-128333320.19999999
2015-04-09,24.245178,744245427.0,82433605.2
2015-04-10,24.245167,743845427.0,-9698066.799999999
2015-04-13,24.315646,741145427.0,-65652244.2
2015-04-14,24.323126,741395427.0,6080781.5
2015-04-15,24.4291,735795427.0,-136802960.0
2015-04-16,24.455172,722795427.0,-317917236.0
2015-04-17,24.128401,722795427.0,0.0
2015-04-20,24.247465,718695427.0,-99414606.5
2015-04-21,24.11559,713945427.0,-114549052.5
2015-04-22,24.284198,712095427.0,-44925766.3
2015-04-23,24.310017,712145427.0,1215500.8499999999
2015-04-24,24.247925,712145427.0,0.0
2015-04-27,24.171821,713345427.0,29006185.200000003
2015-04-28,24.317467,712695427.0,-15806353.55
2015-04-29,24.322873,710495427.0,-53510320.6
2015-04-30,24.145235,711545427.0,25352496.75
2015-05-01,24.336865,717895427.0,154539092.75
2015-05-04,24.573892,717095427.0,-19659113.6
2015-05-05,24.369908,720345427.0,79202201.0
2015-05-06,24.240333,723795427.0,83629148.85
2015-05-07,24.408918,726295427.0,61022295.0
2015-05-08,24.751253,722245427.0,-100242574.64999999
2015-05-11,24.665749,720445427.0,-44398348.2
2015-05-12,24.575284,727145427.0,164654402.8
2015-05-13,24.590319,717395427.0,-239755610.25
2015-05-14,24.809405,719595427.0,54580691.00000001
2015-05-15,24.701668,715195427.0,-108687339.2
2015-05-18,24.841472,711345427.0,-95639667.2
2015-05-19,25.000844,711345427.0,0.0
2015-05-20,24.910302,717845427.0,161916963.0
2015-05-21,24.853871,721645427.0,94444709.80000001
2015-05-22,24.832639,722045427.0,9933055.6
2015-05-26,24.610167,722895427.0,20918641.95
2015-05-27,24.836545,722295427.0,-14901927.0
2015-05-28,24.815495,733795427.0,285378192.5
2015-05-29,24.584394,736345427.0,62690204.699999996
2015-06-01,24.630402,734995427.0,-33251042.7
2015-06-02,24.669853,734395427.0,-14801911.8
2015-06-03,24.840395,735395427.0,24840395.0
2015-06-04,24.644673,740945427.0,136777935.15
2015-06-05,24.78434,743195427.0,55764765.0
2015-06-08,24.635275,752945427.0,240193931.25
2015-06-09,24.71395,755295427.0,58077782.5
2015-06-10,25.068357,756545427.0,31335446.25
2015-06-11,25.138645,774245427.0,444954016.5
2015-06-12,25.041605,780195427.0,148997549.75
2015-06-15,24.936747,788545427.0,208221837.45000002
2015-06-16,25.068046,786845427.0,-42615678.199999996
2015-06-17,25.038001,783495427.0,-83877303.35000001
2015-06-18,25.266201,774495427.0,-227395809.0
2015-06-19,24.911944,775295427.0,19929555.2
2015-06-22,25.108348,766595427.0,-218442627.6
2015-06-23,25.18177,762245427.0,-109540699.5
2015-06-24,24.963042,765145427.0,72392821.8
2015-06-25,24.792392,776295427.0,276435170.8
2015-06-26,24.902939,774395427.0,-47315584.1
2015-06-29,24.297741,775095427.0,17008418.7
2015-06-30,24.400888,771895427.0,-78082841.6
2015-07-01,24.724857,769445427.0,-60575899.65
2015-07-02,24.634661,811245427.0,1029728829.8000001
2015-07-06,24.549221,830595427.0,475027426.34999996
2015-07-07,24.581437,856595427.0,639117362.0
2015-07-08,24.151984,852945427.0,-88154741.6
2015-07-09,24.336693,857695427.0,115599291.75
2015-07-10,24.630661,861645427.0,97291110.95
2015-07-13,24.913779,862095427.0,11211200.55
2015-07-14,25.010967,828145427.0,-849122329.65
2015-07-15,25.194574,791795427.0,-915822764.9
2015-07-16,25.441532,804445427.0,321835379.8
2015-07-17,25.384797,812095427.0,194193697.04999998
2015-07-20,25.425677,806895427.0,-132213520.4
2015-07-21,25.397906,817595427.0,271757594.2
2015-07-22,25.575726,818495427.0,23018153.4
2015-07-23,25.369351,819595427.0,27906286.1
2015-07-24,25.128371,819145427.0,-11307766.950000001
2015-07-27,24.943825,817045427.0,-52382032.5
2015-07-28,25.066471,817595427.0,13786559.05
2015-07-29,25.265851,813095427.0,-113696329.5
2015-07-30,25.287304,808945427.0,-104942311.6
2015-07-31,25.168733,809845427.0,22651859.7
2015-08-03,25.178952,810645427.0,20143161.599999998
2015-08-04,25.146872,806195427.0,-111903580.39999999
2015-08-05,25.225856,806445427.0,6306464.0
2015-08-06,25.149038,807195427.0,18861778.5
2015-08-07,25.162285,806095427.0,-27678513.5
2015-08-10,25.43164,805045427.0,-26703222.0
2015-08-11,25.18981,802695427.0,-59196053.5
2015-08-12,24.989843,808595427.0,147440073.7
2015-08-13,25.070531,802945427.0,-141648500.15
2015-08-14,25.24303,801745427.0,-30291636.0
2015-08-17,25.292774,803295427.0,39203799.7
2015-08-18,25.27218,803195427.0,-2527218.0
2015-08-19,25.054783,805295427.0,52615044.300000004
2015-08-20,24.522543,800145427.0,-126291096.44999999
2015-08-21,23.761258,794945427.0,-123558541.60000001
2015-08-24,22.642033,778395427.0,-374725646.15000004
2015-08-25,22.269527,765445427.0,-288390374.65
2015-08-26,23.121635,764445427.0,-23121635.0
2015-08-27,23.730662,758845427.0,-132891707.19999999
2015-08-28,23.645261,768695427.0,232905820.85000002
2015-08-31,23.469872,772695427.0,93879488.0
2015-09-01,22.651891,771195427.0,-33977836.5
2015-09-02,22.987762,767945427.0,-74710226.5
2015-09-03,23.093691,772645427.0,108540347.7
2015-09-04,22.64906,770795427.0,-41900761.0
2015-09-08,23.234249,770345427.0,-10455412.049999999
2015-09-09,22.920093,770695427.0,8022032.550000001
2015-09-10,23.027824,768895427.0,-41450083.199999996
2015-09-11,23.115014,769545427.0,15024759.1
2015-09-14,23.049164,767245427.0,-53013077.2
2015-09-15,23.388083,761345427.0,-137989689.70000002
2015-09-16,23.540395,771845427.0,247174147.5
2015-09-17,23.234731,773495427.0,38337306.15
2015-09-18,22.676578,769545427.0,-89572483.1
2015-09-21,22.919395,745245427.0,-556941298.5
2015-09-22,22.615068,761845427.0,375410128.8
2015-09-23,22.633659,776395427.0,329319738.45000005
2015-09-24,22.471395,765695427.0,-240443926.5
2015-09-25,22.796897,755795427.0,-225689280.3
2015-09-28,22.270937,754745427.0,-23384483.85
2015-09-29,22.35709,757295427.0,57010579.5
2015-09-30,22.656629,748595427.0,-197112672.29999998
2015-10-01,22.68856,741545427.0,-159954348.0
2015-10-02,22.688125,747595427.0,137263156.25
2015-10-05,23.175532,740845427.0,-156434841.0
2015-10-06,23.070776,745145427.0,99204336.8
2015-10-07,23.256576,745595427.0,10465459.2
2015-10-08,23.375133,753195427.0,177651010.8
2015-10-09,23.243273,752595427.0,-13945963.799999999
2015-10-12,23.278966,738095427.0,-337545007.0
2015-10-13,23.130435,738095427.0,0.0
2015-10-14,22.910379,729295427.0,-201611335.2
2015-10-15,23.437038,730495427.0,28124445.6
2015-10-16,23.538562,730945427.0,10592352.9
2015-10-19,23.531836,730195427.0,-17648877.0
2015-10-20,23.655162,732445427.0,53224114.5
2015-10-21,23.473201,732395427.0,-1173660.05
2015-10-22,23.884627,735345427.0,70459649.64999999
2015-10-23,24.127753,740995427.0,136321804.45
2015-10-26,24.048426,740895427.0,-2404842.6
2015-10-27,23.904341,735995427.0,-117131270.89999999
2015-10-28,24.484122,737795427.0,44071419.6
2015-10-29,24.392763,760645427.0,557374634.55
2015-10-30,24.06381,757545427.0,-74597811.0
2015-11-02,24.452454,762445427.0,119817024.6
2015-11-03,24.441215,776345427.0,339732888.5
2015-11-04,24.367528,788495427.0,296065465.2
2015-11-05,24.47346,779445427.0,-221484813.0
2015-11-06,24.731973,768395427.0,-273288301.65
2015-11-09,24.443055,773945427.0,135658955.25
2015-11-10,24.550953,774295427.0,8592833.55
2015-11-11,24.499365,767545427.0,-165370713.75
2015-11-12,24.114269,767995427.0,10851421.05
2015-11-13,23.908763,764245427.0,-89657861.25
2015-11-16,24.208394,766595427.0,56889725.9
2015-11-17,24.152746,763095427.0,-84534611.0
2015-11-18,24.59403,771795427.0,213968061.0
2015-11-19,24.627211,780645427.0,217950817.35
2015-11-20,24.660629,786645427.0,147963774.0
2015-11-23,24.56667,784845427.0,-44220006.0
2015-11-24,24.491652,785595427.0,18368739.0
2015-11-25,24.502771,787395427.0,44104987.8
2015-11-27,24.581109,780745427.0,-163464374.85000002
2015-11-30,24.516945,785445427.0,115229641.5
2015-12-01,24.829637,787045427.0,39727419.2
2015-12-02,24.528094,795645427.0,210941608.4
2015-12-03,24.139288,809545427.0,335536103.2
2015-12-04,24.778888,811245427.0,42124109.599999994
2015-12-07,24.560577,825395427.0,347532164.54999995
2015-12-08,24.241244,825195427.0,-4848248.8
2015-12-09,23.963289,826495427.0,31152275.7
2015-12-10,23.976419,820395427.0,-146256155.9
2015-12-11,23.462343,819195427.0,-28154811.6
2015-12-14,23.502893,803095427.0,-378396577.3
2015-12-15,24.059525,799145427.0,-95035123.75
2015-12-16,24.454387,813945427.0,361924927.6
2015-12-17,24.071792,825595427.0,280436376.8
2015-12-18,23.319461,827695427.0,48970868.1
2015-12-21,23.531753,811945427.0,-370625109.75
2015-12-22,23.738873,807645427.0,-102077153.9
2015-12-23,24.053299,807695427.0,1202664.95
2015-12-24,24.033492,808845427.0,27638515.799999997
2015-12-28,23.985158,810545427.0,40774768.599999994
2015-12-29,24.247423,808845427.0,-41220619.1
2015-12-30,24.060746,813095427.0,102258170.5
2015-12-31,23.842913,816345427.0,77489467.25
2016-01-04,23.368563,808095427.0,-192790644.75
2016-01-05,23.446998,800395427.0,-180541884.6
2016-01-06,23.085641,802045427.0,38091307.65
2016-01-07,22.435738,794195427.0,-176120543.3
2016-01-08,22.084973,778795427.0,-340108584.20000005
2016-01-11,22.162878,773045427.0,-127436548.5
2016-01-12,22.285903,766545427.0,-144858369.5
2016-01-13,21.706542,785345427.0,408082989.59999996
2016-01-14,21.928389,775295427.0,-220380309.45
2016-01-15,21.413691,777295427.0,42827382.0
2016-01-19,21.406221,781645427.0,93117061.35
2016-01-20,20.956677,772745427.0,-186514425.29999998
2016-01-21,20.896341,770895427.0,-38658230.85
2016-01-22,21.302375,775645427.0,101186281.25
2016-01-25,20.816573,768095427.0,-157165126.15
2016-01-26,21.18546,751895427.0,-343204452.0
2016-01-27,21.105168,758895427.0,147736176.0
2016-01-28,21.124445,758595427.0,-6337333.5
2016-01-29,21.732834,760245427.0,35859176.1
2016-02-01,21.607909,769145427.0,192310390.1
2016-02-02,21.04717,776895427.0,163115567.5
2016-02-03,21.052791,774695427.0,-46316140.199999996
2016-02-04,21.246723,759445427.0,-324012525.75
2016-02-05,20.959944,761545427.0,44015882.4
2016-02-08,20.407917,755295427.0,-127549481.25000001
2016-02-09,20.378549,750745427.0,-92722397.95
2016-02-10,20.291206,733995427.0,-339877700.5
2016-02-11,19.695534,730945427.0,-60071378.699999996
2016-02-12,20.481179,719345427.0,-237581676.4
2016-02-16,20.842446,721395427.0,42727014.3
2016-02-17,21.104459,737395427.0,337671344.0
2016-02-18,20.976431,742245427.0,101735690.35000001
2016-02-19,21.002597,736145427.0,-128115841.7
2016-02-22,21.315966,737245427.0,23447562.599999998
2016-02-23,20.927866,732745427.0,-94175397.0
2016-02-24,20.886743,725795427.0,-145162863.85
2016-02-25,21.175053,724395427.0,-29645074.2
2016-02-26,21.315727,718995427.0,-115104925.8
2016-02-29,21.092925,727195427.0,172961985.0
2016-03-01,21.837032,724745427.0,-53500728.4
2016-03-02,22.040879,737445427.0,279919163.3
2016-03-03,22.186075,743795427.0,140881576.25
2016-03-04,22.277077,757845427.0,312992931.84999996
2016-03-07,22.272383,747895427.0,-221610210.85000002
2016-03-08,21.903763,746395427.0,-32855644.500000004
2016-03-09,21.93349,744045427.0,-51543701.5
2016-03-10,21.924299,737395427.0,-145796588.35
2016-03-11,22.507079,737595427.0,4501415.8
2016-03-14,22.415973,735845427.0,-39227952.75
2016-03-15,22.38901,721995427.0,-310087788.5
2016-03-16,22.359223,717095427.0,-109560192.7
2016-03-17,22.622879,710595427.0,-147048713.5
2016-03-18,22.727929,716145427.0,126140005.95
2016-03-21,22.685646,720895427.0,107756818.49999999
2016-03-22,22.621733,715095427.0,-131206051.39999999
2016-03-23,22.450398,712795427.0,-51635915.4
2016-03-24,22.304711,721195427.0,187359572.4
2016-03-28,22.371633,715495427.0,-127518308.1
2016-03-29,22.419316,710845427.0,-104249819.39999999
2016-03-30,22.554596,713645427.0,63152868.8
2016-03-31,22.508013,711045427.0,-58520833.8
2016-04-01,22.691516,711495427.0,10211182.2
2016-04-04,22.586218,712995427.0,33879327.0
2016-04-05,22.26136,705695427.0,-162507928.0
2016-04-06,22.393475,710995427.0,118685417.5
2016-04-07,21.962127,705945427.0,-110908741.35
2016-04-08,22.052251,703795427.0,-47412339.65
2016-04-11,22.127177,702345427.0,-32084406.65
2016-04-12,22.422866,700795427.0,-34755442.3
2016-04-13,22.927717,704795427.0,91710868.0
2016-04-14,22.98932,711945427.0,164373638.0
2016-04-15,22.923217,715445427.0,80231259.5
2016-04-18,23.081055,710495427.0,-114251222.25
2016-04-19,23.336401,703045427.0,-173856187.45
2016-04-20,23.542265,705895427.0,67095455.25
2016-04-21,23.31754,712945427.0,164388657.0
2016-04-22,23.559387,712095427.0,-20025478.95
2016-04-25,23.491356,713545427.0,34062466.2
2016-04-26,23.659904,713095427.0,-10646956.8
2016-04-27,23.682673,711745427.0,-31971608.55
2016-04-28,23.422661,718295427.0,153418429.55
2016-04-29,23.2683,700345427.0,-417665985.0
2016-05-02,23.525534,705795427.0,128214160.3
2016-05-03,23.21516,710495427.0,109111252.0
2016-05-04,23.047088,707345427.0,-72598327.2
2016-05-05,23.032763,706645427.0,-16122934.1
2016-05-06,23.122722,705645427.0,-23122722.0
2016-05-09,23.077763,701945427.0,-85387723.10000001
2016-05-10,23.395387,697695427.0,-99430394.75
2016-05-11,23.135316,694895427.0,-64778884.8
2016-05-12,23.172235,703045427.0,188853715.25
2016-05-13,22.879034,701645427.0,-32030647.6
2016-05-16,23.006262,699995427.0,-37960332.3
2016-05-17,22.849212,696595427.0,-77687320.80000001
2016-05-18,23.27596,698245427.0,38405334.0
2016-05-19,23.0621,712995427.0,340165975.0
2016-05-20,23.204801,715945427.0,68454162.95
2016-05-23,23.185245,716245427.0,6955573.499999999
2016-05-24,23.543521,715395427.0,-20011992.849999998
2016-05-25,23.786225,715395427.0,0.0
2016-05-26,23.647602,716145427.0,17735701.5
2016-05-27,23.81799,718095427.0,46445080.5
2016-05-31,23.737168,720945427.0,67650928.8
2016-06-01,23.809414,727445427.0,154761191.0
2016-06-02,23.850551,727145427.0,-7155165.3
2016-06-03,23.522665,727995427.0,19994265.25
2016-06-06,23.654391,718045427.0,-235361190.45000002
2016-06-07,23.585935,713295427.0,-112033191.25
2016-06-08,23.636338,712495427.0,-18909070.4
2016-06-09,23.459372,716395427.0,91491550.8
2016-06-10,23.169644,712995427.0,-78776789.60000001
2016-06-13,22.997591,705645427.0,-169032293.85
2016-06-14,22.665271,700995427.0,-105393510.15
2016-06-15,22.684836,696795427.0,-95276311.2
2016-06-16,22.759282,693995427.0,-63725989.599999994
2016-06-17,22.612245,697395427.0,76881633.0
2016-06-20,22.745744,693745427.0,-83021965.6
2016-06-21,22.868225,702345427.0,196666735.0
2016-06-22,22.841956,706095427.0,85657335.0
2016-06-23,23.322216,707945427.0,43146099.6
2016-06-24,22.063691,722095427.0,312201227.65
2016-06-27,21.450856,697545427.0,-526618514.8000001
2016-06-28,21.990859,686495427.0,-242998991.95000002
2016-06-29,22.500815,681845427.0,-104628789.75
2016-06-30,22.852258,658245427.0,-539313288.8
2016-07-01,22.746912,649645427.0,-195623443.2
2016-07-05,22.401735,646845427.0,-62724857.99999999
2016-07-06,22.482774,639995427.0,-154007001.9
2016-07-07,22.506554,637095427.0,-65269006.6
2016-07-08,22.918993,630345427.0,-154703202.75
2016-07-11,23.04897,632495427.0,49555285.5
2016-07-12,23.331748,630545427.0,-45496908.6
2016-07-13,23.34209,640395427.0,229919586.5
2016-07-14,23.55052,640195427.0,-4710104.0
2016-07-15,23.510012,643795427.0,84636043.2
2016-07-18,23.595152,646595427.0,66066425.599999994
2016-07-19,23.613214,655545427.0,211338265.29999998
2016-07-20,23.644755,658395427.0,67387551.75
2016-07-21,23.540011,657595427.0,-18832008.8
2016-07-22,23.678246,656995427.0,-14206947.600000001
2016-07-25,23.620683,655695427.0,-30706887.9
2016-07-26,23.655971,653845427.0,-43763546.35
2016-07-27,23.642068,646495427.0,-173769199.79999998
2016-07-28,23.700774,645395427.0,-26070851.4
2016-07-29,23.657967,645595427.0,4731593.399999999
2016-08-01,23.602141,643595427.0,-47204282.0
2016-08-02,23.397616,643695427.0,2339761.6
2016-08-03,23.635995,641995427.0,-40181191.5
2016-08-04,23.562817,637345427.0,-109567099.05
2016-08-05,24.018924,638495427.0,27621762.599999998
2016-08-08,24.044301,651895427.0,322193633.40000004
2016-08-09,24.068302,645395427.0,-156443963.0
2016-08-10,23.887493,651945427.0,156463079.15
2016-08-11,23.92495,647945427.0,-95699800.0
2016-08-12,23.874453,649145427.0,28649343.599999998
2016-08-15,24.01535,647495427.0,-39625327.5
2016-08-16,23.947225,649545427.0,49091811.25
2016-08-17,24.035138,653045427.0,84122983.0
2016-08-18,24.033282,660045427.0,168232974.0
2016-08-19,24.003438,661995427.0,46806704.1
2016-08-22,24.011854,659695427.0,-55227264.199999996
2016-08-23,24.038788,654495427.0,-125001697.6
2016-08-24,24.010195,652745427.0,-42017841.25
2016-08-25,24.077334,652445427.0,-7223200.2
2016-08-26,24.091857,652545427.0,2409185.7
2016-08-29,24.328464,654995427.0,59604736.800000004
2016-08-30,24.526268,661395427.0,156968115.20000002
2016-08-31,24.558816,664895427.0,85955856.0
2016-09-01,24.460314,666645427.0,42805549.5
2016-09-02,24.578406,659595427.0,-173277762.3
2016-09-06,24.520996,659245427.0,-8582348.6
2016-09-07,24.528159,656995427.0,-55188357.75
2016-09-08,24.503785,656045427.0,-23278595.75
2016-09-09,24.049354,657245427.0,28859224.8
2016-09-12,24.286451,661195427.0,95931481.45
2016-09-13,23.886305,633295427.0,-666427909.5
2016-09-14,23.8057,628995427.0,-102364510.0
2016-09-15,23.97876,623545427.0,-130684242.0
2016-09-16,23.642796,601295427.0,-526052211.0
2016-09-19,19.293938,583145427.0,-350184974.7
2016-09-20,19.311951,597345427.0,274229704.2
2016-09-21,19.439123,607595427.0,199251010.75
2016-09-22,19.492451,615095427.0,146193382.5
2016-09-23,19.357232,626145427.0,213897413.6
2016-09-26,19.060852,621945427.0,-80055578.4
2016-09-27,19.224159,627645427.0,109577706.3
2016-09-28,19.321193,634095427.0,124621694.85000001
2016-09-29,19.034952,633145427.0,-18083204.400000002
2016-09-30,19.305748,623145427.0,-193057480.0
2016-10-03,19.223404,620195427.0,-56709041.8
2016-10-04,19.298512,619745427.0,-8684330.4
2016-10-05,19.590212,623195427.0,67586231.4
2016-10-06,19.602897,631845427.0,169565059.04999998
2016-10-07,19.616284,633095427.0,24520355.0
2016-10-10,19.714336,637895427.0,94628812.8
2016-10-11,19.505846,636045427.0,-36085815.099999994
2016-10-12,19.534477,639745427.0,72277564.89999999
2016-10-13,19.323043,644195427.0,85987541.35
2016-10-14,19.417927,637995427.0,-120391147.39999999
2016-10-17,19.339404,640545427.0,49315480.199999996
2016-10-18,19.487135,640645427.0,1948713.4999999998
2016-10-19,19.651004,646145427.0,108080522.0
2016-10-20,19.647401,653545427.0,145390767.39999998
2016-10-21,19.6476,654245427.0,13753320.0
2016-10-24,19.723226,652345427.0,-37474129.4
2016-10-25,19.678984,655795427.0,67892494.8
2016-10-26,19.800288,654295427.0,-29700431.999999996
2016-10-27,19.843466,658745427.0,88303423.7
2016-10-28,19.766102,661645427.0,57321695.8
2016-10-31,19.745924,663295427.0,32580774.599999998
2016-11-01,19.67028,664095427.0,15736224.000000002
2016-11-02,19.528876,657995427.0,-119126143.60000001
2016-11-03,19.566374,656095427.0,-37176110.6
2016-11-04,19.474788,646495427.0,-186957964.8
2016-11-07,19.980151,649395427.0,57942437.9
2016-11-08,20.012639,666595427.0,344217390.8
2016-11-09,20.827143,672795427.0,129128286.6
2016-11-10,21.597342,770845427.0,2117619383.1000001
2016-11-11,21.68094,832845427.0,1344218280.0
2016-11-14,22.176958,856895427.0,533355839.9
2016-11-15,22.188713,890145427.0,737774707.25
2016-11-16,21.875418,911495427.0,467040174.3
2016-11-17,22.148523,895745427.0,-348839237.25
2016-11-18,22.169442,916245427.0,454473561.0
2016-11-21,22.237761,923445427.0,160111879.2
2016-11-22,22.260652,923345427.0,-2226065.2
2016-11-23,22.384159,924895427.0,34695446.45
2016-11-25,22.439672,927495427.0,58343147.2
2016-11-28,22.129797,922845427.0,-102903556.05
2016-11-29,22.184864,911595427.0,-249579720.0
2016-11-30,22.488573,933095427.0,483504319.5
2016-12-01,22.861166,944195427.0,253758942.6
2016-12-02,22.645839,959445427.0,345349044.75
2016-12-05,22.908956,954895427.0,-104235749.8
2016-12-06,23.129579,952595427.0,-53198031.699999996
2016-12-07,23.497344,965145427.0,294891667.2
2016-12-08,23.714792,970695427.0,131617095.6
2016-12-09,23.744871,959545427.0,-264755311.65
2016-12-12,23.5282,970445427.0,256457379.99999997
2016-12-13,23.580061,969195427.0,-29475076.25
2016-12-14,23.445833,959495427.0,-227424580.1
2016-12-15,23.683789,957545427.0,-46183388.550000004
2016-12-16,23.369453,965395427.0,183450206.05
2016-12-19,23.39244,950645427.0,-345038490.0
2016-12-20,23.654822,946245427.0,-104081216.8
2016-12-21,23.597535,950595427.0,102649277.25
2016-12-22,23.535022,951295427.0,16474515.4
2016-12-23,23.577011,954395427.0,73088734.1
2016-12-27,23.604921,957445427.0,71995009.05
2016-12-28,23.37007,971895427.0,337697511.5
2016-12-29,23.201084,971695427.0,-4640216.800000001
2016-12-30,23.255081,966545427.0,-119763667.15
2017-01-03,23.482525,964845427.0,-39920292.5
2017-01-04,23.699357,991095427.0,622108121.25
2017-01-05,23.459181,990895427.0,-4691836.2
2017-01-06,23.550778,998045427.0,168388062.70000002
2017-01-09,23.367509,997945427.0,-2336750.9
2017-01-10,23.457648,993695427.0,-99695004.0
2017-01-11,23.564869,997245427.0,83655284.95
2017-01-12,23.393354,1000945427.0,86555409.8
2017-01-13,23.521189,991295427.0,-226979473.85
2017-01-17,22.986312,986445427.0,-111483613.2
2017-01-18,23.166832,967495427.0,-439011466.4
2017-01-19,23.028113,968495427.0,23028113.0
2017-01-20,23.135659,968695427.0,4627131.8
2017-01-23,23.002707,956295427.0,-285233566.8
2017-01-24,23.281303,950395427.0,-137359687.70000002
2017-01-25,23.664002,941345427.0,-214159218.1
2017-01-26,23.733584,957745427.0,389230777.6
2017-01-27,23.635138,970595427.0,303711523.3
2017-01-30,23.469645,964145427.0,-151379210.25
2017-01-31,23.31006,969895427.0,134032845.0
2017-02-01,23.335575,971745427.0,43170813.75
2017-02-02,23.242948,965645427.0,-141781982.79999998
2017-02-03,23.702992,968495427.0,67553527.19999999
2017-02-06,23.620814,966945427.0,-36612261.699999996
2017-02-07,23.565494,974845427.0,186167402.6
2017-02-08,23.390772,970345427.0,-105258473.99999999
2017-02-09,23.712927,970095427.0,-5928231.75
2017-02-10,23.768956,980195427.0,240066455.6
2017-02-13,24.034268,988645427.0,203089564.6
2017-02-14,24.332344,1010495427.0,531661716.4
2017-02-15,24.513078,1019845427.0,229197279.3
2017-02-16,24.47868,1026245427.0,156663552.0
2017-02-17,24.473931,1018845427.0,-181107089.4
2017-02-21,24.587226,1020595427.0,43027645.5
2017-02-22,24.605935,1026845427.0,153787093.75
2017-02-23,24.628702,1024945427.0,-46794533.800000004
2017-02-24,24.446283,1027245427.0,56226450.900000006
2017-02-27,24.556613,1023845427.0,-83492484.2
2017-02-28,24.516267,1022045427.0,-44129280.6
2017-03-01,25.220258,1006345427.0,-395958050.6
2017-03-02,24.855232,1022495427.0,401411996.8
2017-03-03,24.952716,1021495427.0,-24952716.0
2017-03-06,24.796923,1022345427.0,21077384.55
2017-03-07,24.725267,1029095427.0,166895552.25
2017-03-08,24.726609,1032095427.0,74179827.0
2017-03-09,24.802163,1022895427.0,-228179899.6
2017-03-10,24.793436,1025995427.0,76859651.6
2017-03-13,24.810313,1022245427.0,-93038673.75
2017-03-14,24.783048,1027995427.0,142502526.0
2017-03-15,24.750159,1033145427.0,127463318.85
2017-03-16,24.828534,1028995427.0,-103038416.10000001
2017-03-17,24.479327,1028045427.0,-23255360.650000002
2017-03-20,24.261706,1021195427.0,-166192686.1
2017-03-21,23.56613,1015345427.0,-137861860.5
2017-03-22,23.51916,995995427.0,-455095746.0
2017-03-23,23.570413,1003445427.0,175599576.85
2017-03-24,23.548289,1004995427.0,36499847.95
2017-03-27,23.434295,998595427.0,-149979488.0
2017-03-28,23.753936,994195427.0,-104517318.39999999
2017-03-29,23.633509,992345427.0,-43721991.65
2017-03-30,23.922295,990695427.0,-39471786.75
2017-03-31,23.750873,1000845427.0,241071360.95
2017-04-03,23.681386,1000695427.0,-3552207.9
2017-04-04,23.648031,990895427.0,-231750703.79999998
2017-04-05,23.485506,978695427.0,-286523173.2
2017-04-06,23.617,964045427.0,-345989050.0
2017-04-07,23.536311,971495427.0,175345516.95000002
2017-04-10,23.47555,976045427.0,106813752.5
2017-04-11,23.413535,975045427.0,-23413535.0
2017-04-12,23.206791,973095427.0,-45253242.449999996
2017-04-13,22.916464,970845427.0,-51562044.0
2017-04-17,23.283319,959045427.0,-274743164.2
2017-04-18,23.090894,958895427.0,-3463634.0999999996
2017-04-19,23.03064,959695427.0,18424512.0
2017-04-20,23.387132,959195427.0,-11693566.0
2017-04-21,23.174607,974145427.0,346460374.65000004
2017-04-24,23.681251,968145427.0,-142087506.0
2017-04-25,23.87687,973345427.0,124159724.0
2017-04-26,23.886497,981895427.0,204229549.35
2017-04-27,23.770822,979395427.0,-59427055.0
2017-04-28,23.549206,975295427.0,-96551744.60000001
2017-05-01,23.669874,968345427.0,-164505624.3
2017-05-02,23.662287,970495427.0,50873917.05
2017-05-03,23.817852,964845427.0,-134570863.79999998
2017-05-04,23.875548,971895427.0,168322613.39999998
2017-05-05,23.851138,966145427.0,-137144043.5
2017-05-08,23.832969,976745427.0,252629471.39999998
2017-05-09,23.726162,971395427.0,-126934966.69999999
2017-05-10,23.792816,965495427.0,-140377614.39999998
2017-05-11,23.668797,967995427.0,59171992.5
2017-05-12,23.562116,963295427.0,-110741945.2
2017-05-15,23.743323,953945427.0,-222000070.05
2017-05-16,23.782838,956745427.0,66591946.400000006
2017-05-17,23.060942,954195427.0,-58805402.1
2017-05-18,23.133148,928145427.0,-602618505.4
2017-05-19,23.328826,926645427.0,-34993239.0
2017-05-22,23.39904,930095427.0,80726688.0
2017-05-23,23.588738,930345427.0,5897184.5
2017-05-24,23.580099,942295427.0,281782183.05
2017-05-25,23.637931,939095427.0,-75641379.19999999
2017-05-26,23.623891,944095427.0,118119455.0
2017-05-30,23.445796,943195427.0,-21101216.400000002
2017-05-31,23.267255,942395427.0,-18613804.0
2017-06-01,23.548023,938045427.0,-102433900.05
2017-06-02,23.460692,939445427.0,32844968.8
2017-06-05,23.479455,932745427.0,-157312348.5
2017-06-06,23.38177,924095427.0,-202252310.5
2017-06-07,23.577725,923495427.0,-14146635.0
2017-06-08,23.84458,944795427.0,507889554.0
2017-06-09,24.303012,949495427.0,114224156.39999999
2017-06-12,24.344537,982445427.0,802152494.15
2017-06-13,24.453604,996895427.0,353354577.79999995
2017-06-14,24.500414,1001695427.0,117601987.2
2017-06-15,24.409981,997495427.0,-102521920.19999999
2017-06-16,24.290834,994445427.0,-74087043.7
2017-06-19,24.528661,995945427.0,36792991.5
2017-06-20,24.330054,997395427.0,35278578.3
2017-06-21,24.140386,997895427.0,12070193.0
2017-06-22,23.985802,993345427.0,-109135399.1
2017-06-23,23.876462,985345427.0,-191011696.0
2017-06-26,24.00366,963745427.0,-518479056.0
2017-06-27,24.126769,965795427.0,49459876.449999996
2017-06-28,24.515693,962395427.0,-83353356.2
2017-06-29,24.6758,979645427.0,425657550.0
2017-06-30,24.661564,984695427.0,124540898.19999999
2017-07-03,25.005232,994145427.0,236299442.4
2017-07-05,25.066083,1005895427.0,294526475.25
2017-07-06,24.900423,1019795427.0,346115879.7
2017-07-07,25.040473,1017595427.0,-55089040.599999994
2017-07-10,24.997872,1017895427.0,7499361.600000001
2017-07-11,24.828072,1024495427.0,163865275.2
2017-07-12,24.856396,1028145427.0,90725845.4
2017-07-13,25.009716,1020545427.0,-190073841.6
2017-07-14,24.880413,1025445427.0,121914023.7
2017-07-17,24.847807,1027295427.0,45968442.949999996
2017-07-18,24.778874,1027545427.0,6194718.5
2017-07-19,24.830142,1026545427.0,-24830142.0
2017-07-20,24.81631,1030895427.0,107950948.5
2017-07-21,24.810797,1034745427.0,95521568.45
2017-07-24,24.886781,1026295427.0,-210293299.45
2017-07-25,25.201173,1020395427.0,-148686920.70000002
2017-07-26,25.048467,1035545427.0,379484275.04999995
2017-07-27,24.919497,1041745427.0,154500881.4
2017-07-28,24.929937,1030695427.0,-275475803.84999996
2017-07-31,25.084472,1033995427.0,82778757.60000001
2017-08-01,25.286926,1033445427.0,-13907809.3
2017-08-02,25.316197,1032095427.0,-34176865.949999996
2017-08-03,25.214563,1031145427.0,-23953834.849999998
2017-08-04,25.395556,1031395427.0,6348889.0
2017-08-07,25.351321,1034095427.0,68448566.7
2017-08-08,25.307986,1029545427.0,-115151336.3
2017-08-09,25.290582,1034495427.0,125188380.9
2017-08-10,24.846657,1031395427.0,-77024636.7
2017-08-11,24.714677,1018195427.0,-326233736.4
2017-08-14,25.055706,1020845427.0,66397620.9
2017-08-15,25.110472,1015645427.0,-130574454.4
2017-08-16,25.050299,1016895427.0,31312873.75
2017-08-17,24.616042,1016395427.0,-12308021.0
2017-08-18,24.605162,1003045427.0,-328478912.7
2017-08-21,24.547508,1003095427.0,1227375.4000000001
2017-08-22,24.804356,998395427.0,-116580473.19999999
2017-08-23,24.74944,999695427.0,32174272.0
2017-08-24,24.729968,1019645427.0,493362861.59999996
2017-08-25,24.790205,1019645427.0,0.0
2017-08-28,24.671224,1021145427.0,37006836.0
2017-08-29,24.560959,1018995427.0,-52806061.85
2017-08-30,24.678848,1011995427.0,-172751936.0
2017-08-31,24.679487,1012645427.0,16041666.55
2017-09-01,24.787321,1014395427.0,43377811.75
2017-09-05,24.24294,1015045427.0,15757911.0
2017-09-06,24.301784,1005845427.0,-223576412.8
2017-09-07,23.905612,1001495427.0,-103989412.2
2017-09-08,24.088281,988545427.0,-311943238.95
2017-09-11,24.505121,984145427.0,-107822532.39999999
2017-09-12,24.801169,991495427.0,182288592.15
2017-09-13,24.855064,1001395427.0,246065133.6
2017-09-14,24.77331,1012645427.0,278699737.5
2017-09-15,24.7881,1012745427.0,2478810.0
2017-09-18,25.039244,1010945427.0,-45070639.2
2017-09-19,25.238689,1013295427.0,59310919.15
2017-09-20,25.394909,1031295427.0,457108362.0
2017-09-21,25.445641,1038195427.0,175574922.89999998
2017-09-22,25.442657,1039695427.0,38163985.5
2017-09-25,25.403321,1045795427.0,154960258.1
2017-09-26,25.380188,1046045427.0,6345047.0
2017-09-27,25.709293,1044945427.0,-28280222.299999997
2017-09-28,25.74884,1058745427.0,355333992.0
2017-09-29,25.835982,1058495427.0,-6458995.5
2017-10-02,26.064613,1061245427.0,71677685.75
2017-10-03,26.142339,1066295427.0,132018811.95
2017-10-04,26.058307,1077595427.0,294458869.09999996
2017-10-05,26.333328,1081645427.0,106649978.4
2017-10-06,26.346372,1083745427.0,55327381.199999996
2017-10-09,26.248561,1081445427.0,-60371690.3
2017-10-10,26.356682,1081995427.0,14496175.1
2017-10-11,26.319951,1082145427.0,3947992.65
2017-10-12,26.131082,1082845427.0,18291757.4
2017-10-13,26.12057,1079695427.0,-82279795.5
2017-10-16,26.291261,1078145427.0,-40751454.55
2017-10-17,26.146331,1083695427.0,145112137.05
2017-10-18,26.293192,1083645427.0,-1314659.6
2017-10-19,26.331567,1096945427.0,350209841.1
2017-10-20,26.636915,1098095427.0,30632452.249999996
2017-10-23,26.599678,1097945427.0,-3989951.7
2017-10-24,26.796935,1096595427.0,-36175862.25
2017-10-25,26.664836,1104545427.0,211985446.20000002
2017-10-26,26.812319,1098595427.0,-159533298.04999998
2017-10-27,26.785647,1098445427.0,-4017847.0500000003
2017-10-30,26.663514,1096395427.0,-54660203.699999996
2017-10-31,26.590156,1098495427.0,55839327.6
2017-11-01,26.651622,1097545427.0,-25319040.9
2017-11-02,26.894542,1100795427.0,87407261.5
2017-11-03,26.789985,1103745427.0,79030455.75
2017-11-06,26.754501,1106545427.0,74912602.8
2017-11-07,26.400287,1106595427.0,1320014.3499999999
2017-11-08,26.241667,1094895427.0,-307027503.9
2017-11-09,26.154651,1092545427.0,-61463429.85
2017-11-10,26.084678,1093595427.0,27388911.9
2017-11-13,26.132484,1098695427.0,133275668.4
2017-11-14,26.118263,1107545427.0,231146627.54999998
2017-11-15,26.167712,1102545427.0,-130838560.00000001
2017-11-16,26.187476,1110345427.0,204262312.8
2017-11-17,26.152577,1134245427.0,625046590.3000001
2017-11-20,26.281275,1131945427.0,-60446932.5
2017-11-21,26.348495,1136745427.0,126472776.0
2017-11-22,26.244094,1129745427.0,-183708658.0
2017-11-24,26.206186,1127145427.0,-68136083.6
2017-11-27,26.197634,1125295427.0,-48465622.9
2017-11-28,26.87192,1127145427.0,49713052.0
2017-11-29,27.352038,1138345427.0,306342825.6
2017-11-30,27.516095,1155295427.0,466397810.25
2017-12-01,27.579771,1146745427.0,-235807042.05
2017-12-04,28.006815,1155645427.0,249260653.5
2017-12-05,27.844479,1173495427.0,497023950.15
2017-12-06,27.750298,1178495427.0,138751490.0
2017-12-07,27.834272,1185445427.0,193448190.39999998
2017-12-08,27.99842,1189645427.0,117593364.0
2017-12-11,27.931804,1193945427.0,120106757.2
2017-12-12,28.2168,1192645427.0,-36681840.0
2017-12-13,27.863173,1203445427.0,300922268.4
2017-12-14,27.678092,1185645427.0,-492670037.59999996
2017-12-15,27.837685,1167545427.0,-503862098.5
2017-12-18,28.066748,1176045427.0,238567358.0
2017-12-19,27.95451,1176095427.0,1397725.5
2017-12-20,27.886052,1182645427.0,182653640.6
2017-12-21,28.122047,1170245427.0,-348713382.79999995
2017-12-22,28.06154,1169145427.0,-30867694.0
2017-12-26,27.967892,1164495427.0,-130050697.8
2017-12-27,27.9955,1170895427.0,179171200.0
2017-12-28,28.117081,1170545427.0,-9840978.35
2017-12-29,27.923022,1175645427.0,142407412.2
2018-01-02,27.906108,1173045427.0,-72555880.8
2018-01-03,28.055084,1178445427.0,151497453.6
2018-01-04,28.335647,1189195427.0,304608205.25
2018-01-05,28.419825,1190595427.0,39787755.0
2018-01-08,28.384189,1172195427.0,-522269077.59999996
2018-01-09,28.58696,1143595427.0,-817587056.0
2018-01-10,28.828718,1148845427.0,151350769.5
2018-01-11,28.963615,1152595427.0,108613556.25
2018-01-12,29.234789,1152495427.0,-2923478.9
2018-01-16,29.141946,1155895427.0,99082616.4
2018-01-17,29.384877,1163395427.0,220386577.5
2018-01-18,29.342302,1165245427.0,54283258.7
2018-01-19,29.541572,1164845427.0,-11816628.799999999
2018-01-22,29.785622,1155995427.0,-263602754.7
2018-01-23,29.798151,1155845427.0,-4469722.65
2018-01-24,29.999317,1142195427.0,-409490677.05
2018-01-25,29.942986,1150045427.0,235052440.10000002
2018-01-26,30.185838,1157895427.0,236958828.3
2018-01-29,30.049807,1162895427.0,150249035.0
2018-01-30,29.688923,1167195427.0,127662368.89999999
2018-01-31,29.723384,1163595427.0,-107004182.39999999
2018-02-01,30.037986,1161795427.0,-54068374.8
2018-02-02,29.378348,1175595427.0,405421202.4
2018-02-05,27.916262,1174845427.0,-20937196.5
2018-02-06,28.388744,1181845427.0,198721208.0
2018-02-07,28.436257,1174845427.0,-199053799.0
2018-02-08,27.160272,1166395427.0,-229504298.4
2018-02-09,27.682096,1156445427.0,-275436855.2
2018-02-12,28.062232,1158745427.0,64543133.6
2018-02-13,28.18683,1157995427.0,-21140122.5
2018-02-14,28.840254,1150595427.0,-213417879.60000002
2018-02-15,29.019255,1153195427.0,75450063.0
2018-02-16,28.987348,1148145427.0,-146386107.4
2018-02-20,28.925547,1144045427.0,-118594742.7
2018-02-21,28.908452,1148045427.0,115633808.0
2018-02-22,28.68304,1142945427.0,-146283504.0
2018-02-23,29.103047,1141445427.0,-43654570.5
2018-02-26,29.54155,1144445427.0,88624650.0
2018-02-27,29.267238,1155495427.0,323402979.9
2018-02-28,28.894353,1151445427.0,-117022129.64999999
2018-03-01,28.372169,1148145427.0,-93628157.7
2018-03-02,28.461588,1146545427.0,-45538540.8
2018-03-05,28.84955,1149995427.0,99530947.5
2018-03-06,28.964852,1147745427.0,-65170917.0
2018-03-07,28.914872,1155195427.0,215415796.4
2018-03-08,28.99786,1152795427.0,-69594864.0
2018-03-09,29.714535,1150545427.0,-66857703.75
2018-03-12,29.596651,1161145427.0,313724500.6
2018-03-13,29.273668,1164295427.0,92212054.2
2018-03-14,28.929632,1165695427.0,40501484.800000004
2018-03-15,28.954813,1161595427.0,-118714733.30000001
2018-03-16,28.904672,1153245427.0,-241354011.20000002
2018-03-19,28.658468,1137695427.0,-445639177.4
2018-03-20,28.717704,1141395427.0,106255504.80000001
2018-03-21,28.707554,1143295427.0,54544352.599999994
2018-03-22,27.647581,1152995427.0,268181535.7
2018-03-23,26.822683,1140795427.0,-327236732.6
2018-03-26,27.693341,1129845427.0,-303242083.95
2018-03-27,27.145777,1142945427.0,355609678.7
2018-03-28,27.198681,1147595427.0,126473866.65
2018-03-29,27.548912,1157295427.0,267224446.4
2018-04-02,26.964164,1163645427.0,171222441.4
2018-04-03,27.336537,1160045427.0,-98411533.2
2018-04-04,27.63801,1167595427.0,208666975.5
2018-04-05,27.846413,1175545427.0,221378983.35
2018-04-06,27.168307,1172345427.0,-86938582.39999999
2018-04-09,27.307316,1169495427.0,-77825850.6
2018-04-10,27.732328,1167795427.0,-47144957.6
2018-04-11,27.384477,1174045427.0,171152981.25
2018-04-12,27.882647,1176045427.0,55765294.0
2018-04-13,27.453122,1184745427.0,238842161.4
2018-04-16,27.582269,1188595427.0,106191735.65
2018-04-17,27.561593,1187395427.0,-33073911.599999998
2018-04-18,27.460135,1182595427.0,-131808648.0
2018-04-19,27.877892,1165845427.0,-466954691.0
2018-04-20,27.891017,1165745427.0,-2789101.7
2018-04-23,27.860708,1158595427.0,-199204062.2
2018-04-24,27.67128,1162345427.0,103767300.0
2018-04-25,27.653644,1182945427.0,569665066.4
2018-04-26,27.664073,1181395427.0,-42879313.15
2018-04-27,27.708139,1176695427.0,-130228253.3
2018-04-30,27.445069,1169395427.0,-200349003.7
2018-05-01,27.468935,1163795427.0,-153826036.0
2018-05-02,27.141538,1166545427.0,74639229.5
2018-05-03,26.92446,1162295427.0,-114428955.0
2018-05-04,27.270839,1161445427.0,-23180213.15
2018-05-07,27.455948,1161995427.0,15100771.4
2018-05-08,27.639932,1161595427.0,-11055972.8
2018-05-09,28.052799,1159545427.0,-57508237.95
2018-05-10,28.275887,1169295427.0,275689898.25
2018-05-11,28.255754,1168545427.0,-21191815.5
2018-05-14,28.238463,1171345427.0,79067696.39999999
2018-05-15,28.19361,1166745427.0,-129690606.0
2018-05-16,28.221782,1164195427.0,-71965544.10000001
2018-05-17,28.199862,1160745427.0,-97289523.89999999
2018-05-18,27.943906,1167045427.0,176046607.79999998
2018-05-21,28.153067,1166945427.0,-2815306.7
2018-05-22,28.321739,1170795427.0,109038695.15
2018-05-23,28.153599,1176895427.0,171736953.9
2018-05-24,27.954071,1180595427.0,103430062.7
2018-05-25,27.838282,1175145427.0,-151718636.9
2018-05-29,26.903297,1171595427.0,-95506704.35
2018-05-30,27.428849,1159795427.0,-323660418.2
2018-05-31,27.19578,1169845427.0,273317589.0
2018-06-01,27.496816,1166695427.0,-86614970.39999999
2018-06-04,27.575092,1166695427.0,0.0
2018-06-05,27.459154,1162295427.0,-120820277.60000001
2018-06-06,27.96635,1156445427.0,-163603147.5
2018-06-07,28.03142,1165645427.0,257889064.0
2018-06-08,28.102803,1170695427.0,141919155.15
2018-06-11,28.024854,1175945427.0,147130483.5
2018-06-12,27.931786,1179695427.0,104744197.5
2018-06-13,27.843219,1180495427.0,22274575.2
2018-06-14,27.58716,1181495427.0,27587160.0
2018-06-15,27.460206,1175195427.0,-172999297.79999998
2018-06-18,27.439944,1155645427.0,-536450905.2
2018-06-19,27.34902,1149045427.0,-180503532.0
2018-06-20,27.264155,1138745427.0,-280820796.5
2018-06-21,27.215654,1137695427.0,-28576436.7
2018-06-22,27.072764,1137545427.0,-4060914.6
2018-06-25,26.793239,1119795427.0,-475579992.25
2018-06-26,26.694309,1117245427.0,-68070487.95
2018-06-27,26.357231,1113295427.0,-104111062.44999999
2018-06-28,26.589158,1111745427.0,-41213194.9
2018-06-29,26.556943,1118945427.0,191209989.6
2018-07-02,26.732267,1114145427.0,-128314881.6
2018-07-03,26.451059,1119945427.0,153416142.20000002
2018-07-05,26.530231,1114595427.0,-141936735.85
2018-07-06,26.662223,1116395427.0,47992001.4
2018-07-09,27.280555,1107895427.0,-231884717.5
2018-07-10,27.181333,1121395427.0,366947995.5
2018-07-11,27.040338,1108645427.0,-344764309.5
2018-07-12,27.091831,1110445427.0,48765295.8
2018-07-13,26.96673,1118495427.0,217082176.5
2018-07-16,27.453566,1111745427.0,-185311570.5
2018-07-17,27.495182,1120945427.0,252955674.4
2018-07-18,27.914989,1121045427.0,2791498.9
2018-07-19,27.513526,1136845427.0,434713710.79999995
2018-07-20,27.567277,1131745427.0,-140593112.70000002
2018-07-23,27.930766,1135095427.0,93568066.1
2018-07-24,28.022364,1142945427.0,219975557.4
2018-07-25,28.093497,1144145427.0,33712196.4
2018-07-26,28.059553,1144145427.0,0.0
2018-07-27,28.127879,1140545427.0,-101260364.4
2018-07-30,28.140536,1134745427.0,-163215108.8
2018-07-31,27.950586,1137695427.0,82454228.7
2018-08-01,27.948812,1113045427.0,-688938215.8
2018-08-02,27.959725,1118895427.0,163564391.25
2018-08-03,28.125547,1138195427.0,542823057.1
2018-08-06,28.245242,1136095427.0,-59315008.2
2018-08-07,28.381574,1134595427.0,-42572361.0
2018-08-08,28.454268,1145645427.0,314419661.4
2018-08-09,28.314727,1149495427.0,109011698.95
2018-08-10,27.986301,1151295427.0,50375341.800000004
2018-08-13,27.702816,1129495427.0,-603921388.8
2018-08-14,27.940153,1118545427.0,-305944675.34999996
2018-08-15,27.752775,1120645427.0,58280827.5
2018-08-16,28.098625,1115145427.0,-154542437.5
2018-08-17,28.158391,1116045427.0,25342551.900000002
2018-08-20,28.26044,1111195427.0,-137063134.0
2018-08-21,28.366733,1110295427.0,-25530059.7
2018-08-22,28.292853,1114495427.0,118829982.60000001
2018-08-23,28.148159,1124745427.0,288518629.75
2018-08-24,28.231476,1122445427.0,-64932394.800000004
2018-08-27,28.60981,1119245427.0,-91551392.0
2018-08-28,28.580266,1124245427.0,142901330.0
2018-08-29,28.57608,1127945427.0,105731496.0
2018-08-30,28.355754,1125095427.0,-80813898.9
2018-08-31,28.333666,1120845427.0,-120418080.5
2018-09-04,28.483469,1119195427.0,-46997723.85
2018-09-05,28.493732,1115495427.0,-105426808.4
2018-09-06,28.342321,1124895427.0,266417817.39999998
2018-09-07,28.313284,1124045427.0,-24066291.4
2018-09-10,28.291201,1128545427.0,127310404.5
2018-09-11,28.323354,1124195427.0,-123206589.89999999
2018-09-12,28.072601,1123195427.0,-28072601.0
2018-09-13,28.035084,1119145427.0,-113542090.2
2018-09-14,28.222616,1107295427.0,-334437999.59999996
2018-09-17,28.123042,1111945427.0,130772145.30000001
2018-09-18,28.23959,1110045427.0,-53655221.0
2018-09-19,28.733403,1110995427.0,27296732.849999998
2018-09-20,28.965408,1135795427.0,718342118.4
2018-09-21,28.732333,1147495427.0,336168296.1
2018-09-24,28.428055,1144595427.0,-82441359.5
2018-09-25,28.319042,1135745427.0,-250623521.7
2018-09-26,27.958326,1134695427.0,-29356242.3
2018-09-27,27.871013,1133795427.0,-25083911.700000003
2018-09-28,27.577756,1137395427.0,99279921.60000001
2018-10-01,27.673243,1126045427.0,-314091308.05
2018-10-02,27.685349,1121695427.0,-120431268.14999999
2018-10-03,27.910459,1110395427.0,-315388186.7
2018-10-04,28.132989,1130395427.0,562659780.0
2018-10-05,28.015966,1136345427.0,166694997.7
2018-10-08,28.177235,1137945427.0,45083576.0
2018-10-09,28.081099,1141995427.0,113728450.94999999
2018-10-10,27.231491,1147845427.0,159304222.35
2018-10-11,26.435763,1132145427.0,-415041479.1
2018-10-12,26.461364,1129945427.0,-58215000.8
2018-10-15,26.326985,1090095427.0,-1049130352.25
2018-10-16,26.7498,1096545427.0,172536210.0
2018-10-17,26.992684,1078195427.0,-495315751.40000004
2018-10-18,26.574107,1102995427.0,659037853.6
2018-10-19,26.665872,1096645427.0,-169328287.2
2018-10-22,26.118534,1098645427.0,52237068.0
2018-10-23,25.903123,1098245427.0,-10361249.200000001
2018-10-24,25.207574,1096995427.0,-31509467.5
2018-10-25,25.619082,1088445427.0,-219043151.1
2018-10-26,25.273701,1083095427.0,-135214300.35
2018-10-29,25.491982,1093345427.0,261292815.5
2018-10-30,25.90365,1113995427.0,534910372.5
2018-10-31,26.274502,1100245427.0,-361274402.5
2018-11-01,26.393318,1095745427.0,-118769931.0
2018-11-02,26.408597,1106245427.0,277290268.5
2018-11-05,26.78201,1089145427.0,-457972371.0
2018-11-06,26.915673,1090745427.0,43065076.800000004
2018-11-07,27.276266,1093595427.0,77737358.1
2018-11-08,27.384381,1108445427.0,406658057.85
2018-11-09,27.122132,1092445427.0,-433954112.0
2018-11-12,26.582579,1083645427.0,-233926695.2
2018-11-13,26.739453,1080945427.0,-72196523.10000001
2018-11-14,26.372537,1086895427.0,156916595.15
2018-11-15,26.752315,1085295427.0,-42803704.0
2018-11-16,26.778723,1083045427.0,-60252126.75
2018-11-19,26.769832,1073845427.0,-246282454.4
2018-11-20,26.214247,1064145427.0,-254278195.9
2018-11-21,26.230848,1082245427.0,474778348.8
2018-11-23,25.994852,1076745427.0,-142971686.0
2018-11-26,26.540204,1079395427.0,70331540.6
2018-11-27,26.559833,1085045427.0,150063056.45000002
2018-11-28,27.041181,1085395427.0,9464413.350000001
2018-11-29,26.826287,1090795427.0,144861949.8
2018-11-30,27.005827,1090995427.0,5401165.4
2018-12-03,27.133247,1088045427.0,-80043078.65
2018-12-04,25.941737,1078695427.0,-242555240.95
2018-12-06,25.585417,1067495427.0,-286556670.4
2018-12-07,25.119122,1068595427.0,27631034.2
2018-12-10,24.769326,1063545427.0,-125085096.3
2018-12-11,24.520795,1053345427.0,-250112109.0
2018-12-12,24.629155,1042845427.0,-258606127.5
2018-12-13,24.489173,1036245427.0,-161628541.8
2018-12-14,24.239317,997845427.0,-930789772.8
2018-12-17,24.005048,988995427.0,-212444674.79999998
2018-12-18,23.890944,981745427.0,-173209344.0
2018-12-19,23.595246,975895427.0,-138032189.1
2018-12-20,23.415775,974045427.0,-43319183.75
2018-12-21,22.814221,967095427.0,-158558835.95
2018-12-24,22.279612,949245427.0,-397691074.2
2018-12-26,23.312905,943745427.0,-128220977.5
2018-12-27,23.575485,956345427.0,297051111.0
2018-12-28,23.58618,967695427.0,267703143.0
2018-12-31,23.818064,959745427.0,-189353608.8
2019-01-02,23.99347,961445427.0,40788899.0
2019-01-03,23.473322,1002045427.0,953016873.1999999
2019-01-04,24.241925,993245427.0,-213328940.0
2019-01-07,24.297216,996395427.0,76536230.39999999
2019-01-08,24.29726,998895427.0,60743150.0
2019-01-09,24.422623,974245427.0,-602017656.95
2019-01-10,24.452146,969345427.0,-119815515.39999999
2019-01-11,24.493992,960645427.0,-213097730.39999998
2019-01-14,24.671063,957445427.0,-78947401.6
2019-01-15,24.869976,956695427.0,-18652482.0
2019-01-16,25.419885,965345427.0,219882005.25
2019-01-17,25.557582,945995427.0,-494539211.7
2019-01-18,25.992997,951145427.0,133863934.55
2019-01-22,25.711398,945495427.0,-145269398.7
2019-01-23,25.720261,932095427.0,-344651497.40000004
2019-01-24,25.772507,924895427.0,-185562050.4
2019-01-25,25.994763,926145427.0,32493453.75
2019-01-28,25.925564,933295427.0,185367782.60000002
2019-01-29,25.850246,934045427.0,19387684.5
2019-01-30,25.966536,949845427.0,410271268.8
2019-01-31,25.914682,935945427.0,-360214079.8
2019-02-01,26.069486,942295427.0,165541236.1
2019-02-04,26.170856,925145427.0,-448830180.40000004
2019-02-05,26.133427,922245427.0,-75786938.3
2019-02-06,26.062489,920345427.0,-49518729.1
2019-02-07,25.818775,909245427.0,-286588402.5
2019-02-08,25.679167,910045427.0,20543333.6
2019-02-11,25.743331,904395427.0,-145449820.15
2019-02-12,26.146348,904895427.0,13073174.0
2019-02-13,26.201708,910945427.0,158520333.4
2019-02-14,25.900438,912045427.0,28490481.8
2019-02-15,26.420782,898295427.0,-363285752.5
2019-02-19,26.476765,897645427.0,-17209897.25
2019-02-20,26.630739,895045427.0,-69239921.39999999
2019-02-21,26.51203,898945427.0,103396917.0
2019-02-22,26.451282,902045427.0,81998974.2
2019-02-25,26.562972,898595427.0,-91642253.39999999
2019-02-26,26.50025,897595427.0,-26500250.0
2019-02-27,26.599806,898145427.0,14629893.3
2019-02-28,26.5385,902845427.0,124730950.0
2019-03-01,26.684735,908795427.0,158774173.25
2019-03-04,26.522,901645427.0,-189632300.0
2019-03-05,26.439471,884045427.0,-465334689.6
2019-03-06,26.250953,904745427.0,543394727.1
2019-03-07,25.977489,905595427.0,22080865.65
2019-03-08,25.978914,899845427.0,-149378755.5
2019-03-11,26.235174,895195427.0,-121993559.10000001
2019-03-12,26.281518,898645427.0,90671237.1
2019-03-13,26.472711,905195427.0,173396257.05
2019-03-14,26.587913,919995427.0,393501112.4
2019-03-15,26.622984,925045427.0,134446069.2
2019-03-18,26.895316,917645427.0,-199025338.4
2019-03-19,26.69039,924345427.0,178825613.0
2019-03-20,26.134479,924595427.0,6533619.75
2019-03-21,26.058428,908145427.0,-428661140.59999996
2019-03-22,25.33712,915945427.0,197629536.0
2019-03-25,25.238052,906895427.0,-228404370.6
2019-03-26,25.523345,895895427.0,-280756795.0
2019-03-27,25.411702,890245427.0,-143576116.29999998
2019-03-28,25.62946,871845427.0,-471582064.00000006
2019-03-29,25.712885,860845427.0,-282841735.0
2019-04-01,26.333951,849995427.0,-285723368.34999996
2019-04-02,26.330888,863295427.0,350200810.40000004
2019-04-03,26.414681,867195427.0,103017255.9
2019-04-04,26.568651,867195427.0,0.0
2019-04-05,26.591934,881045427.0,368298285.9
2019-04-08,26.63166,886245427.0,138484632.0
2019-04-09,26.400158,891295427.0,133320797.9
2019-04-10,26.488919,892995427.0,45031162.3
2019-04-11,26.636807,888195427.0,-127856673.60000001
2019-04-12,27.148497,897045427.0,240264198.45
2019-04-15,26.984553,910895427.0,373736059.04999995
2019-04-16,27.352623,917695427.0,185997836.4
2019-04-17,27.40239,924545427.0,187706371.5
2019-04-18,27.335678,921295427.0,-88840953.5
2019-04-22,27.265368,920595427.0,-19085757.599999998
2019-04-23,27.423947,919595427.0,-27423947.0
2019-04-24,27.385666,916645427.0,-80787714.7
2019-04-25,27.456328,916495427.0,-4118449.1999999997
2019-04-26,27.717022,912195427.0,-119183194.6
2019-04-29,27.976055,912795427.0,16785633.0
2019-04-30,28.022971,922345427.0,267619373.04999998
2019-05-01,27.783346,918595427.0,-104187547.5
2019-05-02,27.827049,913695427.0,-136352540.1
2019-05-03,28.06792,939895427.0,735379504.0
2019-05-06,27.885088,956645427.0,467075224.0
2019-05-07,27.414131,936045427.0,-564731098.6
2019-05-08,27.335843,928845427.0,-196818069.6
2019-05-09,27.314635,941995427.0,359187450.25
2019-05-10,27.458063,922295427.0,-540923841.1
2019-05-13,26.67059,912595427.0,-258704723.0
2019-05-14,26.886809,906845427.0,-154599151.75
2019-05-15,26.758731,900645427.0,-165904132.20000002
2019-05-16,27.05152,898695427.0,-52750464.0
2019-05-17,26.89129,901795427.0,83362999.0
2019-05-20,26.927945,898245427.0,-95594204.75
2019-05-21,27.159936,900895427.0,71973830.39999999
2019-05-22,27.024035,896395427.0,-121608157.5
2019-05-23,26.623792,895945427.0,-11980706.4
2019-05-24,26.832847,885995427.0,-266986827.65
2019-05-28,26.541263,885295427.0,-18578884.1
2019-05-29,26.514596,887445427.0,57006381.4
2019-05-30,26.400003,886245427.0,-31680003.6
2019-05-31,26.014202,882345427.0,-101455387.8
2019-06-03,26.192096,875995427.0,-166319809.6
2019-06-04,26.898644,865745427.0,-275711101.0
2019-06-05,27.054655,866395427.0,17585525.75
2019-06-06,27.16691,868045427.0,44825401.5
2019-06-07,27.117821,873045427.0,135589105.0
2019-06-10,27.357848,868395427.0,-127213993.2
2019-06-11,27.35865,873745427.0,146368777.5
2019-06-12,27.099937,874895427.0,31164927.55
2019-06-13,27.170735,880495427.0,152156116.0
2019-06-14,27.24158,878745427.0,-47672765.0
2019-06-17,26.987441,882845427.0,110648508.10000001
2019-06-18,27.341575,880845427.0,-54683150.0
2019-06-19,27.285263,880595427.0,-6821315.75
2019-06-20,27.422853,883445427.0,78155131.05
2019-06-21,27.209932,877395427.0,-164620088.6
2019-06-24,27.118855,872145427.0,-142373988.75
2019-06-25,27.022882,868295427.0,-104038095.7
2019-06-26,26.979034,870395427.0,56655971.4
2019-06-27,27.234081,871695427.0,35404305.3
2019-06-28,27.617111,879895427.0,226460310.20000002
2019-07-01,27.931125,884595427.0,131276287.5
2019-07-02,27.879976,890945427.0,177037847.6
2019-07-03,28.070619,887895427.0,-85615387.95
2019-07-05,28.177246,887445427.0,-12679760.7
2019-07-08,27.999528,894045427.0,184796884.8
2019-07-09,28.097582,890145427.0,-109580569.8
2019-07-10,27.96992,886095427.0,-113278176.0
2019-07-11,28.136097,879295427.0,-191325459.6
2019-07-12,28.307878,885895427.0,186831994.79999998
2019-07-15,28.158153,886245427.0,9855353.549999999
2019-07-16,28.085063,892395427.0,172723137.45000002
2019-07-17,27.837849,892845427.0,12527032.049999999
2019-07-18,28.069898,890595427.0,-63157270.5
2019-07-19,27.933567,883945427.0,-185758220.55
2019-07-22,27.9917,887195427.0,90973025.0
2019-07-23,28.309291,886845427.0,-9908251.850000001
2019-07-24,28.567485,889095427.0,64276841.25
2019-07-25,28.398925,896495427.0,210152045.0
2019-07-26,28.681835,890645427.0,-167788734.75
2019-07-29,28.457805,894795427.0,118099890.75
2019-07-30,28.410762,913045427.0,518496406.49999994
2019-07-31,28.289521,892345427.0,-585593084.7
2019-08-01,27.634419,891945427.0,-11053767.6
2019-08-02,27.588396,891845427.0,-2758839.6
2019-08-05,26.696888,882845427.0,-240271992.0
2019-08-06,27.097782,851695427.0,-844095909.3
2019-08-07,26.770538,844545427.0,-191409346.7
2019-08-08,27.233091,830295427.0,-388071546.75
2019-08-09,27.152394,805795427.0,-665233653.0
2019-08-12,26.644213,803095427.0,-71939375.10000001
2019-08-13,26.962097,792895427.0,-275013389.4
2019-08-14,26.006269,798345427.0,141734166.05
2019-08-15,26.087419,782895427.0,-403050623.55
2019-08-16,26.570939,777195427.0,-151454352.29999998
2019-08-19,26.83614,775445427.0,-46963245.0
2019-08-20,26.464087,784795427.0,247439213.45
2019-08-21,26.585781,778645427.0,-163502553.15
2019-08-22,26.751275,781345427.0,72228442.5
2019-08-23,26.075391,785045427.0,96478946.7
2019-08-26,26.358272,777895427.0,-188461644.79999998
2019-08-27,26.175703,779795427.0,49733835.699999996
2019-08-28,26.413802,774995427.0,-126786249.60000001
2019-08-29,26.810769,778745427.0,100540383.75
2019-08-30,26.918808,783095427.0,117096814.8
2019-09-03,26.621824,786295427.0,85189836.8
2019-09-04,26.913547,786495427.0,5382709.4
2019-09-05,27.43774,778145427.0,-229105129.0
2019-09-06,27.442058,782145427.0,109768232.0
2019-09-09,27.8661,785945427.0,105891180.0
2019-09-10,27.977774,793645427.0,215428859.8
2019-09-11,28.143691,799545427.0,166047776.9
2019-09-12,28.277735,803945427.0,124422034.0
2019-09-13,28.514392,798445427.0,-156829156.0
2019-09-16,28.380724,801895427.0,97913497.8
2019-09-17,28.408037,811795427.0,281239566.3
2019-09-18,28.531126,807195427.0,-131243179.60000001
2019-09-19,28.4196,807895427.0,19893720.0
2019-09-20,28.093052,802895427.0,-140465260.0
2019-09-23,28.140901,799245427.0,-102714288.64999999
2019-09-24,27.87645,797295427.0,-54359077.5
2019-09-25,28.079883,795095427.0,-61775742.599999994
2019-09-26,27.970865,800295427.0,145448498.0
2019-09-27,28.044874,824295427.0,673076976.0
2019-09-30,28.017057,810295427.0,-392238798.0
2019-10-01,27.435521,804945427.0,-146780037.35
2019-10-02,26.861091,798095427.0,-183998473.35
2019-10-03,26.932889,787795427.0,-277408756.7
2019-10-04,27.452139,793295427.0,150986764.5
2019-10-07,27.330898,818345427.0,684638994.9
2019-10-08,26.778477,820545427.0,58912649.4
2019-10-09,27.045798,818695427.0,-50034726.300000004
2019-10-10,27.323903,818345427.0,-9563366.05
2019-10-11,27.673341,820545427.0,60881350.2
2019-10-14,27.706049,816895427.0,-101127078.85
2019-10-15,28.074333,815145427.0,-49130082.75
2019-10-16,28.009861,821395427.0,175061631.25
2019-10-17,28.042055,822945427.0,43465185.25
2019-10-18,28.106659,825445427.0,70266647.5
2019-10-21,28.505581,828445427.0,85516743.0
2019-10-22,28.425398,827795427.0,-18476508.7
2019-10-23,28.52727,828395427.0,17116362.0
2019-10-24,28.5158,828095427.0,-8554740.0
2019-10-25,28.65848,827445427.0,-18628012.0
2019-10-28,28.801137,828245427.0,23040909.6
2019-10-29,28.883504,823095427.0,-148750045.6
2019-10-30,28.84617,846595427.0,677884995.0
2019-10-31,28.68883,825245427.0,-612506520.5
2019-11-01,29.108443,845995427.0,604000192.25
2019-11-04,29.370164,849445427.0,101327065.8
2019-11-05,29.493875,833745427.0,-463053837.5
2019-11-06,29.61501,831195427.0,-75518275.5
2019-11-07,29.837647,846995427.0,471434822.6
2019-11-08,29.845055,840495427.0,-193992857.5
2019-11-11,29.766792,852345427.0,352736485.2
2019-11-12,29.777733,853395427.0,31266619.650000002
2019-11-13,29.607757,856845427.0,102146761.64999999
2019-11-14,29.634343,858095427.0,37042928.75
2019-11-15,29.768739,862295427.0,125028703.8
2019-11-18,29.812437,863745427.0,43228033.65
2019-11-19,29.861292,864695427.0,28368227.4
2019-11-20,29.714209,860895427.0,-112913994.2
2019-11-21,29.685446,858645427.0,-66792253.5
2019-11-22,29.909598,859295427.0,19441238.7
2019-11-25,30.108808,861995427.0,81293781.6
2019-11-26,30.07367,872345427.0,311262484.5
2019-11-27,30.18836,874445427.0,63395556.0
2019-11-29,30.129477,879395427.0,149140911.15
2019-12-02,29.93856,877445427.0,-58380192.0
2019-12-03,29.545069,882245427.0,141816331.20000002
2019-12-04,29.836142,874145427.0,-241672750.2
2019-12-05,29.965574,872195427.0,-58432869.3
2019-12-06,30.369772,874145427.0,59221055.4
2019-12-09,30.283181,884395427.0,310402605.25
2019-12-10,30.28253,884395427.0,0.0
2019-12-11,30.222668,886395427.0,60445336.0
2019-12-12,30.828663,882945427.0,-106358887.35
2019-12-13,30.686496,886645427.0,113540035.2
2019-12-16,30.809565,884945427.0,-52376260.5
2019-12-17,30.961113,864245427.0,-640895039.1
2019-12-18,30.814984,867245427.0,92444952.0
2019-12-19,30.826754,855845427.0,-351424995.6
2019-12-20,30.688016,856095427.0,7672004.0
2019-12-23,30.634431,833995427.0,-677020925.1
2019-12-24,30.664777,820845427.0,-403241817.55
2019-12-26,30.840621,821045427.0,6168124.2
2019-12-27,30.798141,800895427.0,-620582541.15
2019-12-30,30.686612,803045427.0,65976215.8
2019-12-31,30.77854,793295427.0,-300090765.0
2020-01-02,31.069952,793595427.0,9320985.6
2020-01-03,30.753356,805645427.0,370577939.8
2020-01-06,30.735809,826245427.0,633157665.4
2020-01-07,30.543382,826395427.0,4581507.3
2020-01-08,30.707611,823245427.0,-96728974.65
2020-01-09,30.943663,825445427.0,68076058.60000001
2020-01-10,30.702186,829145427.0,113598088.2
2020-01-13,30.925018,849745427.0,637055370.8000001
2020-01-14,30.851295,846095427.0,-112607226.75
2020-01-15,30.682096,847845427.0,53693668.0
2020-01-16,30.922836,846345427.0,-46384254.0
2020-01-17,31.055027,847195427.0,26396772.95
2020-01-21,30.787451,848695427.0,46181176.5
2020-01-22,30.868937,848895427.0,6173787.399999999
2020-01-23,30.796951,848695427.0,-6159390.2
2020-01-24,30.380258,853445427.0,144306225.5
2020-01-27,29.914278,843795427.0,-288672782.7
2020-01-28,30.254976,838245427.0,-167915116.79999998
2020-01-29,30.207203,836995427.0,-37759003.75
2020-01-30,30.588436,818945427.0,-552121269.8000001
2020-01-31,29.982652,818695427.0,-7495663.0
2020-02-03,30.163395,813045427.0,-170423181.75
2020-02-04,30.475357,811295427.0,-53331874.75
2020-02-05,31.073521,797345427.0,-433475617.95
2020-02-06,31.039847,825845427.0,884635639.5
2020-02-07,30.930158,809895427.0,-493336020.09999996
2020-02-10,30.994514,810495427.0,18596708.4
2020-02-11,31.119203,812745427.0,70018206.75
2020-02-12,31.143701,812595427.0,-4671555.15
2020-02-13,31.138178,814195427.0,49821084.8
2020-02-14,31.16577,813795427.0,-12466308.0
2020-02-18,30.891422,811495427.0,-71050270.6
2020-02-19,31.119354,808195427.0,-102693868.2
2020-02-20,31.079542,808595427.0,12431816.8
2020-02-21,30.778332,805945427.0,-81562579.8
2020-02-24,29.774205,799745427.0,-184600071.0
2020-02-25,28.764188,798945427.0,-23011350.400000002
2020-02-26,28.570715,787345427.0,-331420294.0
2020-02-27,27.325444,770745427.0,-453602370.40000004
2020-02-28,26.633861,755945427.0,-394181142.8
2020-03-02,27.929718,745095427.0,-303037440.3
2020-03-03,26.889815,739095427.0,-161338890.0
2020-03-04,27.775481,737845427.0,-34719351.25
2020-03-05,26.43826,740095427.0,59486085.0
2020-03-06,25.570522,730045427.0,-256983746.1
2020-03-09,22.793616,712045427.0,-410285088.0
2020-03-10,24.165446,676945427.0,-848207154.6
2020-03-11,22.834971,655845427.0,-481817888.09999996
2020-03-12,20.383454,651295427.0,-92744715.7
2020-03-13,23.077007,671045427.0,455770888.24999994
2020-03-16,19.858567,640345427.0,-609658006.9
2020-03-17,21.002473,647745427.0,155418300.2
2020-03-18,19.149746,666195427.0,353312813.7
2020-03-19,19.582784,687395427.0,415155020.8
2020-03-20,18.944245,689945427.0,48307824.75
2020-03-23,17.639725,691645427.0,29987532.499999996
2020-03-24,19.884279,706945427.0,304229468.7
2020-03-25,20.411215,715545427.0,175536449.0
2020-03-26,21.721027,732895427.0,376859818.45
2020-03-27,21.003389,731345427.0,-32555252.95
2020-03-30,21.433982,712545427.0,-402958861.6
2020-03-31,20.795862,716895427.0,90461999.7
2020-04-01,19.557299,717645427.0,14667974.25
2020-04-02,20.041342,700645427.0,-340702814.0
2020-04-03,19.619115,680645427.0,-392382300.0
2020-04-06,21.079533,680595427.0,-1053976.6500000001
2020-04-07,21.27941,695695427.0,321319091.0
2020-04-08,22.213865,698895427.0,71084368.0
2020-04-09,23.364822,716395427.0,408884385.0
2020-04-13,22.530144,771295427.0,1236904905.6
2020-04-14,22.604157,768795427.0,-56510392.5
2020-04-15,21.62397,760995427.0,-168666966.0
2020-04-16,21.249189,751545427.0,-200804836.05
2020-04-17,22.429614,746045427.0,-123362877.0
2020-04-20,21.99127,746695427.0,14294325.5
2020-04-21,21.288479,743545427.0,-67058708.849999994
2020-04-22,21.519852,724945427.0,-400269247.2
2020-04-23,21.42748,729445427.0,96423660.0
2020-04-24,21.729467,728695427.0,-16297100.25
2020-04-27,22.514786,726545427.0,-48406789.9
2020-04-28,22.720356,742145427.0,354437553.59999996
2020-04-29,23.406022,762745427.0,482164053.2
2020-04-30,22.7806,771345427.0,195913160.0
2020-05-01,22.036734,762695427.0,-190617749.1
2020-05-04,21.835268,754195427.0,-185599778.0
2020-05-05,21.819922,755145427.0,20728925.9
2020-05-06,21.317288,748395427.0,-143891694.0
2020-05-07,21.812272,767845427.0,424248690.4
2020-05-08,22.290415,741195427.0,-594039559.75
2020-05-11,21.85864,747095427.0,128965976.0
2020-05-12,21.276814,742645427.0,-94681822.30000001
2020-05-13,20.639139,737295427.0,-110419393.65
2020-05-14,21.188695,731495427.0,-122894431.0
2020-05-15,21.034477,733845427.0,49431020.949999996
2020-05-18,22.150797,727595427.0,-138442481.25
2020-05-19,21.595882,739545427.0,258070789.9
2020-05-20,22.074892,740445427.0,19867402.799999997
2020-05-21,21.996968,735795427.0,-102285901.19999999
2020-05-22,21.94441,735995427.0,4388882.0
2020-05-26,23.050221,732745427.0,-74913218.25
2020-05-27,24.048653,746145427.0,322251950.20000005
2020-05-28,23.67585,768295427.0,524420077.5
2020-05-29,23.395948,762345427.0,-139205890.6
2020-06-01,23.66824,757595427.0,-112424140.0
2020-06-02,23.862266,760145427.0,60848778.300000004
2020-06-03,24.774322,770595427.0,258891664.9
2020-06-04,25.282388,778695427.0,204787342.8
2020-06-05,26.258209,793095427.0,378118209.6
2020-06-08,26.718358,820345427.0,728075255.5
2020-06-09,26.159775,835245427.0,389780647.5
2020-06-10,25.180739,822995427.0,-308464052.75
2020-06-11,23.126751,799695427.0,-538853298.3
2020-06-12,23.82623,706595427.0,-2218222013.0
2020-06-15,24.154424,701995427.0,-111110350.39999999
2020-06-16,24.502106,714345427.0,302601009.1
2020-06-17,24.167086,723295427.0,216295419.70000002
2020-06-18,24.147862,724795427.0,36221793.0
2020-06-19,23.985526,716195427.0,-206275523.6
2020-06-22,23.720352,709995427.0,-147066182.39999998
2020-06-23,23.819226,702695427.0,-173880349.8
2020-06-24,22.98499,705645427.0,67805720.5
2020-06-25,23.605256,700495427.0,-121567068.4
2020-06-26,22.585159,709345427.0,199878657.15
2020-06-29,22.815591,695195427.0,-322840612.65000004
2020-06-30,23.172804,696095427.0,20855523.599999998
2020-07-01,22.935517,708695427.0,288987514.2
2020-07-02,22.975065,714295427.0,128660364.0
2020-07-06,23.422648,703295427.0,-257649128.0
2020-07-07,22.937723,706895427.0,82575802.8
2020-07-08,23.179247,707395427.0,11589623.5
2020-07-09,22.682886,716695427.0,210950839.8
2020-07-10,23.469759,718345427.0,38725102.35
2020-07-13,23.544416,730695427.0,290773537.59999996
2020-07-14,23.708921,751245427.0,487218326.55
2020-07-15,24.16047,754195427.0,71273386.5
2020-07-16,24.152161,742445427.0,-283787891.75
2020-07-17,23.948596,727995427.0,-346057212.2
2020-07-20,23.859815,729395427.0,33403741.0
2020-07-21,24.31379,726945427.0,-59568785.5
2020-07-22,24.292851,731095427.0,100815331.64999999
2020-07-23,24.33606,726045427.0,-122897103.0
2020-07-24,24.251386,722345427.0,-89730128.2
2020-07-27,24.054819,718595427.0,-90205571.25
2020-07-28,23.988161,714645427.0,-94753235.95
2020-07-29,24.471012,715395427.0,18353259.0
2020-07-30,24.026688,715095427.0,-7208006.4
2020-07-31,24.041626,726995427.0,286095349.40000004
2020-08-03,24.090986,702095427.0,-599865551.4
2020-08-04,23.985156,705295427.0,76752499.2
2020-08-05,24.335276,703745427.0,-37719677.8
2020-08-06,24.304524,708695427.0,120307393.8
2020-08-07,24.834381,715045427.0,157698319.35
2020-08-10,24.993384,726095427.0,276176893.2
2020-08-11,25.317619,730645427.0,115195166.45
2020-08-12,25.244636,738345427.0,194383697.2
2020-08-13,25.096828,733495427.0,-121719615.8
2020-08-14,25.160088,733095427.0,-10064035.2
2020-08-17,24.774729,734845427.0,43355775.75
2020-08-18,24.610829,724145427.0,-263335870.29999998
2020-08-19,24.593861,718695427.0,-134036542.45
2020-08-20,24.374149,715395427.0,-80434691.7
2020-08-21,24.309245,715745427.0,8508235.75
2020-08-24,24.875182,709595427.0,-152982369.29999998
2020-08-25,24.94384,717345427.0,193314760.0
2020-08-26,24.824596,725545427.0,203561687.2
2020-08-27,25.258204,728395427.0,71985881.39999999
2020-08-28,25.371948,739595427.0,284165817.6
2020-08-31,25.067453,744245427.0,116563656.45
2020-09-01,25.122143,740645427.0,-90439714.8
2020-09-02,25.498277,739095427.0,-39522329.35
2020-09-03,25.114855,740645427.0,38928025.25
2020-09-04,25.308704,740395427.0,-6327176.0
2020-09-08,24.653991,744545427.0,102314062.65
2020-09-09,24.883052,730295427.0,-354583491.0
2020-09-10,24.534342,725945427.0,-106724387.69999999
2020-09-11,24.719447,723395427.0,-63034589.849999994
2020-09-14,25.045632,721545427.0,-46334419.2
2020-09-15,24.707102,723945427.0,59297044.8
2020-09-16,24.982816,719245427.0,-117419235.2
2020-09-17,24.736728,726445427.0,178104441.6
2020-09-18,24.676619,725895427.0,-13572140.45
2020-09-21,23.930732,726645427.0,17948049.0
2020-09-22,23.729307,732995427.0,150681099.45
2020-09-23,23.209904,711645427.0,-495531450.40000004
2020-09-24,23.254682,701745427.0,-230221351.79999998
2020-09-25,23.502077,696195427.0,-130436527.35
2020-09-28,24.033926,685195427.0,-264373186.0
2020-09-29,23.764352,695245427.0,238831737.6
2020-09-30,24.060878,692545427.0,-64964370.599999994
2020-10-01,24.116152,691845427.0,-16881306.4
2020-10-02,24.285624,687995427.0,-93499652.39999999
2020-10-05,24.69481,708045427.0,495130940.5
2020-10-06,24.440126,701645427.0,-156416806.4
2020-10-07,24.864548,716745427.0,375454674.8
2020-10-08,25.206302,718445427.0,42850713.4
2020-10-09,25.222823,721845427.0,85757598.2
2020-10-12,25.509426,723795427.0,49743380.7
2020-10-13,25.034749,733295427.0,237830115.5
2020-10-14,24.768203,729695427.0,-89165530.8
2020-10-15,24.971905,731895427.0,54938191.0
2020-10-16,24.991709,731695427.0,-4998341.8
2020-10-19,24.599139,732395427.0,17219397.3
2020-10-20,24.799626,729345427.0,-75638859.3
2020-10-21,24.695845,732045427.0,66678781.49999999
2020-10-22,25.158357,732495427.0,11321260.649999999
2020-10-23,25.247348,733595427.0,27772082.799999997
2020-10-26,24.684541,740845427.0,178962922.25
2020-10-27,24.217928,730945427.0,-239757487.20000002
2020-10-28,23.622249,729595427.0,-31890036.15
2020-10-29,23.786988,722245427.0,-174834361.8
2020-10-30,23.864264,718795427.0,-82331710.8
2020-11-02,24.328847,717895427.0,-21895962.3
2020-11-03,24.861183,727445427.0,237424297.65
2020-11-04,24.546481,742895427.0,379243131.45
2020-11-05,25.152492,738145427.0,-119474337.0
2020-11-06,24.951405,741595427.0,86082347.25
2020-11-09,26.985468,737595427.0,-107941872.0
2020-11-10,27.18233,762595427.0,679558250.0
2020-11-11,27.046502,759495427.0,-83844156.2
2020-11-12,26.601481,763895427.0,117046516.4
2020-11-13,27.022192,757245427.0,-179697576.8
2020-11-16,27.63655,754845427.0,-66327720.0
2020-11-17,27.581146,758445427.0,99292125.6
2020-11-18,27.331544,761295427.0,77894900.4
2020-11-19,27.416887,773595427.0,337227710.09999996
2020-11-20,27.177229,773595427.0,0.0
2020-11-23,27.691053,771995427.0,-44305684.8
2020-11-24,28.667208,782895427.0,312472567.2
2020-11-25,28.54898,787845427.0,141317451.0
2020-11-27,28.431734,799895427.0,342602394.7
2020-11-30,27.89069,801295427.0,39046966.0
2020-12-01,28.332847,798445427.0,-80748613.95
2020-12-02,28.630931,792895427.0,-158901667.05
2020-12-03,28.651688,804145427.0,322331490.0
2020-12-04,28.974245,799345427.0,-139076376.0
2020-12-07,28.770833,808495427.0,263253121.95
2020-12-08,28.753664,808795427.0,8626099.2
2020-12-09,28.699457,816595427.0,223855764.6
2020-12-10,28.746906,820345427.0,107800897.5
2020-12-11,28.472236,824695427.0,123854226.6
2020-12-14,28.127893,828495427.0,106885993.4
2020-12-15,28.599861,816995427.0,-328898401.5
2020-12-16,28.633773,824195427.0,206163165.60000002
2020-12-17,28.738145,830295427.0,175302684.5
2020-12-18,28.513964,830095427.0,-5702792.800000001
2020-12-21,28.712735,828395427.0,-48811649.5
2020-12-22,28.436028,830445427.0,58293857.4
2020-12-23,28.890863,830045427.0,-11556345.2
2020-12-24,28.92029,835745427.0,164845653.0
2020-12-28,29.067469,842945427.0,209285776.79999998
2020-12-29,28.967839,836995427.0,-172358642.05
2020-12-30,29.090651,839195427.0,63999432.2
2020-12-31,29.476461,839045427.0,-4421469.15
2021-01-04,29.079317,844095427.0,146850550.85
2021-01-05,29.211256,851695427.0,222005545.6
2021-01-06,30.481981,858745427.0,214897966.05
2021-01-07,30.955126,911195427.0,1623596358.7
2021-01-08,30.896266,916795427.0,173019089.6
2021-01-11,31.027454,932445427.0,485579655.09999996
2021-01-12,31.356701,944145427.0,366873401.7
2021-01-13,31.310106,953645427.0,297446007.0
2021-01-14,31.467652,959645427.0,188805912.0
2021-01-15,30.908556,979495427.0,613534836.6
2021-01-19,31.041684,983895427.0,136583409.6
2021-01-20,30.896315,1009145427.0,780131953.75
2021-01-21,30.570941,1001695427.0,-227753510.45000002
2021-01-22,30.349927,998445427.0,-98637262.75
2021-01-25,30.118227,1003995427.0,167156159.85
2021-01-26,29.8774,998095427.0,-176276660.0
2021-01-27,29.000543,992745427.0,-155152905.05
2021-01-28,29.560581,982195427.0,-311864129.55
2021-01-29,28.979329,1009945427.0,804176379.75
2021-02-01,29.302272,977645427.0,-946463385.5999999
2021-02-02,30.021949,965845427.0,-354258998.2
2021-02-03,30.175472,973245427.0,223298492.79999998
2021-02-04,30.868505,978545427.0,163603076.5
2021-02-05,30.89469,965745427.0,-395452032.0
2021-02-08,31.271463,974845427.0,284570313.3
2021-02-09,31.303977,973395427.0,-45390766.65
2021-02-10,31.284603,980495427.0,222120681.3
2021-02-11,31.223913,976445427.0,-126456847.64999999
2021-02-12,31.522867,972245427.0,-132396041.4
2021-02-16,32.083777,985095427.0,412276534.45
2021-02-17,32.199316,984995427.0,-3219931.6
2021-02-18,32.040552,990345427.0,171416953.2
2021-02-19,32.41124,982795427.0,-244704862.0
2021-02-22,32.727386,984945427.0,70363879.9
2021-02-23,32.891473,1025345427.0,1328815509.1999998
2021-02-24,33.552937,1048245427.0,768362257.3
2021-02-25,32.94574,1054695427.0,212500023.0
2021-02-26,32.299661,1064395427.0,313306711.7
2021-03-01,33.312508,1065145427.0,24984381.0
2021-03-02,33.213559,1076245427.0,368670504.9
2021-03-03,33.465358,1068595427.0,-256009988.70000002
2021-03-04,33.081457,1086095427.0,578925497.5
2021-03-05,33.71081,1075045427.0,-372504450.5
2021-03-08,34.144982,1082895427.0,268038108.7
2021-03-09,33.858455,1088495427.0,189607348.0
2021-03-10,34.505866,1099195427.0,369212766.2
2021-03-11,34.410999,1099495427.0,10323299.7
2021-03-12,34.785122,1082845427.0,-579172281.3000001
2021-03-15,34.593105,1106195427.0,807749001.75
2021-03-16,34.206896,1106495427.0,10262068.8
2021-03-17,34.429972,1095245427.0,-387337185.0
2021-03-18,34.626276,1100845427.0,193907145.6
2021-03-19,34.212017,1104195427.0,114610256.95
2021-03-22,33.619322,1089695427.0,-487480168.99999994
2021-03-23,33.146111,1088445427.0,-41432638.75
2021-03-24,33.290046,1093945427.0,183095252.99999997
2021-03-25,33.813523,1104045427.0,341516582.3
2021-03-26,34.387345,1110695427.0,228675844.25000003
2021-03-29,34.069439,1117895427.0,245299960.8
2021-03-30,34.320913,1116545427.0,-46333232.55
2021-03-31,34.017296,1121745427.0,176889939.20000002
2021-04-01,34.452197,1129795427.0,277340185.84999996
2021-04-05,34.731503,1130795427.0,34731503.0
2021-04-06,34.696202,1122645427.0,-282774046.3
2021-04-07,34.837851,1116795427.0,-203801428.35
2021-04-08,34.835623,1117645427.0,29610279.549999997
2021-04-09,35.134232,1107295427.0,-363639301.2
2021-04-12,35.286491,1113745427.0,227597866.95
2021-04-13,34.961775,1109895427.0,-134602833.75
2021-04-14,35.193129,1107045427.0,-100300417.64999999
2021-04-15,35.160278,1110095427.0,107238847.89999999
2021-04-16,35.390864,1111145427.0,37160407.2
2021-04-19,35.290004,1120245427.0,321139036.40000004
2021-04-20,34.650941,1124045427.0,131673575.80000001
2021-04-21,35.130789,1116795427.0,-254698220.25
2021-04-22,34.742253,1118195427.0,48639154.199999996
2021-04-23,35.382656,1115145427.0,-107917100.8
2021-04-26,35.500393,1117495427.0,83425923.55000001
2021-04-27,35.823174,1115945427.0,-55525919.7
2021-04-28,35.925257,1124845427.0,319734787.3
2021-04-29,36.582314,1129095427.0,155474834.5
2021-04-30,36.245369,1136045427.0,251905314.54999998
2021-05-03,36.438013,1138295427.0,81985529.25
2021-05-04,36.690805,1144145427.0,214641209.24999997
2021-05-05,37.03432,1143945427.0,-7406864.0
2021-05-06,37.567133,1151945427.0,300537064.0
2021-05-07,37.770258,1160795427.0,334266783.3
2021-05-10,37.729492,1161345427.0,20751220.6
2021-05-11,37.100225,1156595427.0,-176226068.75
2021-05-12,36.620655,1151295427.0,-194089471.5
2021-05-13,37.314176,1155495427.0,156719539.20000002
2021-05-14,37.889528,1171795427.0,617599306.4
2021-05-17,37.939002,1185395427.0,515970427.20000005
2021-05-18,37.430979,1187695427.0,86091251.7
2021-05-19,37.19579,1186945427.0,-27896842.5
2021-05-20,37.229987,1187245427.0,11168996.1
2021-05-21,37.56396,1181745427.0,-206601780.0
2021-05-24,37.74259,1182345427.0,22645554.0
2021-05-25,37.382678,1174395427.0,-297192290.09999996
2021-05-26,37.507226,1170545427.0,-144402820.10000002
2021-05-27,37.952833,1171945427.0,53133966.199999996
2021-05-28,37.973373,1177195427.0,199360208.25
2021-06-01,38.222312,1180695427.0,133778092.00000001
2021-06-02,38.269774,1182895427.0,84193502.8
2021-06-03,38.38424,1191495427.0,330104464.0
2021-06-04,38.454244,1198245427.0,259566147.00000003
2021-06-07,38.212829,1199145427.0,34391546.1
2021-06-08,38.137481,1195295427.0,-146829301.85
2021-06-09,37.740189,1200545427.0,198135992.25
2021-06-10,37.319963,1191295427.0,-345209657.75
2021-06-11,37.54514,1183295427.0,-300361120.0
2021-06-14,37.164623,1185245427.0,72471014.85
2021-06-15,37.250975,1179245427.0,-223505849.99999997
2021-06-16,37.201701,1184945427.0,212049695.7
2021-06-17,36.114283,1194245427.0,335862831.9
2021-06-18,35.23186,1169595427.0,-868465348.9999999
2021-06-21,35.914706,1129045427.0,-1456341328.3000002
2021-06-22,35.951876,1144195427.0,544670921.4
2021-06-23,36.050084,1135045427.0,-329858268.59999996
2021-06-24,36.485532,1130645427.0,-160536340.79999998
2021-06-25,36.941143,1135195427.0,168082200.64999998
2021-06-28,36.643304,1140445427.0,192377346.0
2021-06-29,36.529846,1113945427.0,-968040919.0
2021-06-30,36.701422,1111895427.0,-75237915.10000001
2021-07-01,36.987272,1110345427.0,-57330271.599999994
2021-07-02,36.936256,1114445427.0,151438649.6
2021-07-06,36.364238,1109995427.0,-161820859.1
2021-07-07,36.395596,1099195427.0,-393072436.79999995
2021-07-08,35.681581,1094795427.0,-156998956.4
2021-07-09,36.704018,1087945427.0,-251422523.29999998
2021-07-12,37.056467,1091695427.0,138961751.25
2021-07-13,36.662597,1096295427.0,168647946.2
2021-07-14,36.481605,1094745427.0,-56546487.75
2021-07-15,36.623255,1088795427.0,-217908367.25
2021-07-16,36.133408,1074945427.0,-500447700.8
2021-07-19,35.124065,1070895427.0,-142252463.25
2021-07-20,35.971534,1063295427.0,-273383658.4
2021-07-21,36.584774,1069145427.0,214020927.9
2021-07-22,36.206214,1085445427.0,590161288.2
2021-07-23,36.252136,1082145427.0,-119632048.8
2021-07-26,36.451342,1081795427.0,-12757969.7
2021-07-27,36.468481,1087545427.0,209693765.74999997
2021-07-28,36.395276,1086345427.0,-43674331.2
2021-07-29,36.794337,1092095427.0,211567437.75
2021-07-30,36.538116,1089795427.0,-84037666.80000001
2021-08-02,36.506811,1076545427.0,-483715245.75
2021-08-03,36.91834,1071345427.0,-191975368.0
2021-08-04,36.639012,1070995427.0,-12823654.200000001
2021-08-05,37.099251,1055645427.0,-569473502.85
2021-08-06,37.847418,1054795427.0,-32170305.299999997
2021-08-09,37.964364,1070195427.0,584651205.6
2021-08-10,38.346039,1075045427.0,185978289.14999998
2021-08-11,38.792661,1081895427.0,265729727.85000002
2021-08-12,38.851452,1095395427.0,524494602.0
2021-08-13,38.569192,1102895427.0,289268940.0
2021-08-16,38.502588,1105695427.0,107807246.4
2021-08-17,38.180368,1110895427.0,198537913.6
2021-08-18,37.739505,1106195427.0,-177375673.5
2021-08-19,37.453489,1108245427.0,76779652.44999999
2021-08-20,37.684726,1098695427.0,-359889133.29999995
2021-08-23,37.983197,1098145427.0,-20890758.349999998
2021-08-24,38.237414,1101345427.0,122359724.8
2021-08-25,38.701342,1109095427.0,299935400.5
2021-08-26,38.493848,1119895427.0,415733558.4
2021-08-27,38.997681,1120145427.0,9749420.25
2021-08-30,38.430564,1124245427.0,157565312.39999998
2021-08-31,38.407054,1130045427.0,222760913.20000002
2021-09-01,38.170899,1126545427.0,-133598146.5
2021-09-02,38.295709,1125645427.0,-34466138.1
2021-09-03,38.077111,1125045427.0,-22846266.6
2021-09-07,37.862111,1107895427.0,-649335203.65
2021-09-08,37.734785,1094395427.0,-509419597.50000006
2021-09-09,37.834845,1085695427.0,-329163151.5
2021-09-10,37.589204,1085295427.0,-15035681.600000001
2021-09-13,38.015031,1080395427.0,-186273651.9
2021-09-14,37.483725,1079095427.0,-48728842.5
2021-09-15,37.836694,1077995427.0,-41620363.4
2021-09-16,37.751546,1083945427.0,224621698.7
2021-09-17,37.56729,1081745427.0,-82648038.0
2021-09-20,36.575845,1065545427.0,-592528689.0
2021-09-21,36.522859,1052395427.0,-480275595.84999996
2021-09-22,37.099503,1058495427.0,226306968.29999998
2021-09-23,38.023451,1066395427.0,300385262.90000004
2021-09-24,38.230638,1078345427.0,456856124.09999996
2021-09-27,38.730203,1080495427.0,83269936.45
2021-09-28,38.11728,1090545427.0,383078664.0
2021-09-29,38.147531,1084545427.0,-228885186.0
2021-09-30,37.532261,1089545427.0,187661305.0
2021-10-01,38.128751,1076745427.0,-488048012.8
2021-10-04,37.847561,1086145427.0,355767073.4
2021-10-05,38.544908,1094695427.0,329558963.4
2021-10-06,38.605655,1090545427.0,-160213468.25
2021-10-07,38.836837,1096445427.0,229137338.3
2021-10-08,39.021956,1103045427.0,257544909.60000002
2021-10-11,38.627936,1104645427.0,61804697.599999994
2021-10-12,38.508829,1107595427.0,113601045.55
2021-10-13,38.262685,1110845427.0,124353726.24999999
2021-10-14,38.919861,1108545427.0,-89515680.3
2021-10-15,39.50582,1110345427.0,71110476.0
2021-10-18,39.508903,1128245427.0,707209363.6999999
2021-10-19,39.898748,1121495427.0,-269316549.0
2021-10-20,40.216822,1129945427.0,339832145.9
2021-10-21,40.074082,1138195427.0,330611176.5
2021-10-22,40.603891,1123895427.0,-580635641.3
2021-10-25,40.540979,1127945427.0,164190964.95
2021-10-26,40.606425,1128795427.0,34515461.25
2021-10-27,39.920092,1133495427.0,187624432.39999998
2021-10-28,40.424539,1119045427.0,-584134588.5500001
2021-10-29,40.26382,1126195427.0,287886313.0
2021-11-01,40.298053,1125345427.0,-34253345.050000004
2021-11-02,40.365668,1129145427.0,153389538.4
2021-11-03,40.524431,1137395427.0,334326555.75
2021-11-04,39.989352,1143745427.0,253932385.2
2021-11-05,40.018106,1132595427.0,-446201881.90000004
2021-11-08,40.228674,1133795427.0,48274408.8
2021-11-09,40.009962,1136445427.0,106026399.3
2021-11-10,39.939041,1137045427.0,23963424.6
2021-11-11,40.06264,1137945427.0,36056376.0
2021-11-12,40.137865,1140595427.0,106365342.25
2021-11-15,40.146612,1138245427.0,-94344538.19999999
2021-11-16,40.081598,1138995427.0,30061198.5
2021-11-17,39.637596,1136095427.0,-114949028.4
2021-11-18,39.448551,1129645427.0,-254443153.95000002
2021-11-19,39.010151,1126545427.0,-120931468.1
2021-11-22,39.571239,1111745427.0,-585654337.1999999
2021-11-23,40.184371,1116645427.0,196903417.9
2021-11-24,40.094049,1117045427.0,16037619.6
2021-11-26,38.782809,1117595427.0,21330544.95
2021-11-29,38.909502,1108945427.0,-336567192.3
2021-11-30,37.975853,1106445427.0,-94939632.5
2021-12-01,37.563872,1083795427.0,-850821700.8000001
2021-12-02,38.643208,1079445427.0,-168097954.8
2021-12-03,38.048113,1081695427.0,85608254.25
2021-12-06,38.58806,1079495427.0,-84893732.0
2021-12-07,39.281041,1087395427.0,310320223.90000004
2021-12-08,39.102232,1112845427.0,995151804.4
2021-12-09,39.006063,1116695427.0,150173342.54999998
2021-12-10,39.060349,1110495427.0,-242174163.8
2021-12-13,38.612704,1111845427.0,52127150.4
2021-12-14,38.853491,1111195427.0,-25254769.15
2021-12-15,38.980565,1110295427.0,-35082508.5
2021-12-16,39.457395,1121445427.0,439949954.25
2021-12-17,38.572076,1120195427.0,-48215095.0
2021-12-20,37.657394,1106795427.0,-504609079.59999996
2021-12-21,38.414504,1099195427.0,-291950230.40000004
2021-12-22,38.60186,1107795427.0,331975996.0
2021-12-23,38.812858,1118795427.0,426941438.0
2021-12-27,39.195464,1130095427.0,442908743.2
2021-12-28,39.213907,1135595427.0,215676488.5
2021-12-29,39.187486,1144045427.0,331134256.7
2021-12-30,39.095299,1145045427.0,39095299.0
2021-12-31,39.046504,1145595427.0,21475577.2
2022-01-03,39.531964,1128695427.0,-668090191.6
2022-01-04,40.55978,1157895427.0,1184345576.0
2022-01-05,40.080186,1165345427.0,298597385.7
2022-01-06,40.702053,1169395427.0,164843314.65
2022-01-07,41.168612,1179745427.0,426095134.20000005
2022-01-10,41.045602,1187095427.0,301685174.7
2022-01-11,41.38846,1186745427.0,-14485961.0
2022-01-12,41.404928,1198395427.0,482367411.2
2022-01-13,41.235594,1201695427.0,136077460.2
2022-01-14,40.825194,1201545427.0,-6123779.100000001
2022-01-18,39.889329,1211595427.0,400887756.45
2022-01-19,39.2308,1207295427.0,-168692440.0
2022-01-20,38.986484,1196645427.0,-415206054.59999996
2022-01-21,38.200236,1194995427.0,-63030389.39999999
2022-01-24,38.291305,1191145427.0,-147421524.25
2022-01-25,38.470089,1201245427.0,388547898.90000004
2022-01-26,38.57516,1213495427.0,472545709.99999994
2022-01-27,38.220364,1214045427.0,21021200.2
2022-01-28,38.718349,1212845427.0,-46462018.800000004
2022-01-31,39.065302,1215295427.0,95709989.9
2022-02-01,39.624251,1226095427.0,427941910.8
2022-02-02,39.884592,1223045427.0,-121648005.6
2022-02-03,39.434462,1218745427.0,-169568186.60000002
2022-02-04,40.094947,1215045427.0,-148351303.9
2022-02-07,40.230721,1220195427.0,207188213.15
2022-02-08,40.786626,1222345427.0,87691245.89999999
2022-02-09,41.030065,1248545427.0,1074987703.0
2022-02-10,40.692781,1248495427.0,-2034639.0499999998
2022-02-11,40.104802,1255045427.0,262686453.1
2022-02-14,39.663604,1250745427.0,-170553497.2
2022-02-15,40.209244,1246845427.0,-156816051.6
2022-02-16,40.211693,1247095427.0,10052923.25
2022-02-17,39.245133,1235295427.0,-463092569.40000004
2022-02-18,39.198145,1230345427.0,-194030817.74999997
2022-02-22,39.034544,1222295427.0,-314228079.2
2022-02-23,38.343997,1223795427.0,57515995.5
2022-02-24,37.899004,1217795427.0,-227394024.0
2022-02-25,39.096957,1212295427.0,-215033263.50000003
2022-02-28,38.534907,1205345427.0,-267817603.64999998
2022-03-01,37.115764,1202295427.0,-113203080.2
2022-03-02,38.063402,1193045427.0,-352086468.50000006
2022-03-03,37.963985,1192245427.0,-30371188.0
2022-03-04,37.227877,1186295427.0,-221505868.15
2022-03-07,35.868361,1177095427.0,-329988921.2
2022-03-08,35.671287,1164095427.0,-463726731.0
2022-03-09,36.965066,1168345427.0,157101530.5
2022-03-10,36.673919,1175795427.0,273220696.55
2022-03-11,36.411168,1159945427.0,-577117012.8000001
2022-03-14,36.867407,1152045427.0,-291252515.3
2022-03-15,37.349816,1156145427.0,153134245.6
2022-03-16,38.428415,1174795427.0,716689939.75
2022-03-17,38.905544,1175695427.0,35014989.6
2022-03-18,39.018578,1179145427.0,134614094.1
2022-03-21,38.817763,1175895427.0,-126157729.75
2022-03-22,39.43769,1185345427.0,372686170.50000006
2022-03-23,38.712937,1190145427.0,185822097.6
2022-03-24,39.004715,1194445427.0,167720274.5
2022-03-25,39.513554,1197695427.0,128419050.5
2022-03-28,39.395828,1207395427.0,382139531.6
2022-03-29,39.488159,1207545427.0,5923223.850000001
2022-03-30,39.218886,1207095427.0,-17648498.7
2022-03-31,38.312185,1204795427.0,-88118025.5
2022-04-01,38.232383,1197595427.0,-275273157.59999996
2022-04-04,38.050868,1184545427.0,-496563827.40000004
2022-04-05,37.796134,1142295427.0,-1596886661.5
2022-04-06,37.548884,1133795427.0,-319165514.0
2022-04-07,37.515284,1122495427.0,-423922709.2
2022-04-08,37.89164,1117995427.0,-170512380.0
2022-04-11,37.710917,1115645427.0,-88620654.95
2022-04-12,37.315375,1112495427.0,-117543431.25000001
2022-04-13,37.285205,1114345427.0,68977629.25
2022-04-14,36.896924,1112295427.0,-75638694.2
2022-04-18,37.122507,1110895427.0,-51971509.8
2022-04-19,37.610394,1116145427.0,197454568.5
2022-04-20,37.867996,1117895427.0,66268993.0
2022-04-21,37.287603,1084595427.0,-1241677179.8999999
2022-04-22,36.171684,1081145427.0,-124792309.8
2022-04-25,36.230647,1072995427.0,-295279773.04999995
2022-04-26,35.30993,1072445427.0,-19420461.5
2022-04-27,35.275248,1066245427.0,-218706537.6
2022-04-28,35.741922,1071495427.0,187645090.5
2022-04-29,34.536332,1091545427.0,692453456.6
2022-05-02,34.544902,1064795427.0,-924076128.5
2022-05-03,34.98017,1055045427.0,-341056657.5
2022-05-04,36.033519,1050045427.0,-180167595.0
2022-05-05,34.994112,1054995427.0,173220854.4
2022-05-06,34.744993,1045545427.0,-328340183.85
2022-05-09,33.896703,1035795427.0,-330492854.25
2022-05-10,33.626583,1024495427.0,-379980387.9
2022-05-11,33.290204,1028345427.0,128167285.4
2022-05-12,33.064616,1025545427.0,-92580924.8
2022-05-13,33.517632,1020395427.0,-172615804.79999998
2022-05-16,33.257343,1012195427.0,-272710212.59999996
2022-05-17,34.152262,1007745427.0,-151977565.9
2022-05-18,33.200162,1003645427.0,-136120664.2
2022-05-19,32.970952,988695427.0,-492915732.4
2022-05-20,32.930773,980445427.0,-271678877.25
2022-05-23,33.998278,979795427.0,-22098880.7
2022-05-24,33.918744,990295427.0,356146811.99999994
2022-05-25,34.191726,986645427.0,-124799799.9
2022-05-26,34.962096,985895427.0,-26221572.000000004
2022-05-27,35.588159,979795427.0,-217087769.89999998
2022-05-31,35.477088,976045427.0,-133039080.0
2022-06-01,34.886697,964095427.0,-416896029.15
2022-06-02,35.396429,967395427.0,116808215.69999999
2022-06-03,34.861176,972745427.0,186507291.6
2022-06-06,34.994191,970345427.0,-83986058.4
2022-06-07,35.233831,971995427.0,58135821.150000006
2022-06-08,34.635256,973245427.0,43294070.0
2022-06-09,33.741866,970295427.0,-99538504.7
2022-06-10,32.512168,962795427.0,-243841260.00000003
2022-06-13,31.555744,954395427.0,-265068249.6
2022-06-14,31.264237,968045427.0,426756835.05
2022-06-15,31.65237,963895427.0,-131357335.5
2022-06-16,30.847309,965495427.0,49355694.4
2022-06-17,30.942599,952695427.0,-396065267.2
2022-06-21,31.399942,943395427.0,-292019460.59999996
2022-06-22,31.319014,946745427.0,104918696.89999999
2022-06-23,31.176735,939845427.0,-215119471.5
2022-06-24,32.358069,940995427.0,37211779.35
2022-06-27,32.217438,936045427.0,-159476318.1
2022-06-28,31.919818,936395427.0,11171936.299999999
2022-06-29,31.724748,934945427.0,-46000884.6
2022-06-30,31.450948,928995427.0,-187133140.6
2022-07-01,31.900321,925295427.0,-118031187.7
2022-07-05,31.77564,924945427.0,-11121474.0
2022-07-06,31.696194,912045427.0,-408880902.59999996
2022-07-07,32.158148,914745427.0,86826999.6
2022-07-08,32.094916,919095427.0,139612884.6
2022-07-11,31.828718,916795427.0,-73206051.39999999
2022-07-12,31.628111,911545427.0,-166047582.75
2022-07-13,31.335602,906695427.0,-151977669.70000002
2022-07-14,30.736269,899995427.0,-205933002.3
2022-07-15,31.811669,888245427.0,-373787110.75
2022-07-18,31.644216,893445427.0,164549923.2
2022-07-19,32.613903,890245427.0,-104364489.60000001
2022-07-20,32.718633,891845427.0,52349812.8
2022-07-21,32.927216,892995427.0,37866298.4
2022-07-22,32.735631,887745427.0,-171862062.75
2022-07-25,32.949157,884245427.0,-115322049.5
2022-07-26,32.492882,886945427.0,87730781.4
2022-07-27,32.995365,886595427.0,-11548377.75
2022-07-28,33.235964,894145427.0,250931528.20000002
2022-07-29,33.71275,895995427.0,62368587.5
2022-08-01,33.414177,900795427.0,160388049.60000002
2022-08-02,33.058395,899545427.0,-41322993.75
2022-08-03,33.549097,898845427.0,-23484367.900000002
2022-08-04,33.444254,898195427.0,-21738765.1
2022-08-05,33.709169,889745427.0,-284842478.05
2022-08-08,33.651894,891145427.0,47112651.6
2022-08-09,33.842142,890795427.0,-11844749.700000001
2022-08-10,34.624822,890795427.0,0.0
2022-08-11,34.987037,889895427.0,-31488333.3
2022-08-12,35.557106,901795427.0,423129561.4
2022-08-15,35.56376,903695427.0,67571144.0
2022-08-16,35.807463,905495427.0,64453433.4
2022-08-17,35.619519,919645427.0,504016193.84999996
2022-08-18,35.666556,920345427.0,24966589.2
2022-08-19,34.947312,945295427.0,871935434.3999999
2022-08-22,34.186768,951695427.0,218795315.20000002
2022-08-23,34.060607,950545427.0,-39169698.05
2022-08-24,34.239229,976345427.0,883372108.2
2022-08-25,34.759849,993345427.0,590917433.0
2022-08-26,33.707883,1008995427.0,527528368.95000005
2022-08-29,33.453966,1007895427.0,-36799362.6
2022-08-30,33.315114,1009145427.0,41643892.5
2022-08-31,33.033968,1005945427.0,-105708697.60000001
2022-09-01,33.170522,1004795427.0,-38146100.3
2022-09-02,32.895683,997995427.0,-223690644.39999998
2022-09-06,32.80786,987495427.0,-344482530.0
2022-09-07,33.470369,974495427.0,-435114797.0
2022-09-08,34.058201,974645427.0,5108730.149999999
2022-09-09,34.345282,969995427.0,-159705561.29999998
2022-09-12,34.642537,968045427.0,-67552947.14999999
2022-09-13,33.342279,971545427.0,116697976.49999999
2022-09-14,33.262962,965145427.0,-212882956.8
2022-09-15,33.375812,953895427.0,-375477885.00000006
2022-09-16,33.056038,941895427.0,-396672456.0
2022-09-19,33.249938,913295427.0,-950948226.8
2022-09-20,32.767159,910945427.0,-77002823.65
2022-09-21,32.078101,911795427.0,27266385.849999998
2022-09-22,31.545266,915145427.0,105676641.10000001
2022-09-23,31.05381,913545427.0,-49686096.0
2022-09-26,30.531405,918695427.0,157236735.75
2022-09-27,30.4406,906945427.0,-357677050.0
2022-09-28,31.019851,898695427.0,-255913770.75
2022-09-29,30.646584,901295427.0,79681118.4
2022-09-30,30.314421,895745427.0,-168245036.54999998
2022-10-03,31.171395,889145427.0,-205731207.0
2022-10-04,32.349646,890945427.0,58229362.8
2022-10-05,32.097319,894095427.0,101106554.85
2022-10-06,31.636289,890245427.0,-121799712.65
2022-10-07,30.8998,887145427.0,-95789380.0
2022-10-10,30.752036,883495427.0,-112244931.4
2022-10-11,30.354359,880345427.0,-95616230.85
2022-10-12,30.27154,875995427.0,-131681199.0
2022-10-13,31.525095,878695427.0,85117756.5
2022-10-14,30.971642,893345427.0,453734555.3
2022-10-17,31.767576,884895427.0,-268436017.2
2022-10-18,32.28886,883895427.0,-32288860.0
2022-10-19,31.774665,890595427.0,212890255.5
2022-10-20,31.273446,895695427.0,159494574.6
2022-10-21,32.184601,893295427.0,-77243042.4
2022-10-24,32.617739,900945427.0,249525703.35
2022-10-25,33.002564,902095427.0,37952948.6
2022-10-26,33.102023,906195427.0,135718294.3
2022-10-27,33.349016,922795427.0,553593665.6
2022-10-28,34.185682,925145427.0,80336352.7
2022-10-31,33.940405,916445427.0,-295281523.5
2022-11-01,34.080713,920095427.0,124394602.45000002
2022-11-02,33.643816,918945427.0,-38690388.4
2022-11-03,33.294797,918595427.0,-11653178.950000001
2022-11-04,33.925193,919395427.0,27140154.4
2022-11-07,34.233923,921995427.0,89008199.8
2022-11-08,34.433827,921495427.0,-17216913.5
2022-11-09,33.862277,925745427.0,143914677.25
2022-11-10,35.599932,920745427.0,-177999660.0
2022-11-11,35.879433,920695427.0,-1793971.65
2022-11-14,35.327867,930395427.0,342680309.9
2022-11-15,35.429879,932045427.0,58459300.35
2022-11-16,35.270736,932195427.0,5290610.4
2022-11-17,35.081856,931245427.0,-33327763.200000003
2022-11-18,35.351373,934795427.0,125497374.15
2022-11-21,35.474485,937545427.0,97554833.75
2022-11-22,35.840594,932445427.0,-182787029.4
2022-11-23,35.974433,933645427.0,43169319.599999994
2022-11-25,36.12274,933295427.0,-12642959.0
2022-11-28,35.483978,932545427.0,-26612983.5
2022-11-29,35.722659,933795427.0,44653323.75
2022-11-30,36.322981,927445427.0,-230650929.35
2022-12-01,36.079964,928995427.0,55923944.199999996
2022-12-02,35.92525,923295427.0,-204773925.0
2022-12-05,35.029918,921445427.0,-64805348.300000004
2022-12-06,34.736939,921295427.0,-5210540.85
2022-12-07,34.582647,917295427.0,-138330588.0
2022-12-08,34.641018,922995427.0,197453802.60000002
2022-12-09,34.542677,917395427.0,-193438991.2
2022-12-12,34.976829,923095427.0,199367925.3
2022-12-13,35.079379,930445427.0,257833435.65000004
2022-12-14,34.632053,937345427.0,238961165.7
2022-12-15,33.946395,934045427.0,-112023103.50000001
2022-12-16,33.697144,928495427.0,-187019149.20000002
2022-12-19,33.410003,917945427.0,-352475531.65000004
2022-12-20,33.511926,919895427.0,65348255.7
2022-12-21,34.081045,926845427.0,236863262.75000003
2022-12-22,33.74929,928095427.0,42186612.5
2022-12-23,33.956437,923345427.0,-161293075.75
2022-12-27,33.959409,921945427.0,-47543172.6
2022-12-28,33.817561,921345427.0,-20290536.599999998
2022-12-29,34.310581,916945427.0,-150966556.4
2022-12-30,34.213312,915945427.0,-34213312.0
2023-01-03,34.341462,915695427.0,-8585365.5
2023-01-04,34.884608,913645427.0,-71513446.4
2023-01-05,34.595724,925745427.0,418608260.4
2023-01-06,35.381547,920445427.0,-187522199.1
2023-01-09,35.229339,924095427.0,128587087.35000001
2023-01-10,35.457482,926595427.0,88643705.0
2023-01-11,35.761417,930595427.0,143045668.0
2023-01-12,35.844248,931245427.0,23298761.2
2023-01-13,36.103494,929845427.0,-50544891.599999994
2023-01-17,35.858906,927395427.0,-87854319.69999999
2023-01-18,35.202213,933045427.0,198892503.45
2023-01-19,34.780615,920045427.0,-452147994.99999994
2023-01-20,35.355365,924945427.0,173241288.5
2023-01-23,35.75061,909045427.0,-568434699.0
2023-01-24,35.787607,910345427.0,46523889.1
2023-01-25,36.05346,910945427.0,21632076.0
2023-01-26,36.23223,913345427.0,86957352.0
2023-01-27,36.249566,913995427.0,23562217.900000002
2023-01-30,36.072946,916595427.0,93789659.60000001
2023-01-31,36.554769,922495427.0,215673137.1
2023-02-01,36.561414,921895427.0,-21936848.4
2023-02-02,36.638581,930095427.0,300436364.2
2023-02-03,36.613019,946895427.0,615098719.2
2023-02-06,36.564369,931545427.0,-561263064.15
2023-02-07,36.988788,937495427.0,220083288.6
2023-02-08,36.781927,935795427.0,-62529275.900000006
2023-02-09,36.341955,940645427.0,176258481.75
2023-02-10,36.487726,933895427.0,-246292150.5
2023-02-13,36.888583,930245427.0,-134643327.95
2023-02-14,36.693487,934995427.0,174294063.25
2023-02-15,36.751792,942245427.0,266450492.0
2023-02-16,36.361321,940795427.0,-52723915.449999996
2023-02-17,36.381475,940245427.0,-20009811.25
2023-02-21,35.650567,939795427.0,-16042755.15
2023-02-22,35.58087,942895427.0,110300696.99999999
2023-02-23,35.634193,929945427.0,-461462799.35
2023-02-24,35.671356,928595427.0,-48156330.6
2023-02-27,35.655026,930245427.0,58830792.9
2023-02-28,35.714734,938395427.0,291075082.1
2023-03-01,35.587316,936995427.0,-49822242.4
2023-03-02,35.414597,933845427.0,-111555980.55
2023-03-03,35.98225,931245427.0,-93553850.0
2023-03-06,36.007841,935195427.0,142230971.95
2023-03-07,35.096587,934845427.0,-12283805.45
2023-03-08,34.954963,932195427.0,-92630651.95
2023-03-09,33.533597,927245427.0,-165991305.15
2023-03-10,32.889447,922695427.0,-149646983.85
2023-03-13,31.608493,919245427.0,-109049300.85
2023-03-14,32.30718,908995427.0,-331148595.0
2023-03-15,31.392775,910045427.0,32962413.75
2023-03-16,32.010184,894095427.0,-510562434.8
2023-03-17,30.964178,933095427.0,1207602942.0
2023-03-20,31.181189,931745427.0,-42094605.15
2023-03-21,31.970529,909195427.0,-720935428.9499999
2023-03-22,31.213702,939395427.0,942653800.4000001
2023-03-23,31.008745,941395427.0,62017490.0
2023-03-24,30.989697,935545427.0,-181289727.45
2023-03-27,31.422842,944945427.0,295374714.8
2023-03-28,31.405194,947445427.0,78512985.0
2023-03-29,31.874712,945795427.0,-52593274.8
2023-03-30,31.789823,941795427.0,-127159292.0
2023-03-31,32.156672,920495427.0,-684937113.6
2023-04-03,32.221371,918745427.0,-56387399.24999999
2023-04-04,31.897964,922995427.0,135566347.0
2023-04-05,31.88105,925745427.0,87672887.5
2023-04-06,31.978887,920145427.0,-179081767.2
2023-04-10,32.065119,920995427.0,27255351.150000002
2023-04-11,32.336314,925945427.0,160064754.3
2023-04-12,32.270886,937695427.0,379182910.49999994
2023-04-13,32.547266,937745427.0,1627363.3
2023-04-14,32.889043,935995427.0,-57555825.25
2023-04-17,33.26352,932795427.0,-106443264.0
2023-04-18,33.367128,953595427.0,694036262.4
2023-04-19,33.452026,953895427.0,10035607.799999999
2023-04-20,33.345727,954945427.0,35013013.349999994
2023-04-21,33.214373,957145427.0,73071620.60000001
2023-04-24,33.147745,974695427.0,581742924.75
2023-04-25,32.565486,966695427.0,-260523888.0
2023-04-26,32.255358,969895427.0,103217145.60000001
2023-04-27,32.771443,967195427.0,-88482896.1
2023-04-28,33.1742,969795427.0,86252920.0
2023-05-01,33.081222,976295427.0,215027942.99999997
2023-05-02,32.324919,976545427.0,8081229.75
2023-05-03,31.94581,959895427.0,-531897736.5
2023-05-04,31.541586,950345427.0,-301222146.3
2023-05-05,32.310213,936345427.0,-452342981.99999994
2023-05-08,32.380991,924345427.0,-388571892.0
2023-05-09,32.26153,916095427.0,-266157622.5
2023-05-10,32.075592,915295427.0,-25660473.6
2023-05-11,32.024636,924095427.0,281816796.8
2023-05-12,31.89455,903245427.0,-665001367.5
2023-05-15,32.15419,898345427.0,-157555531.0
2023-05-16,31.84537,900945427.0,82797962.0
2023-05-17,32.509903,898695427.0,-73147281.75
2023-05-18,32.738125,896945427.0,-57291718.74999999
2023-05-19,32.591419,898645427.0,55405412.300000004
2023-05-22,32.667293,895245427.0,-111068796.2
2023-05-23,32.269466,901245427.0,193616796.0
2023-05-24,31.848855,898845427.0,-76437252.0
2023-05-25,31.861021,902645427.0,121071879.8
2023-05-26,32.09752,901645427.0,-32097520.000000004
2023-05-30,32.098095,901445427.0,-6419619.0
2023-05-31,31.742233,900045427.0,-44439126.199999996
2023-06-01,32.103498,900195427.0,4815524.7
2023-06-02,32.802034,899995427.0,-6560406.8
2023-06-05,32.618314,902195427.0,71760290.8
2023-06-06,33.051158,901095427.0,-36356273.800000004
2023-06-07,33.164926,906295427.0,172457615.20000002
2023-06-08,33.135834,906195427.0,-3313583.4000000004
2023-06-09,33.160086,906745427.0,18238047.3
2023-06-12,33.129387,910295427.0,117609323.85000001
2023-06-13,33.33284,914545427.0,141664570.0
2023-06-14,33.216202,923945427.0,312232298.8
2023-06-15,33.639576,934545427.0,356579505.59999996
2023-06-16,33.566156,936395427.0,62097388.6
2023-06-20,33.18613,944495427.0,268807653.0
2023-06-21,33.124226,964995427.0,679046633.0
2023-06-22,32.878353,963545427.0,-47673611.849999994
2023-06-23,32.740471,967045427.0,114591648.5
2023-06-26,32.676391,972245427.0,169917233.20000002
2023-06-27,32.907699,979145427.0,227063123.1
2023-06-28,32.848053,976345427.0,-91974548.4
2023-06-29,33.40455,970645427.0,-190405935.0
2023-06-30,33.707559,964295427.0,-214042999.65000004
2023-07-03,33.918831,965345427.0,35614772.55
2023-07-05,33.82793,969245427.0,131928927.00000001
2023-07-06,33.527718,970645427.0,46938805.2
2023-07-07,33.580551,968995427.0,-55407909.15
2023-07-10,33.728911,968795427.0,-6745782.199999999
2023-07-11,34.13056,968795427.0,0.0
2023-07-12,34.346136,966595427.0,-75561499.2
2023-07-13,34.472001,972395427.0,199937605.79999998
2023-07-14,34.242305,979095427.0,229423443.5
2023-07-17,34.585176,978245427.0,-29397399.599999998
2023-07-18,34.973096,987245427.0,314757864.0
2023-07-19,35.129127,991095427.0,135247138.95
2023-07-20,35.372674,991095427.0,0.0
2023-07-21,35.251261,1001545427.0,368375677.45
2023-07-24,35.608058,1005945427.0,156675455.2
2023-07-25,35.347256,1014145427.0,289847499.2
2023-07-26,35.580035,1013395427.0,-26685026.25
2023-07-27,35.122834,1013445427.0,1756141.7
2023-07-28,35.178931,1017845427.0,154787296.4
2023-07-31,35.33561,1017345427.0,-17667805.0
2023-08-01,35.326513,1018395427.0,37092838.65
2023-08-02,35.014831,1013295427.0,-178575638.1
2023-08-03,35.047926,1000545427.0,-446861056.49999994
2023-08-04,34.908279,1013345427.0,446825971.2
2023-08-07,35.385373,1003245427.0,-357392267.3
2023-08-08,35.076542,999545427.0,-129783205.4
2023-08-09,34.804843,997995427.0,-53947506.65
2023-08-10,34.845262,995545427.0,-85370891.89999999
2023-08-11,34.916663,993845427.0,-59358327.1
2023-08-14,34.852404,990145427.0,-128953894.8
2023-08-15,34.227948,991045427.0,30805153.2
2023-08-16,34.15603,987295427.0,-128085112.5
2023-08-17,33.987404,982045427.0,-178433871.0
2023-08-18,33.944252,974595427.0,-252884677.39999998
2023-08-21,33.916623,975795427.0,40699947.6
2023-08-22,33.621394,973945427.0,-62199578.900000006
2023-08-23,33.934459,969095427.0,-164582126.14999998
2023-08-24,33.853114,967345427.0,-59242949.5
2023-08-25,33.971009,961495427.0,-198730402.65
2023-08-28,34.171648,956095427.0,-184526899.2
2023-08-29,34.469992,958895427.0,96515977.6
2023-08-30,34.520352,965145427.0,215752200.00000003
2023-08-31,34.400308,970595427.0,187481678.60000002
2023-09-01,34.675536,965095427.0,-190715448.0
2023-09-05,34.344928,958095427.0,-240414496.00000003
2023-09-06,34.287752,953245427.0,-166295597.2
2023-09-07,34.233085,952045427.0,-41079702.0
2023-09-08,34.313329,960045427.0,274506632.0
2023-09-11,34.439804,953095427.0,-239356637.8
2023-09-12,34.730535,955045427.0,67724543.25
2023-09-13,34.695887,954345427.0,-24287120.9
2023-09-14,35.006265,953445427.0,-31505638.5
2023-09-15,34.817263,936145427.0,-602338649.9
2023-09-18,34.771502,929945427.0,-215583312.39999998
2023-09-19,34.733099,931345427.0,48626338.6
2023-09-20,34.50368,923695427.0,-263953152.00000003
2023-09-21,33.946992,922995427.0,-23762894.400000002
2023-09-22,33.695539,909495427.0,-454889776.49999994
2023-09-25,33.7465,906095427.0,-114738099.99999999
2023-09-26,33.294033,907895427.0,59929259.4
2023-09-27,33.227322,906795427.0,-36550054.2
2023-09-28,33.465662,907245427.0,15059547.9
2023-09-29,33.172626,912845427.0,185766705.6
2023-10-02,32.894689,922395427.0,314144279.95
2023-10-03,32.346341,922295427.0,-3234634.1
2023-10-04,32.613405,914995427.0,-238077856.5
2023-10-05,32.768548,919245427.0,139266329.0
2023-10-06,33.034919,911895427.0,-242806654.65
2023-10-09,33.046419,915695427.0,125576392.2
2023-10-10,33.300683,909095427.0,-219784507.79999998
2023-10-11,33.337713,911045427.0,65008540.35
2023-10-12,33.128224,911795427.0,24846168.000000004
2023-10-13,33.192802,904595427.0,-238988174.4
2023-10-16,33.533346,908545427.0,132456716.7
2023-10-17,33.718265,912545427.0,134873060.0
2023-10-18,33.145944,916395427.0,127611884.4
2023-10-19,32.733771,913345427.0,-99838001.55
2023-10-20,32.228669,903545427.0,-315840956.2
2023-10-23,32.00013,899695427.0,-123200500.5
2023-10-24,32.21438,902895427.0,103086016.0
2023-10-25,32.118834,898645427.0,-136505044.5
2023-10-26,32.051613,896995427.0,-52885161.45
2023-10-27,31.45995,890745427.0,-196624687.5
2023-10-30,32.002254,874245427.0,-528037191.0
2023-10-31,32.354602,865995427.0,-266925466.5
2023-11-01,32.55811,857395427.0,-279999746.0
2023-11-02,33.346007,858445427.0,35013307.35
2023-11-03,33.79337,857045427.0,-47310718.00000001
2023-11-06,33.663278,865795427.0,294553682.5
2023-11-07,33.621675,863095427.0,-90778522.50000001
2023-11-08,33.652858,878045427.0,503110227.1
2023-11-09,33.523677,861295427.0,-561521589.75
2023-11-10,33.906529,851145427.0,-344151269.34999996
2023-11-13,33.853699,864645427.0,457024936.5
2023-11-14,34.512286,868495427.0,132872301.10000001
2023-11-15,34.708657,876795427.0,288081853.1
2023-11-16,34.820649,874795427.0,-69641298.0
2023-11-17,35.011126,874095427.0,-24507788.2
2023-11-20,35.127913,873095427.0,-35127913.0
2023-11-21,35.11636,877095427.0,140465440.0
2023-11-22,35.254339,881745427.0,163932676.35
2023-11-24,35.370345,882095427.0,12379620.75
2023-11-27,35.274421,881895427.0,-7054884.199999999
2023-11-28,35.239424,879695427.0,-77526732.8
2023-11-29,35.496642,884845427.0,182807706.3
2023-11-30,35.874319,907795427.0,823315621.05
2023-12-01,36.136942,893195427.0,-527599353.2
2023-12-04,36.136399,894545427.0,48784138.65
2023-12-05,35.954198,900845427.0,226511447.39999998
2023-12-06,35.778613,903445427.0,93024393.8
2023-12-07,35.932192,902745427.0,-25152534.400000002
2023-12-08,36.110579,904145427.0,50554810.6
2023-12-11,36.356045,896345427.0,-283577151.0
2023-12-12,36.614233,898845427.0,91535582.5
2023-12-13,37.20445,908545427.0,360883165.0
2023-12-14,37.555335,899595427.0,-336120248.25
2023-12-15,37.406875,900145427.0,20573781.25
2023-12-18,37.276535,880495427.0,-732483912.75
2023-12-19,37.564384,886645427.0,231020961.6
2023-12-20,36.921109,890545427.0,143992325.1
2023-12-21,37.243544,891495427.0,35381366.8
2023-12-22,37.327804,894795427.0,123181753.2
2023-12-26,37.478963,902395427.0,284840118.8
2023-12-27,37.5825,903995427.0,60132000.00000001
2023-12-28,37.720122,905045427.0,39606128.1
2023-12-29,37.617173,904845427.0,-7523434.600000001
2024-01-02,37.763895,906695427.0,69863205.75
2024-01-03,37.457238,903095427.0,-134846056.79999998
2024-01-04,37.569559,917645427.0,546637083.4499999
2024-01-05,37.766613,908795427.0,-334234525.05
2024-01-08,37.995228,910095427.0,49393796.4
2024-01-09,37.733977,914495427.0,166029498.8
2024-01-10,37.811235,911695427.0,-105871458.00000001
2024-01-11,37.655844,915545427.0,144974999.4
2024-01-12,37.573566,927945427.0,465912218.4
2024-01-16,37.33536,922645427.0,-197877408.0
2024-01-17,37.231164,922795427.0,5584674.6
2024-01-18,37.319624,920395427.0,-89567097.6
2024-01-19,37.931611,917895427.0,-94829027.49999999
2024-01-22,38.093894,933595427.0,598074135.8
2024-01-23,38.148541,935795427.0,83926790.2
2024-01-24,38.325901,934245427.0,-59405146.550000004
2024-01-25,38.531062,938345427.0,157977354.2
2024-01-26,38.644066,935695427.0,-102406774.9
2024-01-29,38.760259,941645427.0,230623541.04999998
2024-01-30,39.231507,937795427.0,-151041301.95
2024-01-31,38.757217,936895427.0,-34881495.3
2024-02-01,38.801983,936595427.0,-11640594.9
2024-02-02,38.987623,925845427.0,-419116947.25
2024-02-05,38.751467,936395427.0,408827976.84999996
2024-02-06,38.860672,934095427.0,-89379545.60000001
2024-02-07,39.128194,928795427.0,-207379428.20000002
2024-02-08,38.950354,922845427.0,-231754606.29999998
2024-02-09,39.075596,923895427.0,41029375.8
2024-02-12,39.237283,935845427.0,468885531.84999996
2024-02-13,38.738093,938245427.0,92971423.2
2024-02-14,39.10916,932395427.0,-228788586.00000003
2024-02-15,39.755473,930095427.0,-91437587.9
2024-02-16,39.642985,935045427.0,196232775.75000003
2024-02-20,39.4978,936645427.0,63196480.0
2024-02-21,39.622651,932495427.0,-164434001.64999998
2024-02-22,40.148091,930445427.0,-82303586.55
2024-02-23,40.279101,933345427.0,116809392.89999999
2024-02-26,40.096183,930795427.0,-102245266.65
2024-02-27,40.202588,925795427.0,-201012940.0
2024-02-28,40.351983,921145427.0,-187636720.95
2024-02-29,40.362826,921545427.0,16145130.399999999
2024-03-01,40.278777,919595427.0,-78543615.14999999
2024-03-04,40.369664,916295427.0,-133219891.2
2024-03-05,40.42005,912895427.0,-137428170.0
2024-03-06,40.589058,913495427.0,24353434.8
2024-03-07,40.537076,915545427.0,83101005.8
2024-03-08,40.614513,916295427.0,30460884.75
2024-03-11,40.694488,914045427.0,-91562598.0
2024-03-12,40.875699,913995427.0,-2043784.95
2024-03-13,41.111782,923695427.0,398784285.4
2024-03-14,40.826801,916545427.0,-291911627.15000004
2024-03-15,40.806112,904645427.0,-485592732.8
2024-03-18,40.856603,902395427.0,-91927356.75
2024-03-19,41.05439,900445427.0,-80056060.5
2024-03-20,41.562963,901945427.0,62344444.50000001
2024-03-21,41.915775,908395427.0,270356748.75
2024-03-22,41.40807,911195427.0,115942596.0
2024-03-25,41.288898,910295427.0,-37160008.2
2024-03-26,41.372121,910245427.0,-2068606.05
2024-03-27,41.886025,910695427.0,18848711.25
2024-03-28,42.12595,912445427.0,73720412.5
2024-04-01,41.863068,911295427.0,-48142528.199999996
2024-04-02,41.677055,917445427.0,256313888.25000003
2024-04-03,41.64583,918045427.0,24987497.999999996
2024-04-04,41.187159,921345427.0,135917624.70000002
2024-04-05,41.555084,919845427.0,-62332626.0
2024-04-08,41.71955,924645427.0,200253840.0
2024-04-09,41.509725,920095427.0,-188869248.75
2024-04-10,40.888941,923995427.0,159466869.9
2024-04-11,40.650697,924995427.0,40650697.0
2024-04-12,40.071426,927395427.0,96171422.4
2024-04-15,39.867544,927145427.0,-9966886.0
2024-04-16,39.6191,928445427.0,51504830.00000001
2024-04-17,39.699342,923995427.0,-176662071.9
2024-04-18,39.857626,923345427.0,-25907456.900000002
2024-04-19,40.393203,930045427.0,270634460.1
2024-04-22,40.878908,930545427.0,20439454.0
2024-04-23,41.15763,934045427.0,144051705.0
2024-04-24,41.105777,933095427.0,-39050488.150000006
2024-04-25,40.900777,929795427.0,-134972564.1
2024-04-26,40.822249,930645427.0,34698911.65
2024-04-29,40.752952,932245427.0,65204723.2
2024-04-30,40.365424,932945427.0,28255796.799999997
2024-05-01,40.359182,929595427.0,-135203259.7
2024-05-02,40.451767,923545427.0,-244733190.35
2024-05-03,40.584319,920395427.0,-127840604.85000001
2024-05-06,41.061598,925595427.0,213520309.6
2024-05-07,41.193103,927895427.0,94744136.9
2024-05-08,41.356911,931295427.0,140613497.39999998
2024-05-09,41.657135,936695427.0,224948528.99999997
2024-05-10,41.848162,936345427.0,-14646856.700000001
2024-05-13,41.676381,941295427.0,206298085.95
2024-05-14,41.876251,943295427.0,83752502.0
2024-05-15,42.176366,939045427.0,-179249555.5
2024-05-16,42.173784,939695427.0,27412959.599999998
2024-05-17,42.429071,941095427.0,59400699.4
2024-05-20,41.919432,943395427.0,96414693.6
2024-05-21,42.158016,945295427.0,80100230.4
2024-05-22,41.950583,946395427.0,46145641.300000004
2024-05-23,41.318704,944445427.0,-80571472.8
2024-05-24,41.601165,937345427.0,-295368271.5
2024-05-28,41.144623,936245427.0,-45259085.300000004
2024-05-29,40.800432,930145427.0,-248882635.20000002
2024-05-30,41.053268,930445427.0,12315980.4
2024-05-31,41.634298,929745427.0,-29144008.6
2024-06-03,41.390857,933895427.0,171772056.54999998
2024-06-04,41.209248,933795427.0,-4120924.8000000003
2024-06-05,41.3007,932445427.0,-55755945.0
2024-06-06,41.301731,926545427.0,-243680212.89999998
2024-06-07,41.467666,932345427.0,240512462.8
2024-06-10,41.308201,940345427.0,330465608.0
2024-06-11,40.810116,943095427.0,112227819.0
2024-06-12,40.845424,929345427.0,-561624580.0
2024-06-13,40.766415,932745427.0,138605811.0
2024-06-14,40.655035,929145427.0,-146358126.0
2024-06-17,40.984187,927545427.0,-65574699.199999996
2024-06-18,41.245418,931395427.0,158794859.3
2024-06-20,41.474011,935595427.0,174190846.2
2024-06-21,41.343644,923545427.0,-498190910.2
2024-06-24,41.574124,932995427.0,392875471.79999995
2024-06-25,41.23121,947245427.0,587544742.5
2024-06-26,41.036895,945845427.0,-57451653.0
2024-06-27,40.93636,943545427.0,-94153628.0
2024-06-28,41.101922,943895427.0,14385672.700000001
2024-07-01,41.193491,945945427.0,84446656.55
2024-07-02,41.658714,954295427.0,347850261.90000004
2024-07-03,41.613704,960695427.0,266327705.6
2024-07-05,41.522644,958795427.0,-78893023.6
2024-07-08,41.459275,957095427.0,-70480767.5
2024-07-09,41.731369,956695427.0,-16692547.6
2024-07-10,41.905747,957495427.0,33524597.599999998
2024-07-11,42.259675,960645427.0,133117976.25
2024-07-12,42.352814,966495427.0,247763961.9
2024-07-15,42.955925,967095427.0,25773555.0
2024-07-16,43.480243,975445427.0,363060029.05
2024-07-17,43.850268,985595427.0,445080220.2
2024-07-18,43.289041,989595427.0,173156164.0
2024-07-19,42.855411,986895427.0,-115709609.69999999
2024-07-22,43.130077,991295427.0,189772338.8
2024-07-23,43.16361,989945427.0,-58270873.5
2024-07-24,42.652321,993595427.0,155680971.65
2024-07-25,42.774051,980095427.0,-577449688.5
2024-07-26,43.407845,983495427.0,147586673.0
2024-07-29,43.319786,987045427.0,153785240.3
2024-07-30,43.833837,985395427.0,-72325831.05
2024-07-31,43.759766,986245427.0,37195801.1
2024-08-01,43.157539,981595427.0,-200682556.35
2024-08-02,42.112518,978695427.0,-122126302.2
2024-08-05,40.90027,971195427.0,-306752025.0
2024-08-06,41.498234,964795427.0,-265588697.59999996
2024-08-07,41.525696,960045427.0,-197247056.00000003
2024-08-08,42.199236,957845427.0,-92838319.2
2024-08-09,42.378519,966195427.0,353860633.65
2024-08-12,42.17226,968745427.0,107539263.0
2024-08-13,42.528829,972195427.0,146724460.05
2024-08-14,43.074109,976645427.0,191679785.05
2024-08-15,43.470502,978145427.0,65205753.00000001
2024-08-16,43.742478,982545427.0,192466903.2
2024-08-19,44.00765,987995427.0,239841692.5
2024-08-20,43.86616,991595427.0,157918176.0
2024-08-21,43.807984,991745427.0,6571197.6
2024-08-22,44.017004,987645427.0,-180469716.4
2024-08-23,44.41692,987545427.0,-4441692.0
2024-08-26,44.555698,994995427.0,331939950.1
2024-08-27,44.774347,998745427.0,167903801.25
2024-08-28,44.909898,1001445427.0,121256724.6
2024-08-29,45.290327,1002245427.0,36232261.6
2024-08-30,45.726375,1004295427.0,93739068.75
2024-09-03,45.406097,1011645427.0,333734812.95000005
2024-09-04,45.445774,1008645427.0,-136337322.0
2024-09-05,44.97703,1009945427.0,58470139.0
2024-09-06,44.286611,997695427.0,-542510984.75
2024-09-09,44.913374,984645427.0,-586119530.6999999
2024-09-10,44.478625,981195427.0,-153451256.25
2024-09-11,44.305177,972295427.0,-394316075.3
2024-09-12,44.359385,971845427.0,-19961723.25
2024-09-13,44.516995,962145427.0,-431814851.5
2024-09-16,45.063092,961095427.0,-47316246.599999994
2024-09-17,45.295147,960095427.0,-45295147.0
2024-09-18,45.170505,950645427.0,-426861272.25
2024-09-19,45.698771,948545427.0,-95967419.1
2024-09-20,45.564742,941495427.0,-321231431.1
2024-09-23,45.445838,930145427.0,-515810261.3
2024-09-24,45.028827,936545427.0,288184492.8
2024-09-25,44.759854,933895427.0,-118613613.1
2024-09-26,45.002066,928645427.0,-236260846.5
2024-09-27,45.158353,929045427.0,18063341.2
2024-09-30,45.309094,929495427.0,20389092.3
2024-10-01,45.064683,933445427.0,178005497.85000002
2024-10-02,45.107567,930445427.0,-135322701.0
2024-10-03,44.904641,930245427.0,-8980928.2
2024-10-04,45.67049,927495427.0,-125593847.5
2024-10-07,45.105407,933595427.0,275142982.7
2024-10-08,45.360491,931195427.0,-108865178.4
2024-10-09,45.757406,934545427.0,153287310.10000002
2024-10-10,45.610673,944945427.0,474350999.2
2024-10-11,46.498698,940195427.0,-220868815.5
2024-10-14,46.768921,943995427.0,177721899.79999998
2024-10-15,46.889447,941545427.0,-114879145.14999999
2024-10-16,47.467312,947295427.0,272937044.0
2024-10-17,47.62023,949795427.0,119050575.0
2024-10-18,47.629766,956895427.0,338171338.59999996
2024-10-21,47.213428,951445427.0,-257313182.6
2024-10-22,47.158826,947245427.0,-198067069.2
2024-10-23,47.100281,949195427.0,91845547.95
2024-10-24,47.135564,948445427.0,-35351673.0
2024-10-25,46.642932,949145427.0,32650052.400000002
2024-10-28,47.177097,949495427.0,16511983.950000001
2024-10-29,46.889962,958595427.0,426698654.2
2024-10-30,47.087286,958095427.0,-23543643.0
2024-10-31,46.523742,960195427.0,97699858.2
2024-11-01,46.575825,951095427.0,-423840007.5
2024-11-04,46.257548,952095427.0,46257548.0
2024-11-05,46.714783,948845427.0,-151823044.75
2024-11-06,49.589895,949595427.0,37192421.25
2024-11-07,48.788847,982695427.0,1614910835.6999998
2024-11-08,49.180391,972395427.0,-506558027.3
2024-11-11,49.873445,978195427.0,289265981.0
2024-11-12,49.721275,988095427.0,492240622.5
2024-11-13,49.752008,999595427.0,572148092.0
2024-11-14,49.624408,1010095427.0,521056284.0
2024-11-15,49.889039,1004545427.0,-276884166.45
2024-11-18,50.001538,1011895427.0,367511304.29999995
2024-11-19,49.684769,1013395427.0,74527153.5
2024-11-20,49.549572,1009495427.0,-193243330.79999998
2024-11-21,50.179972,1010445427.0,47670973.4
2024-11-22,50.734508,1026295427.0,804141951.8
2024-11-25,51.045289,1033745427.0,380287403.04999995
2024-11-26,51.152226,1030345427.0,-173917568.4
2024-11-27,51.285327,1031195427.0,43592527.95
2024-11-29,51.297354,1029295427.0,-97464972.6
2024-12-02,50.848707,1033845427.0,231361616.85
2024-12-03,50.471611,1034945427.0,55518772.1
2024-12-04,50.274252,1025895427.0,-454981980.59999996
2024-12-05,50.390266,1021595427.0,-216678143.79999998
2024-12-06,50.4213,1012495427.0,-458833830.0
2024-12-09,49.717694,1014445427.0,96949503.3
2024-12-10,49.666925,1007395427.0,-350151821.25
2024-12-11,49.794839,1009045427.0,82161484.35000001
2024-12-12,49.59469,1010945427.0,94229911.0
2024-12-13,49.462869,1006395427.0,-225056053.95
2024-12-16,49.448473,997695427.0,-430201715.1
2024-12-17,49.108047,1000845427.0,154690348.05
2024-12-18,47.62674,1003045427.0,104778828.0
2024-12-19,47.818479,996745427.0,-301256417.70000005
2024-12-20,48.481144,997945427.0,58177372.8
2024-12-23,48.413538,1001145427.0,154923321.6
2024-12-24,48.994384,1003795427.0,129835117.6
2024-12-26,49.097111,1005995427.0,108013644.2
2024-12-27,48.714786,1007645427.0,80379396.89999999
2024-12-30,48.263891,997195427.0,-504357660.95
2024-12-31,48.305729,998445427.0,60382161.25
2025-01-02,48.207602,993595427.0,-233806869.70000002
2025-01-03,48.590815,989495427.0,-199222341.5
2025-01-06,48.413087,990945427.0,70198976.14999999
2025-01-07,48.33846,989245427.0,-82175382.0
2025-01-08,48.484775,988995427.0,-12121193.75
2025-01-10,47.320703,989095427.0,4732070.3
2025-01-13,47.645944,985745427.0,-159613912.4
2025-01-14,48.256666,989295427.0,171311164.3
2025-01-15,49.5038,1002645427.0,660875730.0
2025-01-16,49.798423,1013295427.0,530353204.95
2025-01-17,50.209276,1017945427.0,233473133.4
2025-01-21,50.629792,1017295427.0,-32909364.8
2025-01-22,50.421049,1022095427.0,242021035.2
2025-01-23,50.722224,1015895427.0,-314477788.79999995
2025-01-24,50.832641,1018245427.0,119456706.35000001
2025-01-27,51.413032,1021595427.0,172233657.20000002
2025-01-28,51.308632,1031795427.0,523348046.40000004
2025-01-29,51.295034,1044295427.0,641187925.0
2025-01-30,51.78121,1050495427.0,321043502.0
2025-01-31,51.466982,1044745427.0,-295935146.5
2025-02-03,51.25719,1047845427.0,158897289.0
2025-02-04,51.117874,1042595427.0,-268368838.5
2025-02-05,51.667455,1053945427.0,586425614.25
2025-02-06,52.100554,1053545427.0,-20840221.6
2025-02-07,51.801964,1056945427.0,176126677.6
2025-02-10,51.402673,1053795427.0,-161918419.95
2025-02-11,51.544802,1048645427.0,-265455730.29999998
2025-02-12,51.331392,1043445427.0,-266923238.4
2025-02-13,51.70302,1043145427.0,-15510906.0
2025-02-14,51.786641,1049395427.0,323666506.25
2025-02-18,52.19077,1048095427.0,-67848001.0
2025-02-19,52.175417,1050295427.0,114785917.4
2025-02-20,51.367177,1057245427.0,357001880.15
2025-02-21,50.761485,1057745427.0,25380742.5
2025-02-24,50.991211,1050995427.0,-344190674.25
2025-02-25,50.940077,1053445427.0,124803188.65
2025-02-26,50.833091,1047795427.0,-287206964.15000004
2025-02-27,51.124501,1051445427.0,186604428.65
2025-02-28,52.191563,1055895427.0,232252455.35000002
2025-03-03,51.747622,1052695427.0,-165592390.4
2025-03-04,49.920442,1046545427.0,-307010718.3
2025-03-05,50.233078,1042645427.0,-195909004.2
2025-03-06,49.395469,1040145427.0,-123488672.5
2025-03-07,49.133574,1036845427.0,-162140794.20000002
2025-03-10,48.012803,1034295427.0,-122432647.64999999
2025-03-11,47.60178,1032345427.0,-92823471.0
2025-03-12,47.696789,1042395427.0,479352729.45000005
2025-03-13,47.433944,1041495427.0,-42690549.599999994
2025-03-14,48.532464,1044845427.0,162583754.4
2025-03-17,49.102593,1054045427.0,451743855.59999996
2025-03-18,49.039952,1057245427.0,156927846.4
2025-03-19,49.551127,1035495427.0,-1077737012.25
2025-03-20,49.646379,1041345427.0,290431317.15000004
2025-03-21,49.453888,1044895427.0,175561302.4
2025-03-24,50.158727,1047795427.0,145460308.29999998
2025-03-25,50.404542,1048395427.0,30242725.2
2025-03-26,50.281749,1040395427.0,-402253992.0
2025-03-27,50.166983,1042195427.0,90300569.4
2025-03-28,49.194884,1042695427.0,24597442.0
2025-03-31,49.819031,1040495427.0,-109601868.2
2025-04-01,49.740916,1045395427.0,243730488.4
2025-04-02,50.187232,1043445427.0,-97865102.4
2025-04-03,47.67509,1039445427.0,-190700360.0
2025-04-04,44.181639,1044045427.0,203235539.39999998
2025-04-07,44.117201,1022145427.0,-966166701.9
2025-04-08,43.937515,1030295427.0,358090747.25
2025-04-09,47.278121,1019695427.0,-501148082.59999996
2025-04-10,45.91106,1022045427.0,107890991.0
2025-04-11,46.677096,1006195427.0,-739831971.6
2025-04-14,47.15877,1012645427.0,304174066.5
2025-04-15,47.26652,1029295427.0,786987558.0
2025-04-16,46.529736,1027645427.0,-76774064.4
2025-04-17,46.658474,1023445427.0,-195965590.79999998
2025-04-21,45.659124,1018595427.0,-221446751.4
2025-04-22,47.157553,1007395427.0,-528164593.6
2025-04-23,47.715814,1007645427.0,11928953.5
2025-04-24,48.249495,1008895427.0,60311868.75000001
2025-04-25,48.048716,1008845427.0,-2402435.8
2025-04-28,48.204965,1008895427.0,2410248.25
2025-04-29,48.670177,1014045427.0,250651411.55
2025-04-30,48.780926,1020745427.0,326832204.2
2025-05-01,48.743487,1006545427.0,-692157515.4
2025-05-02,49.791381,1000545427.0,-298748286.0
2025-05-05,49.426214,1003995427.0,170520438.3
2025-05-06,49.170703,994645427.0,-459746073.05
2025-05-07,49.474248,994695427.0,2473712.4000000004
2025-05-08,49.826626,995495427.0,39861300.8
2025-05-09,49.860948,993995427.0,-74791422.0
2025-05-12,50.872882,997945427.0,200947883.89999998
2025-05-13,51.074394,1001145427.0,163438060.79999998
2025-05-14,50.931803,998445427.0,-137515868.1
2025-05-15,51.25832,996795427.0,-84576228.0
2025-05-16,51.617336,999145427.0,121300739.60000001
2025-05-19,51.61449,983795427.0,-792282421.5
2025-05-20,51.335169,982195427.0,-82136270.4
2025-05-21,50.285039,983595427.0,70399054.6
2025-05-22,50.227042,983745427.0,7534056.3
2025-05-23,50.03366,985045427.0,65043758.0
2025-05-27,50.93156,984445427.0,-30558936.0
2025-05-28,50.57753,984545427.0,5057753.0
2025-05-29,50.825237,978795427.0,-292245112.75
2025-05-30,50.935256,974395427.0,-224115126.4
2025-06-02,50.981372,971695427.0,-137649704.4
2025-06-03,51.072643,970095427.0,-81716228.8
2025-06-04,50.787177,964745427.0,-271711396.95
2025-06-05,50.6582,968445427.0,187435340.0
2025-06-06,51.287959,962945427.0,-282083774.5
2025-06-09,51.012782,966695427.0,191297932.5
2025-06-10,51.045968,969345427.0,135271815.20000002
2025-06-11,50.974468,972495427.0,160569574.20000002
2025-06-12,51.004607,962795427.0,-494744687.9
2025-06-13,49.965724,967995427.0,259821764.8
2025-06-16,50.531792,957945427.0,-507844509.6
2025-06-17,50.227769,955745427.0,-110501091.80000001
2025-06-18,50.231196,956095427.0,17580918.599999998
2025-06-20,50.368411,954345427.0,-88144719.25
2025-06-23,50.805347,955745427.0,71127485.8
2025-06-24,51.565003,950595427.0,-265559765.45
2025-06-25,51.366732,952095427.0,77050098.0
2025-06-26,51.75422,946395427.0,-294999054.0
2025-06-27,51.922977,951645427.0,272595629.25
2025-06-30,52.377753,949845427.0,-94279955.39999999
2025-07-01,52.658673,956595427.0,355446042.75
2025-07-02,52.60825,961745427.0,270932487.5
2025-07-03,53.20796,960995427.0,-39905970.0
2025-07-07,52.702702,964345427.0,176554051.70000002
2025-07-08,52.228646,973495427.0,477892110.9
2025-07-09,52.38752,968095427.0,-282892608.0
2025-07-10,52.72362,973345427.0,276799005.0
2025-07-11,52.19589,974995427.0,86123218.5
2025-07-14,52.547329,973895427.0,-57802061.9
2025-07-15,51.686785,973945427.0,2584339.25
2025-07-16,52.029222,971995427.0,-101456982.89999999
2025-07-17,52.506711,982545427.0,553945801.0500001
2025-07-18,52.544571,981695427.0,-44662885.35
2025-07-21,52.392741,979795427.0,-99546207.9
2025-07-22,52.679638,982495427.0,142235022.6
2025-07-23,53.057471,985045427.0,135296551.05
2025-07-24,53.040688,990695427.0,299679887.2
2025-07-25,53.424408,996145427.0,291163023.6
2025-07-28,53.067821,1000045427.0,206964501.9
2025-07-29,52.769558,999695427.0,-18469345.3
2025-07-30,52.66796,1001895427.0,115869512.0
2025-07-31,52.350468,1009495427.0,397863556.8
2025-08-01,51.433014,1009595427.0,5143301.4
2025-08-04,51.893233,1002095427.0,-389199247.5
2025-08-05,51.690602,997795427.0,-222269588.6
2025-08-06,51.936846,996395427.0,-72711584.4
2025-08-07,51.348614,997345427.0,48781183.3
2025-08-08,51.832194,998445427.0,57015413.4
2025-08-11,51.809118,993445427.0,-259045590.0
2025-08-12,52.45155,994695427.0,65564437.5
2025-08-13,52.743086,1004195427.0,501059317.0
2025-08-14,53.030624,998595427.0,-296971494.40000004
2025-08-15,52.442639,997245427.0,-70797562.65
2025-08-18,52.504611,989745427.0,-393784582.5
2025-08-19,52.595862,981495427.0,-433915861.5
2025-08-20,52.864805,977395427.0,-216745700.5
2025-08-21,52.700491,984545427.0,376808510.65
2025-08-22,53.569246,985595427.0,56247708.3
2025-08-25,53.257414,995295427.0,516596915.79999995
2025-08-26,53.662379,992095427.0,-171719612.8
2025-08-27,53.760972,995795427.0,198915596.4
2025-08-28,53.856538,1002045427.0,336603362.5
2025-08-29,53.980053,1013395427.0,612673601.55
2025-09-02,53.600752,1010195427.0,-171522406.4
2025-09-03,53.515869,1011345427.0,61543249.35
2025-09-04,54.05173,1014545427.0,172965536.0
2025-09-05,53.076463,1021495427.0,368881417.84999996
2025-09-08,53.086341,1011345427.0,-538826361.15
2025-09-09,53.332833,1001945427.0,-501328630.2
2025-09-10,53.158802,1003345427.0,74422322.8
2025-09-11,54.047558,1008695427.0,289154435.3
2025-09-12,53.787219,1016845427.0,438365834.85
2025-09-15,53.672481,1022495427.0,303249517.65
2025-09-16,53.567126,1020645427.0,-99099183.10000001
2025-09-17,54.083058,1016345427.0,-232557149.4
2025-09-18,54.117461,1026195427.0,533056990.84999996
2025-09-19,54.236839,1028745427.0,138303939.45000002
2025-09-22,53.982479,1002295427.0,-1427836569.55
2025-09-23,53.743505,997995427.0,-231097071.5
2025-09-24,53.619214,991345427.0,-356567773.1
2025-09-25,53.473597,990245427.0,-58820956.699999996
2025-09-26,53.854211,988145427.0,-113093843.1
2025-09-29,54.109953,981095427.0,-381475168.65
2025-09-30,53.875329,1002695427.0,1163707106.4
2025-10-01,53.381678,1004995427.0,122777859.4
2025-10-02,53.335268,1000695427.0,-229341652.4
2025-10-03,53.729583,1000595427.0,-5372958.3
2025-10-06,53.698852,1003745427.0,169151383.8
2025-10-07,53.773426,1001295427.0,-131744893.7
2025-10-08,53.491524,995995427.0,-283505077.2
2025-10-09,53.319975,1000545427.0,242605886.25
2025-10-10,52.169409,996945427.0,-187809872.4
2025-10-13,52.661251,989445427.0,-394959382.5
2025-10-14,53.253394,1005445427.0,852054304.0
2025-10-15,53.210485,1012345427.0,367152346.5
2025-10-16,51.750567,1005595427.0,-349316327.25
2025-10-17,52.185916,1000345427.0,-273976059.0
2025-10-20,52.786632,1002945427.0,137245243.2
2025-10-21,52.716097,1012795427.0,519253555.45
2025-10-22,52.41712,1013645427.0,44554552.0
2025-10-23,52.546849,997945427.0,-824985529.3000001
2025-10-24,53.120089,997745427.0,-10624017.8
2025-10-27,53.316188,998595427.0,45318759.8
2025-10-28,52.975215,1009045427.0,553590996.75
2025-10-29,52.078068,1004645427.0,-229143499.20000002
2025-10-30,52.243321,1007595427.0,154117796.95000002
2025-10-31,52.344646,1006145427.0,-75899736.7
2025-11-03,52.133007,1006745427.0,31279804.2
2025-11-04,52.419417,1007395427.0,34072621.050000004
2025-11-05,52.570031,998295427.0,-478387282.1
2025-11-06,52.40046,1004595427.0,330122898.0
2025-11-07,52.778714,1002245427.0,-124029977.9
2025-11-10,52.95238,1004395427.0,113847617.0
2025-11-11,53.173434,1002395427.0,-106346868.0
2025-11-12,53.661725,1007145427.0,254893193.75
2025-11-13,52.959443,1009295427.0,113862802.45
2025-11-14,52.452539,1005395427.0,-204564902.1
2025-11-17,51.44871,1006145427.0,38586532.5
2025-11-18,51.355656,998595427.0,-387735202.8
2025-11-19,51.572424,1000595427.0,103144848.0
2025-11-20,51.110732,998895427.0,-86888244.39999999
2025-11-21,51.668489,994345427.0,-235091624.95000002
2025-11-24,51.90884,986345427.0,-415270720.0
2025-11-25,52.529023,979445427.0,-362450258.7
2025-11-26,52.941961,981095427.0,87354235.65
2025-11-28,53.317037,972795427.0,-442531407.09999996
2025-12-01,52.863542,973695427.0,47577187.800000004
2025-12-02,52.848131,979745427.0,319731192.55
2025-12-03,53.521698,976045427.0,-198030282.6
2025-12-04,53.64928,971545427.0,-241421760.0
2025-12-05,53.688791,976195427.0,249652878.15
2025-12-08,53.477679,976495427.0,16043303.700000001
2025-12-09,53.272254,977595427.0,58599479.4
2025-12-10,53.875486,974345427.0,-175095329.5
2025-12-11,54.868374,979195427.0,266111613.9
2025-12-12,54.935659,982995427.0,208755504.20000002
2025-12-15,55.003629,985445427.0,134758891.04999998
2025-12-16,54.639431,982795427.0,-144794492.15
2025-12-17,54.622495,976195427.0,-360508467.0
2025-12-18,54.530216,967895427.0,-452600792.8
2025-12-19,54.847316,971345427.0,189223240.2
2025-12-22,55.338885,969245427.0,-116211658.5
2025-12-23,55.431133,969095427.0,-8314669.95
2025-12-24,55.723077,972795427.0,206175384.9
2025-12-26,55.602272,979345427.0,364194881.6
2025-12-29,55.326297,978945427.0,-22130518.799999997
2025-12-30,55.174012,965145427.0,-761401365.6
2025-12-31,54.760027,969795427.0,254634125.55
2026-01-02,54.940759,970345427.0,30217417.45
2026-01-05,56.124393,973745427.0,190822936.2
2026-01-06,56.406067,986845427.0,738919477.7
2026-01-07,55.597029,985995427.0,-47257474.65
2026-01-08,55.915955,985045427.0,-53120157.25
2026-01-09,55.725278,982595427.0,-136526931.1
2026-01-12,55.278877,982745427.0,8291831.55
2026-01-13,54.258881,990695427.0,431358103.95000005
2026-01-14,54.128183,991795427.0,59541001.3
2026-01-15,54.362044,998545427.0,366943797.0
2026-01-16,54.424967,1000295427.0,95243692.25
2026-01-20,53.213795,1023245427.0,1221256595.25
2026-01-21,53.438988,1027495427.0,227115699.0
2026-01-22,53.802483,1030045427.0,137196331.65
2026-01-23,53.060633,1033995427.0,209589500.35000002
2026-01-26,53.403051,1036845427.0,152198695.35
2026-01-27,53.006041,1046295427.0,500907087.45000005
2026-01-28,52.991247,1051095427.0,254357985.6
2026-01-29,53.581831,1038795427.0,-659056521.3000001
2026-01-30,53.439784,1034545427.0,-227119082.0
2026-02-02,53.994615,1026195427.0,-450855035.25
2026-02-03,53.520055,1030445427.0,227460233.75
2026-02-04,53.949335,1029295427.0,-62041735.25
2026-02-05,53.289851,1020695427.0,-458292718.59999996
2026-02-06,54.262304,1012945427.0,-420532856.0
2026-02-09,53.93711,1018695427.0,310138382.5
2026-02-10,53.538536,1020345427.0,88338584.4
2026-02-11,52.743318,1017395427.0,-155592788.1
2026-02-12,51.692353,1017245427.0,-7753852.949999999
2026-02-13,51.666341,1014695427.0,-131749169.55000001
2026-02-17,52.181137,1011495427.0,-166979638.4
2026-02-18,52.589065,1002095427.0,-494337211.0
2026-02-19,52.141832,1000695427.0,-72998564.8
2026-02-20,52.47753,996095427.0,-241396638.0
2026-02-23,50.730396,995845427.0,-12682599.0
2026-02-24,50.968331,980845427.0,-764524965.0
2026-02-25,51.824663,979095427.0,-90693160.25
2026-02-26,52.494264,979345427.0,13123566.0
2026-02-27,51.453246,965545427.0,-710054794.8
2026-03-02,51.320121,958345427.0,-369504871.2
2026-03-03,51.22791,961045427.0,138315357.0
2026-03-04,51.525305,953795427.0,-373558461.25
2026-03-05,51.270856,955395427.0,82033369.60000001
2026-03-06,50.587291,951395427.0,-202349164.0
2026-03-09,50.324656,936795427.0,-734739977.5999999
2026-03-10,50.067505,928845427.0,-398036664.75
2026-03-11,49.654736,940645427.0,585925884.8
2026-03-12,48.850819,931845427.0,-429887207.2
2026-03-13,48.876047,922695427.0,-447215830.05
2026-03-16,49.304964,937245427.0,717387226.1999999
2026-03-17,49.560278,950645427.0,664107725.1999999
2026-03-18,48.972938,964895427.0,697864366.5
2026-03-19,48.985605,965245427.0,17144961.75
2026-03-20,49.080714,961945427.0,-161966356.2
2026-03-23,49.249712,954595427.0,-361985383.2
2026-03-24,49.273711,976895427.0,1098803755.3
2026-03-25,49.325945,988745427.0,584512448.25
2026-03-26,49.044199,986395427.0,-115253867.64999999
2026-03-27,47.820993,981695427.0,-224758667.1
2026-03-30,48.34669,974795427.0,-333592161.0
2026-03-31,49.383796,967745427.0,-348155761.79999995
2026-04-01,49.385419,976445427.0,429653145.3
2026-04-02,49.541062,983295427.0,339356274.7
2026-04-06,49.876987,984145427.0,42395438.95
2026-04-07,49.886303,980945427.0,-159636169.6
2026-04-08,51.177371,983295427.0,120266821.85000001
2026-04-09,51.324837,985645427.0,120613366.95
2026-04-10,50.7784,988495427.0,144718440.0
2026-04-13,51.655559,981395427.0,-366754468.9
2026-04-14,51.766288,989145427.0,401188732.0
2026-04-15,52.159175,976295427.0,-670245398.75
2026-04-16,52.04864,978495427.0,114507008.0
2026-04-17,52.440498,987245427.0,458854357.5
2026-04-20,52.618081,994895427.0,402528319.65
2026-04-21,52.288146,997745427.0,149021216.1
2026-04-22,52.197493,998895427.0,60027116.95
2026-04-23,51.783295,991595427.0,-378018053.5
2026-04-24,51.452946,991395427.0,-10290589.2
2026-04-27,51.789322,988395427.0,-155367966.0
2026-04-28,51.860093,999395427.0,570461023.0
2026-04-29,51.905523,986195427.0,-685152903.6
2026-04-30,52.125419,987245427.0,54731689.95
2026-05-01,51.931714,998345427.0,576442025.4
2026-05-04,51.573503,1003445427.0,263024865.3
2026-05-05,51.577519,1001545427.0,-97997286.10000001
2026-05-06,51.833825,993445427.0,-419853982.5
2026-05-07,51.538399,990395427.0,-157192116.95
2026-05-08,51.259672,982545427.0,-402388425.2
2026-05-11,51.172732,982495427.0,-2558636.6
2026-05-12,51.54945,977095427.0,-278367030.0
2026-05-13,50.999885,981595427.0,229499482.5
2026-05-14,51.273454,978045427.0,-182020761.70000002
2026-05-15,51.115039,979195427.0,58782294.85
2026-05-18,51.731181,975795427.0,-175886015.4
2026-05-19,51.100922,966395427.0,-480348666.79999995
2026-05-20,51.647443,958745427.0,-395102938.95000005
2026-05-21,51.75776,965845427.0,367480096.0
2026-05-22,51.927681,962145427.0,-192132419.7
2026-05-26,51.852557,966545427.0,228151250.79999998
2026-05-27,51.427323,970095427.0,182566996.65
2026-05-28,51.281277,964695427.0,-276918895.8
2026-05-29,51.569917,958295427.0,-330047468.79999995
2026-06-01,51.435368,957695427.0,-30861220.799999997
2026-06-02,51.457213,948445427.0,-475979220.25
2026-06-03,50.832811,947895427.0,-27958046.05
2026-06-04,52.195848,937545427.0,-540227026.8
2026-06-05,52.287164,947195427.0,504571132.59999996
2026-06-08,51.988156,949545427.0,122172166.6
2026-06-09,52.48347,953445427.0,204685533.0
2026-06-10,52.223157,955195427.0,91390524.75
2026-06-11,52.634298,945645427.0,-502657545.90000004
2026-06-12,53.350268,947395427.0,93362969.0
2026-06-15,53.540669,953295427.0,315889947.1
2026-06-16,54.338729,955895427.0,141280695.4
2026-06-17,54.056951,959995427.0,221633499.1
2026-06-18,53.567055,961795427.0,96420699.0
2026-06-22,53.667985,944395427.0,-933822939.0
2026-06-23,53.861241,946395427.0,107722482.0
2026-06-24,53.697237,937945427.0,-453741652.65000004
2026-06-25,53.439011,946345427.0,448887692.4
2026-06-26,53.636991,953295427.0,372777087.45
2026-06-29,53.710503,952595427.0,-37597352.1
2026-06-30,53.630691,957545427.0,265471920.45
2026-07-01,54.774505,963795427.0,342340656.25
2026-07-02,55.64346,960645427.0,-175276899.0
2026-07-06,56.145402,962195427.0,87025373.1
2026-07-07,56.050506,970495427.0,465219199.8
2026-07-08,54.977302,973945427.0,189671691.9
2026-07-09,55.542613,973645427.0,-16662783.9
2026-07-10,55.709069,970145427.0,-194981741.5
2026-07-13,56.047114,965895427.0,-238200234.5
2026-07-14,56.163437,966595427.0,39314405.9
2026-07-15,56.53231,970195427.0,203516316.0
2026-07-16,56.760772,987145427.0,962095085.4000001
2026-07-17,56.246141,1000845427.0,770572131.7
2026-07-20,56.030676,992195427.0,-484665347.4
2026-07-21,56.105912,984245427.0,-446042000.4
2026-07-22,56.034353,997045427.0,717239718.4000001
2026-07-23,55.844669,996345427.0,-39091268.300000004
2026-07-24,56.326908,993645427.0,-152082651.6
2026-07-27,56.895836,988095427.0,-315771889.8
2026-07-28,57.566965,1017745427.0,1706860512.25
2026-07-29,56.663066,1026545427.0,498634980.8
2026-07-30,56.996818,1010795427.0,-897699883.5
2026-07-31,56.931047,1016745427.0,338739729.65
2026-08-03,57.360291,1022595427.0,335557702.34999996
2026-08-04,57.867928,1022095427.0,-28933964.0
2026-08-05,58.017639,1024995427.0,168251153.1
2026-08-06,57.802242,1020495427.0,-260110089.0
2026-08-07,57.630358,1020145427.0,-20170625.3
2026-08-10,57.816767,1015595427.0,-263066289.85
2026-08-11,57.809391,1017245427.0,95385495.14999999
2026-08-12,57.90182,1009645427.0,-440053832.0
2026-08-13,58.238793,1006195427.0,-200923835.85
2026-08-14,58.16964,1002845427.0,-194868294.0
2026-08-17,57.566938,998895427.0,-227389405.1
2026-08-18,57.826553,986745427.0,-702592618.9499999
2026-08-19,57.472646,979745427.0,-402308522.0
2026-08-20,56.913051,975045427.0,-267491339.70000002
2026-08-21,57.48594,975445427.0,22994376.0
2026-08-24,58.200535,966845427.0,-500524601.0
2026-08-25,58.305488,962595427.0,-247798324.0
2026-08-26,58.242059,963145427.0,32033132.45
2026-08-27,57.903207,954545427.0,-497967580.2
2026-08-28,58.098557,944445427.0,-586795425.7
2026-08-31,57.69062,946295427.0,106727647.0
2026-09-01,57.197695,946845427.0,31458732.25
2026-09-02,57.642444,945395427.0,-83581543.8
2026-09-03,58.538988,946845427.0,84881532.60000001
2026-09-04,58.110887,952195427.0,310893245.45
2026-09-08,57.28734,955545427.0,191912589.0
2026-09-09,57.047747,950545427.0,-285238735.0
2026-09-10,56.880237,956245427.0,324217350.90000004
2026-09-11,57.236527,958195427.0,111611227.65
2026-09-14,57.036133,963895427.0,325105958.1
2026-09-15,56.843836,969795427.0,335378632.40000004
2026-09-16,55.925906,970795427.0,55925906.0
2026-09-17,55.869725,959645427.0,-622947433.75
2026-09-18,55.903631,945495427.0,-791036378.65
2026-09-21,55.875782,922545427.0,-1282349196.9
2026-09-22,54.768969,941445427.0,1035133514.1
2026-09-23,54.527438,946495427.0,275363561.9
2026-09-24,54.533406,946745427.0,13633351.5
2026-09-25,54.824488,951495427.0,260416318.0
2026-09-28,54.19927,958895427.0,401074598.0
2026-09-29,54.000758,961095427.0,118801667.6
