date,nav,shares,flow
2006-05-31,33.53929,14401125.0,
2006-06-01,34.078502,13951125.0,-15335325.9
2006-06-02,33.936815,13951125.0,0.0
2006-06-05,33.416096,13951125.0,0.0
2006-06-06,33.251811,13951125.0,0.0
2006-06-07,33.270172,12151125.0,-59886309.6
2006-06-08,33.248849,12151125.0,0.0
2006-06-09,33.125508,12151125.0,0.0
2006-06-12,32.696419,12151125.0,0.0
2006-06-13,32.433926,11751125.0,-12973570.4
2006-06-14,32.619817,12901125.0,37512789.55
2006-06-15,33.307265,13151125.0,8326816.25
2006-06-16,33.112296,11151125.0,-66224592.0
2006-06-19,32.959959,13901125.0,90639887.25
2006-06-20,32.851011,13901125.0,0.0
2006-06-21,33.160721,13901125.0,0.0
2006-06-22,32.927454,13901125.0,0.0
2006-06-23,32.847122,13901125.0,0.0
2006-06-26,33.0355,13901125.0,0.0
2006-06-27,32.603978,14101125.0,6520795.6
2006-06-28,32.653324,14301125.0,6530664.8
2006-06-29,33.342078,14301125.0,0.0
2006-06-30,33.376495,14301125.0,0.0
2006-07-03,33.399946,14301125.0,0.0
2006-07-05,33.117439,14301125.0,0.0
2006-07-06,33.13889,14301125.0,0.0
2006-07-07,32.895739,14301125.0,0.0
2006-07-10,32.91679,14301125.0,0.0
2006-07-11,32.903886,14301125.0,0.0
2006-07-12,32.365784,14301125.0,0.0
2006-07-13,31.825077,14301125.0,0.0
2006-07-14,31.406786,14301125.0,0.0
2006-07-17,31.600041,14301125.0,0.0
2006-07-18,31.392487,14301125.0,0.0
2006-07-19,32.020942,13751125.0,-17611518.099999998
2006-07-20,31.613238,13751125.0,0.0
2006-07-21,31.359799,14201125.0,14111909.549999999
2006-07-24,32.009534,14651125.0,14404290.3
2006-07-25,32.310796,14101125.0,-17770937.8
2006-07-26,31.943402,13701125.0,-12777360.799999999
2006-07-27,31.862135,13701125.0,0.0
2006-07-28,32.26402,13701125.0,0.0
2006-07-31,32.25183,15201125.0,48377745.0
2006-08-01,31.945448,15201125.0,0.0
2006-08-02,32.229726,15201206.0,2610.607806
2006-08-03,32.452147,15201206.0,0.0
2006-08-04,32.476899,15251206.0,1623844.9500000002
2006-08-07,32.350989,16301206.0,33968538.449999996
2006-08-08,32.027375,16301206.0,0.0
2006-08-09,31.617381,17401206.0,34779119.1
2006-08-10,32.04947,17401206.0,0.0
2006-08-11,32.014467,16201206.0,-38417360.400000006
2006-08-14,32.105732,16201206.0,0.0
2006-08-15,32.577573,16501206.0,9773271.9
2006-08-16,32.921207,15701206.0,-26336965.6
2006-08-17,33.09397,15401206.0,-9928191.0
2006-08-18,33.042584,15701206.0,9912775.2
2006-08-21,32.728189,16451206.0,24546141.75
2006-08-22,32.671192,16451206.0,0.0
2006-08-23,32.40014,15051206.0,-45360196.0
2006-08-24,32.248909,15051206.0,0.0
2006-08-25,32.192857,15051206.0,0.0
2006-08-28,32.539717,15051206.0,0.0
2006-08-29,32.758987,15051206.0,0.0
2006-08-30,32.79197,15051206.0,0.0
2006-08-31,32.889904,15051206.0,0.0
2006-09-01,33.227434,15051206.0,0.0
2006-09-05,33.24215,14051206.0,-33242150.000000004
2006-09-06,32.917477,15901206.0,60897332.449999996
2006-09-07,32.925919,15901206.0,0.0
2006-09-08,33.269565,14601206.0,-43250434.5
2006-09-11,33.535154,14601206.0,0.0
2006-09-12,34.339814,14601206.0,0.0
2006-09-13,34.45241,16651206.0,70627440.5
2006-09-14,34.414219,17101206.0,15486398.55
2006-09-15,34.451087,13951206.0,-108520924.05
2006-09-18,34.269338,18651206.0,161065888.6
2006-09-19,34.326852,18651206.0,0.0
2006-09-20,34.63216,19301206.0,22510904.0
2006-09-21,34.384944,19301206.0,0.0
2006-09-22,34.346698,19301206.0,0.0
2006-09-25,34.941332,15051206.0,-148500661.0
2006-09-26,35.195747,13051206.0,-70391494.0
2006-09-27,35.133857,12851206.0,-7026771.399999999
2006-09-28,35.135883,12301278.0,-19322205.866423998
2006-09-29,34.953209,12301278.0,0.0
2006-10-02,34.978324,12301278.0,0.0
2006-10-03,35.342961,13651278.0,47712997.35
2006-10-04,35.85445,14851278.0,43025340.0
2006-10-05,35.985396,15351278.0,17992698.0
2006-10-06,35.881338,14451278.0,-32293204.2
2006-10-09,36.160179,15951278.0,54240268.5
2006-10-10,36.314978,15951278.0,0.0
2006-10-11,36.243076,18501278.0,92419843.80000001
2006-10-12,36.72681,18801278.0,11018043.0
2006-10-13,36.599579,19801278.0,36599579.0
2006-10-16,36.633509,19801278.0,0.0
2006-10-17,36.444745,19601278.0,-7288948.999999999
2006-10-18,36.539424,19451278.0,-5480913.6
2006-10-19,36.453847,19451278.0,0.0
2006-10-20,36.439213,19451278.0,0.0
2006-10-23,36.868456,19951278.0,18434228.0
2006-10-24,37.020953,18451278.0,-55531429.5
2006-10-25,36.918691,19051278.0,22151214.6
2006-10-26,37.417572,19051278.0,0.0
2006-10-27,37.076545,18801278.0,-9269136.25
2006-10-30,37.297325,19151278.0,13054063.75
2006-10-31,37.201747,19151278.0,0.0
2006-11-01,36.898056,19301278.0,5534708.399999999
2006-11-02,36.845102,20301278.0,36845102.0
2006-11-03,36.58728,20301278.0,0.0
2006-11-06,37.090173,20501278.0,7418034.6
2006-11-07,37.142202,20501278.0,0.0
2006-11-08,37.313903,20401278.0,-3731390.3000000003
2006-11-09,37.162243,19401278.0,-37162243.0
2006-11-10,37.302455,19401278.0,0.0
2006-11-13,37.363381,19401278.0,0.0
2006-11-14,37.772175,20151278.0,28329131.249999996
2006-11-15,37.887973,20601278.0,17049587.85
2006-11-16,38.16126,20601278.0,0.0
2006-11-17,38.067468,19451278.0,-43777588.199999996
2006-11-20,37.995483,19951278.0,18997741.5
2006-11-21,38.044413,20351278.0,15217765.2
2006-11-22,38.130498,20651278.0,11439149.4
2006-11-24,37.922276,20001278.0,-24649479.4
2006-11-27,37.387906,20001278.0,0.0
2006-11-28,37.345269,18851278.0,-42947059.35
2006-11-29,37.652383,18551278.0,-11295714.9
2006-11-30,37.662441,18551278.0,0.0
2006-12-01,37.610313,18551278.0,0.0
2006-12-04,38.044067,18551278.0,0.0
2006-12-05,38.356897,18551278.0,0.0
2006-12-06,38.324713,21651278.0,118806610.30000001
2006-12-07,38.129011,21651278.0,0.0
2006-12-08,38.221363,21651278.0,0.0
2006-12-11,38.371323,21651278.0,0.0
2006-12-12,38.173223,21651278.0,0.0
2006-12-13,38.322319,21651278.0,0.0
2006-12-14,38.739803,21201278.0,-17432911.35
2006-12-15,38.446289,20951278.0,-9611572.25
2006-12-18,38.408327,22151278.0,46089992.4
2006-12-19,38.444669,22351278.0,7688933.8
2006-12-20,38.412954,22851278.0,19206477.0
2006-12-21,38.284366,20151278.0,-103367788.2
2006-12-22,38.222893,19301278.0,-32489459.05
2006-12-26,38.31242,19301278.0,0.0
2006-12-27,38.606503,19101278.0,-7721300.6
2006-12-28,38.524825,19101433.0,5971.347875
2006-12-29,38.376957,17101433.0,-76753914.0
2007-01-03,38.49339,17001433.0,-3849339.0
2007-01-04,38.524305,16601433.0,-15409722.0
2007-01-05,38.222375,16601433.0,0.0
2007-01-08,38.299894,16601433.0,0.0
2007-01-09,38.49672,16701433.0,3849672.0000000005
2007-01-10,38.705727,17451433.0,29029295.250000004
2007-01-11,39.143394,17451433.0,0.0
2007-01-12,39.257033,20451433.0,117771099.0
2007-01-16,39.38873,20451433.0,0.0
2007-01-17,39.394966,20601433.0,5909244.899999999
2007-01-18,39.626672,20601433.0,0.0
2007-01-19,39.626521,20251433.0,-13869282.35
2007-01-22,39.401063,20251433.0,0.0
2007-01-23,39.479539,20251433.0,0.0
2007-01-24,39.628912,21401433.0,45573248.8
2007-01-25,39.000802,21401433.0,0.0
2007-01-26,38.833424,21401433.0,0.0
2007-01-29,38.906976,21401433.0,0.0
2007-01-30,39.01419,21401433.0,0.0
2007-01-31,39.434881,20601433.0,-31547904.799999997
2007-02-01,39.589907,20601433.0,0.0
2007-02-02,39.682051,20801433.0,7936410.2
2007-02-05,39.568954,20801433.0,0.0
2007-02-06,39.703177,20801433.0,0.0
2007-02-07,39.880874,20951433.0,5982131.1
2007-02-08,39.797547,20751433.0,-7959509.4
2007-02-09,39.42916,20751433.0,0.0
2007-02-12,39.238469,20751433.0,0.0
2007-02-13,39.5947,20751433.0,0.0
2007-02-14,39.816424,22101433.0,53752172.4
2007-02-15,39.919387,22101433.0,0.0
2007-02-16,39.882208,22101433.0,0.0
2007-02-20,40.17747,22101433.0,0.0
2007-02-21,40.076121,22001433.0,-4007612.1
2007-02-22,39.950478,20501433.0,-59925716.99999999
2007-02-23,39.814399,20501433.0,0.0
2007-02-26,39.479985,20501433.0,0.0
2007-02-27,38.045528,20501433.0,0.0
2007-02-28,38.265118,20501433.0,0.0
2007-03-01,38.080476,20501433.0,0.0
2007-03-02,37.771833,20501433.0,0.0
2007-03-05,37.313611,19501433.0,-37313611.0
2007-03-06,37.876421,19501433.0,0.0
2007-03-07,37.850462,19101433.0,-15140184.8
2007-03-08,38.191653,18401433.0,-26734157.1
2007-03-09,38.210263,18401433.0,0.0
2007-03-12,38.2395,18401433.0,0.0
2007-03-13,37.43921,18051433.0,-13103723.500000002
2007-03-14,37.458736,18051433.0,0.0
2007-03-15,37.578424,17751433.0,-11273527.2
2007-03-16,37.390325,14751433.0,-112170974.99999999
2007-03-19,37.804679,16451433.0,64267954.3
2007-03-20,38.142567,16401433.0,-1907128.35
2007-03-21,38.734676,16401433.0,0.0
2007-03-22,38.609428,16401433.0,0.0
2007-03-23,38.623978,16401433.0,0.0
2007-03-26,38.569242,16401433.0,0.0
2007-03-27,38.251566,16401433.0,0.0
2007-03-28,37.870712,17001433.0,22722427.2
2007-03-29,37.950771,16651498.0,-13280303.049885001
2007-03-30,37.998843,16651498.0,0.0
2007-04-02,38.139492,17751498.0,41953441.199999996
2007-04-03,38.60736,17851498.0,3860736.0
2007-04-04,38.584755,19951498.0,81027985.5
2007-04-05,38.791047,19951498.0,0.0
2007-04-09,38.858588,20051498.0,3885858.8
2007-04-10,38.873156,20051498.0,0.0
2007-04-11,38.647415,19301498.0,-28985561.25
2007-04-12,38.859972,19301498.0,0.0
2007-04-13,38.881005,19401498.0,3888100.5
2007-04-16,39.25155,19401498.0,0.0
2007-04-17,39.420731,19401498.0,0.0
2007-04-18,39.34464,19601498.0,7868928.0
2007-04-19,39.158337,19601498.0,0.0
2007-04-20,39.524323,19151498.0,-17785945.35
2007-04-23,39.418116,19151498.0,0.0
2007-04-24,39.340617,19151498.0,0.0
2007-04-25,39.73003,18851498.0,-11919009.0
2007-04-26,39.718005,18851498.0,0.0
2007-04-27,39.462918,18601498.0,-9865729.5
2007-04-30,38.945002,18601498.0,0.0
2007-05-01,39.050141,17901498.0,-27335098.700000003
2007-05-02,39.415105,17751498.0,-5912265.75
2007-05-03,39.36207,17751498.0,0.0
2007-05-04,39.412535,18151498.0,15765014.0
2007-05-07,39.456784,18051498.0,-3945678.4
2007-05-08,39.386295,18051498.0,0.0
2007-05-09,39.547302,18151498.0,3954730.2
2007-05-10,39.054973,18151498.0,0.0
2007-05-11,39.267775,18151498.0,0.0
2007-05-14,39.249529,18201498.0,1962476.4500000002
2007-05-15,39.07559,18201498.0,0.0
2007-05-16,39.342793,18201498.0,0.0
2007-05-17,39.341001,17901498.0,-11802300.299999999
2007-05-18,39.765595,17901498.0,0.0
2007-05-21,39.862537,17901498.0,0.0
2007-05-22,39.867206,18251498.0,13953522.100000001
2007-05-23,39.874692,19451498.0,47849630.400000006
2007-05-24,39.547497,16601498.0,-112710366.45
2007-05-25,39.672245,16401498.0,-7934448.999999999
2007-05-29,39.649584,16601498.0,7929916.8
2007-05-30,39.970526,16601498.0,0.0
2007-05-31,40.053892,17401498.0,32043113.599999998
2007-06-01,40.266244,17401498.0,0.0
2007-06-04,40.391186,17401498.0,0.0
2007-06-05,40.117436,17401498.0,0.0
2007-06-06,39.727601,17801498.0,15891040.4
2007-06-07,38.992697,17801498.0,0.0
2007-06-08,39.399867,17801498.0,0.0
2007-06-11,39.3091,17801498.0,0.0
2007-06-12,38.882374,17501498.0,-11664712.2
2007-06-13,39.382864,16051498.0,-57105152.8
2007-06-14,39.644105,16051498.0,0.0
2007-06-15,39.758935,14301498.0,-69578136.25
2007-06-18,39.697466,16301498.0,79394932.0
2007-06-19,39.763693,16301498.0,0.0
2007-06-20,39.656422,16651498.0,13879747.7
2007-06-21,39.640642,16651498.0,0.0
2007-06-22,39.287103,17651498.0,39287103.0
2007-06-25,39.197174,17651498.0,0.0
2007-06-26,39.031492,16551498.0,-42934641.2
2007-06-27,39.392899,17301498.0,29544674.25
2007-06-28,39.373897,17301564.0,2598.677202
2007-06-29,39.293905,17351564.0,1964695.25
2007-07-02,39.590536,17351564.0,0.0
2007-07-03,39.586016,17101564.0,-9896504.0
2007-07-05,39.845391,17101564.0,0.0
2007-07-06,40.164142,17101564.0,0.0
2007-07-09,40.017149,18001564.0,36015434.1
2007-07-10,39.26191,18001564.0,0.0
2007-07-11,39.424175,18351564.0,13798461.25
2007-07-12,39.959185,18551564.0,7991837.0
2007-07-13,40.086593,18551564.0,0.0
2007-07-16,39.91321,18551564.0,0.0
2007-07-17,39.886902,18551564.0,0.0
2007-07-18,39.849884,18151564.0,-15939953.600000001
2007-07-19,40.009634,18151564.0,0.0
2007-07-20,39.471951,18151564.0,0.0
2007-07-23,39.507435,18401564.0,9876858.75
2007-07-24,38.784815,18601564.0,7756963.0
2007-07-25,38.786413,18301564.0,-11635923.9
2007-07-26,37.669413,17501564.0,-30135530.4
2007-07-27,37.117317,14701564.0,-103928487.6
2007-07-30,37.589104,13801564.0,-33830193.6
2007-07-31,37.012039,13801564.0,0.0
2007-08-01,37.0586,13851564.0,1852930.0
2007-08-02,37.381447,13951564.0,3738144.7
2007-08-03,36.383631,13951564.0,0.0
2007-08-06,36.974184,13251564.0,-25881928.8
2007-08-07,37.125108,15851564.0,96525280.8
2007-08-08,37.525028,18651564.0,105070078.39999999
2007-08-09,36.482216,18851564.0,7296443.2
2007-08-10,36.535843,18851564.0,0.0
2007-08-13,36.599248,19351564.0,18299624.0
2007-08-14,35.607982,21401564.0,72996363.1
2007-08-15,35.088984,21401564.0,0.0
2007-08-16,35.135491,20851564.0,-19324520.05
2007-08-17,35.729494,22351564.0,53594241.00000001
2007-08-20,35.797175,24401564.0,73384208.75
2007-08-21,36.046501,22601564.0,-64883701.8
2007-08-22,36.567262,22001564.0,-21940357.2
2007-08-23,36.40657,20901564.0,-40047227.0
2007-08-24,36.887461,15101564.0,-213947273.8
2007-08-27,36.600154,15201564.0,3660015.4000000004
2007-08-28,35.708094,15451564.0,8927023.5
2007-08-29,36.704613,15551564.0,3670461.3000000003
2007-08-30,36.546203,15551564.0,0.0
2007-08-31,37.149774,15551564.0,0.0
2007-09-04,37.185493,14001564.0,-57637514.15
2007-09-05,36.706681,13601564.0,-14682672.4
2007-09-06,36.808089,16601564.0,110424267.00000001
2007-09-07,35.968643,16601564.0,0.0
2007-09-10,35.742315,18801564.0,78633093.0
2007-09-11,36.207891,18751564.0,-1810394.5499999998
2007-09-12,36.115472,18101564.0,-23475056.799999997
2007-09-13,36.62658,18101564.0,0.0
2007-09-14,36.765708,18401564.0,11029712.399999999
2007-09-17,36.492637,18601564.0,7298527.4
2007-09-18,37.718177,18351564.0,-9429544.25
2007-09-19,37.823626,17151564.0,-45388351.199999996
2007-09-20,37.251681,18551564.0,52152353.4
2007-09-21,37.160925,14701564.0,-143069561.25
2007-09-24,36.851013,19451564.0,175042311.75
2007-09-25,36.405415,20451564.0,36405415.0
2007-09-26,36.761186,16451564.0,-147044744.0
2007-09-27,36.711221,19451564.0,110133663.0
2007-09-28,36.739613,21051564.0,58783380.8
2007-10-01,37.233493,19851564.0,-44680191.6
2007-10-02,37.355972,19701564.0,-5603395.8
2007-10-03,37.44757,21001564.0,48681841.0
2007-10-04,37.32854,21801614.0,29864698.426999997
2007-10-05,38.013662,26551614.0,180564894.49999997
2007-10-08,37.851784,26401614.0,-5677767.600000001
2007-10-09,37.942548,27151614.0,28456911.0
2007-10-10,37.894956,26951614.0,-7578991.2
2007-10-11,37.652924,26151614.0,-30122339.2
2007-10-12,37.819052,26201614.0,1890952.5999999999
2007-10-15,37.308567,26001614.0,-7461713.399999999
2007-10-16,37.111538,25501614.0,-18555769.0
2007-10-17,37.059738,25501614.0,0.0
2007-10-18,36.875962,22651614.0,-105096491.7
2007-10-19,35.997187,22551614.0,-3599718.6999999997
2007-10-22,36.354028,22451614.0,-3635402.8
2007-10-23,36.501753,23001614.0,20075964.150000002
2007-10-24,36.458665,22451614.0,-20052265.750000004
2007-10-25,36.116247,21451614.0,-36116247.0
2007-10-26,36.482629,21601614.0,5472394.350000001
2007-10-29,36.599889,21901614.0,10979966.7
2007-10-30,36.518978,21901614.0,0.0
2007-10-31,36.749997,21901614.0,0.0
2007-11-01,35.765717,22101614.0,7153143.4
2007-11-02,35.691308,22201614.0,3569130.8
2007-11-05,35.295598,18901614.0,-116475473.39999999
2007-11-06,35.563427,18901614.0,0.0
2007-11-07,34.761923,18551614.0,-12166673.05
2007-11-08,34.783597,18351614.0,-6956719.4
2007-11-09,34.013837,18351614.0,0.0
2007-11-12,33.911719,16801614.0,-52563164.449999996
2007-11-13,34.941408,16801614.0,0.0
2007-11-14,34.242835,17201614.0,13697134.0
2007-11-15,34.023444,17201614.0,0.0
2007-11-16,34.066487,17201614.0,0.0
2007-11-19,33.255992,16401614.0,-26604793.599999998
2007-11-20,33.266218,16601614.0,6653243.600000001
2007-11-21,32.944091,16801614.0,6588818.2
2007-11-23,33.536602,16801614.0,0.0
2007-11-26,32.770463,17001614.0,6554092.6
2007-11-27,33.27194,19051614.0,68207477.0
2007-11-28,34.353994,15951614.0,-106497381.4
2007-11-29,34.293835,18951614.0,102881505.0
2007-11-30,34.72178,23451614.0,156248010.0
2007-12-03,34.587671,23451614.0,0.0
2007-12-04,34.450639,24851614.0,48230894.6
2007-12-05,34.380362,24301614.0,-18909199.099999998
2007-12-06,34.76018,25301614.0,34760180.0
2007-12-07,34.846412,23801614.0,-52269618.0
2007-12-10,34.933789,24701614.0,31440410.099999998
2007-12-11,33.933034,24701614.0,0.0
2007-12-12,33.921962,24701614.0,0.0
2007-12-13,33.811308,24701614.0,0.0
2007-12-14,33.324373,24701614.0,0.0
2007-12-17,33.006219,23151614.0,-51159639.45
2007-12-18,33.293012,23201614.0,1664650.5999999999
2007-12-19,32.989811,23451614.0,8247452.750000001
2007-12-20,33.040212,22801614.0,-21476137.799999997
2007-12-21,33.270645,17901614.0,-163026160.5
2007-12-24,33.557226,22551614.0,156041100.9
2007-12-26,33.388211,22851614.0,10016463.299999999
2007-12-27,32.9713,23051614.0,6594260.0
2007-12-28,32.908908,21801614.0,-41136134.99999999
2007-12-31,32.821785,21651614.0,-4923267.75
2008-01-02,32.142279,21651614.0,0.0
2008-01-03,31.76286,21001614.0,-20645859.0
2008-01-04,30.806516,19501923.0,-46200254.786556
2008-01-07,30.957315,19201923.0,-9287194.5
2008-01-08,30.361835,19201923.0,0.0
2008-01-09,30.611218,19701923.0,15305609.0
2008-01-10,30.99345,19701923.0,0.0
2008-01-11,30.21595,23201923.0,105755825.0
2008-01-14,30.506285,23201923.0,0.0
2008-01-15,29.806746,23651923.0,13413035.7
2008-01-16,30.188505,22701923.0,-28679079.75
2008-01-17,29.646549,22501923.0,-5929309.8
2008-01-18,29.646923,22801923.0,8894076.9
2008-01-22,30.139558,22001923.0,-24111646.400000002
2008-01-23,31.2391,32001923.0,312391000.0
2008-01-24,31.430954,39001923.0,220016678.0
2008-01-25,30.813096,39751923.0,23109822.0
2008-01-28,31.394852,23951923.0,-496038661.6
2008-01-29,31.544447,24001923.0,1577222.35
2008-01-30,31.34406,24001923.0,0.0
2008-01-31,32.404293,24001923.0,0.0
2008-02-01,32.876351,24001923.0,0.0
2008-02-04,32.186242,23001923.0,-32186242.0
2008-02-05,31.305689,22751923.0,-7826422.25
2008-02-06,31.112237,23801923.0,32667848.85
2008-02-07,31.639461,23801923.0,0.0
2008-02-08,31.423215,23501923.0,-9426964.5
2008-02-11,31.852113,23501923.0,0.0
2008-02-12,32.013474,23401923.0,-3201347.4000000004
2008-02-13,32.363653,22651923.0,-24272739.75
2008-02-14,31.917367,22651923.0,0.0
2008-02-15,32.061166,22201923.0,-14427524.7
2008-02-19,31.856705,20051923.0,-68491915.75
2008-02-20,32.156362,20951923.0,28940725.8
2008-02-21,31.576544,20801923.0,-4736481.6
2008-02-22,31.996046,21801923.0,31996046.0
2008-02-25,32.526921,24001923.0,71559226.2
2008-02-26,32.91894,26501923.0,82297350.0
2008-02-27,32.845999,28451923.0,64049698.05
2008-02-28,32.084549,28201923.0,-8021137.250000001
2008-02-29,31.13958,28201923.0,0.0
2008-03-03,31.21996,26101923.0,-65561916.0
2008-03-04,31.242852,26101923.0,0.0
2008-03-05,31.254479,26251923.0,4688171.85
2008-03-06,30.435664,26501923.0,7608916.0
2008-03-07,30.161371,25501923.0,-30161371.0
2008-03-10,29.705043,24051923.0,-43072312.35
2008-03-11,30.630578,25101923.0,32162106.9
2008-03-12,30.429321,26101923.0,30429321.0
2008-03-13,30.547461,27101923.0,30547461.0
2008-03-14,29.976832,27301923.0,5995366.4
2008-03-17,29.532771,27301923.0,0.0
2008-03-18,30.811144,28751923.0,44676158.8
2008-03-19,30.409188,26501923.0,-68420673.0
2008-03-20,31.336533,20501923.0,-188019198.0
2008-03-24,32.312962,26601923.0,197109068.2
2008-03-25,32.230194,27601923.0,32230193.999999996
2008-03-26,31.521434,27201923.0,-12608573.6
2008-03-27,31.098552,26201923.0,-31098552.0
2008-03-28,30.409252,27201923.0,30409252.0
2008-03-31,30.851496,29701923.0,77128740.0
2008-04-01,32.189559,29701923.0,0.0
2008-04-02,32.251773,33401923.0,119331560.1
2008-04-03,32.152676,33401966.0,1382.5650679999999
2008-04-04,32.01449,33401966.0,0.0
2008-04-07,31.986857,33401966.0,0.0
2008-04-08,31.799466,33401966.0,0.0
2008-04-09,31.194148,33001966.0,-12477659.2
2008-04-10,31.469431,29651966.0,-105422593.85
2008-04-11,30.854964,29651966.0,0.0
2008-04-14,30.681636,25151966.0,-138067362.0
2008-04-15,30.746322,25151966.0,0.0
2008-04-16,31.238853,24051966.0,-34362738.3
2008-04-17,31.4354,26051966.0,62870800.0
2008-04-18,32.062634,26051966.0,0.0
2008-04-21,32.035106,26901966.0,27229840.099999998
2008-04-22,31.506352,26751966.0,-4725952.8
2008-04-23,31.610233,26351966.0,-12644093.200000001
2008-04-24,32.025809,27351966.0,32025809.000000004
2008-04-25,32.349094,27251966.0,-3234909.4
2008-04-28,32.366295,27251966.0,0.0
2008-04-29,32.528074,25451966.0,-58550533.199999996
2008-04-30,32.161622,25151966.0,-9648486.6
2008-05-01,33.218396,26351966.0,39862075.199999996
2008-05-02,33.154149,28951966.0,86200787.39999999
2008-05-05,32.739563,30001966.0,34376541.15
2008-05-06,32.913065,30251966.0,8228266.250000001
2008-05-07,32.450754,28551966.0,-55166281.800000004
2008-05-08,32.364288,27551966.0,-32364288.000000004
2008-05-09,32.209992,26701966.0,-27378493.2
2008-05-12,32.879854,26701966.0,0.0
2008-05-13,32.95967,26701966.0,0.0
2008-05-14,33.288588,25251966.0,-48268452.599999994
2008-05-15,33.707872,26451966.0,40449446.4
2008-05-16,33.410069,26451966.0,0.0
2008-05-19,33.314013,26201966.0,-8328503.250000001
2008-05-20,32.778475,26201966.0,0.0
2008-05-21,32.144755,25401966.0,-25715804.000000004
2008-05-22,32.208867,24501966.0,-28987980.299999997
2008-05-23,31.658545,24801966.0,9497563.5
2008-05-27,32.010485,24151966.0,-20806815.25
2008-05-28,32.153987,24151966.0,0.0
2008-05-29,32.468953,20651966.0,-113641335.5
2008-05-30,32.353952,22851966.0,71178694.4
2008-06-02,31.981452,22951966.0,3198145.2
2008-06-03,31.988416,19951966.0,-95965248.0
2008-06-04,32.166554,22901966.0,94891334.3
2008-06-05,32.581307,25251966.0,76566071.45
2008-06-06,31.292221,25251966.0,0.0
2008-06-09,31.251315,25051966.0,-6250263.0
2008-06-10,31.387034,20801966.0,-133394894.5
2008-06-11,30.702569,22951966.0,66010523.35
2008-06-12,30.905997,22451966.0,-15452998.5
2008-06-13,31.690054,21651966.0,-25352043.2
2008-06-16,31.651715,22451966.0,25321372.0
2008-06-17,31.234275,22701966.0,7808568.75
2008-06-18,30.64574,23951966.0,38307175.0
2008-06-19,31.017855,23851966.0,-3101785.5
2008-06-20,29.973275,17101966.0,-202319606.25
2008-06-23,29.481593,22201966.0,150356124.3
2008-06-24,29.417444,23701966.0,44126166.0
2008-06-25,29.846544,25701966.0,59693088.0
2008-06-26,28.8043,28851966.0,90733545.0
2008-06-27,28.599873,28351966.0,-14299936.5
2008-06-30,28.339177,28751966.0,11335670.799999999
2008-07-01,28.278818,28551966.0,-5655763.600000001
2008-07-02,27.841246,29801966.0,34801557.5
2008-07-03,27.916688,24051966.0,-160520956.0
2008-07-07,27.733535,33452135.0,260699915.967415
2008-07-08,28.358749,34752135.0,36866373.7
2008-07-09,27.609866,36602135.0,51078252.1
2008-07-10,27.136992,36602135.0,0.0
2008-07-11,26.796762,36702135.0,2679676.2
2008-07-14,26.656544,36702135.0,0.0
2008-07-15,26.732279,36352135.0,-9356297.649999999
2008-07-16,27.906273,37552135.0,33487527.599999998
2008-07-17,28.59169,38602135.0,30021274.5
2008-07-18,28.546273,40252135.0,47101350.449999996
2008-07-21,28.183294,40002135.0,-7045823.5
2008-07-22,28.77112,34352135.0,-162556828.0
2008-07-23,29.357421,37552135.0,93943747.2
2008-07-24,28.533986,39302135.0,49934475.5
2008-07-25,28.425828,40202135.0,25583245.2
2008-07-28,27.725003,38902135.0,-36042503.9
2008-07-29,28.634016,37802135.0,-31497417.599999998
2008-07-30,28.749355,38302135.0,14374677.5
2008-07-31,28.476215,39602135.0,37019079.5
2008-08-01,28.324773,39352135.0,-7081193.25
2008-08-04,28.460246,39452135.0,2846024.6
2008-08-05,29.739482,37452135.0,-59478964.0
2008-08-06,29.604639,38502135.0,31084870.95
2008-08-07,29.007823,38652135.0,4351173.45
2008-08-08,30.508441,34252135.0,-134237140.4
2008-08-11,31.281302,35502135.0,39101627.5
2008-08-12,30.819581,35902135.0,12327832.4
2008-08-13,30.32202,36352135.0,13644909.0
2008-08-14,30.920054,37052135.0,21644037.8
2008-08-15,31.230176,37402135.0,10930561.6
2008-08-18,30.687547,38602135.0,36825056.4
2008-08-19,30.001309,37202135.0,-42001832.6
2008-08-20,29.84407,36902135.0,-8953221.0
2008-08-21,29.986997,37252135.0,10495448.95
2008-08-22,30.647882,34452135.0,-85814069.6
2008-08-25,29.907107,34452135.0,0.0
2008-08-26,29.986407,34202135.0,-7496601.75
2008-08-27,30.125971,34452135.0,7531492.75
2008-08-28,30.835125,34552135.0,3083512.5
2008-08-29,30.521192,31852135.0,-82407218.39999999
2008-09-02,31.09347,30852135.0,-31093470.0
2008-09-03,31.274373,30052135.0,-25019498.400000002
2008-09-04,30.235947,30252135.0,6047189.399999999
2008-09-05,30.307984,27852135.0,-72739161.60000001
2008-09-08,31.549612,28402135.0,17352286.6
2008-09-09,30.758018,29752135.0,41523324.3
2008-09-10,30.788726,30202135.0,13854926.700000001
2008-09-11,31.208539,31102135.0,28087685.099999998
2008-09-12,31.058152,31502135.0,12423260.8
2008-09-15,30.191454,31002135.0,-15095727.0
2008-09-16,30.360617,32952135.0,59203203.150000006
2008-09-17,28.89826,33102135.0,4334739.0
2008-09-18,30.107325,33252135.0,4516098.75
2008-09-19,30.526595,26202135.0,-215212494.75
2008-09-22,29.017642,32352135.0,178458498.29999998
2008-09-23,28.549392,34902135.0,72800949.60000001
2008-09-24,28.357296,35402135.0,14178648.0
2008-09-25,28.906171,35602135.0,5781234.2
2008-09-26,29.194394,36952135.0,39412431.9
2008-09-29,27.015107,36502135.0,-12156798.15
2008-09-30,28.049818,37302135.0,22439854.4
2008-10-01,27.834084,35502135.0,-50101351.2
2008-10-02,26.662488,34252284.0,-33324137.289288
2008-10-03,25.932753,34302284.0,1296637.6500000001
2008-10-06,25.006002,34002284.0,-7501800.6
2008-10-07,23.578402,33702284.0,-7073520.600000001
2008-10-08,23.248315,33902284.0,4649663.0
2008-10-09,21.572063,34052284.0,3235809.45
2008-10-10,21.213446,34502284.0,9546050.700000001
2008-10-13,23.36244,34752284.0,5840610.0
2008-10-14,22.736516,34752284.0,0.0
2008-10-15,20.56625,35402284.0,13368062.5
2008-10-16,21.50185,35652284.0,5375462.5
2008-10-17,21.594981,35252284.0,-8637992.4
2008-10-20,22.392016,35252284.0,0.0
2008-10-21,21.709697,36052284.0,17367757.599999998
2008-10-22,20.348032,36252284.0,4069606.4
2008-10-23,20.240407,37002284.0,15180305.25
2008-10-24,19.401114,36002284.0,-19401114.0
2008-10-27,18.920694,37002284.0,18920694.0
2008-10-28,21.394972,34552284.0,-52417681.4
2008-10-29,21.380336,34552284.0,0.0
2008-10-30,22.082348,35402284.0,18769995.8
2008-10-31,22.682153,35402284.0,0.0
2008-11-03,22.33288,34252284.0,-25682812.0
2008-11-04,23.174376,34302284.0,1158718.8
2008-11-05,21.855932,33052284.0,-27319915.0
2008-11-06,20.68417,33052284.0,0.0
2008-11-07,21.089164,33052284.0,0.0
2008-11-10,20.549233,32252284.0,-16439386.4
2008-11-11,19.96288,32252284.0,0.0
2008-11-12,18.725511,29652284.0,-48686328.6
2008-11-13,20.071386,29652284.0,0.0
2008-11-14,19.151028,29652284.0,0.0
2008-11-17,18.578956,30302284.0,12076321.4
2008-11-18,18.591868,30302284.0,0.0
2008-11-19,17.321977,32802284.0,43304942.5
2008-11-20,16.388954,32802284.0,0.0
2008-11-21,17.510731,31502284.0,-22763950.3
2008-11-24,18.866232,31402284.0,-1886623.2
2008-11-25,19.233207,30902284.0,-9616603.5
2008-11-26,20.317823,31502284.0,12190693.8
2008-11-28,20.524072,36402284.0,100567952.8
2008-12-01,18.712684,36402284.0,0.0
2008-12-02,19.527447,36252284.0,-2929117.05
2008-12-03,20.370932,35752284.0,-10185466.0
2008-12-04,20.429829,28852284.0,-140965820.10000002
2008-12-05,21.17467,28902284.0,1058733.5
2008-12-08,21.927388,29002284.0,2192738.8000000003
2008-12-09,21.295212,28202284.0,-17036169.599999998
2008-12-10,21.80759,28102284.0,-2180759.0
2008-12-11,20.968069,30102284.0,41936138.0
2008-12-12,21.052998,31452284.0,28421547.299999997
2008-12-15,20.753835,31802284.0,7263842.25
2008-12-16,21.911296,31802284.0,0.0
2008-12-17,22.003196,33752284.0,42906232.199999996
2008-12-18,21.596797,33552284.0,-4319359.399999999
2008-12-19,21.370897,30202284.0,-71592504.95
2008-12-22,20.723793,32402284.0,45592344.6
2008-12-23,20.448171,32202284.0,-4089634.1999999997
2008-12-24,20.61528,30402284.0,-37107504.0
2008-12-26,20.742414,30402284.0,0.0
2008-12-29,20.51075,30352284.0,-1025537.5000000001
2008-12-30,21.158035,31002284.0,13752722.750000002
2008-12-31,21.490321,31052284.0,1074516.05
2009-01-02,22.494857,31202600.0,3381336.924812
2009-01-05,22.50721,33202600.0,45014420.0
2009-01-06,22.910973,33802600.0,13746583.799999999
2009-01-07,22.108583,33702600.0,-2210858.3
2009-01-08,22.181475,33702600.0,0.0
2009-01-09,21.555537,33702600.0,0.0
2009-01-12,21.016658,32552600.0,-24169156.7
2009-01-13,20.744726,32452600.0,-2074472.6
2009-01-14,19.97835,31602600.0,-16981597.5
2009-01-15,20.385829,31302600.0,-6115748.7
2009-01-16,20.671483,31252600.0,-1033574.1499999999
2009-01-20,19.373397,31102600.0,-2906009.5500000003
2009-01-21,20.023319,32752600.0,33038476.35
2009-01-22,19.767788,31902600.0,-16802619.8
2009-01-23,19.659165,31902600.0,0.0
2009-01-26,19.82144,30952600.0,-18830368.0
2009-01-27,19.807579,24252600.0,-132710779.3
2009-01-28,20.629815,25202600.0,19598324.25
2009-01-29,19.808651,25102600.0,-1980865.1
2009-01-30,19.229538,25802600.0,13460676.600000001
2009-02-02,19.141987,31302600.0,105280928.5
2009-02-03,19.688284,34102600.0,55127195.199999996
2009-02-04,19.193175,33952600.0,-2878976.25
2009-02-05,19.579146,34552600.0,11747487.600000001
2009-02-06,20.17478,34702600.0,3026216.9999999995
2009-02-09,20.090945,34852600.0,3013641.75
2009-02-10,19.14762,34102600.0,-14360715.0
2009-02-11,19.245813,34602600.0,9622906.5
2009-02-12,19.304308,33902600.0,-13513015.6
2009-02-13,19.013728,33802600.0,-1901372.8
2009-02-17,18.255835,31802600.0,-36511670.0
2009-02-18,18.117974,27802600.0,-72471896.0
2009-02-19,17.996962,26702600.0,-19796658.2
2009-02-20,17.845173,27202600.0,8922586.5
2009-02-23,17.383206,26252600.0,-16514045.700000001
2009-02-24,18.217158,27652600.0,25504021.200000003
2009-02-25,18.019206,30352600.0,48651856.2
2009-02-26,17.638953,30602600.0,4409738.25
2009-02-27,17.606192,29452600.0,-20247120.8
2009-03-02,16.859411,29452600.0,0.0
2009-03-03,16.66919,31002600.0,25837244.5
2009-03-04,17.139235,30902600.0,-1713923.5
2009-03-05,16.348397,32552600.0,26974855.049999997
2009-03-06,16.229341,33752600.0,19475209.200000003
2009-03-09,16.03673,31102600.0,-42497334.5
2009-03-10,17.211402,31702600.0,10326841.2
2009-03-11,17.356549,30902600.0,-13885239.200000001
2009-03-12,18.063735,31052600.0,2709560.25
2009-03-13,18.209953,33552600.0,45524882.5
2009-03-16,17.8799,33552600.0,0.0
2009-03-17,18.676807,33552600.0,0.0
2009-03-18,19.275108,31602600.0,-37586460.6
2009-03-19,19.044889,32302600.0,13331422.3
2009-03-20,18.536667,23852600.0,-156634836.15
2009-03-23,19.881694,28552600.0,93443961.8
2009-03-24,19.583818,26952600.0,-31334108.8
2009-03-25,19.791715,27602600.0,12864614.75
2009-03-26,20.577287,27952600.0,7202050.449999999
2009-03-27,20.155865,31002600.0,61475388.24999999
2009-03-30,19.485256,30852600.0,-2922788.4
2009-03-31,19.648381,32752600.0,37331923.9
2009-04-01,20.049818,36302600.0,71176853.89999999
2009-04-02,21.096825,37402804.0,23210811.252299998
2009-04-03,21.427518,41452804.0,86781447.89999999
2009-04-06,21.175221,37952804.0,-74113273.5
2009-04-07,20.525921,37952804.0,0.0
2009-04-08,21.104361,36502804.0,-30601323.450000003
2009-04-09,21.997289,36502804.0,0.0
2009-04-13,21.900991,37652804.0,25186139.650000002
2009-04-14,21.415306,35202804.0,-52467499.7
2009-04-15,21.538791,35902804.0,15077153.7
2009-04-16,22.276399,36302804.0,8910559.6
2009-04-17,22.555788,37952804.0,37217050.2
2009-04-20,21.564053,37652804.0,-6469215.9
2009-04-21,22.062355,37752804.0,2206235.5
2009-04-22,22.253636,41002804.0,72324317.0
2009-04-23,22.271653,40152804.0,-18930905.05
2009-04-24,22.865235,40352804.0,4573047.0
2009-04-27,22.453093,40352804.0,0.0
2009-04-28,22.505265,39452804.0,-20254738.5
2009-04-29,23.012281,37952804.0,-34518421.5
2009-04-30,23.308176,37952804.0,0.0
2009-05-01,23.153888,36952804.0,-23153888.0
2009-05-04,23.937142,36202804.0,-17952856.5
2009-05-05,23.947991,39102804.0,69449173.89999999
2009-05-06,24.158307,41452804.0,56772021.45
2009-05-07,23.724609,41602804.0,3558691.35
2009-05-08,23.96102,40752804.0,-20366867.0
2009-05-11,23.467402,41402804.0,15253811.3
2009-05-12,22.944003,39102804.0,-52771206.9
2009-05-13,22.212822,37802804.0,-28876668.599999998
2009-05-14,22.385041,37902804.0,2238504.1
2009-05-15,22.231486,36902804.0,-22231486.0
2009-05-18,23.183689,36752804.0,-3477553.35
2009-05-19,23.153483,34602804.0,-49779988.45
2009-05-20,22.933526,31402804.0,-73387283.2
2009-05-21,22.399908,37852804.0,144479406.6
2009-05-22,22.477408,33902804.0,-88785761.60000001
2009-05-26,23.327565,33902804.0,0.0
2009-05-27,22.808626,35502804.0,36493801.6
2009-05-28,22.766274,35852804.0,7968195.899999999
2009-05-29,23.082691,36352804.0,11541345.5
2009-06-01,24.148296,36852804.0,12074148.0
2009-06-02,24.380663,37402804.0,13409364.649999999
2009-06-03,24.140899,44752804.0,177435607.65
2009-06-04,24.099247,46502804.0,42173682.25
2009-06-05,24.042542,49602804.0,74531880.2
2009-06-08,24.143334,48952804.0,-15693167.1
2009-06-09,24.343489,49202804.0,6085872.25
2009-06-10,24.092987,49702804.0,12046493.5
2009-06-11,23.864187,46902804.0,-66819723.6
2009-06-12,23.904655,44952804.0,-46614077.25
2009-06-15,23.387322,43252804.0,-39758447.4
2009-06-16,22.83942,42352804.0,-20555478.0
2009-06-17,23.059646,37752804.0,-106074371.60000001
2009-06-18,22.997509,40702804.0,67842651.55
2009-06-19,23.103798,38152804.0,-58914684.900000006
2009-06-22,22.483265,44302804.0,138272079.75
2009-06-23,22.314621,48452804.0,92605677.14999999
2009-06-24,22.437726,48952804.0,11218863.0
2009-06-25,23.091647,48952804.0,0.0
2009-06-26,22.991482,49952804.0,22991482.0
2009-06-29,23.221807,49052804.0,-20899626.299999997
2009-06-30,23.122204,48552804.0,-11561102.0
2009-07-01,23.208491,48152804.0,-9283396.4
2009-07-02,22.354249,46153021.0,-44703647.127967
2009-07-06,22.396198,47153021.0,22396198.0
2009-07-07,21.833373,47053021.0,-2183337.3000000003
2009-07-08,21.99258,46153021.0,-19793322.0
2009-07-09,22.137627,47203021.0,23244508.349999998
2009-07-10,22.068543,46203021.0,-22068543.0
2009-07-13,22.48786,44203021.0,-44975720.0
2009-07-14,22.829762,44203021.0,0.0
2009-07-15,23.465419,44153021.0,-1173270.95
2009-07-16,23.745359,46553021.0,56988861.6
2009-07-17,23.770165,43553021.0,-71310495.0
2009-07-20,24.322054,44703021.0,27970362.1
2009-07-21,24.228121,44703021.0,0.0
2009-07-22,24.459884,45103021.0,9783953.6
2009-07-23,25.038941,45103021.0,0.0
2009-07-24,24.995785,45103021.0,0.0
2009-07-27,25.052773,45853021.0,18789579.75
2009-07-28,25.059639,45853021.0,0.0
2009-07-29,24.852023,48803021.0,73313467.85
2009-07-30,25.269425,47353021.0,-36640666.25
2009-07-31,25.306276,44053021.0,-83510710.8
2009-08-03,25.798818,49053021.0,128994090.0
2009-08-04,25.864898,48453021.0,-15518938.8
2009-08-05,25.712016,47703021.0,-19284012.0
2009-08-06,25.682299,47703021.0,0.0
2009-08-07,26.532135,44703021.0,-79596405.0
2009-08-10,26.222971,45253021.0,14422634.05
2009-08-11,25.953214,44503021.0,-19464910.5
2009-08-12,26.204244,43503021.0,-26204244.0
2009-08-13,26.255202,43503021.0,0.0
2009-08-14,25.84862,43253021.0,-6462155.0
2009-08-17,25.031265,43053021.0,-5006253.0
2009-08-18,25.376539,43353021.0,7612961.7
2009-08-19,25.619083,41753021.0,-40990532.8
2009-08-20,25.819365,41903021.0,3872904.75
2009-08-21,26.343106,41903021.0,0.0
2009-08-24,26.09739,42353021.0,11743825.5
2009-08-25,26.413492,42603021.0,6603373.0
2009-08-26,26.534968,46603021.0,106139872.0
2009-08-27,26.63017,50153021.0,94537103.5
2009-08-28,26.620114,50503021.0,9317039.9
2009-08-31,26.185574,50503021.0,0.0
2009-09-01,25.677994,50503021.0,0.0
2009-09-02,25.545087,51403021.0,22990578.3
2009-09-03,25.884478,51003021.0,-10353791.200000001
2009-09-04,26.265083,50053021.0,-24951828.85
2009-09-08,26.532939,50053021.0,0.0
2009-09-09,26.829855,49303021.0,-20122391.25
2009-09-10,27.209493,44503021.0,-130605566.39999999
2009-09-11,27.088038,44503021.0,0.0
2009-09-14,27.208319,44503021.0,0.0
2009-09-15,27.319647,43753021.0,-20489735.25
2009-09-16,27.84238,45353021.0,44547808.0
2009-09-17,27.737772,45803021.0,12481997.4
2009-09-18,27.857975,37803021.0,-222863800.0
2009-09-21,27.70502,48603021.0,299214216.0
2009-09-22,27.783218,48603021.0,0.0
2009-09-23,27.415316,49603021.0,27415316.0
2009-09-24,27.165768,50503021.0,24449191.2
2009-09-25,26.93012,50653021.0,4039518.0
2009-09-28,27.467628,49003021.0,-45321586.2
2009-09-29,27.599832,48753021.0,-6899958.0
2009-09-30,27.48004,46603021.0,-59082086.0
2009-10-01,26.850034,46153252.0,-12076312.942146
2009-10-02,26.505027,46153252.0,0.0
2009-10-05,26.973386,43153252.0,-80920158.0
2009-10-06,27.376309,43153252.0,0.0
2009-10-07,27.400527,43603252.0,12330237.15
2009-10-08,27.820785,43603252.0,0.0
2009-10-09,27.825672,46703252.0,86259583.2
2009-10-12,27.846233,46703252.0,0.0
2009-10-13,27.967328,46703252.0,0.0
2009-10-14,28.404383,47203252.0,14202191.5
2009-10-15,28.438673,47203252.0,0.0
2009-10-16,28.280338,45803252.0,-39592473.2
2009-10-19,28.669444,45803252.0,0.0
2009-10-20,28.358845,46053252.0,7089711.25
2009-10-21,27.948779,46403252.0,9782072.649999999
2009-10-22,28.414666,45253252.0,-32676865.900000002
2009-10-23,28.207427,45153252.0,-2820742.6999999997
2009-10-26,28.057372,44153252.0,-28057372.0
2009-10-27,27.591052,44203252.0,1379552.6
2009-10-28,26.828418,41353252.0,-76460991.3
2009-10-29,27.55961,39103252.0,-62009122.5
2009-10-30,26.815859,37953252.0,-30838237.849999998
2009-11-02,27.058005,36253252.0,-45998608.5
2009-11-03,27.130128,41453252.0,141076665.6
2009-11-04,27.094878,39353252.0,-56899243.800000004
2009-11-05,27.792444,43453252.0,113949020.4
2009-11-06,28.074619,47653252.0,117913399.8
2009-11-09,28.693947,49253252.0,45910315.2
2009-11-10,28.711864,49403252.0,4306779.6
2009-11-11,28.849712,49303252.0,-2884971.2
2009-11-12,28.557307,49303252.0,0.0
2009-11-13,28.999216,47803252.0,-43498824.0
2009-11-16,29.479307,47003252.0,-23583445.599999998
2009-11-17,29.270585,50103252.0,90738813.5
2009-11-18,29.175551,50303252.0,5835110.2
2009-11-19,28.833329,47953252.0,-67758323.14999999
2009-11-20,28.672988,48903252.0,27239338.6
2009-11-23,28.929561,48053252.0,-24590126.85
2009-11-24,28.887637,48003252.0,-1444381.85
2009-11-25,29.182604,48403252.0,11673041.6
2009-11-27,28.768443,49703252.0,37398975.9
2009-11-30,28.666429,50453252.0,21499821.75
2009-12-01,29.059652,50503252.0,1452982.6
2009-12-02,29.144613,50453252.0,-1457230.65
2009-12-03,28.936118,50003252.0,-13021253.1
2009-12-04,29.150965,49703252.0,-8745289.5
2009-12-07,29.280662,49153252.0,-16104364.1
2009-12-08,29.054731,48153252.0,-29054731.0
2009-12-09,29.008281,45653252.0,-72520702.5
2009-12-10,29.430329,46853252.0,35316394.8
2009-12-11,29.732206,46153252.0,-20812544.2
2009-12-14,29.996127,46153252.0,0.0
2009-12-15,29.897867,47603252.0,43351907.15
2009-12-16,29.947358,47053252.0,-16471046.9
2009-12-17,29.591191,47703252.0,19234274.15
2009-12-18,29.584928,37753252.0,-294370033.6
2009-12-21,29.957768,47103252.0,280105130.8
2009-12-22,30.002895,48703252.0,48004632.0
2009-12-23,30.125505,49103252.0,12050202.0
2009-12-24,30.159409,49103252.0,0.0
2009-12-28,30.152266,49153252.0,1507613.3
2009-12-29,30.216303,48903252.0,-7554075.75
2009-12-30,30.090892,48903252.0,0.0
2009-12-31,29.797463,49103252.0,5959492.600000001
2010-01-04,29.98279,49853252.0,22487092.5
2010-01-05,30.129493,49253252.0,-18077695.8
2010-01-06,30.127323,50503252.0,37659153.75
2010-01-07,30.386006,49553252.0,-28866705.7
2010-01-08,30.381396,50853252.0,39495814.8
2010-01-11,30.350444,50403252.0,-13657699.799999999
2010-01-12,29.971899,49703252.0,-20980329.3
2010-01-13,30.250695,48953252.0,-22688021.25
2010-01-14,30.264103,48953252.0,0.0
2010-01-15,29.996069,47653252.0,-38994889.699999996
2010-01-19,30.347777,47903252.0,7586944.25
2010-01-20,29.992674,46403252.0,-44989011.0
2010-01-21,29.605651,48303252.0,56250736.900000006
2010-01-22,29.057685,47953252.0,-10170189.75
2010-01-25,29.157052,49553252.0,46651283.2
2010-01-26,29.183304,48903252.0,-18969147.6
2010-01-27,29.285659,48603252.0,-8785697.7
2010-01-28,29.098004,51353252.0,80019511.0
2010-01-29,28.935464,51603252.0,7233866.0
2010-02-01,29.254094,50653252.0,-27791389.299999997
2010-02-02,29.679303,52653252.0,59358606.0
2010-02-03,29.725189,52203252.0,-13376335.05
2010-02-04,28.8774,51753252.0,-12994830.0
2010-02-05,28.742174,49853252.0,-54610130.599999994
2010-02-08,28.626575,49753252.0,-2862657.5
2010-02-09,29.030361,51153252.0,40642505.4
2010-02-10,28.898978,47253252.0,-112706014.2
2010-02-11,29.215261,48153252.0,26293734.900000002
2010-02-12,29.210548,48003252.0,-4381582.2
2010-02-16,29.689327,49703252.0,50471855.9
2010-02-17,29.936737,47953252.0,-52389289.75
2010-02-18,30.122154,48153252.0,6024430.8
2010-02-19,30.226766,47903252.0,-7556691.5
2010-02-22,30.19016,47503252.0,-12076064.0
2010-02-23,30.021793,49103252.0,48034868.8
2010-02-24,30.437379,50053252.0,28915510.05
2010-02-25,30.439787,51103252.0,31961776.349999998
2010-02-26,30.511491,51353252.0,7627872.75
2010-03-01,31.004358,52253252.0,27903922.2
2010-03-02,30.911996,52653252.0,12364798.399999999
2010-03-03,30.923697,56753252.0,126787157.7
2010-03-04,31.228644,57203252.0,14052889.799999999
2010-03-05,31.721189,57203252.0,0.0
2010-03-08,31.838939,57953252.0,23879204.25
2010-03-09,31.827456,57953252.0,0.0
2010-03-10,31.932977,55703252.0,-71849198.25
2010-03-11,32.113845,56303252.0,19268307.0
2010-03-12,32.188899,56803252.0,16094449.5
2010-03-15,32.228204,56803252.0,0.0
2010-03-16,32.408748,57403252.0,19445248.8
2010-03-17,32.565507,57253252.0,-4884826.05
2010-03-18,32.579183,57503252.0,8144795.75
2010-03-19,32.318188,46403252.0,-358731886.8
2010-03-22,32.74147,56403252.0,327414700.0
2010-03-23,32.883274,57203252.0,26306619.2
2010-03-24,32.731378,60003252.0,91647858.39999999
2010-03-25,32.906535,60203252.0,6581307.0
2010-03-26,33.0814,60953252.0,24811050.0
2010-03-29,33.075116,60953252.0,0.0
2010-03-30,33.084209,60203252.0,-24813156.75
2010-03-31,32.827238,60203252.0,0.0
2010-04-01,33.06758,60453252.0,8266895.0
2010-04-05,33.469538,63953252.0,117143383.0
2010-04-06,33.519099,63253252.0,-23463369.299999997
2010-04-07,33.346866,64253252.0,33346866.0
2010-04-08,33.687719,64253252.0,0.0
2010-04-09,33.983283,63253252.0,-33983283.0
2010-04-12,33.981587,64153252.0,30583428.299999997
2010-04-13,34.179631,64453252.0,10253889.3
2010-04-14,34.679204,63603252.0,-29477323.4
2010-04-15,34.813408,63603252.0,0.0
2010-04-16,34.338591,64253252.0,22320084.150000002
2010-04-19,34.432026,63653252.0,-20659215.6
2010-04-20,34.818377,60603252.0,-106196049.85
2010-04-21,35.013474,64403252.0,133051201.2
2010-04-22,35.595365,66803252.0,85428876.0
2010-04-23,35.754255,67853252.0,37541967.75
2010-04-26,35.956106,68303252.0,16180247.7
2010-04-27,34.922296,66903252.0,-48891214.400000006
2010-04-28,34.82091,66653252.0,-8705227.5
2010-04-29,35.53828,65953252.0,-24876796.0
2010-04-30,34.819659,65453252.0,-17409829.5
2010-05-03,35.535951,67153252.0,60411116.699999996
2010-05-04,34.495013,68853252.0,58641522.1
2010-05-05,33.998615,67703252.0,-39098407.25
2010-05-06,32.80085,59803252.0,-259126714.99999997
2010-05-07,32.177369,52153252.0,-246156872.85
2010-05-10,33.871169,55003252.0,96532831.65
2010-05-11,33.874085,56503252.0,50811127.5
2010-05-12,34.329522,55353252.0,-39478950.3
2010-05-13,33.60714,55353252.0,0.0
2010-05-14,33.036965,53903252.0,-47903599.25
2010-05-17,33.244088,53353252.0,-18284248.4
2010-05-18,32.642183,54303252.0,31010073.85
2010-05-19,32.393696,54753252.0,14577163.2
2010-05-20,31.16169,54753252.0,0.0
2010-05-21,31.740846,54703252.0,-1587042.3
2010-05-24,31.4956,53703252.0,-31495600.0
2010-05-25,31.761619,59103252.0,171512742.6
2010-05-26,31.691916,59003252.0,-3169191.6
2010-05-27,32.824304,59503252.0,16412151.999999998
2010-05-28,32.380871,60253252.0,24285653.25
2010-06-01,31.886376,62203252.0,62178433.199999996
2010-06-02,32.653157,63553252.0,44081761.95
2010-06-03,32.774087,64703252.0,37690200.050000004
2010-06-04,31.542719,63703252.0,-31542719.0
2010-06-07,30.964874,57003252.0,-207464655.79999998
2010-06-08,31.208308,53903252.0,-96745754.8
2010-06-09,31.211903,53903252.0,0.0
2010-06-10,32.222128,56203252.0,74110894.39999999
2010-06-11,32.278512,56153252.0,-1613925.5999999999
2010-06-14,32.32627,55953252.0,-6465254.0
2010-06-15,33.097766,55153252.0,-26478212.8
2010-06-16,32.892277,55453252.0,9867683.1
2010-06-17,32.685572,55503252.0,1634278.6
2010-06-18,32.498001,45053252.0,-339604110.45000005
2010-06-21,32.208212,54103252.0,291484318.6
2010-06-22,31.493602,53203252.0,-28344241.8
2010-06-23,31.507017,51953252.0,-39383771.25
2010-06-24,30.729253,52553252.0,18437551.8
2010-06-25,30.768395,51953252.0,-18461037.0
2010-06-28,30.602945,50103252.0,-56615448.25
2010-06-29,29.496152,49003252.0,-32445767.2
2010-06-30,29.14992,47553252.0,-42267384.0
2010-07-01,29.384408,51953252.0,129291395.2
2010-07-02,29.055739,52453252.0,14527869.5
2010-07-06,29.049809,51453252.0,-29049809.0
2010-07-07,29.875108,49303252.0,-64231482.2
2010-07-08,30.099004,52403252.0,93306912.4
2010-07-09,30.384882,52403252.0,0.0
2010-07-12,30.435204,53153252.0,22826403.0
2010-07-13,31.191667,53953252.0,24953333.599999998
2010-07-14,31.026811,54553252.0,18616086.599999998
2010-07-15,31.131043,55753252.0,37357251.6
2010-07-16,30.031822,57553252.0,54057279.599999994
2010-07-19,30.318988,56753252.0,-24255190.400000002
2010-07-20,30.766183,52953252.0,-116911495.4
2010-07-21,30.217991,53103252.0,4532698.65
2010-07-22,31.140453,53903252.0,24912362.400000002
2010-07-23,31.542393,52603252.0,-41005110.9
2010-07-26,32.014484,53953252.0,43219553.400000006
2010-07-27,31.628821,53903252.0,-1581441.0499999998
2010-07-28,31.400303,58103252.0,131881272.60000001
2010-07-29,31.217508,58053252.0,-1560875.4
2010-07-30,31.419556,58053252.0,0.0
2010-08-02,32.081708,57703252.0,-11228597.799999999
2010-08-03,31.651902,60103252.0,75964564.8
2010-08-04,32.129411,59603252.0,-16064705.499999998
2010-08-05,32.206884,60503252.0,28986195.6
2010-08-06,32.057795,59803252.0,-22440456.5
2010-08-09,32.336766,59503252.0,-9701029.799999999
2010-08-10,32.07701,60303252.0,25661608.0
2010-08-11,31.204987,60253252.0,-1560249.3499999999
2010-08-12,31.08978,58603252.0,-51298137.0
2010-08-13,30.763247,58003252.0,-18457948.2
2010-08-16,30.766077,59103252.0,33842684.699999996
2010-08-17,31.222407,64403252.0,165478757.1
2010-08-18,31.518254,63803252.0,-18910952.4
2010-08-19,30.954522,63803252.0,0.0
2010-08-20,30.898932,64153252.0,10814626.2
2010-08-23,30.64637,60153252.0,-122585480.0
2010-08-24,30.128087,58853252.0,-39166513.1
2010-08-25,30.423228,57303252.0,-47156003.400000006
2010-08-26,30.204835,56853252.0,-13592175.75
2010-08-27,30.689459,55403252.0,-44499715.55
2010-08-30,30.161455,55353252.0,-1508072.75
2010-08-31,30.207964,55003252.0,-10572787.4
2010-09-01,31.224976,54353252.0,-20296234.400000002
2010-09-02,31.789492,55203252.0,27021068.2
2010-09-03,32.272814,56603252.0,45181939.599999994
2010-09-07,31.754802,56053252.0,-17465141.1
2010-09-08,31.976565,55703252.0,-11191797.75
2010-09-09,31.99645,55703252.0,0.0
2010-09-10,32.287356,55203252.0,-16143678.000000002
2010-09-13,32.656165,55053252.0,-4898424.75
2010-09-14,32.700021,55053252.0,0.0
2010-09-15,32.775835,57453252.0,78662004.0
2010-09-16,32.754054,53003252.0,-145755540.29999998
2010-09-17,32.750925,42703252.0,-337334527.5
2010-09-20,33.377422,50653252.0,265350504.90000004
2010-09-21,33.238155,50203252.0,-14957169.75
2010-09-22,33.020984,51953252.0,57786722.0
2010-09-23,32.853085,51353252.0,-19711851.0
2010-09-24,33.704832,52603252.0,42131040.00000001
2010-09-27,33.490806,54503252.0,63632531.4
2010-09-28,33.741219,51553252.0,-99536596.05
2010-09-29,33.52236,52503252.0,31846242.0
2010-09-30,33.436684,51503252.0,-33436684.0
2010-10-01,33.467628,51453252.0,-1673381.4
2010-10-04,33.394806,52353252.0,30055325.400000002
2010-10-05,34.082216,51853252.0,-17041108.0
2010-10-06,33.902406,52203252.0,11865842.1
2010-10-07,33.985836,53303252.0,37384419.6
2010-10-08,34.354116,53153252.0,-5153117.399999999
2010-10-11,34.389549,53153252.0,0.0
2010-10-12,34.450224,53703252.0,18947623.2
2010-10-13,34.522208,53653252.0,-1726110.4
2010-10-14,34.471056,53653252.0,0.0
2010-10-15,34.701948,54003252.0,12145681.8
2010-10-18,34.652567,53853252.0,-5197885.05
2010-10-19,34.143146,53903252.0,1707157.3
2010-10-20,34.547967,53303252.0,-20728780.2
2010-10-21,34.793476,54353252.0,36533149.8
2010-10-22,34.967866,52453252.0,-66438945.4
2010-10-25,35.163744,52003252.0,-15823684.8
2010-10-26,35.301308,52453252.0,15885588.6
2010-10-27,35.129854,52453252.0,0.0
2010-10-28,35.269686,53003252.0,19398327.3
2010-10-29,35.226234,52503252.0,-17613117.0
2010-11-01,35.217473,52303252.0,-7043494.6
2010-11-02,35.587648,51403252.0,-32028883.200000003
2010-11-03,35.753334,50153252.0,-44691667.5
2010-11-04,36.307128,50503252.0,12707494.799999999
2010-11-05,36.497812,50253252.0,-9124453.0
2010-11-08,36.454288,51753252.0,54681432.0
2010-11-09,36.130356,50753252.0,-36130356.0
2010-11-10,36.43083,50203252.0,-20036956.5
2010-11-11,36.378591,49453252.0,-27283943.25
2010-11-12,36.029419,54003252.0,163933856.45
2010-11-15,35.936661,54853252.0,30546161.85
2010-11-16,35.467544,54853252.0,0.0
2010-11-17,35.736458,57253252.0,85767499.2
2010-11-18,36.043492,56853252.0,-14417396.8
2010-11-19,36.242538,59903252.0,110539740.9
2010-11-22,36.36169,60803252.0,32725521.000000004
2010-11-23,35.848106,62153252.0,48394943.1
2010-11-24,36.571062,61003252.0,-42056721.3
2010-11-26,36.419234,60853252.0,-5462885.100000001
2010-11-29,36.216086,61653252.0,28972868.799999997
2010-11-30,36.13905,62003252.0,12648667.5
2010-12-01,36.887278,62053252.0,1844363.9000000001
2010-12-02,37.380917,64103252.0,76630879.85
2010-12-03,37.456854,63503252.0,-22474112.4
2010-12-06,37.454134,68603252.0,191016083.4
2010-12-07,37.437977,73603252.0,187189884.99999997
2010-12-08,37.427259,75253252.0,61754977.35
2010-12-09,37.444784,75253252.0,0.0
2010-12-10,37.566539,67653252.0,-285505696.4
2010-12-13,37.366169,68753252.0,41102785.9
2010-12-14,37.363706,69353252.0,22418223.6
2010-12-15,37.218271,69653252.0,11165481.3
2010-12-16,37.504394,70103252.0,16876977.3
2010-12-17,37.325716,68903252.0,-44790859.2
2010-12-20,37.552552,67653252.0,-46940690.0
2010-12-21,37.751296,68953252.0,49076684.800000004
2010-12-22,37.783223,68953252.0,0.0
2010-12-23,37.63445,70003252.0,39516172.5
2010-12-27,37.525408,68003252.0,-75050816.0
2010-12-28,37.440639,67003252.0,-37440639.0
2010-12-29,37.532052,65503252.0,-56298078.0
2010-12-30,37.502952,66503252.0,37502952.0
2010-12-31,37.414978,66253252.0,-9353744.5
2011-01-03,37.88351,66503252.0,9470877.5
2011-01-04,37.660652,66453252.0,-1883032.5999999999
2011-01-05,37.957642,67203252.0,28468231.5
2011-01-06,37.702111,68203252.0,37702111.0
2011-01-07,37.687841,67253252.0,-35803448.949999996
2011-01-10,37.687646,67253252.0,0.0
2011-01-11,37.668154,66953252.0,-11300446.200000001
2011-01-12,37.763806,66953252.0,0.0
2011-01-13,37.698051,60053252.0,-260116551.9
2011-01-14,37.939009,56053252.0,-151756036.0
2011-01-18,38.037293,55053252.0,-38037293.0
2011-01-19,37.662739,54253252.0,-30130191.200000003
2011-01-20,37.745087,54253252.0,0.0
2011-01-21,37.784784,54653252.0,15113913.600000001
2011-01-24,37.992321,54503252.0,-5698848.149999999
2011-01-25,37.993819,55503252.0,37993819.0
2011-01-26,38.0408,55803252.0,11412240.0
2011-01-27,38.333181,56153252.0,13416613.350000001
2011-01-28,37.126084,55953252.0,-7425216.8
2011-01-31,37.162469,56753252.0,29729975.200000003
2011-02-01,37.61872,56853252.0,3761872.0000000005
2011-02-02,37.530626,56303252.0,-20641844.3
2011-02-03,37.965418,56303252.0,0.0
2011-02-04,38.215628,56503252.0,7643125.600000001
2011-02-07,38.423727,56103252.0,-15369490.799999999
2011-02-08,38.880578,55803252.0,-11664173.4
2011-02-09,39.109111,55603252.0,-7821822.2
2011-02-10,39.189736,55353252.0,-9797434.0
2011-02-11,39.559304,55553252.0,7911860.8
2011-02-14,39.405602,56003252.0,17732520.900000002
2011-02-15,39.458241,56353252.0,13810384.35
2011-02-16,39.77833,56053252.0,-11933498.999999998
2011-02-17,39.829679,56053252.0,0.0
2011-02-18,40.004896,56053252.0,0.0
2011-02-22,39.059052,55503252.0,-21482478.6
2011-02-23,38.484671,54503252.0,-38484671.0
2011-02-24,38.68945,52303252.0,-85116790.0
2011-02-25,39.116141,52953252.0,25425491.65
2011-02-28,39.36628,53953252.0,39366280.0
2011-03-01,38.680129,55903252.0,75426251.55
2011-03-02,38.833674,55303252.0,-23300204.400000002
2011-03-03,39.483655,53553252.0,-69096396.25
2011-03-04,39.210816,54153252.0,23526489.6
2011-03-07,38.83112,55053252.0,34948008.0
2011-03-08,39.104077,58553252.0,136864269.5
2011-03-09,39.193446,58803252.0,9798361.5
2011-03-10,38.788663,59753252.0,36849229.85
2011-03-11,38.991535,60103252.0,13647037.25
2011-03-14,38.56257,61853252.0,67484497.5
2011-03-15,38.240409,62503252.0,24856265.85
2011-03-16,37.601011,62403252.0,-3760101.1
2011-03-17,37.77388,61803252.0,-22664328.0
2011-03-18,37.623652,62303252.0,18811826.0
2011-03-21,38.16643,56903252.0,-206098722.0
2011-03-22,37.869076,60403252.0,132541766.0
2011-03-23,38.190156,60053252.0,-13366554.600000001
2011-03-24,38.741649,60053252.0,0.0
2011-03-25,38.828063,61053252.0,38828063.0
2011-03-28,38.414091,61053252.0,0.0
2011-03-29,38.77023,60503252.0,-21323626.5
2011-03-30,39.184264,59253252.0,-48980330.0
2011-03-31,39.032498,59253252.0,0.0
2011-04-01,39.315075,56803252.0,-96321933.75
2011-04-04,39.379887,56953252.0,5906983.05
2011-04-05,39.531431,60753252.0,150219437.79999998
2011-04-06,39.448538,60953252.0,7889707.6
2011-04-07,39.316615,60153252.0,-31453292.0
2011-04-08,39.09721,59153252.0,-39097210.0
2011-04-11,39.067638,53703252.0,-212918627.10000002
2011-04-12,39.007629,54153252.0,17553433.05
2011-04-13,39.1413,57103252.0,115466835.0
2011-04-14,39.042864,57653252.0,21473575.2
2011-04-15,39.27512,57653252.0,0.0
2011-04-18,38.913248,57653252.0,0.0
2011-04-19,39.011982,54903252.0,-107282950.50000001
2011-04-20,39.686535,54403252.0,-19843267.5
2011-04-21,39.938324,54303252.0,-3993832.4000000004
2011-04-25,39.855538,53803252.0,-19927769.0
2011-04-26,39.960145,53803252.0,0.0
2011-04-27,40.409032,57003252.0,129308902.4
2011-04-28,40.583408,58403252.0,56816771.199999996
2011-04-29,40.568658,57453252.0,-38540225.1
2011-05-02,40.694304,57803252.0,14243006.4
2011-05-03,40.488201,61703252.0,157903983.89999998
2011-05-04,40.335484,62803252.0,44369032.4
2011-05-05,40.261003,63103252.0,12078300.9
2011-05-06,40.266932,63453252.0,14093426.2
2011-05-09,40.331815,62553252.0,-36298633.5
2011-05-10,40.8379,62753252.0,8167579.999999999
2011-05-11,40.503926,62303252.0,-18226766.7
2011-05-12,40.852141,62303252.0,0.0
2011-05-13,40.574508,63703252.0,56804311.2
2011-05-16,40.003557,63703252.0,0.0
2011-05-17,40.059198,61703252.0,-80118396.0
2011-05-18,40.525771,55053252.0,-269496377.15
2011-05-19,40.660054,58403252.0,136211180.9
2011-05-20,40.273693,59753252.0,54369485.550000004
2011-05-23,39.899435,58803252.0,-37904463.25
2011-05-24,39.691581,58553252.0,-9922895.25
2011-05-25,39.697254,58503252.0,-1984862.7
2011-05-26,40.031927,58203252.0,-12009578.100000001
2011-05-27,40.178454,57903252.0,-12053536.200000001
2011-05-31,40.440494,58903252.0,40440494.0
2011-06-01,39.518424,59603252.0,27662896.8
2011-06-02,39.434722,57253252.0,-92671596.7
2011-06-03,38.893797,56453252.0,-31115037.599999998
2011-06-06,38.51637,55553252.0,-34664733.0
2011-06-07,38.563898,55453252.0,-3856389.8000000003
2011-06-08,38.263054,59953252.0,172183743.0
2011-06-09,38.555899,59753252.0,-7711179.799999999
2011-06-10,37.850624,62203252.0,92734028.80000001
2011-06-13,37.798161,61353252.0,-32128436.85
2011-06-14,38.464299,62503252.0,44233943.849999994
2011-06-15,37.89815,64303252.0,68216670.0
2011-06-16,37.820486,66953252.0,100224287.9
2011-06-17,37.94581,62603252.0,-165064273.5
2011-06-20,38.274079,63403252.0,30619263.2
2011-06-21,39.04093,63653252.0,9760232.5
2011-06-22,38.731052,67253252.0,139431787.2
2011-06-23,38.883165,64453252.0,-108872862.0
2011-06-24,38.492492,64853252.0,15396996.799999999
2011-06-27,38.964201,64003252.0,-33119570.85
2011-06-28,39.690388,63703252.0,-11907116.4
2011-06-29,39.855424,70103252.0,255074713.6
2011-06-30,40.222305,68453252.0,-66366803.25
2011-07-01,41.021135,67303252.0,-47174305.25
2011-07-05,41.182146,67803252.0,20591073.0
2011-07-06,41.063329,73403252.0,229954642.4
2011-07-07,41.611001,70103252.0,-137316303.3
2011-07-08,41.354412,71953252.0,76505662.2
2011-07-11,40.544172,69253252.0,-109469264.4
2011-07-12,40.375385,69253252.0,0.0
2011-07-13,40.585683,69003252.0,-10146420.75
2011-07-14,40.278168,68953252.0,-2013908.4000000001
2011-07-15,40.308542,69153252.0,8061708.4
2011-07-18,39.887103,63703252.0,-217384711.35000002
2011-07-19,40.673249,63053252.0,-26437611.849999998
2011-07-20,40.439245,63603252.0,22241584.75
2011-07-21,40.908898,63053252.0,-22499893.9
2011-07-22,41.071741,61503252.0,-63661198.550000004
2011-07-25,40.819986,61503252.0,0.0
2011-07-26,40.74458,61503252.0,0.0
2011-07-27,40.027336,61203252.0,-12008200.799999999
2011-07-28,39.823636,60353252.0,-33850090.6
2011-07-29,39.650018,60353252.0,0.0
2011-08-01,39.424632,60903252.0,21683547.6
2011-08-02,37.984867,60103252.0,-30387893.6
2011-08-03,38.236057,58953252.0,-43971465.550000004
2011-08-04,36.390203,58703252.0,-9097550.75
2011-08-05,36.439176,55003252.0,-134824951.20000002
2011-08-08,34.022783,55703252.0,23815948.099999998
2011-08-09,35.659301,53603252.0,-74884532.1
2011-08-10,34.104936,53653252.0,1705246.8
2011-08-11,35.643057,55353252.0,60593196.9
2011-08-12,36.064648,54303252.0,-37867880.4
2011-08-15,36.58242,55453252.0,42069783.0
2011-08-16,36.430865,48003252.0,-271409944.25
2011-08-17,36.324626,47253252.0,-27243469.5
2011-08-18,34.529098,53103252.0,201995223.29999998
2011-08-19,34.055053,52153252.0,-32352300.35
2011-08-22,34.167136,51653252.0,-17083568.0
2011-08-23,35.473396,53653252.0,70946792.0
2011-08-24,36.065452,56803252.0,113606173.8
2011-08-25,35.364585,57853252.0,37132814.25
2011-08-26,36.112553,58403252.0,19861904.15
2011-08-29,37.171661,58903252.0,18585830.5
2011-08-30,37.351016,58753252.0,-5602652.4
2011-08-31,37.576339,55253252.0,-131517186.49999999
2011-09-01,37.098248,51003252.0,-157667554.0
2011-09-02,36.081217,50503252.0,-18040608.5
2011-09-06,35.935914,50153252.0,-12577569.899999999
2011-09-07,36.882048,49553252.0,-22129228.799999997
2011-09-08,36.388662,49803252.0,9097165.5
2011-09-09,35.409635,50203252.0,14163854.0
2011-09-12,35.830298,51053252.0,30455753.3
2011-09-13,36.256551,50553252.0,-18128275.5
2011-09-14,36.851243,51153252.0,22110745.799999997
2011-09-15,37.492891,50853252.0,-11247867.3
2011-09-16,37.738532,51303252.0,16982339.4
2011-09-19,37.723531,49953252.0,-50926766.85
2011-09-20,37.500186,49103252.0,-31875158.099999998
2011-09-21,36.374703,57603252.0,309184975.5
2011-09-22,35.182064,58553252.0,33422960.799999997
2011-09-23,35.748263,53953252.0,-164442009.8
2011-09-26,36.52426,55453252.0,54786390.0
2011-09-27,36.814078,54203252.0,-46017597.5
2011-09-28,36.209122,54003252.0,-7241824.4
2011-09-29,35.899475,54553252.0,19744711.25
2011-09-30,34.884822,55003252.0,15698169.9
2011-10-03,33.889279,51003252.0,-135557116.0
2011-10-04,34.934646,51003252.0,0.0
2011-10-05,35.583502,51353252.0,12454225.700000001
2011-10-06,36.378097,53103252.0,63661669.74999999
2011-10-07,36.315699,52953252.0,-5447354.850000001
2011-10-10,37.591927,52953252.0,0.0
2011-10-11,37.701956,53203252.0,9425489.0
2011-10-12,38.10424,54553252.0,51440723.99999999
2011-10-13,38.038247,55403252.0,32332509.95
2011-10-14,38.693212,55003252.0,-15477284.8
2011-10-17,37.955849,56203252.0,45547018.8
2011-10-18,38.648904,55853252.0,-13527116.4
2011-10-19,38.091215,55153252.0,-26663850.5
2011-10-20,38.260158,55653252.0,19130079.0
2011-10-21,39.329309,54753252.0,-35396378.1
2011-10-24,39.879051,58153252.0,135588773.39999998
2011-10-25,38.989424,62603252.0,173502936.8
2011-10-26,38.850193,59803252.0,-108780540.39999999
2011-10-27,39.876429,59653252.0,-5981464.350000001
2011-10-28,39.617637,57653252.0,-79235274.0
2011-10-31,39.018918,55903252.0,-68283106.5
2011-11-01,38.146715,56803252.0,34332043.5
2011-11-02,38.580443,57553252.0,28935332.250000004
2011-11-03,39.078987,57553252.0,0.0
2011-11-04,38.946449,59753252.0,85682187.8
2011-11-07,39.122884,59503252.0,-9780721.0
2011-11-08,39.551978,59753252.0,9887994.5
2011-11-09,38.119276,58403252.0,-51461022.6
2011-11-10,38.472176,56403252.0,-76944352.0
2011-11-11,39.437881,56403252.0,0.0
2011-11-14,39.171281,57753252.0,52881229.35
2011-11-15,39.315042,57603252.0,-5897256.3
2011-11-16,38.557713,57153252.0,-17350970.85
2011-11-17,37.915111,57153252.0,0.0
2011-11-18,37.865256,53703252.0,-130635133.2
2011-11-21,37.282525,53353252.0,-13048883.75
2011-11-22,37.265053,55153252.0,67077095.400000006
2011-11-23,36.481514,54953252.0,-7296302.8
2011-11-25,36.340112,55203252.0,9085028.0
2011-11-28,37.458636,54153252.0,-39331567.8
2011-11-29,37.561473,54653252.0,18780736.5
2011-11-30,38.757894,53803252.0,-32944209.9
2011-12-01,38.773019,55953252.0,83361990.85
2011-12-02,39.069496,55953252.0,0.0
2011-12-05,39.406342,55953252.0,0.0
2011-12-06,39.324673,55753252.0,-7864934.6
2011-12-07,39.522561,55503252.0,-9880640.25
2011-12-08,38.720611,56903252.0,54208855.4
2011-12-09,39.335032,57403252.0,19667516.0
2011-12-12,39.216643,56753252.0,-25490817.95
2011-12-13,38.45677,62403252.0,217280750.5
2011-12-14,38.038442,63553252.0,43744208.300000004
2011-12-15,38.105471,64103252.0,20958009.05
2011-12-16,37.937411,65403252.0,49318634.3
2011-12-19,37.477434,63503252.0,-71207124.60000001
2011-12-20,38.526559,63253252.0,-9631639.75
2011-12-21,38.659455,63103252.0,-5798918.25
2011-12-22,38.774651,62453252.0,-25203523.15
2011-12-23,39.201736,61903252.0,-21560954.799999997
2011-12-27,39.278975,62653252.0,29459231.250000004
2011-12-28,38.812517,64003252.0,52396897.95
2011-12-29,39.225197,63303252.0,-27457637.900000002
2011-12-30,39.022554,63753252.0,17560149.3
2012-01-03,39.387878,63903252.0,5908181.7
2012-01-04,39.669467,64403252.0,19834733.5
2012-01-05,39.956003,63403252.0,-39956003.0
2012-01-06,40.026923,63403252.0,0.0
2012-01-09,40.023872,63403252.0,0.0
2012-01-10,40.268986,63403252.0,0.0
2012-01-11,40.319669,63403252.0,0.0
2012-01-12,40.444439,63403252.0,0.0
2012-01-13,40.324095,62903252.0,-20162047.5
2012-01-17,40.511091,62903252.0,0.0
2012-01-18,41.140412,62903252.0,0.0
2012-01-19,41.52414,62953252.0,2076207.0000000002
2012-01-20,41.206244,62953252.0,0.0
2012-01-23,41.126683,63153252.0,8225336.6
2012-01-24,41.270915,64053252.0,37143823.5
2012-01-25,41.538269,64903252.0,35307528.65
2012-01-26,41.505027,65153252.0,10376256.75
2012-01-27,41.418391,65153252.0,0.0
2012-01-30,41.349198,65953252.0,33079358.400000002
2012-01-31,41.316613,66153252.0,8263322.6
2012-02-01,41.443126,66003252.0,-6216468.9
2012-02-02,41.404789,66303252.0,12421436.700000001
2012-02-03,42.227257,66353252.0,2111362.85
2012-02-06,42.172313,66853252.0,21086156.5
2012-02-07,42.345572,65353252.0,-63518357.99999999
2012-02-08,42.446351,69203252.0,163418451.35
2012-02-09,42.525515,69553252.0,14883930.25
2012-02-10,42.324292,67153252.0,-101578300.8
2012-02-13,42.637336,67153252.0,0.0
2012-02-14,42.600949,66053252.0,-46861043.9
2012-02-15,42.391653,67053252.0,42391653.0
2012-02-16,42.616988,67553252.0,21308494.0
2012-02-17,42.972576,67253252.0,-12891772.799999999
2012-02-21,42.842466,67203252.0,-2142123.3000000003
2012-02-22,42.686219,66403252.0,-34148975.2
2012-02-23,42.90339,65753252.0,-27887203.5
2012-02-24,42.875504,67103252.0,57881930.4
2012-02-27,43.008446,67003252.0,-4300844.6
2012-02-28,43.330117,66753252.0,-10832529.25
2012-02-29,43.237976,68253252.0,64856964.00000001
2012-03-01,43.558267,70553252.0,100184014.10000001
2012-03-02,43.508289,72053252.0,65262433.5
2012-03-05,43.477482,71603252.0,-19564866.900000002
2012-03-06,42.843756,66603252.0,-214218780.0
2012-03-07,43.27067,66603252.0,0.0
2012-03-08,43.720654,67603252.0,43720654.0
2012-03-09,43.955674,67753252.0,6593351.100000001
2012-03-12,43.848822,69903252.0,94274967.3
2012-03-13,44.5255,75253252.0,238211425.0
2012-03-14,44.494116,76253252.0,44494116.0
2012-03-15,44.654019,73503252.0,-122798552.25
2012-03-16,44.357621,73153252.0,-15525167.350000001
2012-03-19,44.564752,72903252.0,-11141188.0
2012-03-20,44.640671,71003252.0,-84817274.89999999
2012-03-21,44.696728,69903252.0,-49166400.8
2012-03-22,44.597935,71703252.0,80276283.0
2012-03-23,44.64943,71703252.0,0.0
2012-03-26,45.370049,73203252.0,68055073.5
2012-03-27,45.276398,75003252.0,81497516.4
2012-03-28,44.89186,74803252.0,-8978372.0
2012-03-29,44.889802,73803252.0,-44889802.0
2012-03-30,45.071812,72703252.0,-49578993.2
2012-04-02,45.211873,71953252.0,-33908904.75
2012-04-03,45.178397,70203252.0,-79062194.75
2012-04-04,44.709838,69953252.0,-11177459.5
2012-04-05,45.022999,70703252.0,33767249.25
2012-04-09,44.582118,74453252.0,167182942.5
2012-04-10,43.496975,74553252.0,4349697.5
2012-04-11,44.081549,72203252.0,-103591640.15
2012-04-12,44.677457,69603252.0,-116161388.19999999
2012-04-13,44.553252,70553252.0,42325589.4
2012-04-16,44.389096,69703252.0,-37730731.6
2012-04-17,44.87442,71503252.0,80773956.0
2012-04-18,44.941545,71753252.0,11235386.25
2012-04-19,44.556783,70153252.0,-71290852.80000001
2012-04-20,44.640461,68953252.0,-53568553.2
2012-04-23,44.161328,67703252.0,-55201660.0
2012-04-24,44.010526,67303252.0,-17604210.4
2012-04-25,44.755662,67003252.0,-13426698.6
2012-04-26,45.282278,69003252.0,90564556.0
2012-04-27,45.879036,70803252.0,82582264.8
2012-04-30,45.661243,73953252.0,143832915.45
2012-05-01,45.903529,74553252.0,27542117.4
2012-05-02,46.151707,74053252.0,-23075853.5
2012-05-03,45.821558,72203252.0,-84769882.30000001
2012-05-04,44.915667,72353252.0,6737350.05
2012-05-07,44.908085,72603252.0,11227021.25
2012-05-08,44.352112,71153252.0,-64310562.4
2012-05-09,44.146011,73453252.0,101535825.3
2012-05-10,44.324874,72953252.0,-22162437.0
2012-05-11,44.262609,74103252.0,50902000.349999994
2012-05-14,43.631238,73753252.0,-15270933.3
2012-05-15,43.534502,74403252.0,28297426.3
2012-05-16,43.499729,71453252.0,-128324200.55000001
2012-05-17,42.308216,72153252.0,29615751.200000003
2012-05-18,42.055123,68053252.0,-172426004.3
2012-05-21,42.732159,68553252.0,21366079.5
2012-05-22,42.86798,71153252.0,111456748.0
2012-05-23,43.122868,72753252.0,68996588.8
2012-05-24,43.33722,76203252.0,149513409.0
2012-05-25,43.286116,77253252.0,45450421.8
2012-05-29,43.881841,78253252.0,43881841.0
2012-05-30,43.181125,77353252.0,-38863012.5
2012-05-31,43.070801,75403252.0,-83988061.95
2012-06-01,41.736583,75803252.0,16694633.200000001
2012-06-04,41.941269,72703252.0,-130017933.89999999
2012-06-05,42.096346,75153252.0,103136047.69999999
2012-06-06,43.064093,71653252.0,-150724325.5
2012-06-07,43.01175,71653252.0,0.0
2012-06-08,43.39697,71953252.0,13019091.000000002
2012-06-11,42.723163,74253252.0,98263274.9
2012-06-12,43.22545,75203252.0,41064177.5
2012-06-13,42.573988,77453252.0,95791473.0
2012-06-14,43.161899,75853252.0,-69059038.39999999
2012-06-15,43.423634,76403252.0,23882998.7
2012-06-18,43.721113,76803252.0,17488445.2
2012-06-19,44.127696,76803252.0,0.0
2012-06-20,44.09356,79103252.0,101415187.99999999
2012-06-21,43.11093,78253252.0,-36644290.5
2012-06-22,43.319973,78253252.0,0.0
2012-06-25,42.653328,77553252.0,-29857329.6
2012-06-26,43.153423,72603252.0,-213609443.85
2012-06-27,43.128214,74353252.0,75474374.5
2012-06-28,42.920489,75103252.0,32190366.750000004
2012-06-29,43.729724,74053252.0,-45916210.199999996
2012-07-02,43.905035,76003252.0,85614818.25
2012-07-03,43.850908,78303252.0,100857088.39999999
2012-07-05,43.946959,78703252.0,17578783.6
2012-07-06,43.77583,79103252.0,17510332.0
2012-07-09,43.54239,79553252.0,19594075.5
2012-07-10,43.298433,77353252.0,-95256552.60000001
2012-07-11,43.067726,76403252.0,-40914339.7
2012-07-12,42.91414,73103252.0,-141616662.0
2012-07-13,43.601741,70453252.0,-115544613.64999999
2012-07-16,43.350212,71803252.0,58522786.199999996
2012-07-17,43.776188,71803252.0,0.0
2012-07-18,43.989017,71153252.0,-28592861.049999997
2012-07-19,44.307276,72903252.0,77537733.0
2012-07-20,43.740387,73953252.0,45927406.35
2012-07-23,43.16136,73403252.0,-23738748.0
2012-07-24,42.847076,72953252.0,-19281184.2
2012-07-25,42.69398,71453252.0,-64040970.00000001
2012-07-26,43.428824,73253252.0,78171883.2
2012-07-27,44.267255,73253252.0,0.0
2012-07-30,44.114071,76253252.0,132342213.00000001
2012-07-31,43.591527,77003252.0,32693645.25
2012-08-01,43.366223,75153252.0,-80227512.55
2012-08-02,43.458104,73853252.0,-56495535.199999996
2012-08-03,44.316503,71403252.0,-108575432.35
2012-08-06,44.475988,71153252.0,-11118997.0
2012-08-07,44.885414,72253252.0,49373955.4
2012-08-08,44.685872,72903252.0,29045816.8
2012-08-09,44.638362,73803252.0,40174525.8
2012-08-10,44.648758,73303252.0,-22324379.0
2012-08-13,44.64274,72403252.0,-40178466.0
2012-08-14,44.716568,71353252.0,-46952396.400000006
2012-08-15,44.881865,71253252.0,-4488186.5
2012-08-16,45.249652,71353252.0,4524965.2
2012-08-17,45.456868,71353252.0,0.0
2012-08-20,45.239397,71853252.0,22619698.5
2012-08-21,45.164934,72203252.0,15807726.9
2012-08-22,45.286504,73053252.0,38493528.4
2012-08-23,44.998237,72603252.0,-20249206.650000002
2012-08-24,45.353163,72003252.0,-27211897.8
2012-08-27,45.289789,72003252.0,0.0
2012-08-28,45.369364,72003252.0,0.0
2012-08-29,45.603977,72503252.0,22801988.5
2012-08-30,45.37461,71353252.0,-52180801.5
2012-08-31,45.512371,70603252.0,-34134278.25
2012-09-04,45.430963,70603252.0,0.0
2012-09-05,45.506052,69503252.0,-50056657.199999996
2012-09-06,46.536455,69053252.0,-20941404.75
2012-09-07,46.794446,70453252.0,65512224.4
2012-09-10,46.68918,69753252.0,-32682426.0
2012-09-11,46.694189,69603252.0,-7004128.350000001
2012-09-12,46.864697,70903252.0,60924106.1
2012-09-13,47.529232,71603252.0,33270462.4
2012-09-14,47.732094,72253252.0,31025861.099999998
2012-09-17,47.521405,71753252.0,-23760702.5
2012-09-18,47.302476,71053252.0,-33111733.2
2012-09-19,47.773746,71803252.0,35830309.5
2012-09-20,47.736107,73003252.0,57283328.4
2012-09-21,47.542751,72353252.0,-30902788.150000002
2012-09-24,47.374164,71553252.0,-37899331.2
2012-09-25,46.830903,72353252.0,37464722.4
2012-09-26,46.521197,72253252.0,-4652119.7
2012-09-27,46.994919,71953252.0,-14098475.700000001
2012-09-28,46.788042,71453252.0,-23394021.0
2012-10-01,46.79911,71453252.0,0.0
2012-10-02,46.68488,70453252.0,-46684880.0
2012-10-03,47.062087,70103252.0,-16471730.45
2012-10-04,47.468405,70103252.0,0.0
2012-10-05,47.627113,72103252.0,95254226.0
2012-10-08,47.494153,72203252.0,4749415.3
2012-10-09,46.765833,72203252.0,0.0
2012-10-10,46.454642,72003252.0,-9290928.4
2012-10-11,46.237773,73253252.0,57797216.25
2012-10-12,46.240605,74003252.0,34680453.75
2012-10-15,46.727752,74003252.0,0.0
2012-10-16,47.121319,72903252.0,-51833450.9
2012-10-17,47.404788,72303252.0,-28442872.8
2012-10-18,47.412638,71903252.0,-18965055.2
2012-10-19,46.612501,72253252.0,16314375.350000001
2012-10-22,46.426034,71753252.0,-23213017.0
2012-10-23,46.048946,70953252.0,-36839156.8
2012-10-24,45.857564,70103252.0,-38978929.400000006
2012-10-25,45.765789,70103252.0,0.0
2012-10-26,45.900549,68753252.0,-61965741.15
2012-10-29,45.900361,68703252.0,-2295018.05
2012-10-30,45.900149,68703252.0,0.0
2012-10-31,46.056071,68703252.0,0.0
2012-11-01,46.636622,70803252.0,97936906.2
2012-11-02,46.548637,71703252.0,41893773.3
2012-11-05,46.689714,71703252.0,0.0
2012-11-06,46.961702,72403252.0,32873191.400000002
2012-11-07,46.384533,74403252.0,92769066.0
2012-11-08,45.64171,73853252.0,-25102940.5
2012-11-09,45.462552,73853252.0,0.0
2012-11-12,45.468873,72603252.0,-56836091.25
2012-11-13,45.581538,71953252.0,-29627999.700000003
2012-11-14,44.89658,71953252.0,0.0
2012-11-15,44.862026,74553252.0,116641267.6
2012-11-16,45.172463,75303252.0,33879347.25
2012-11-19,46.145765,74053252.0,-57682206.25
2012-11-20,46.386785,76203252.0,99731587.75
2012-11-21,46.546791,77353252.0,53528809.65
2012-11-23,47.153006,77903252.0,25934153.299999997
2012-11-26,46.945197,77953252.0,2347259.85
2012-11-27,46.753814,79603252.0,77143793.1
2012-11-28,47.364918,81203252.0,75783868.80000001
2012-11-29,47.505084,78703252.0,-118762709.99999999
2012-11-30,47.521747,78553252.0,-7128262.05
2012-12-03,47.273415,77753252.0,-37818732.0
2012-12-04,47.095375,80303252.0,120093206.25
2012-12-05,46.950126,80553252.0,11737531.5
2012-12-06,47.274701,81053252.0,23637350.5
2012-12-07,47.412817,84253252.0,151721014.39999998
2012-12-10,47.152269,85453252.0,56582722.8
2012-12-11,47.278647,85303252.0,-7091797.05
2012-12-12,47.345143,86003252.0,33141600.1
2012-12-13,47.054247,86353252.0,16468986.45
2012-12-14,46.857901,86353252.0,0.0
2012-12-17,47.718857,86303252.0,-2385942.85
2012-12-18,48.248949,84253252.0,-98910345.45
2012-12-19,47.890263,85803252.0,74229907.64999999
2012-12-20,48.025177,87703252.0,91247836.3
2012-12-21,47.237133,88053252.0,16532996.55
2012-12-24,47.32636,88803252.0,35494770.0
2012-12-26,46.862678,88053252.0,-35147008.5
2012-12-27,46.91218,86803252.0,-58640225.0
2012-12-28,46.512582,86603252.0,-9302516.4
2012-12-31,47.441007,78903252.0,-365295753.9
2013-01-02,48.467344,74603252.0,-208409579.2
2013-01-03,48.566235,75953252.0,65564417.25
2013-01-04,48.731872,77553252.0,77970995.2
2013-01-07,48.598828,82253252.0,228414491.6
2013-01-08,48.476151,83853252.0,77561841.60000001
2013-01-09,48.564548,83903252.0,2428227.4
2013-01-10,48.830093,81003252.0,-141607269.7
2013-01-11,48.900731,81003252.0,0.0
2013-01-14,49.007728,80253252.0,-36755796.0
2013-01-15,49.343102,78753252.0,-74014653.0
2013-01-16,49.239308,80453252.0,83706823.60000001
2013-01-17,49.767543,81153252.0,34837280.1
2013-01-18,49.860187,80153252.0,-49860187.0
2013-01-22,49.968899,80503252.0,17489114.65
2013-01-23,50.009867,78603252.0,-95018747.3
2013-01-24,50.36985,78853252.0,12592462.5
2013-01-25,50.88551,79553252.0,35619857.0
2013-01-28,50.665886,80053252.0,25332943.0
2013-01-29,50.479792,79503252.0,-27763885.6
2013-01-30,50.391152,78953252.0,-27715133.599999998
2013-01-31,50.128713,79503252.0,27570792.15
2013-02-01,50.424406,80153252.0,32775863.9
2013-02-04,49.817127,79403252.0,-37362845.25
2013-02-05,50.362919,78903252.0,-25181459.5
2013-02-06,50.456982,81903252.0,151370946.0
2013-02-07,50.317923,80603252.0,-65413299.9
2013-02-08,50.711922,80753252.0,7606788.3
2013-02-11,50.55931,80753252.0,0.0
2013-02-12,50.753582,80253252.0,-25376791.0
2013-02-13,50.86123,81603252.0,68662660.5
2013-02-14,50.866414,81203252.0,-20346565.599999998
2013-02-15,50.933708,82103252.0,45840337.2
2013-02-19,51.158793,82003252.0,-5115879.300000001
2013-02-20,50.369111,81353252.0,-32739922.15
2013-02-21,49.937086,80853252.0,-24968543.0
2013-02-22,50.225272,80403252.0,-22601372.4
2013-02-25,49.403845,79303252.0,-54344229.5
2013-02-26,49.904383,78803252.0,-24952191.5
2013-02-27,50.683271,78453252.0,-17739144.849999998
2013-02-28,50.694629,79503252.0,53229360.449999996
2013-03-01,50.998838,79653252.0,7649825.7
2013-03-04,51.482526,79353252.0,-15444757.8
2013-03-05,52.001027,79653252.0,15600308.1
2013-03-06,51.972917,79303252.0,-18190520.95
2013-03-07,52.05565,80103252.0,41644520.0
2013-03-08,52.626219,80103252.0,0.0
2013-03-11,52.767733,80103252.0,0.0
2013-03-12,52.606541,79553252.0,-28933597.55
2013-03-13,52.885442,79003252.0,-29086993.099999998
2013-03-14,52.966825,79753252.0,39725118.75
2013-03-15,52.587573,80003252.0,13146893.25
2013-03-18,52.208436,81453252.0,75702232.2
2013-03-19,51.827987,82203252.0,38870990.25
2013-03-20,52.42339,84003252.0,94362102.0
2013-03-21,51.993607,84553252.0,28596483.849999998
2013-03-22,52.59939,84553252.0,0.0
2013-03-25,52.505362,83203252.0,-70882238.7
2013-03-26,52.79153,82553252.0,-34314494.5
2013-03-27,52.819408,83003252.0,23768733.6
2013-03-28,53.011184,82753252.0,-13252796.0
2013-04-01,52.620366,82853252.0,5262036.6
2013-04-02,53.06836,82653252.0,-10613672.0
2013-04-03,52.530045,82453252.0,-10506009.0
2013-04-04,52.831622,82853252.0,21132648.8
2013-04-05,52.617362,82803252.0,-2630868.1
2013-04-08,53.18535,83303252.0,26592675.0
2013-04-09,53.055922,83303252.0,0.0
2013-04-10,53.666529,82753252.0,-29516590.95
2013-04-11,54.128344,84103252.0,73073264.39999999
2013-04-12,54.390069,84803252.0,38073048.3
2013-04-15,52.995738,85053252.0,13248934.5
2013-04-16,53.733734,80603252.0,-239115116.29999998
2013-04-17,53.217861,79503252.0,-58539647.1
2013-04-18,52.590327,78753252.0,-39442745.25
2013-04-19,53.244424,78753252.0,0.0
2013-04-22,53.47981,81503252.0,147069477.5
2013-04-23,54.021901,82303252.0,43217520.8
2013-04-24,54.034869,82403252.0,5403486.9
2013-04-25,54.504774,82703252.0,16351432.2
2013-04-26,54.278868,85703252.0,162836604.0
2013-04-29,54.473995,85903252.0,10894799.0
2013-04-30,54.591074,85903252.0,0.0
2013-05-01,54.33277,85653252.0,-13583192.5
2013-05-02,54.851307,84953252.0,-38395914.9
2013-05-03,55.548699,85253252.0,16664609.7
2013-05-06,55.69991,87853252.0,144819766.0
2013-05-07,56.1384,87203252.0,-36489960.0
2013-05-08,56.241993,86703252.0,-28120996.5
2013-05-09,56.311863,87453252.0,42233897.25
2013-05-10,56.768648,89103252.0,93668269.2
2013-05-13,56.772877,89103252.0,0.0
2013-05-14,57.345557,90903252.0,103222002.6
2013-05-15,57.669175,91153252.0,14417293.75
2013-05-16,57.00746,92053252.0,51306714.0
2013-05-17,57.57847,93203252.0,66215240.5
2013-05-20,57.355109,92103252.0,-63090619.9
2013-05-21,57.619444,92853252.0,43214583.0
2013-05-22,57.093937,92253252.0,-34256362.199999996
2013-05-23,56.913687,92753252.0,28456843.5
2013-05-24,56.804799,92903252.0,8520719.85
2013-05-28,57.324001,94003252.0,63056401.1
2013-05-29,56.775154,96103252.0,119227823.4
2013-05-30,56.727286,97003252.0,51054557.4
2013-05-31,56.11125,97303252.0,16833375.0
2013-06-03,56.412067,98903252.0,90259307.2
2013-06-04,56.156938,99403252.0,28078469.0
2013-06-05,55.25649,101203252.0,99461682.0
2013-06-06,55.816871,101203252.0,0.0
2013-06-07,56.826561,96053252.0,-292656789.15
2013-06-10,56.651562,99753252.0,209610779.4
2013-06-11,56.112563,100453252.0,39278794.1
2013-06-12,55.512814,100253252.0,-11102562.799999999
2013-06-13,56.494369,99703252.0,-31071902.95
2013-06-14,56.349748,100553252.0,47897285.8
2013-06-17,56.640987,101403252.0,48144838.95
2013-06-18,57.221613,102203252.0,45777290.4
2013-06-19,56.592011,103753252.0,87717617.05
2013-06-20,55.088987,104103252.0,19281145.45
2013-06-21,55.057271,105303252.0,66068725.2
2013-06-24,54.521298,102953252.0,-128125050.3
2013-06-25,55.010238,102653252.0,-16503071.4
2013-06-26,55.714078,102253252.0,-22285631.2
2013-06-27,56.21796,104303252.0,115246818.0
2013-06-28,56.412765,104553252.0,14103191.25
2013-07-01,56.798866,105453252.0,51118979.4
2013-07-02,56.909374,106253252.0,45527499.2
2013-07-03,57.190494,106253252.0,0.0
2013-07-05,57.777901,106253252.0,0.0
2013-07-08,58.295249,107903252.0,96187160.85
2013-07-09,58.546235,112703252.0,281021928.0
2013-07-10,58.592297,115153252.0,143551127.65
2013-07-11,59.433087,116203252.0,62404741.35
2013-07-12,59.760882,118153252.0,116533719.9
2013-07-15,59.562338,119103252.0,56584221.099999994
2013-07-16,59.238708,119353252.0,14809677.0
2013-07-17,59.305549,120603252.0,74131936.25
2013-07-18,59.615269,120653252.0,2980763.4499999997
2013-07-19,59.572396,120203252.0,-26807578.2
2013-07-22,59.544608,121303252.0,65499068.8
2013-07-23,59.440891,120603252.0,-41608623.7
2013-07-24,59.268146,118553252.0,-121499699.3
2013-07-25,59.312442,118303252.0,-14828110.5
2013-07-26,59.529132,118303252.0,0.0
2013-07-29,59.204557,119253252.0,56244329.15
2013-07-30,59.050305,118353252.0,-53145274.5
2013-07-31,59.344899,118353252.0,0.0
2013-08-01,60.312376,117403252.0,-57296757.2
2013-08-02,60.733156,116953252.0,-27329920.2
2013-08-05,60.603136,117953252.0,60603136.0
2013-08-06,60.315636,117953252.0,0.0
2013-08-07,59.813359,117553252.0,-23925343.599999998
2013-08-08,60.232649,117703252.0,9034897.35
2013-08-09,60.065662,117953252.0,15016415.5
2013-08-12,60.014034,117303252.0,-39009122.1
2013-08-13,59.994698,118103252.0,47995758.4
2013-08-14,59.357942,117803252.0,-17807382.6
2013-08-15,58.312605,116403252.0,-81637647.0
2013-08-16,58.099474,109203252.0,-418316212.8
2013-08-19,57.878861,107603252.0,-92606177.6
2013-08-20,58.403128,106803252.0,-46722502.4
2013-08-21,57.917813,107153252.0,20271234.55
2013-08-22,58.530455,106353252.0,-46824364.0
2013-08-23,58.540017,105703252.0,-38051011.05
2013-08-26,58.415826,105703252.0,0.0
2013-08-27,57.478251,105553252.0,-8621737.65
2013-08-28,57.742457,104553252.0,-57742457.0
2013-08-29,58.027122,104553252.0,0.0
2013-08-30,57.652734,104353252.0,-11530546.8
2013-09-03,58.098868,103553252.0,-46479094.400000006
2013-09-04,58.692841,104603252.0,61627483.050000004
2013-09-05,58.749921,105303252.0,41124944.7
2013-09-06,58.631645,105303252.0,0.0
2013-09-09,59.179808,105303252.0,0.0
2013-09-10,59.748513,105803252.0,29874256.5
2013-09-11,60.167807,106653252.0,51142635.95
2013-09-12,60.034849,106753252.0,6003484.9
2013-09-13,60.224682,107653252.0,54202213.800000004
2013-09-16,60.459038,109303252.0,99757412.7
2013-09-17,60.808763,110003252.0,42566134.1
2013-09-18,61.526995,111003252.0,61526995.0
2013-09-19,61.531385,113253252.0,138445616.25
2013-09-20,60.94984,112153252.0,-67044824.0
2013-09-23,60.50414,111303252.0,-51428519.0
2013-09-24,60.588373,111803252.0,30294186.5
2013-09-25,60.278047,111803252.0,0.0
2013-09-26,60.820167,111303252.0,-30410083.5
2013-09-27,60.849231,111153252.0,-9127384.65
2013-09-30,60.590933,110703252.0,-27265919.85
2013-10-01,61.124514,111153252.0,27506031.3
2013-10-02,61.083985,110653252.0,-30541992.5
2013-10-03,60.464738,111203252.0,33255605.9
2013-10-04,60.993893,110703252.0,-30496946.5
2013-10-07,60.142898,110303252.0,-24057159.2
2013-10-08,59.153341,110303252.0,0.0
2013-10-09,58.940958,109703252.0,-35364574.800000004
2013-10-10,60.277789,109453252.0,-15069447.25
2013-10-11,60.751813,109453252.0,0.0
2013-10-14,60.979395,111903252.0,149399517.75
2013-10-15,60.486129,112753252.0,51413209.65
2013-10-16,61.215182,110103252.0,-162220232.29999998
2013-10-17,61.668243,109903252.0,-12333648.6
2013-10-18,62.045849,109803252.0,-6204584.899999999
2013-10-21,62.180196,110053252.0,15545049.0
2013-10-22,62.621133,110403252.0,21917396.55
2013-10-23,62.248716,111003252.0,37349229.6
2013-10-24,62.843131,111353252.0,21995095.85
2013-10-25,63.27639,110703252.0,-41129653.5
2013-10-28,63.129805,110803252.0,6312980.5
2013-10-29,63.535506,110253252.0,-34944528.3
2013-10-30,63.255552,108853252.0,-88557772.8
2013-10-31,63.397734,109503252.0,41208527.1
2013-11-01,63.552214,110453252.0,60374603.3
2013-11-04,63.777608,110253252.0,-12755521.6
2013-11-05,63.78581,110003252.0,-15946452.5
2013-11-06,63.631991,110353252.0,22271196.85
2013-11-07,62.317904,109853252.0,-31158952.0
2013-11-08,63.297814,109453252.0,-25319125.6
2013-11-11,63.40008,109453252.0,0.0
2013-11-12,63.2702,110703252.0,79087750.0
2013-11-13,64.279019,111853252.0,73920871.85000001
2013-11-14,64.722071,114003252.0,139152452.65
2013-11-15,64.915025,114353252.0,22720258.75
2013-11-18,64.456829,115803252.0,93462402.05
2013-11-19,64.193706,115203252.0,-38516223.6
2013-11-20,63.862577,116753252.0,98986994.35000001
2013-11-21,64.445416,116753252.0,0.0
2013-11-22,64.839686,117053252.0,19451905.8
2013-11-25,64.888111,116603252.0,-29199649.95
2013-11-26,65.251316,116603252.0,0.0
2013-11-27,65.491119,116053252.0,-36020115.449999996
2013-11-29,65.58645,116653252.0,39351870.0
2013-12-02,65.259292,116303252.0,-22840752.2
2013-12-03,64.715869,116703252.0,25886347.599999998
2013-12-04,64.568066,115753252.0,-61339662.7
2013-12-05,64.56186,115753252.0,0.0
2013-12-06,65.128986,114003252.0,-113975725.5
2013-12-09,65.052909,114203252.0,13010581.8
2013-12-10,65.116895,113903252.0,-19535068.5
2013-12-11,64.488343,113853252.0,-3224417.15
2013-12-12,64.291464,113853252.0,0.0
2013-12-13,64.465272,113253252.0,-38679163.2
2013-12-16,64.921172,112653252.0,-38952703.199999996
2013-12-17,64.709279,113153252.0,32354639.499999996
2013-12-18,65.723146,112203252.0,-62436988.7
2013-12-19,65.61599,111353252.0,-55773591.5
2013-12-20,65.604644,112803252.0,95126733.8
2013-12-23,65.931655,112253252.0,-36262410.25
2013-12-24,66.111709,112203252.0,-3305585.45
2013-12-26,66.537187,112953252.0,49902890.25
2013-12-27,66.30464,114653252.0,112717888.00000001
2013-12-30,66.569062,112953252.0,-113167405.4
2013-12-31,66.8363,113153252.0,13367259.999999998
2014-01-02,66.501762,113103252.0,-3325088.1
2014-01-03,66.335691,113753252.0,43118199.15
2014-01-06,65.943574,113003252.0,-49457680.5
2014-01-07,66.31249,113153252.0,9946873.5
2014-01-08,66.201334,113653252.0,33100667.0
2014-01-09,66.121329,113653252.0,0.0
2014-01-10,66.369065,113653252.0,0.0
2014-01-13,65.080862,113653252.0,0.0
2014-01-14,65.576848,112853252.0,-52461478.4
2014-01-15,65.737134,110703252.0,-141334838.1
2014-01-16,65.434862,110703252.0,0.0
2014-01-17,65.126232,109703252.0,-65126232.0
2014-01-21,65.007435,110103252.0,26002974.0
2014-01-22,65.180693,107553252.0,-166210767.15
2014-01-23,64.73092,105803252.0,-113279110.0
2014-01-24,63.48342,104903252.0,-57135078.0
2014-01-27,63.236111,104353252.0,-34779861.05
2014-01-28,63.708595,103903252.0,-28668867.75
2014-01-29,62.651495,106303252.0,150363588.0
2014-01-30,63.688248,99503252.0,-433080086.40000004
2014-01-31,62.881568,96253252.0,-204365096.0
2014-02-03,61.208562,95253252.0,-61208562.0
2014-02-04,61.926375,84603252.0,-659515893.75
2014-02-05,62.02363,82153252.0,-151957893.5
2014-02-06,63.303329,79653252.0,-158258322.5
2014-02-07,64.096853,79653252.0,0.0
2014-02-10,64.070228,79803252.0,9610534.2
2014-02-11,64.53666,81153252.0,87124491.0
2014-02-12,64.56799,80853252.0,-19370397.0
2014-02-13,64.847872,80953252.0,6484787.199999999
2014-02-14,65.222366,81603252.0,42394537.9
2014-02-18,65.280202,80403252.0,-78336242.4
2014-02-19,64.697081,79853252.0,-35583394.55
2014-02-20,65.067674,79803252.0,-3253383.6999999997
2014-02-21,65.177573,79803252.0,0.0
2014-02-24,65.536036,81003252.0,78643243.19999999
2014-02-25,65.876538,81503252.0,32938269.0
2014-02-26,66.283977,81503252.0,0.0
2014-02-27,66.563196,81503252.0,0.0
2014-02-28,66.789302,81003252.0,-33394651.000000004
2014-03-03,66.200345,81703252.0,46340241.5
2014-03-04,67.039379,82853252.0,77095285.85
2014-03-05,67.256314,82453252.0,-26902525.6
2014-03-06,67.476762,84653252.0,148448876.39999998
2014-03-07,67.405048,84353252.0,-20221514.4
2014-03-10,67.170697,84153252.0,-13434139.4
2014-03-11,66.814521,84153252.0,0.0
2014-03-12,66.760469,82853252.0,-86788609.7
2014-03-13,65.807118,82853252.0,0.0
2014-03-14,65.83836,84153252.0,85589868.0
2014-03-17,66.301709,84553252.0,26520683.6
2014-03-18,66.597062,84803252.0,16649265.499999998
2014-03-19,66.170897,84303252.0,-33085448.5
2014-03-20,66.328777,85353252.0,69645215.85000001
2014-03-21,65.695472,86353252.0,65695471.99999999
2014-03-24,65.019666,86553252.0,13003933.2
2014-03-25,64.603295,86353252.0,-12920659.0
2014-03-26,64.097143,86503252.0,9614571.450000001
2014-03-27,63.801998,86853252.0,22330699.3
2014-03-28,64.319557,87353252.0,32159778.5
2014-03-31,64.733848,87203252.0,-9710077.2
2014-04-01,65.635957,87403252.0,13127191.4
2014-04-02,66.075271,88553252.0,75986561.65
2014-04-03,65.73909,88503252.0,-3286954.5
2014-04-04,64.619507,88753252.0,16154876.75
2014-04-07,63.390514,88103252.0,-41203834.1
2014-04-08,64.010728,88103252.0,0.0
2014-04-09,64.703505,88453252.0,22646226.750000004
2014-04-10,63.114063,88553252.0,6311406.3
2014-04-11,62.246575,86703252.0,-115156163.75
2014-04-14,62.748476,85403252.0,-81573018.8
2014-04-15,62.824588,85203252.0,-12564917.6
2014-04-16,63.682401,83803252.0,-89155361.39999999
2014-04-17,63.772369,83403252.0,-25508947.599999998
2014-04-18,63.772369,82653252.0,-47829276.75
2014-04-21,63.947663,82653252.0,0.0
2014-04-22,64.486097,80153252.0,-161215242.5
2014-04-23,64.197323,78153252.0,-128394646.0
2014-04-24,64.526661,78153252.0,0.0
2014-04-25,63.449585,78453252.0,19034875.5
2014-04-28,63.294462,77803252.0,-41141400.300000004
2014-04-29,63.552321,78053252.0,15888080.25
2014-04-30,63.849016,78353252.0,19154704.8
2014-05-01,64.076681,77403252.0,-60872846.949999996
2014-05-02,64.265438,77253252.0,-9639815.700000001
2014-05-05,64.303756,76703252.0,-35367065.800000004
2014-05-06,63.429607,76203252.0,-31714803.5
2014-05-07,63.31312,74903252.0,-82307056.0
2014-05-08,63.46754,74903252.0,0.0
2014-05-09,63.839575,74003252.0,-57455617.5
2014-05-12,64.642619,74653252.0,42017702.349999994
2014-05-13,64.427606,75603252.0,61206225.699999996
2014-05-14,63.744057,76453252.0,54182448.449999996
2014-05-15,63.29974,75653252.0,-50639792.0
2014-05-16,63.737411,74953252.0,-44616187.7
2014-05-19,64.020915,74953252.0,0.0
2014-05-20,63.471164,75353252.0,25388465.6
2014-05-21,64.228881,74403252.0,-61017436.95
2014-05-22,64.535549,75703252.0,83896213.7
2014-05-23,65.076512,77303252.0,104122419.19999999
2014-05-27,65.40184,76803252.0,-32700920.000000004
2014-05-28,65.335717,75253252.0,-101270361.35000001
2014-05-29,65.618256,78903252.0,239506634.4
2014-05-30,65.677937,78553252.0,-22987277.95
2014-06-02,65.885304,78553252.0,0.0
2014-06-03,65.782356,78853252.0,19734706.799999997
2014-06-04,66.087764,80603252.0,115653587.00000001
2014-06-05,66.533946,80753252.0,9980091.9
2014-06-06,66.910426,81103252.0,23418649.1
2014-06-09,66.967397,80603252.0,-33483698.500000004
2014-06-10,66.802827,80603252.0,0.0
2014-06-11,66.596529,79003252.0,-106554446.4
2014-06-12,65.755066,79003252.0,0.0
2014-06-13,65.763959,78653252.0,-23017385.65
2014-06-16,65.989199,77353252.0,-85785958.7
2014-06-17,66.185523,76703252.0,-43020589.95
2014-06-18,66.677169,76603252.0,-6667716.9
2014-06-19,66.555914,75853252.0,-49916935.5
2014-06-20,66.094587,76103252.0,16523646.750000002
2014-06-23,66.161609,76603252.0,33080804.5
2014-06-24,66.005061,75353252.0,-82506326.25
2014-06-25,66.54982,76553252.0,79859784.0
2014-06-26,66.605417,76453252.0,-6660541.7
2014-06-27,66.778007,76103252.0,-23372302.45
2014-06-30,66.756851,75703252.0,-26702740.4
2014-07-01,67.459643,75853252.0,10118946.45
2014-07-02,67.563637,76503252.0,43916364.05
2014-07-03,68.082274,76503252.0,0.0
2014-07-07,67.662623,76503252.0,0.0
2014-07-08,66.992057,76503252.0,0.0
2014-07-09,67.813928,76353252.0,-10172089.200000001
2014-07-10,67.18589,75503252.0,-57108006.5
2014-07-11,67.406696,82503252.0,471846872.0
2014-07-14,67.586623,81503252.0,-67586623.0
2014-07-15,67.347862,82703252.0,80817434.4
2014-07-16,67.515833,83453252.0,50636874.75
2014-07-17,66.902398,76553252.0,-461626546.20000005
2014-07-18,67.496372,77703252.0,77620827.8
2014-07-21,67.169444,77703252.0,0.0
2014-07-22,67.477894,78103252.0,26991157.6
2014-07-23,67.408889,77853252.0,-16852222.25
2014-07-24,67.6007,78753252.0,60840630.0
2014-07-25,66.807427,77353252.0,-93530397.80000001
2014-07-28,66.927657,77353252.0,0.0
2014-07-29,66.743564,77353252.0,0.0
2014-07-30,67.131562,76803252.0,-36922359.1
2014-07-31,65.871792,88203252.0,750938428.8
2014-08-01,65.637817,84653252.0,-233014250.35
2014-08-04,66.299564,84353252.0,-19889869.2
2014-08-05,65.842042,93853252.0,625499399.0000001
2014-08-06,65.672795,97703252.0,252840260.74999997
2014-08-07,65.350453,100353252.0,173178700.45000002
2014-08-08,66.373669,101203252.0,56417618.650000006
2014-08-11,66.670293,102003252.0,53336234.4
2014-08-12,66.475838,101153252.0,-56504462.3
2014-08-13,66.710254,101553252.0,26684101.6
2014-08-14,67.222119,101553252.0,0.0
2014-08-15,67.125392,100153252.0,-93975548.80000001
2014-08-18,67.712036,99103252.0,-71097637.8
2014-08-19,68.230151,97353252.0,-119402764.25000001
2014-08-20,68.581601,97103252.0,-17145400.25
2014-08-21,68.519584,96253252.0,-58241646.4
2014-08-22,68.602089,96253252.0,0.0
2014-08-25,68.794623,97003252.0,51595967.25
2014-08-26,68.832064,96103252.0,-61948857.6
2014-08-27,68.918649,95603252.0,-34459324.5
2014-08-28,68.810068,94903252.0,-48167047.6
2014-08-29,68.818843,94903252.0,0.0
2014-09-02,68.960327,95103252.0,13792065.400000002
2014-09-03,68.752641,101403252.0,433141638.29999995
2014-09-04,69.021425,101653252.0,17255356.25
2014-09-05,69.290588,102803252.0,79684176.2
2014-09-08,68.962994,102803252.0,0.0
2014-09-09,68.28633,103953252.0,78529279.50000001
2014-09-10,68.514696,103703252.0,-17128674.0
2014-09-11,68.565227,103703252.0,0.0
2014-09-12,68.351372,103703252.0,0.0
2014-09-15,68.07757,102803252.0,-61269812.99999999
2014-09-16,68.383891,102603252.0,-13676778.200000001
2014-09-17,68.405385,100853252.0,-119709423.74999999
2014-09-18,68.682973,99553252.0,-89287864.9
2014-09-19,68.518646,100453252.0,61666781.400000006
2014-09-22,67.524357,100553252.0,6752435.699999999
2014-09-23,66.987648,99053252.0,-100481471.99999999
2014-09-24,67.686224,99003252.0,-3384311.1999999997
2014-09-25,66.715324,99653252.0,43364960.599999994
2014-09-26,67.431228,100503252.0,57316543.800000004
2014-09-29,67.053059,100753252.0,16763264.750000002
2014-09-30,66.692109,100653252.0,-6669210.9
2014-10-01,65.849546,100653252.0,0.0
2014-10-02,66.100637,101753252.0,72710700.7
2014-10-03,66.964509,101553252.0,-13392901.8
2014-10-06,66.592913,100703252.0,-56603976.05
2014-10-07,65.621391,70553252.0,-1978484938.65
2014-10-08,66.648129,101103252.0,2036100340.9499998
2014-10-09,65.13844,100603252.0,-32569220.0
2014-10-10,64.571267,92053252.0,-552084332.85
2014-10-13,63.245045,97253252.0,328874234.0
2014-10-14,63.66483,93603252.0,-232376629.5
2014-10-15,63.167938,92503252.0,-69484731.8
2014-10-16,63.266359,90853252.0,-104389492.35000001
2014-10-17,63.945522,90153252.0,-44761865.4
2014-10-20,64.842564,89953252.0,-12968512.799999999
2014-10-21,66.061031,89653252.0,-19818309.3
2014-10-22,65.5037,90453252.0,52402959.99999999
2014-10-23,66.429633,92153252.0,112930376.1
2014-10-24,66.359781,92153252.0,0.0
2014-10-27,66.480386,92853252.0,46536270.199999996
2014-10-28,67.208268,93103252.0,16802067.0
2014-10-29,67.005343,91353252.0,-117259350.25
2014-10-30,67.448507,92303252.0,64076081.650000006
2014-10-31,68.109282,93403252.0,74920210.19999999
2014-11-03,68.120216,93703252.0,20436064.8
2014-11-04,67.268363,89703252.0,-269073452.0
2014-11-05,67.547897,91203252.0,101321845.50000001
2014-11-06,68.1388,90453252.0,-51104100.0
2014-11-07,68.015146,93303252.0,193843166.1
2014-11-10,67.978343,94653252.0,91770763.05
2014-11-11,68.240625,94903252.0,17060156.25
2014-11-12,68.589213,95503252.0,41153527.8
2014-11-13,69.00495,95903252.0,27601979.999999996
2014-11-14,69.263696,96903252.0,69263696.0
2014-11-17,69.200224,98353252.0,100340324.80000001
2014-11-18,69.298806,93603252.0,-329169328.5
2014-11-19,69.616296,97103252.0,243657036.00000003
2014-11-20,69.90799,98053252.0,66412590.5
2014-11-21,70.067515,98453252.0,28027006.0
2014-11-24,70.728953,98303252.0,-10609342.950000001
2014-11-25,70.911548,98603252.0,21273464.4
2014-11-26,70.964426,99153252.0,39030434.300000004
2014-11-28,71.787204,99053252.0,-7178720.4
2014-12-01,71.010702,99453252.0,28404280.799999997
2014-12-02,71.284113,98153252.0,-92669346.9
2014-12-03,71.425992,98453252.0,21427797.599999998
2014-12-04,71.347925,99203252.0,53510943.75
2014-12-05,71.531907,100403252.0,85838288.4
2014-12-08,70.945649,102053252.0,117060320.85000001
2014-12-09,70.846636,102353252.0,21253990.8
2014-12-10,69.847991,102703252.0,24446796.849999998
2014-12-11,70.414545,102253252.0,-31686545.25
2014-12-12,69.97939,109103252.0,479358821.49999994
2014-12-15,69.573054,112053252.0,205240509.3
2014-12-16,68.476964,113453252.0,95867749.6
2014-12-17,69.790129,113303252.0,-10468519.35
2014-12-18,70.89773,115053252.0,124071027.49999999
2014-12-19,70.86332,108303252.0,-478327410.0
2014-12-22,71.530484,110353252.0,146637492.2
2014-12-23,71.953344,109953252.0,-28781337.6
2014-12-24,71.820883,110753252.0,57456706.4
2014-12-26,72.22283,111103252.0,25277990.5
2014-12-29,72.708023,118253252.0,519862364.45
2014-12-30,72.432786,131853252.0,985085889.5999999
2014-12-31,72.176333,133653252.0,129917399.4
2015-01-02,71.653875,134903252.0,89567343.75
2015-01-05,70.253733,134853252.0,-3512686.65
2015-01-06,69.591563,135503252.0,45234515.949999996
2015-01-07,70.656305,135753252.0,17664076.25
2015-01-08,71.704618,135903252.0,10755692.7
2015-01-09,70.887113,136753252.0,60254046.05
2015-01-12,70.552074,136453252.0,-21165622.200000003
2015-01-13,70.469137,137753252.0,91609878.10000001
2015-01-14,69.665335,138253252.0,34832667.5
2015-01-15,68.796915,138103252.0,-10319537.25
2015-01-16,69.704507,138403252.0,20911352.1
2015-01-20,69.256662,138503252.0,6925666.2
2015-01-21,69.685153,134053252.0,-310098930.85
2015-01-22,71.004536,133103252.0,-67454309.2
2015-01-23,70.891495,127203252.0,-418259820.50000006
2015-01-26,71.29713,125503252.0,-121205121.0
2015-01-27,70.736875,124753252.0,-53052656.25
2015-01-28,69.808799,123403252.0,-94241878.64999999
2015-01-29,70.726272,123053252.0,-24754195.2
2015-01-30,69.96699,123003252.0,-3498349.5
2015-02-02,70.587567,123453252.0,31764405.150000002
2015-02-03,72.109513,114253252.0,-663407519.6
2015-02-04,72.589923,113803252.0,-32665465.349999998
2015-02-05,73.025458,115003252.0,87630549.6
2015-02-06,72.924824,115403252.0,29169929.6
2015-02-09,72.66863,114003252.0,-101736081.99999999
2015-02-10,73.563012,114203252.0,14712602.4
2015-02-11,73.586165,114703252.0,36793082.5
2015-02-12,74.42455,114203252.0,-37212275.0
2015-02-13,74.864069,114953252.0,56148051.75
2015-02-17,74.737392,115603252.0,48579304.8
2015-02-18,74.658455,115303252.0,-22397536.5
2015-02-19,74.884972,115253252.0,-3744248.6
2015-02-20,75.447844,115153252.0,-7544784.4
2015-02-23,75.402332,114903252.0,-18850583.0
2015-02-24,75.696834,114603252.0,-22709050.2
2015-02-25,76.315191,115003252.0,30526076.4
2015-02-26,76.059972,116153252.0,87468967.8
2015-02-27,75.964507,117803252.0,125341436.55
2015-03-02,76.869917,119303252.0,115304875.5
2015-03-03,76.685996,133603252.0,1096609742.8
2015-03-04,76.229871,136603252.0,228689613.0
2015-03-05,76.331344,136853252.0,19082836.0
2015-03-06,75.392891,142603252.0,433509123.25000006
2015-03-09,75.81984,142353252.0,-18954960.0
2015-03-10,74.596955,143003252.0,48488020.74999999
2015-03-11,74.253928,144303252.0,96530106.4
2015-03-12,75.74668,144603252.0,22724004.0
2015-03-13,75.203715,145803252.0,90244458.0
2015-03-16,76.019813,143853252.0,-148238635.35
2015-03-17,75.62757,143553252.0,-22688271.0
2015-03-18,76.290129,144353252.0,61032103.199999996
2015-03-19,76.157484,143753252.0,-45694490.4
2015-03-20,76.713997,143903252.0,11507099.55
2015-03-23,76.621477,145503252.0,122594363.2
2015-03-24,76.235746,144453252.0,-80047533.30000001
2015-03-25,75.011566,145153252.0,52508096.2
2015-03-26,74.536251,145003252.0,-11180437.649999999
2015-03-27,74.918341,145653252.0,48696921.65
2015-03-30,75.691991,145753252.0,7569199.100000001
2015-03-31,75.348445,145353252.0,-30139378.0
2015-04-01,75.008904,147353252.0,150017808.0
2015-04-02,75.680616,147203252.0,-11352092.4
2015-04-06,76.040369,147303252.0,7604036.899999999
2015-04-07,75.644156,148053252.0,56733117.0
2015-04-08,76.347301,148153252.0,7634730.100000001
2015-04-09,76.416087,148903252.0,57312065.25
2015-04-10,76.659057,147953252.0,-72826104.15
2015-04-13,76.255375,148103252.0,11438306.25
2015-04-14,76.197945,147553252.0,-41908869.75
2015-04-15,76.200821,147503252.0,-3810041.0500000003
2015-04-16,76.360512,146203252.0,-99268665.6
2015-04-17,75.240617,143553252.0,-199387635.05
2015-04-20,76.047745,143253252.0,-22814323.5
2015-04-21,76.10329,143103252.0,-11415493.5
2015-04-22,76.211941,143253252.0,11431791.149999999
2015-04-23,76.56479,143153252.0,-7656479.0
2015-04-24,77.588663,142803252.0,-27156032.05
2015-04-27,76.932077,142953252.0,11539811.55
2015-04-28,76.668401,143203252.0,19167100.25
2015-04-29,76.182513,142403252.0,-60946010.4
2015-04-30,75.310492,141953252.0,-33889721.4
2015-05-01,76.360831,142553252.0,45816498.6
2015-05-04,76.503072,142103252.0,-34426382.4
2015-05-05,75.72591,142103252.0,0.0
2015-05-06,75.409746,140953252.0,-86721207.89999999
2015-05-07,75.769845,138953252.0,-151539690.0
2015-05-08,76.596046,139453252.0,38298023.0
2015-05-11,76.274327,140203252.0,57205745.25
2015-05-12,76.126594,140303252.0,7612659.399999999
2015-05-13,75.664925,140603252.0,22699477.5
2015-05-14,75.988635,142053252.0,110183520.75
2015-05-15,76.555586,140953252.0,-84211144.60000001
2015-05-18,76.883138,140603252.0,-26909098.3
2015-05-19,76.865824,139103252.0,-115298736.0
2015-05-20,76.762309,138703252.0,-30704923.6
2015-05-21,77.037849,137203252.0,-115556773.49999999
2015-05-22,76.910364,136903252.0,-23073109.2
2015-05-26,76.432737,136903252.0,0.0
2015-05-27,76.961137,137103252.0,15392227.399999999
2015-05-28,76.817869,135153252.0,-149794844.55
2015-05-29,76.293153,134903252.0,-19073288.25
2015-06-01,76.530057,134203252.0,-53571039.9
2015-06-02,76.676514,133553252.0,-49839734.1
2015-06-03,77.240414,134403252.0,65654351.9
2015-06-04,76.717018,135053252.0,49866061.699999996
2015-06-05,76.508288,135253252.0,15301657.599999998
2015-06-08,75.992529,134703252.0,-41795890.95
2015-06-09,75.922515,134203252.0,-37961257.5
2015-06-10,76.695698,133103252.0,-84365267.8
2015-06-11,76.902175,133503252.0,30760870.0
2015-06-12,76.582104,133503252.0,0.0
2015-06-15,76.231568,133803252.0,22869470.4
2015-06-16,76.648734,133653252.0,-11497310.100000001
2015-06-17,77.004302,133853252.0,15400860.399999999
2015-06-18,77.964754,133753252.0,-7796475.4
2015-06-19,77.530588,134353252.0,46518352.8
2015-06-22,77.906244,134153252.0,-15581248.8
2015-06-23,78.198176,134403252.0,19549544.0
2015-06-24,77.623736,135253252.0,65980175.599999994
2015-06-25,77.586502,136353252.0,85345152.19999999
2015-06-26,77.894488,135553252.0,-62315590.4
2015-06-29,76.138378,136353252.0,60910702.400000006
2015-06-30,76.516201,134703252.0,-126251731.64999999
2015-07-01,77.340319,133403252.0,-100542414.69999999
2015-07-02,77.240797,133803252.0,30896318.8
2015-07-06,77.056249,135053252.0,96320311.24999999
2015-07-07,77.676216,135003252.0,-3883810.8
2015-07-08,76.236115,136603252.0,121977784.0
2015-07-09,76.552219,136853252.0,19138054.75
2015-07-10,77.655458,137853252.0,77655458.0
2015-07-13,78.793796,138253252.0,31517518.4
2015-07-14,78.897665,139753252.0,118346497.5
2015-07-15,78.805241,141303252.0,122148123.55
2015-07-16,79.315997,141153252.0,-11897399.549999999
2015-07-17,79.163555,141503252.0,27707244.25
2015-07-20,79.19571,141453252.0,-3959785.5000000005
2015-07-21,78.960291,142153252.0,55272203.699999996
2015-07-22,79.294651,142153252.0,0.0
2015-07-23,78.82624,142353252.0,15765248.0
2015-07-24,78.807598,142403252.0,3940379.9
2015-07-27,78.242284,142853252.0,35209027.8
2015-07-28,78.892062,143103252.0,19723015.5
2015-07-29,79.693699,143053252.0,-3984684.9499999997
2015-07-30,79.959675,143403252.0,27985886.25
2015-07-31,80.182204,143853252.0,36081991.8
2015-08-03,79.980909,144553252.0,55986636.3
2015-08-04,80.24302,144453252.0,-8024302.0
2015-08-05,79.377758,144103252.0,-27782215.3
2015-08-06,78.320179,145553252.0,113564259.55
2015-08-07,78.261591,145703252.0,11739238.649999999
2015-08-10,78.931037,144553252.0,-90770692.55
2015-08-11,78.142194,143803252.0,-58606645.5
2015-08-12,77.817239,143553252.0,-19454309.75
2015-08-13,78.265592,143403252.0,-11739838.799999999
2015-08-14,78.357117,143603252.0,15671423.4
2015-08-17,79.124466,142503252.0,-87036912.6
2015-08-18,79.203085,142403252.0,-7920308.5
2015-08-19,79.028011,141903252.0,-39514005.5
2015-08-20,76.822608,141903252.0,0.0
2015-08-21,74.301876,139053252.0,-211760346.6
2015-08-24,71.331436,138553252.0,-35665718.0
2015-08-25,71.050523,137353252.0,-85260627.6
2015-08-26,73.781807,136903252.0,-33201813.15
2015-08-27,75.525016,135853252.0,-79301266.8
2015-08-28,75.570841,135203252.0,-49121046.65
2015-08-31,75.018734,136403252.0,90022480.8
2015-09-01,73.091655,134453252.0,-142528727.25
2015-09-02,74.630337,133203252.0,-93287921.25
2015-09-03,74.68696,133053252.0,-11203044.0
2015-09-04,73.86942,132903252.0,-11080413.0
2015-09-08,75.57853,133453252.0,41568191.5
2015-09-09,74.741513,134053252.0,44844907.8
2015-09-10,74.95984,132953252.0,-82455824.0
2015-09-11,75.526778,133453252.0,37763389.0
2015-09-14,75.105953,133203252.0,-18776488.25
2015-09-15,75.912465,133153252.0,-3795623.25
2015-09-16,76.7777,133553252.0,30711080.0
2015-09-17,76.969989,135703252.0,165485476.35
2015-09-18,75.51834,139103252.0,256762355.99999997
2015-09-21,76.080675,137203252.0,-144553282.5
2015-09-22,75.121984,137903252.0,52585388.8
2015-09-23,74.923132,140253252.0,176069360.2
2015-09-24,74.689808,139353252.0,-67220827.2
2015-09-25,74.695654,136603252.0,-205413048.5
2015-09-28,72.537506,136553252.0,-3626875.3
2015-09-29,72.332333,133503252.0,-220613615.65
2015-09-30,74.255846,133803252.0,22276753.8
2015-10-01,74.794882,136253252.0,183247460.9
2015-10-02,75.858745,134953252.0,-98616368.5
2015-10-05,76.975221,136153252.0,92370265.2
2015-10-06,76.435754,136653252.0,38217877.0
2015-10-07,76.698911,137253252.0,46019346.599999994
2015-10-08,77.595336,137603252.0,27158367.6
2015-10-09,77.724838,137953252.0,27203693.3
2015-10-12,78.091162,139053252.0,85900278.2
2015-10-13,77.664258,140753252.0,132029238.60000001
2015-10-14,76.880706,142353252.0,123009129.60000001
2015-10-15,77.846291,142103252.0,-19461572.75
2015-10-16,78.308285,141603252.0,-39154142.5
2015-10-19,78.669921,140953252.0,-51135448.65
2015-10-20,78.490956,140853252.0,-7849095.6
2015-10-21,78.19092,141703252.0,66462282.00000001
2015-10-22,79.276347,141853252.0,11891452.05
2015-10-23,79.604436,143453252.0,127367097.60000001
2015-10-26,80.214107,145103252.0,132353276.55
2015-10-27,79.79104,146503252.0,111707456.0
2015-10-28,80.562065,146003252.0,-40281032.5
2015-10-29,80.78385,142803252.0,-258508320.0
2015-10-30,80.966882,142453252.0,-28338408.7
2015-11-02,81.320955,142703252.0,20330238.75
2015-11-03,81.649116,142153252.0,-44907013.800000004
2015-11-04,81.122072,143803252.0,133851418.80000001
2015-11-05,81.42461,143803252.0,0.0
2015-11-06,81.405035,143653252.0,-12210755.25
2015-11-09,80.336826,144453252.0,64269460.800000004
2015-11-10,80.99362,144853252.0,32397448.000000004
2015-11-11,80.59363,144803252.0,-4029681.5
2015-11-12,79.81028,144953252.0,11971542.0
2015-11-13,77.70169,145303252.0,27195591.5
2015-11-16,78.663864,144853252.0,-35398738.800000004
2015-11-17,78.833407,144853252.0,0.0
2015-11-18,80.181572,145053252.0,16036314.4
2015-11-19,80.235933,145403252.0,28082576.55
2015-11-20,81.22028,145353252.0,-4061014.0
2015-11-23,81.504386,145953252.0,48902631.6
2015-11-24,81.335168,145353252.0,-48801100.8
2015-11-25,81.749692,145403252.0,4087484.5999999996
2015-11-27,81.449299,145503252.0,8144929.899999999
2015-11-30,80.765636,145353252.0,-12114845.4
2015-12-01,81.605546,145603252.0,20401386.5
2015-12-02,80.882227,146853252.0,101102783.75
2015-12-03,79.662882,147153252.0,23898864.599999998
2015-12-04,81.232998,147003252.0,-12184949.7
2015-12-07,80.876157,146153252.0,-68744733.45
2015-12-08,80.618452,146153252.0,0.0
2015-12-09,79.64904,146553252.0,31859616.0
2015-12-10,79.880275,146353252.0,-15976055.0
2015-12-11,78.046163,147003252.0,50730005.95
2015-12-14,78.401812,147053252.0,3920090.6000000006
2015-12-15,78.852081,147753252.0,55196456.699999996
2015-12-16,80.198862,147953252.0,16039772.4
2015-12-17,78.903679,145903252.0,-161752541.95
2015-12-18,77.440836,148103252.0,170369839.20000002
2015-12-21,77.730928,148603252.0,38865464.0
2015-12-22,78.253372,147503252.0,-86078709.2
2015-12-23,78.696613,146503252.0,-78696613.0
2015-12-24,78.489611,147003252.0,39244805.5
2015-12-28,78.695346,146403252.0,-47217207.6
2015-12-29,79.580498,146253252.0,-11937074.700000001
2015-12-30,78.96525,146103252.0,-11844787.5
2015-12-31,78.197519,146053252.0,-3909875.95
2016-01-04,76.819926,145203252.0,-65296937.099999994
2016-01-05,76.688238,143053252.0,-164879711.7
2016-01-06,75.929817,144003252.0,72133326.15
2016-01-07,74.40569,142403252.0,-119049104.00000001
2016-01-08,73.602916,142403252.0,0.0
2016-01-11,74.247849,143503252.0,81672633.9
2016-01-12,75.009018,142803252.0,-52506312.6
2016-01-13,72.490791,144003252.0,86988949.2
2016-01-14,73.024884,142753252.0,-91281105.0
2016-01-15,71.510039,141003252.0,-125142568.25000001
2016-01-19,71.78506,141053252.0,3589253.0
2016-01-20,71.107979,141103252.0,3555398.95
2016-01-21,72.07965,139203252.0,-136951335.0
2016-01-22,73.302938,141853252.0,194252785.7
2016-01-25,72.442389,140953252.0,-65198150.1
2016-01-26,73.505404,141003252.0,3675270.1999999997
2016-01-27,72.418143,138553252.0,-177424450.35
2016-01-28,73.302075,137853252.0,-51311452.5
2016-01-29,74.201309,137403252.0,-33390589.049999997
2016-02-01,74.565302,136653252.0,-55923976.5
2016-02-02,73.157876,136603252.0,-3657893.8000000003
2016-02-03,72.912225,134853252.0,-127596393.75000001
2016-02-04,72.500606,136703252.0,134126121.10000001
2016-02-05,70.198824,137553252.0,59669000.4
2016-02-08,68.819255,134603252.0,-203016802.25
2016-02-09,68.642729,134003252.0,-41185637.4
2016-02-10,68.589795,134553252.0,37724387.25
2016-02-11,68.533144,133503252.0,-71959801.19999999
2016-02-12,69.775663,133803252.0,20932698.9
2016-02-16,71.492691,133553252.0,-17873172.75
2016-02-17,73.00604,136753252.0,233619328.0
2016-02-18,72.522308,138003252.0,90652885.0
2016-02-19,72.759872,137503252.0,-36379936.0
2016-02-22,74.144493,136703252.0,-59315594.4
2016-02-23,73.737414,137453252.0,55303060.5
2016-02-24,74.17227,137003252.0,-33377521.5
2016-02-25,74.917598,135703252.0,-97392877.39999999
2016-02-26,74.857873,135453252.0,-18714468.25
2016-02-29,74.473832,135353252.0,-7447383.2
2016-03-01,76.419705,134353252.0,-76419705.0
2016-03-02,76.340537,134503252.0,11451080.549999999
2016-03-03,76.771497,135553252.0,80610071.85
2016-03-04,76.753857,137353252.0,138156942.6
2016-03-07,76.413359,137803252.0,34386011.55
2016-03-08,75.810872,138203252.0,30324348.8
2016-03-09,75.95375,137803252.0,-30381500.0
2016-03-10,76.084728,134903252.0,-220645711.2
2016-03-11,77.280662,134353252.0,-42504364.1
2016-03-14,77.584394,135053252.0,54309075.800000004
2016-03-15,77.576883,134353252.0,-54303818.099999994
2016-03-16,78.139957,134703252.0,27348984.95
2016-03-17,78.353744,135203252.0,39176872.0
2016-03-18,78.108848,134753252.0,-35148981.599999994
2016-03-21,78.138149,133503252.0,-97672686.25
2016-03-22,77.953551,131953252.0,-120828004.05000001
2016-03-23,77.464999,132153252.0,15492999.8
2016-03-24,77.533511,133003252.0,65903484.35
2016-03-28,77.926701,134503252.0,116890051.49999999
2016-03-29,78.660692,134703252.0,15732138.4
2016-03-30,79.158151,136053252.0,106863503.85000001
2016-03-31,79.083872,135603252.0,-35587742.4
2016-04-01,79.480001,136403252.0,63584000.800000004
2016-04-04,78.823942,135303252.0,-86706336.2
2016-04-05,78.160481,134403252.0,-70344432.9
2016-04-06,78.897577,136953252.0,201188821.35
2016-04-07,77.989322,136053252.0,-70190389.8
2016-04-08,77.868558,135353252.0,-54507990.599999994
2016-04-11,77.554235,135353252.0,0.0
2016-04-12,78.173587,134903252.0,-35178114.15
2016-04-13,79.233335,135053252.0,11885000.25
2016-04-14,79.243844,135703252.0,51508498.599999994
2016-04-15,79.469835,136203252.0,39734917.5
2016-04-18,80.20411,136453252.0,20051027.5
2016-04-19,79.822191,136953252.0,39911095.5
2016-04-20,79.851236,136403252.0,-43918179.8
2016-04-21,79.654094,135603252.0,-63723275.2
2016-04-22,79.426016,135303252.0,-23827804.8
2016-04-25,79.548679,135803252.0,39774339.5
2016-04-26,79.727277,134453252.0,-107631823.95
2016-04-27,79.666308,133553252.0,-71699677.2
2016-04-28,78.783623,133553252.0,0.0
2016-04-29,79.183319,131903252.0,-130652476.35
2016-05-02,80.283417,131353252.0,-44155879.35
2016-05-03,79.590814,131453252.0,7959081.399999999
2016-05-04,79.215244,131353252.0,-7921524.399999999
2016-05-05,78.720199,132503252.0,90528228.85
2016-05-06,79.23747,131503252.0,-79237470.0
2016-05-09,79.491557,131103252.0,-31796622.8
2016-05-10,80.49087,132353252.0,100613587.5
2016-05-11,78.902561,133153252.0,63122048.800000004
2016-05-12,79.006844,132403252.0,-59255133.0
2016-05-13,78.143525,132103252.0,-23443057.5
2016-05-16,78.609213,131403252.0,-55026449.1
2016-05-17,77.709818,131203252.0,-15541963.6
2016-05-18,77.267094,130503252.0,-54086965.8
2016-05-19,77.195426,129453252.0,-81055197.3
2016-05-20,77.696773,129953252.0,38848386.5
2016-05-23,77.390272,130053252.0,7739027.199999999
2016-05-24,78.391926,130103252.0,3919596.3
2016-05-25,78.779535,130403252.0,23633860.5
2016-05-26,78.959203,130703252.0,23687760.900000002
2016-05-27,79.343606,130303252.0,-31737442.4
2016-05-31,79.289881,130853252.0,43609434.55
2016-06-01,79.197028,130953252.0,7919702.800000001
2016-06-02,79.623637,130803252.0,-11943545.55
2016-06-03,79.186231,130153252.0,-51471050.150000006
2016-06-06,79.284288,130153252.0,0.0
2016-06-07,79.387516,129853252.0,-23816254.8
2016-06-08,79.48545,130203252.0,27819907.5
2016-06-09,79.335718,129703252.0,-39667859.0
2016-06-10,78.521592,129403252.0,-23556477.599999998
2016-06-13,78.044525,129203252.0,-15608904.999999998
2016-06-14,77.842317,128103252.0,-85626548.69999999
2016-06-15,78.04788,127753252.0,-27316758.000000004
2016-06-16,78.34536,127303252.0,-35255412.0
2016-06-17,77.952571,127253252.0,-3897628.5500000003
2016-06-20,78.63181,125503252.0,-137605667.5
2016-06-21,78.471058,126653252.0,90241716.7
2016-06-22,78.33906,126603252.0,-3916953.0
2016-06-23,79.07738,126203252.0,-31630952.000000004
2016-06-24,76.215479,127003252.0,60972383.2
2016-06-27,74.808104,126103252.0,-67327293.6
2016-06-28,76.234059,125653252.0,-34305326.550000004
2016-06-29,77.482133,123903252.0,-135593732.75
2016-06-30,78.065577,123653252.0,-19516394.25
2016-07-01,78.785757,123703252.0,3939287.85
2016-07-05,78.210854,123303252.0,-31284341.599999998
2016-07-06,78.870391,123803252.0,39435195.5
2016-07-07,79.22123,124053252.0,19805307.5
2016-07-08,80.608721,123903252.0,-12091308.15
2016-07-11,81.05782,126003252.0,170221422.0
2016-07-12,81.427822,126603252.0,48856693.2
2016-07-13,81.048399,127453252.0,68891139.15
2016-07-14,81.377058,127553252.0,8137705.800000001
2016-07-15,81.010442,126803252.0,-60757831.5
2016-07-18,81.279703,127053252.0,20319925.75
2016-07-19,81.13062,124853252.0,-178487364.0
2016-07-20,81.449496,124853252.0,0.0
2016-07-21,81.242833,124903252.0,4062141.6500000004
2016-07-22,81.626327,124853252.0,-4081316.35
2016-07-25,81.734412,125153252.0,24520323.6
2016-07-26,81.620583,125003252.0,-12243087.45
2016-07-27,81.343488,126003252.0,81343488.0
2016-07-28,81.535575,126253252.0,20383893.75
2016-07-29,81.608035,126853252.0,48964821.0
2016-08-01,81.711346,126653252.0,-16342269.200000001
2016-08-02,80.530412,126353252.0,-24159123.599999998
2016-08-03,80.739279,125753252.0,-48443567.4
2016-08-04,80.699857,126753252.0,80699857.0
2016-08-05,81.562172,126503252.0,-20390543.0
2016-08-08,81.298485,127103252.0,48779091.0
2016-08-09,81.036187,124253252.0,-230953132.95
2016-08-10,81.212511,121153252.0,-251758784.10000002
2016-08-11,82.043841,121653252.0,41021920.5
2016-08-12,82.020941,122253252.0,49212564.599999994
2016-08-15,82.13731,122353252.0,8213731.0
2016-08-16,81.690237,122353252.0,0.0
2016-08-17,81.529425,122303252.0,-4076471.25
2016-08-18,81.485835,123303252.0,81485835.0
2016-08-19,81.466014,122103252.0,-97759216.8
2016-08-22,81.395965,121803252.0,-24418789.5
2016-08-23,81.787966,122203252.0,32715186.4
2016-08-24,81.434999,122303252.0,8143499.9
2016-08-25,81.138024,122303252.0,0.0
2016-08-26,80.918117,122453252.0,12137717.549999999
2016-08-29,81.179922,123153252.0,56825945.400000006
2016-08-30,80.787297,123403252.0,20196824.25
2016-08-31,80.588932,123703252.0,24176679.6
2016-09-01,80.741377,123103252.0,-48444826.2
2016-09-02,80.859508,123003252.0,-8085950.800000001
2016-09-06,80.992345,122803252.0,-16198469.0
2016-09-07,81.022198,123103252.0,24306659.400000002
2016-09-08,80.397852,124353252.0,100497315.0
2016-09-09,78.431415,123603252.0,-58823561.25
2016-09-12,79.575657,123203252.0,-31830262.800000004
2016-09-13,78.386444,118353252.0,-380174253.4
2016-09-14,78.411264,116853252.0,-117616896.0
2016-09-15,78.951673,116153252.0,-55266171.1
2016-09-16,78.527297,115403252.0,-58895472.75
2016-09-19,78.444416,115503252.0,7844441.600000001
2016-09-20,78.523965,115503252.0,0.0
2016-09-21,79.240574,115553252.0,3962028.6999999997
2016-09-22,79.853806,115503252.0,-3992690.3000000003
2016-09-23,79.670174,115753252.0,19917543.5
2016-09-26,78.783666,117353252.0,126053865.6
2016-09-27,79.565569,119203252.0,147196302.65
2016-09-28,79.807475,119603252.0,31922990.0
2016-09-29,79.3821,119653252.0,3969104.9999999995
2016-09-30,80.030499,119053252.0,-48018299.400000006
2016-10-03,80.017666,119103252.0,4000883.3000000003
2016-10-04,79.75992,117703252.0,-111663887.99999999
2016-10-05,80.069132,116053252.0,-132114067.8
2016-10-06,80.110687,115503252.0,-44060877.85
2016-10-07,79.757843,114303252.0,-95709411.6
2016-10-10,79.831139,118153252.0,307349885.15
2016-10-11,78.925512,117453252.0,-55247858.4
2016-10-12,79.233246,117103252.0,-27731636.099999998
2016-10-13,78.979786,117503252.0,31591914.400000002
2016-10-14,78.853617,117003252.0,-39426808.5
2016-10-17,78.262696,117103252.0,7826269.600000001
2016-10-18,78.718173,116753252.0,-27551360.549999997
2016-10-19,79.106702,117053252.0,23732010.599999998
2016-10-20,78.989878,117203252.0,11848481.700000001
2016-10-21,79.593305,117003252.0,-15918661.0
2016-10-24,80.161676,116653252.0,-28056586.6
2016-10-25,79.233474,116553252.0,-7923347.4
2016-10-26,78.89754,116453252.0,-7889754.000000001
2016-10-27,78.217915,118153252.0,132970455.50000001
2016-10-28,78.044144,117703252.0,-35119864.800000004
2016-10-31,78.153028,118253252.0,42984165.400000006
2016-11-01,77.499618,117753252.0,-38749809.0
2016-11-02,77.05468,114503252.0,-250427710.00000003
2016-11-03,76.865267,114903252.0,30746106.8
2016-11-04,76.697946,115603252.0,53688562.2
2016-11-07,78.463187,119453252.0,302083269.95000005
2016-11-08,78.842105,122703252.0,256236841.25
2016-11-09,78.988403,123603252.0,71089562.7
2016-11-10,79.250647,124503252.0,71325582.3
2016-11-11,79.756515,123603252.0,-71780863.5
2016-11-14,79.71716,123153252.0,-35872722.0
2016-11-15,80.002391,123903252.0,60001793.25
2016-11-16,80.444955,124203252.0,24133486.499999996
2016-11-17,81.419541,124553252.0,28496839.349999998
2016-11-18,81.153431,126253252.0,137960832.7
2016-11-21,81.666919,127503252.0,102083648.74999999
2016-11-22,82.675093,127953252.0,37203791.85
2016-11-23,82.761752,128603252.0,53795138.800000004
2016-11-25,82.986549,129553252.0,78837221.55
2016-11-28,82.311835,130553252.0,82311835.0
2016-11-29,82.521773,131603252.0,86647861.64999999
2016-11-30,81.805548,132703252.0,89986102.8
2016-12-01,81.886756,133153252.0,36849040.2
2016-12-02,81.428912,131503252.0,-134357704.79999998
2016-12-05,82.242656,132553252.0,86354788.8
2016-12-06,82.502607,134603252.0,169130344.35
2016-12-07,84.039346,135253252.0,54625574.9
2016-12-08,84.131521,136703252.0,121990705.45
2016-12-09,84.301689,135453252.0,-105377111.25
2016-12-12,83.633568,135253252.0,-16726713.6
2016-12-13,84.329326,134953252.0,-25298797.799999997
2016-12-14,83.784918,135253252.0,25135475.400000002
2016-12-15,83.578637,135453252.0,16715727.4
2016-12-16,82.711145,135003252.0,-37220015.25
2016-12-19,82.890877,135803252.0,66312701.6
2016-12-20,83.539115,136003252.0,16707823.0
2016-12-21,83.497405,136153252.0,12524610.75
2016-12-22,82.65704,131703252.0,-367823828.0
2016-12-23,82.454783,132553252.0,70086565.55000001
2016-12-27,82.742938,132753252.0,16548587.6
2016-12-28,82.225224,132753252.0,0.0
2016-12-29,82.102469,132953252.0,16420493.8
2016-12-30,81.363046,132953252.0,0.0
2017-01-03,81.861925,132453252.0,-40930962.5
2017-01-04,82.947887,133303252.0,70505703.94999999
2017-01-05,82.892275,133553252.0,20723068.75
2017-01-06,83.253144,137453252.0,324687261.6
2017-01-09,83.197332,138603252.0,95676931.8
2017-01-10,83.527788,138603252.0,0.0
2017-01-11,83.716996,139603252.0,83716996.0
2017-01-12,83.691123,139503252.0,-8369112.300000001
2017-01-13,83.94566,138953252.0,-46170113.0
2017-01-17,84.130459,138953252.0,0.0
2017-01-18,83.989245,138453252.0,-41994622.5
2017-01-19,83.706842,138453252.0,0.0
2017-01-20,83.907683,138453252.0,0.0
2017-01-23,83.973098,139753252.0,109165027.39999999
2017-01-24,84.654559,137453252.0,-194705485.70000002
2017-01-25,85.148485,137953252.0,42574242.5
2017-01-26,85.345571,138453252.0,42672785.5
2017-01-27,85.091871,139553252.0,93601058.1
2017-01-30,85.02583,140203252.0,55266789.5
2017-01-31,84.790405,139753252.0,-38155682.25
2017-02-01,84.644413,140253252.0,42322206.5
2017-02-02,84.583828,140253252.0,0.0
2017-02-03,84.49119,140253252.0,0.0
2017-02-06,84.236904,138703252.0,-130567201.19999999
2017-02-07,84.139474,139553252.0,71518552.9
2017-02-08,84.656463,140403252.0,71957993.55
2017-02-09,85.232678,140853252.0,38354705.1
2017-02-10,85.698488,140753252.0,-8569848.799999999
2017-02-13,85.800066,141253252.0,42900033.0
2017-02-14,86.306595,141303252.0,4315329.75
2017-02-15,86.744879,141303252.0,0.0
2017-02-16,86.361562,141353252.0,4318078.100000001
2017-02-17,86.611012,141253252.0,-8661101.200000001
2017-02-21,87.128246,141103252.0,-13069236.9
2017-02-22,87.156567,141453252.0,30504798.45
2017-02-23,86.546877,141303252.0,-12982031.549999999
2017-02-24,86.927994,141503252.0,17385598.8
2017-02-27,86.991473,141803252.0,26097441.9
2017-02-28,86.430732,142053252.0,21607683.0
2017-03-01,87.301024,142153252.0,8730102.4
2017-03-02,87.179255,141103252.0,-91538217.75
2017-03-03,86.996604,141103252.0,0.0
2017-03-06,86.700065,141103252.0,0.0
2017-03-07,86.459277,140903252.0,-17291855.4
2017-03-08,86.763948,140653252.0,-21690987.0
2017-03-09,86.737012,140803252.0,13010551.799999999
2017-03-10,86.853863,141803252.0,86853863.0
2017-03-13,87.049077,142103252.0,26114723.099999998
2017-03-14,87.066353,142253252.0,13059952.950000001
2017-03-15,87.509048,141353252.0,-78758143.2
2017-03-16,87.552853,141353252.0,0.0
2017-03-17,87.36985,140503252.0,-74264372.5
2017-03-20,87.155657,140403252.0,-8715565.700000001
2017-03-21,86.079006,140803252.0,34431602.400000006
2017-03-22,86.185913,140803252.0,0.0
2017-03-23,86.349566,140903252.0,8634956.6
2017-03-24,86.496632,140053252.0,-73522137.2
2017-03-27,86.51392,140053252.0,0.0
2017-03-28,87.176812,137053252.0,-261530436.0
2017-03-29,87.66876,137403252.0,30684066.000000004
2017-03-30,87.90546,137853252.0,39557457.0
2017-03-31,87.928114,137703252.0,-13189217.1
2017-04-03,87.555967,138353252.0,56911378.55
2017-04-04,87.431218,138853252.0,43715609.0
2017-04-05,87.23496,138853252.0,0.0
2017-04-06,87.546595,138803252.0,-4377329.75
2017-04-07,87.240728,138803252.0,0.0
2017-04-10,87.551168,138803252.0,0.0
2017-04-11,87.511876,139903252.0,96263063.6
2017-04-12,87.161066,138953252.0,-82803012.7
2017-04-13,86.589416,138953252.0,0.0
2017-04-17,87.411196,138653252.0,-26223358.8
2017-04-18,87.468827,138953252.0,26240648.1
2017-04-19,87.552372,137653252.0,-113818083.60000001
2017-04-20,88.42266,137553252.0,-8842266.0
2017-04-21,88.241964,137553252.0,0.0
2017-04-24,88.786988,137503252.0,-4439349.399999999
2017-04-25,89.5038,138403252.0,80553420.0
2017-04-26,89.950223,137353252.0,-94447734.14999999
2017-04-27,90.444339,137153252.0,-18088867.8
2017-04-28,90.057676,137403252.0,22514419.0
2017-05-01,90.120428,137653252.0,22530107.0
2017-05-02,90.284788,137553252.0,-9028478.8
2017-05-03,89.755713,138903252.0,121170212.55
2017-05-04,89.657122,138903252.0,0.0
2017-05-05,90.152868,139403252.0,45076434.0
2017-05-08,90.380252,139753252.0,31633088.2
2017-05-09,90.835777,139703252.0,-4541788.85
2017-05-10,90.584694,142503252.0,253637143.2
2017-05-11,90.04528,142253252.0,-22511320.0
2017-05-12,89.883167,142753252.0,44941583.5
2017-05-15,89.882286,142203252.0,-49435257.3
2017-05-16,89.589934,142503252.0,26876980.2
2017-05-17,88.165378,142253252.0,-22041344.5
2017-05-18,88.689287,140903252.0,-119730537.44999999
2017-05-19,89.203618,139653252.0,-111504522.5
2017-05-22,89.689348,139303252.0,-31391271.799999997
2017-05-23,89.330618,139603252.0,26799185.4
2017-05-24,89.655091,140053252.0,40344790.95
2017-05-25,90.486554,140353252.0,27145966.2
2017-05-26,90.778185,140353252.0,0.0
2017-05-30,90.825549,140353252.0,0.0
2017-05-31,91.055503,140203252.0,-13658325.450000001
2017-06-01,91.875301,140403252.0,18375060.2
2017-06-02,92.247643,140853252.0,41511439.35
2017-06-05,91.944909,141003252.0,13791736.35
2017-06-06,91.182535,140453252.0,-50150394.25
2017-06-07,91.400206,141653252.0,109680247.2
2017-06-08,90.809127,141603252.0,-4540456.350000001
2017-06-09,90.418192,143703252.0,189878203.20000002
2017-06-12,90.32565,141453252.0,-203232712.5
2017-06-13,90.878875,140753252.0,-63615212.49999999
2017-06-14,90.82074,140803252.0,4541037.0
2017-06-15,90.416389,140503252.0,-27124916.7
2017-06-16,90.118609,140103252.0,-36047443.6
2017-06-19,90.847397,141153252.0,95389766.85
2017-06-20,89.710481,141803252.0,58311812.65
2017-06-21,89.810167,142003252.0,17962033.400000002
2017-06-22,89.648332,141503252.0,-44824166.0
2017-06-23,89.562819,140903252.0,-53737691.400000006
2017-06-26,89.816559,140353252.0,-49399107.449999996
2017-06-27,89.149409,139953252.0,-35659763.6
2017-06-28,90.028692,138603252.0,-121538734.2
2017-06-29,89.157981,137953252.0,-57952687.650000006
2017-06-30,89.683242,137503252.0,-40357458.900000006
2017-07-03,89.517069,137203252.0,-26855120.700000003
2017-07-05,89.300007,136603252.0,-53580004.199999996
2017-07-06,88.434302,136153252.0,-39795435.9
2017-07-07,89.164721,135853252.0,-26749416.3
2017-07-10,89.359961,136053252.0,17871992.2
2017-07-11,89.184031,136103252.0,4459201.55
2017-07-12,89.855268,136053252.0,-4492763.399999999
2017-07-13,89.925003,136103252.0,4496250.15
2017-07-14,90.174127,136203252.0,9017412.7
2017-07-17,90.404127,136203252.0,0.0
2017-07-18,90.77995,137403252.0,108935940.0
2017-07-19,91.240891,137853252.0,41058400.95
2017-07-20,91.022338,138353252.0,45511169.0
2017-07-21,91.12417,138453252.0,9112417.0
2017-07-24,90.794942,138753252.0,27238482.6
2017-07-25,91.466476,138753252.0,0.0
2017-07-26,91.45088,140103252.0,123458688.0
2017-07-27,92.086945,140453252.0,32230430.75
2017-07-28,91.410132,140703252.0,22852533.0
2017-07-31,91.350909,141353252.0,59378090.85
2017-08-01,91.550866,141453252.0,9155086.6
2017-08-02,91.308897,141803252.0,31958113.95
2017-08-03,91.038088,141553252.0,-22759522.0
2017-08-04,91.0597,141703252.0,13658955.000000002
2017-08-07,91.233931,142103252.0,36493572.4
2017-08-08,91.215726,142653252.0,50168649.300000004
2017-08-09,90.787711,142903252.0,22696927.75
2017-08-10,89.409551,142803252.0,-8940955.1
2017-08-11,89.870345,141703252.0,-98857379.5
2017-08-14,90.499069,141103252.0,-54299441.400000006
2017-08-15,89.687243,141103252.0,0.0
2017-08-16,90.090589,140453252.0,-58558882.849999994
2017-08-17,88.689178,139953252.0,-44344589.0
2017-08-18,88.258723,139653252.0,-26477616.900000002
2017-08-21,88.424379,138353252.0,-114951692.7
2017-08-22,89.351083,131353252.0,-625457581.0
2017-08-23,88.613146,130753252.0,-53167887.6
2017-08-24,88.390035,129853252.0,-79551031.5
2017-08-25,88.616185,130703252.0,75323757.25
2017-08-28,88.700629,130853252.0,13305094.350000001
2017-08-29,88.57325,131053252.0,17714650.0
2017-08-30,89.218872,130903252.0,-13382830.8
2017-08-31,89.667794,130853252.0,-4483389.7
2017-09-01,90.080271,129953252.0,-81072243.89999999
2017-09-05,89.711382,129903252.0,-4485569.1
2017-09-06,90.206825,129453252.0,-40593071.25
2017-09-07,89.472436,129253252.0,-17894487.2
2017-09-08,89.157125,129553252.0,26747137.499999996
2017-09-11,89.634791,130203252.0,58262614.150000006
2017-09-12,90.036416,130303252.0,9003641.6
2017-09-13,90.683689,130203252.0,-9068368.9
2017-09-14,90.199365,130553252.0,31569777.75
2017-09-15,89.672391,130703252.0,13450858.65
2017-09-18,89.296234,130153252.0,-49112928.699999996
2017-09-19,89.254958,131053252.0,80329462.2
2017-09-20,89.567995,131003252.0,-4478399.75
2017-09-21,89.360035,132253252.0,111700043.75
2017-09-22,89.557036,132603252.0,31344962.599999998
2017-09-25,89.376339,131603252.0,-89376339.0
2017-09-26,89.324611,128553252.0,-272440063.55
2017-09-27,89.803126,128003252.0,-49391719.300000004
2017-09-28,89.762458,128153252.0,13464368.7
2017-09-29,90.093019,128153252.0,0.0
2017-10-02,90.254206,127853252.0,-27076261.8
2017-10-03,90.607825,128503252.0,58895086.25
2017-10-04,91.083546,128253252.0,-22770886.5
2017-10-05,91.59416,128353252.0,9159416.0
2017-10-06,91.749103,126103252.0,-206435481.75
2017-10-09,91.426801,126103252.0,0.0
2017-10-10,91.327422,126353252.0,22831855.5
2017-10-11,91.391444,127053252.0,63974010.800000004
2017-10-12,90.787076,126853252.0,-18157415.2
2017-10-13,91.18163,127153252.0,27354489.0
2017-10-16,91.348852,127153252.0,0.0
2017-10-17,91.382613,127703252.0,50260437.150000006
2017-10-18,91.149311,128553252.0,77476914.35
2017-10-19,91.139507,128553252.0,0.0
2017-10-20,91.347273,127553252.0,-91347273.0
2017-10-23,90.717136,126303252.0,-113396420.0
2017-10-24,90.980948,126303252.0,0.0
2017-10-25,90.63247,126053252.0,-22658117.5
2017-10-26,90.929356,125553252.0,-45464678.0
2017-10-27,92.379481,125503252.0,-4618974.05
2017-10-30,92.018926,125953252.0,41408516.699999996
2017-10-31,91.982153,125853252.0,-9198215.299999999
2017-11-01,92.045714,125853252.0,0.0
2017-11-02,91.340258,126253252.0,36536103.2
2017-11-03,91.671943,126103252.0,-13750791.45
2017-11-06,92.344347,126103252.0,0.0
2017-11-07,91.836515,126603252.0,45918257.5
2017-11-08,91.895776,127103252.0,45947888.0
2017-11-09,92.048142,126903252.0,-18409628.4
2017-11-10,92.361712,126903252.0,0.0
2017-11-13,92.658209,126953252.0,4632910.45
2017-11-14,92.765723,127753252.0,74212578.39999999
2017-11-15,92.371105,129103252.0,124700991.75
2017-11-16,93.117173,130603252.0,139675759.5
2017-11-17,93.564939,131053252.0,42104222.55
2017-11-20,93.718623,130953252.0,-9371862.299999999
2017-11-21,94.28527,129803252.0,-108428060.5
2017-11-22,94.4078,131703252.0,179374820.0
2017-11-24,94.608623,131903252.0,18921724.599999998
2017-11-27,94.683523,132053252.0,14202528.45
2017-11-28,95.711879,133203252.0,110068660.85
2017-11-29,96.169724,132903252.0,-28850917.2
2017-11-30,96.632126,133603252.0,67642488.2
2017-12-01,96.655009,133603252.0,0.0
2017-12-04,97.762174,132453252.0,-112426500.10000001
2017-12-05,97.180364,132703252.0,24295091.0
2017-12-06,96.516383,132503252.0,-19303276.6
2017-12-07,96.771614,132403252.0,-9677161.4
2017-12-08,97.238053,132253252.0,-14585707.95
2017-12-11,97.480445,132703252.0,43866200.25
2017-12-12,97.503077,132853252.0,14625461.55
2017-12-13,97.558186,133053252.0,19511637.200000003
2017-12-14,97.834221,134103252.0,102725932.05
2017-12-15,98.02241,133553252.0,-53912325.5
2017-12-18,98.805054,133103252.0,-44462274.3
2017-12-19,98.722553,131253252.0,-182636723.05
2017-12-20,98.532973,130003252.0,-123166216.25
2017-12-21,99.150149,129353252.0,-64447596.85
2017-12-22,98.977799,129053252.0,-29693339.700000003
2017-12-26,99.20273,130203252.0,114083139.5
2017-12-27,99.01105,130053252.0,-14851657.5
2017-12-28,99.259676,129953252.0,-9925967.6
2017-12-29,98.602631,130303252.0,34510920.85
2018-01-02,100.117386,130903252.0,60070431.599999994
2018-01-03,100.649954,132153252.0,125812442.49999999
2018-01-04,100.970233,133653252.0,151455349.5
2018-01-05,101.831693,133603252.0,-5091584.65
2018-01-08,101.920857,133303252.0,-30576257.099999998
2018-01-09,102.055702,133053252.0,-25513925.5
2018-01-10,102.039132,132853252.0,-20407826.4
2018-01-11,103.692557,133053252.0,20738511.4
2018-01-12,105.018547,132003252.0,-110269474.35
2018-01-16,104.293783,131303252.0,-73005648.10000001
2018-01-17,104.742934,131453252.0,15711440.100000001
2018-01-18,104.691877,131103252.0,-36642156.95
2018-01-19,105.599003,130853252.0,-26399750.75
2018-01-22,106.748751,130053252.0,-85399000.8
2018-01-23,107.672767,126953252.0,-333785577.7
2018-01-24,108.108014,127253252.0,32432404.2
2018-01-25,107.959498,126203252.0,-113357472.89999999
2018-01-26,109.014266,125353252.0,-92662126.10000001
2018-01-29,108.747122,125803252.0,48936204.9
2018-01-30,108.157628,125603252.0,-21631525.6
2018-01-31,107.786692,125653252.0,5389334.600000001
2018-02-01,106.628603,123053252.0,-277234367.8
2018-02-02,105.680134,124453252.0,147952187.6
2018-02-05,102.07619,125403252.0,96972380.5
2018-02-06,104.608667,128303252.0,303365134.3
2018-02-07,104.336192,124403252.0,-406911148.8
2018-02-08,100.157472,125103252.0,70110230.4
2018-02-09,100.857912,128853252.0,378217170.0
2018-02-12,102.21069,128003252.0,-86879086.5
2018-02-13,102.739001,127203252.0,-82191200.8
2018-02-14,104.344493,127253252.0,5217224.65
2018-02-15,105.281102,127353252.0,10528110.200000001
2018-02-16,104.819362,127403252.0,5240968.1
2018-02-20,104.494293,127703252.0,31348287.9
2018-02-21,104.358508,126603252.0,-114794358.8
2018-02-22,104.482576,126303252.0,-31344772.799999997
2018-02-23,105.873121,126453252.0,15880968.15
2018-02-26,106.785941,127603252.0,122803832.14999999
2018-02-27,104.529867,129003252.0,146341813.79999998
2018-02-28,104.054375,128403252.0,-62432624.99999999
2018-03-01,102.994205,127803252.0,-61796522.99999999
2018-03-02,103.094631,127003252.0,-82475704.80000001
2018-03-05,104.258766,126703252.0,-31277629.799999997
2018-03-06,105.008506,126653252.0,-5250425.3
2018-03-07,104.280206,125803252.0,-88638175.10000001
2018-03-08,104.63071,125703252.0,-10463071.0
2018-03-09,106.269604,130853252.0,547288460.6
2018-03-12,106.581285,130553252.0,-31974385.5
2018-03-13,105.856839,128903252.0,-174663784.35
2018-03-14,105.661792,129203252.0,31698537.6
2018-03-15,105.593722,129503252.0,31678116.6
2018-03-16,105.233263,129553252.0,5261663.149999999
2018-03-19,103.864837,129503252.0,-5193241.85
2018-03-20,104.502579,129003252.0,-52251289.5
2018-03-21,104.413912,129403252.0,41765564.8
2018-03-22,102.201276,129103252.0,-30660382.799999997
2018-03-23,100.206529,128753252.0,-35072285.15
2018-03-26,103.118867,128903252.0,15467830.049999999
2018-03-27,101.146291,129503252.0,60687774.6
2018-03-28,99.89825,129553252.0,4994912.5
2018-03-29,101.324251,126303252.0,-329303815.75
2018-04-02,98.457207,126653252.0,34460022.449999996
2018-04-03,99.691947,126553252.0,-9969194.7
2018-04-04,101.495164,126803252.0,25373791.0
2018-04-05,102.880054,126903252.0,10288005.4
2018-04-06,100.680546,126503252.0,-40272218.400000006
2018-04-09,100.446931,125653252.0,-85379891.35000001
2018-04-10,101.663323,127403252.0,177910815.25
2018-04-11,101.336108,127503252.0,10133610.799999999
2018-04-12,101.792339,129653252.0,218853528.85
2018-04-13,101.214911,129853252.0,20242982.2
2018-04-16,101.970753,129903252.0,5098537.65
2018-04-17,103.876915,128903252.0,-103876915.0
2018-04-18,104.389847,129203252.0,31316954.1
2018-04-19,104.031641,129053252.0,-15604746.149999999
2018-04-20,102.966094,128003252.0,-108114398.7
2018-04-23,103.18937,128203252.0,20637874.0
2018-04-24,101.571695,125003252.0,-325029424.0
2018-04-25,101.956097,125003252.0,0.0
2018-04-26,103.572998,124503252.0,-51786499.0
2018-04-27,104.09112,124703252.0,20818224.0
2018-04-30,103.705974,125853252.0,119261870.1
2018-05-01,103.872944,126053252.0,20774588.8
2018-05-02,103.13643,125803252.0,-25784107.5
2018-05-03,102.681404,125253252.0,-56474772.2
2018-05-04,104.022439,124803252.0,-46810097.550000004
2018-05-07,104.395472,123953252.0,-88736151.2
2018-05-08,103.932856,125203252.0,129916070.0
2018-05-09,104.310555,124203252.0,-104310555.0
2018-05-10,104.679434,125103252.0,94211490.6
2018-05-11,104.914667,125103252.0,0.0
2018-05-14,105.080047,124103252.0,-105080047.0
2018-05-15,104.457081,124103252.0,0.0
2018-05-16,105.335207,124053252.0,-5266760.35
2018-05-17,105.005644,124303252.0,26251411.0
2018-05-18,104.880136,124703252.0,41952054.4
2018-05-21,105.457339,125553252.0,89638738.15
2018-05-22,104.9528,126453252.0,94457520.0
2018-05-23,105.750981,125353252.0,-116326079.1
2018-05-24,105.975307,124803252.0,-58286418.85
2018-05-25,106.172631,124803252.0,0.0
2018-05-29,105.328876,124703252.0,-10532887.6
2018-05-30,106.253195,125053252.0,37188618.25
2018-05-31,105.75815,124753252.0,-31727445.0
2018-06-01,106.531897,126103252.0,143818060.95
2018-06-04,107.738471,126953252.0,91577700.35000001
2018-06-05,108.353603,128053252.0,119188963.30000001
2018-06-06,109.443636,127603252.0,-49249636.199999996
2018-06-07,109.668542,128753252.0,126118823.3
2018-06-08,109.945846,128753252.0,0.0
2018-06-11,110.320827,128403252.0,-38612289.449999996
2018-06-12,110.878722,127903252.0,-55439361.0
2018-06-13,111.035704,128253252.0,38862496.4
2018-06-14,112.164609,129753252.0,168246913.5
2018-06-15,112.13532,129403252.0,-39247362.0
2018-06-18,111.91949,128653252.0,-83939617.5
2018-06-19,111.756364,128353252.0,-33526909.200000003
2018-06-20,112.286603,128903252.0,61757631.65
2018-06-21,111.496621,130203252.0,144945607.3
2018-06-22,111.345013,130103252.0,-11134501.299999999
2018-06-25,108.925767,130403252.0,32677730.099999998
2018-06-26,109.670383,127453252.0,-323527629.85
2018-06-27,108.260774,126003252.0,-156978122.29999998
2018-06-28,109.082268,126003252.0,0.0
2018-06-29,109.264757,126103252.0,10926475.700000001
2018-07-02,109.474861,126153252.0,5473743.05
2018-07-03,108.821723,125803252.0,-38087603.050000004
2018-07-05,109.42932,125553252.0,-27357330.0
2018-07-06,110.316963,125453252.0,-11031696.3
2018-07-09,111.608787,125053252.0,-44643514.800000004
2018-07-10,111.859891,125553252.0,55929945.5
2018-07-11,111.605287,125903252.0,39061850.45
2018-07-12,112.356284,126053252.0,16853442.6
2018-07-13,112.636304,126053252.0,0.0
2018-07-16,112.851265,125953252.0,-11285126.5
2018-07-17,112.962458,125553252.0,-45184983.199999996
2018-07-18,112.871873,126503252.0,107228279.35
2018-07-19,112.63428,125053252.0,-163319706.0
2018-07-20,112.150682,125053252.0,0.0
2018-07-23,112.035668,124353252.0,-78424967.6
2018-07-24,111.73706,124903252.0,61455383.0
2018-07-25,112.509376,124303252.0,-67505625.60000001
2018-07-26,111.944934,124753252.0,50375220.300000004
2018-07-27,111.640747,125753252.0,111640747.0
2018-07-30,110.765594,125753252.0,0.0
2018-07-31,111.253493,125903252.0,16688023.950000001
2018-08-01,110.762345,125603252.0,-33228703.5
2018-08-02,111.457262,126253252.0,72447220.3
2018-08-03,111.826537,126253252.0,0.0
2018-08-06,112.578192,126253252.0,0.0
2018-08-07,113.079926,126253252.0,0.0
2018-08-08,113.234661,126953252.0,79264262.7
2018-08-09,113.668949,126703252.0,-28417237.25
2018-08-10,112.733045,129253252.0,287469264.75
2018-08-13,112.156378,129253252.0,0.0
2018-08-14,113.235059,128953252.0,-33970517.7
2018-08-15,111.870059,127453252.0,-167805088.5
2018-08-16,112.373115,127553252.0,11237311.5
2018-08-17,112.50827,127353252.0,-22501654.0
2018-08-20,113.199634,126803252.0,-62259798.7
2018-08-21,114.202694,128903252.0,239825657.39999998
2018-08-22,114.341284,129753252.0,97190091.4
2018-08-23,114.142241,129703252.0,-5707112.05
2018-08-24,114.821861,130003252.0,34446558.3
2018-08-27,115.623376,131403252.0,161872726.39999998
2018-08-28,115.830141,132003252.0,69498084.6
2018-08-29,117.167157,134153252.0,251909387.55
2018-08-30,116.466931,136103252.0,227110515.45000002
2018-08-31,116.942741,137753252.0,192955522.65
2018-09-04,117.227883,136003252.0,-205148795.25
2018-09-05,115.941864,136003252.0,0.0
2018-09-06,115.581727,136403252.0,46232690.8
2018-09-07,115.554173,136753252.0,40443960.550000004
2018-09-10,115.958606,136753252.0,0.0
2018-09-11,116.924242,138953252.0,257233332.4
2018-09-12,117.182824,136303252.0,-310534483.59999996
2018-09-13,117.271581,135303252.0,-117271581.0
2018-09-14,116.938803,135603252.0,35081640.9
2018-09-17,115.465114,135553252.0,-5773255.7
2018-09-18,116.926436,135753252.0,23385287.2
2018-09-19,116.964774,135703252.0,-5848238.7
2018-09-20,117.74396,157253252.0,2537382338.0
2018-09-21,117.065472,156403252.0,-99505651.2
2018-09-24,116.151817,138003252.0,-2137193432.8
2018-09-25,116.606981,138403252.0,46642792.4
2018-09-26,116.862054,137003252.0,-163606875.6
2018-09-27,117.275555,138453252.0,170049554.75
2018-09-28,117.186127,138803252.0,41015144.45
2018-10-01,116.914171,138403252.0,-46765668.4
2018-10-02,115.273513,135853252.0,-293947458.15
2018-10-03,114.853501,131953252.0,-447928653.9
2018-10-04,113.111648,133803252.0,209256548.8
2018-10-05,112.269139,132853252.0,-106655682.05
2018-10-08,112.520113,134553252.0,191284192.1
2018-10-09,112.191975,134653252.0,11219197.5
2018-10-10,108.353877,134153252.0,-54176938.5
2018-10-11,106.566162,133653252.0,-53283081.0
2018-10-12,108.594389,132603252.0,-114024108.45
2018-10-15,108.238739,131753252.0,-92002928.14999999
2018-10-16,110.481257,132603252.0,93909068.45
2018-10-17,109.527429,132653252.0,5476371.45
2018-10-18,107.404059,131703252.0,-102033856.05
2018-10-19,106.369687,131403252.0,-31910906.1
2018-10-22,106.77214,130953252.0,-48047463.0
2018-10-23,106.816658,131103252.0,16022498.700000001
2018-10-24,103.650942,127553252.0,-367960844.1
2018-10-25,106.691526,126253252.0,-138698983.79999998
2018-10-26,103.510846,126453252.0,20702169.2
2018-10-29,102.560092,126303252.0,-15384013.799999999
2018-10-30,104.038092,125253252.0,-109239996.60000001
2018-10-31,105.398388,125503252.0,26349597.0
2018-11-01,107.493364,125803252.0,32248009.2
2018-11-02,107.989097,125203252.0,-64793458.2
2018-11-05,108.073438,124603252.0,-64844062.8
2018-11-06,108.61034,123803252.0,-86888272.0
2018-11-07,111.511482,123753252.0,-5575574.1
2018-11-08,111.563786,124053252.0,33469135.799999997
2018-11-09,110.028616,124053252.0,0.0
2018-11-12,107.776413,123803252.0,-26944103.25
2018-11-13,107.781415,124003252.0,21556283.0
2018-11-14,106.93764,129403252.0,577463256.0
2018-11-15,106.790804,124653252.0,-507256319.0
2018-11-16,106.350936,124503252.0,-15952640.4
2018-11-19,103.769523,125053252.0,57073237.650000006
2018-11-20,101.415827,129953252.0,496937552.29999995
2018-11-21,102.397993,124903252.0,-517109864.65
2018-11-23,102.018792,123003252.0,-193835704.8
2018-11-26,104.333889,124203252.0,125200666.8
2018-11-27,104.609621,124103252.0,-10460962.1
2018-11-28,107.678524,129103252.0,538392620.0
2018-11-29,107.197193,124253252.0,-519906386.05
2018-11-30,107.96592,125903252.0,178143768.0
2018-12-03,109.984243,123753252.0,-236466122.45000002
2018-12-04,105.974507,123853252.0,10597450.700000001
2018-12-06,106.496573,123453252.0,-42598629.199999996
2018-12-07,103.385822,123703252.0,25846455.5
2018-12-10,103.450313,124253252.0,56897672.15
2018-12-11,103.489805,123853252.0,-41395922.0
2018-12-12,104.5519,124253252.0,41820760.0
2018-12-13,104.094219,124403252.0,15614132.85
2018-12-14,102.315472,124753252.0,35810415.2
2018-12-17,99.645555,123953252.0,-79716444.0
2018-12-18,100.554171,123203252.0,-75415628.25
2018-12-19,98.503592,122953252.0,-24625898.0
2018-12-20,96.300516,121503252.0,-139635748.2
2018-12-21,93.816473,119003252.0,-234541182.5
2018-12-24,91.964803,118903252.0,-9196480.3
2018-12-26,97.444386,118003252.0,-87699947.39999999
2018-12-27,97.766132,120153252.0,210197183.8
2018-12-28,97.977269,119253252.0,-88179542.10000001
2018-12-31,98.993597,119403252.0,14849039.549999999
2019-01-02,99.754194,118603252.0,-79803355.2
2019-01-03,97.616617,117353252.0,-122020771.25
2019-01-04,100.872434,116853252.0,-50436217.0
2019-01-07,103.137719,116753252.0,-10313771.9
2019-01-08,104.259672,116653252.0,-10425967.2
2019-01-09,104.78042,112603252.0,-424360701.0
2019-01-10,104.530861,112403252.0,-20906172.2
2019-01-11,104.600373,112653252.0,26150093.25
2019-01-14,103.968752,112403252.0,-25992188.0
2019-01-15,104.886765,112353252.0,-5244338.25
2019-01-16,104.642416,112303252.0,-5232120.8
2019-01-17,105.365357,112203252.0,-10536535.700000001
2019-01-18,106.858614,111853252.0,-37400514.9
2019-01-22,105.185247,111903252.0,5259262.350000001
2019-01-23,105.39335,113953252.0,216056367.5
2019-01-24,105.910173,113253252.0,-74137121.1
2019-01-25,107.02937,113003252.0,-26757342.5
2019-01-28,106.401709,112953252.0,-5320085.45
2019-01-29,105.734262,111903252.0,-111020975.1
2019-01-30,107.766911,114653252.0,296359005.25
2019-01-31,108.744855,111553252.0,-337109050.5
2019-02-01,107.229755,112053252.0,53614877.5
2019-02-04,107.932907,111503252.0,-59363098.85
2019-02-05,108.902058,112853252.0,147017778.29999998
2019-02-06,108.432115,115553252.0,292766710.5
2019-02-07,107.562316,112603252.0,-317308832.2
2019-02-08,107.140031,112453252.0,-16071004.649999999
2019-02-11,107.333361,112853252.0,42933344.4
2019-02-12,108.974959,112853252.0,0.0
2019-02-13,109.72102,117153252.0,471800386.0
2019-02-14,109.310018,112653252.0,-491895081.0
2019-02-15,110.03754,112453252.0,-22007508.0
2019-02-19,110.494633,112453252.0,0.0
2019-02-20,110.696355,112153252.0,-33208906.5
2019-02-21,110.483802,110653252.0,-165725703.0
2019-02-22,111.109322,110703252.0,5555466.100000001
2019-02-25,110.724297,111353252.0,71970793.05000001
2019-02-26,110.882949,111353252.0,0.0
2019-02-27,110.808545,110853252.0,-55404272.5
2019-02-28,110.199874,115953252.0,562019357.4
2019-03-01,111.107373,112003252.0,-438874123.34999996
2019-03-04,110.747056,111253252.0,-83060292.0
2019-03-05,111.018278,111253252.0,0.0
2019-03-06,110.498879,110503252.0,-82874159.25
2019-03-07,109.167041,110553252.0,5458352.05
2019-03-08,108.415716,110953252.0,43366286.4
2019-03-11,109.900899,110953252.0,0.0
2019-03-12,110.163569,111503252.0,60589962.949999996
2019-03-13,110.595935,109503252.0,-221191870.0
2019-03-14,110.262589,109953252.0,49618165.050000004
2019-03-15,110.579365,109753252.0,-22115873.0
2019-03-18,111.665013,109553252.0,-22333002.6
2019-03-19,112.16812,110503252.0,106559714.0
2019-03-20,112.407709,111853252.0,151750407.15
2019-03-21,113.903771,112453252.0,68342262.60000001
2019-03-22,111.675553,111753252.0,-78172887.1
2019-03-25,112.301326,112103252.0,39305464.1
2019-03-26,112.784314,110753252.0,-152258823.9
2019-03-27,112.577331,110853252.0,11257733.1
2019-03-28,113.245016,110503252.0,-39635755.6
2019-03-29,113.83698,111453252.0,108145131.0
2019-04-01,115.091905,111453252.0,0.0
2019-04-02,115.060728,112503252.0,120813764.39999999
2019-04-03,115.90999,112503252.0,0.0
2019-04-04,116.818203,113503252.0,116818203.0
2019-04-05,117.505631,113253252.0,-29376407.75
2019-04-08,117.933257,113953252.0,82553279.89999999
2019-04-09,116.859193,114353252.0,46743677.2
2019-04-10,117.411598,114353252.0,0.0
2019-04-11,117.589986,114103252.0,-29397496.5
2019-04-12,118.301323,113603252.0,-59150661.5
2019-04-15,118.555494,112003252.0,-189688790.4
2019-04-16,119.06424,111703252.0,-35719272.0
2019-04-17,119.308652,111703252.0,0.0
2019-04-18,119.257224,112003252.0,35777167.199999996
2019-04-22,118.817762,112153252.0,17822664.3
2019-04-23,120.232127,116403252.0,510986539.75
2019-04-24,120.329136,112903252.0,-421151976.0
2019-04-25,119.698616,113203252.0,35909584.8
2019-04-26,120.61711,113353252.0,18092566.5
2019-04-29,120.230782,113753252.0,48092312.800000004
2019-04-30,120.041811,114653252.0,108037629.89999999
2019-05-01,118.641972,115353252.0,83049380.39999999
2019-05-02,118.67314,116203252.0,100872169.0
2019-05-03,120.114741,116503252.0,36034422.3
2019-05-06,119.346833,116753252.0,29836708.25
2019-05-07,117.618455,116803252.0,5880922.75
2019-05-08,117.57573,120553252.0,440908987.5
2019-05-09,117.133092,116453252.0,-480245677.20000005
2019-05-10,117.253817,116353252.0,-11725381.7
2019-05-13,113.87642,116853252.0,56938210.0
2019-05-14,114.876944,121153252.0,493970859.2
2019-05-15,115.691328,119403252.0,-202459824.0
2019-05-16,116.749302,116553252.0,-332735510.7
2019-05-17,115.955528,116503252.0,-5797776.4
2019-05-20,115.132748,116703252.0,23026549.6
2019-05-21,115.86654,116153252.0,-63726597.0
2019-05-22,114.70936,115603252.0,-63090148.0
2019-05-23,113.313376,115403252.0,-22662675.2
2019-05-24,113.438137,114603252.0,-90750509.6
2019-05-28,112.749208,114603252.0,0.0
2019-05-29,111.763291,114553252.0,-5588164.55
2019-05-30,112.4149,114103252.0,-50586705.0
2019-05-31,110.960008,118353252.0,471580034.0
2019-06-03,110.039775,114103252.0,-467669043.75
2019-06-04,112.98025,114053252.0,-5649012.5
2019-06-05,113.543659,114553252.0,56771829.5
2019-06-06,114.09758,114653252.0,11409758.0
2019-06-07,115.769254,114653252.0,0.0
2019-06-10,116.759038,114653252.0,0.0
2019-06-11,117.173223,114503252.0,-17575983.45
2019-06-12,117.093349,115553252.0,122948016.45
2019-06-13,118.160963,116403252.0,100436818.55
2019-06-14,118.481246,118403252.0,236962492.0
2019-06-17,118.510943,119203252.0,94808754.39999999
2019-06-18,119.385828,119203252.0,0.0
2019-06-19,119.655328,118003252.0,-143586393.6
2019-06-20,120.458685,120253252.0,271032041.25
2019-06-21,119.606978,120053252.0,-23921395.599999998
2019-06-24,118.899342,118303252.0,-208073848.5
2019-06-25,117.740615,117103252.0,-141288738.0
2019-06-26,118.134425,117303252.0,23626885.0
2019-06-27,118.869907,116803252.0,-59434953.5
2019-06-28,119.281176,115503252.0,-155065528.8
2019-07-01,120.229385,116303252.0,96183508.0
2019-07-02,120.566573,115203252.0,-132623230.30000001
2019-07-03,121.53891,114553252.0,-79000291.5
2019-07-05,121.665576,114553252.0,0.0
2019-07-08,121.849958,115053252.0,60924979.0
2019-07-09,122.03026,115453252.0,48812104.0
2019-07-10,122.339344,116953252.0,183509016.0
2019-07-11,122.690267,116303252.0,-79748673.55
2019-07-12,124.080981,117053252.0,93060735.75
2019-07-15,124.475961,117353252.0,37342788.3
2019-07-16,124.310801,117553252.0,24862160.2
2019-07-17,123.190159,117303252.0,-30797539.75
2019-07-18,122.998752,117353252.0,6149937.6
2019-07-19,122.129686,117303252.0,-6106484.300000001
2019-07-22,122.21998,122153252.0,592766903.0
2019-07-23,122.96676,120903252.0,-153708450.0
2019-07-24,123.656819,117503252.0,-420433184.6
2019-07-25,122.984539,117953252.0,55343042.55
2019-07-26,123.525403,117903252.0,-6176270.149999999
2019-07-29,122.956155,117703252.0,-24591231.0
2019-07-30,122.116107,118303252.0,73269664.2
2019-07-31,120.753205,118403252.0,12075320.5
2019-08-01,119.085912,119453252.0,125040207.6
2019-08-02,118.117764,118803252.0,-76776546.6
2019-08-05,114.962093,118653252.0,-17244313.95
2019-08-06,116.670859,118003252.0,-75836058.35
2019-08-07,117.061235,122553252.0,532628619.25
2019-08-08,119.352437,118203252.0,-519183100.95
2019-08-09,118.254613,118253252.0,5912730.65
2019-08-12,116.595451,118103252.0,-17489317.65
2019-08-13,118.471208,119703252.0,189553932.8
2019-08-14,114.803857,117753252.0,-223867521.14999998
2019-08-15,114.611475,117153252.0,-68766885.0
2019-08-16,115.890173,117253252.0,11589017.3
2019-08-19,117.322145,117653252.0,46928858.0
2019-08-20,117.352405,122153252.0,528085822.5
2019-08-21,119.585296,117703252.0,-532154567.2
2019-08-22,119.655576,117403252.0,-35896672.8
2019-08-23,116.41327,117203252.0,-23282654.0
2019-08-26,117.586277,116303252.0,-105827649.3
2019-08-27,117.105622,116853252.0,64408092.1
2019-08-28,118.513554,116653252.0,-23702710.8
2019-08-29,120.299175,116853252.0,24059835.0
2019-08-30,119.696948,120953252.0,490757486.8
2019-09-03,119.097751,116553252.0,-524030104.40000004
2019-09-04,120.23717,119553252.0,360711510.0
2019-09-05,122.50712,118953252.0,-73504272.0
2019-09-06,122.850821,115803252.0,-386980086.15
2019-09-09,123.292903,116103252.0,36987870.9
2019-09-10,122.874179,116703252.0,73724507.4
2019-09-11,123.077987,116753252.0,6153899.35
2019-09-12,123.645511,116603252.0,-18546826.65
2019-09-13,123.421927,116303252.0,-37026578.1
2019-09-16,121.877474,116553252.0,30469368.5
2019-09-17,122.580578,116403252.0,-18387086.7
2019-09-18,122.531504,116403252.0,0.0
2019-09-19,122.207691,119653252.0,397174995.75
2019-09-20,120.42738,119703252.0,6021369.0
2019-09-23,120.793317,118053252.0,-199308973.05
2019-09-24,119.506878,117003252.0,-125482221.9
2019-09-25,120.59929,116503252.0,-60299645.0
2019-09-26,120.052155,116803252.0,36015646.5
2019-09-27,119.658714,116603252.0,-23931742.8
2019-09-30,120.692541,116003252.0,-72415524.60000001
2019-10-01,119.672256,115403252.0,-71803353.60000001
2019-10-02,117.497081,115203252.0,-23499416.2
2019-10-03,118.115219,115153252.0,-5905760.95
2019-10-04,119.264477,115903252.0,89448357.75
2019-10-07,118.74304,115953252.0,5937152.0
2019-10-08,117.446858,115953252.0,0.0
2019-10-09,118.49481,115803252.0,-17774221.5
2019-10-10,119.20017,115703252.0,-11920017.0
2019-10-11,120.618944,115053252.0,-78402313.6
2019-10-14,120.504951,115253252.0,24100990.2
2019-10-15,121.566591,115203252.0,-6078329.55
2019-10-16,122.042945,116503252.0,158655828.5
2019-10-17,122.400389,116353252.0,-18360058.35
2019-10-18,122.161823,116303252.0,-6108091.15
2019-10-21,122.635332,116053252.0,-30658833.0
2019-10-22,121.823146,118953252.0,353287123.4
2019-10-23,121.272218,116253252.0,-327434988.59999996
2019-10-24,121.216532,116603252.0,42425786.2
2019-10-25,121.063897,117553252.0,115010702.14999999
2019-10-28,121.457279,117853252.0,36437183.7
2019-10-29,120.765616,118103252.0,30191404.0
2019-10-30,121.448122,118103252.0,0.0
2019-10-31,120.858731,118753252.0,78558175.15
2019-11-01,121.618835,118553252.0,-24323767.0
2019-11-04,121.684682,118453252.0,-12168468.2
2019-11-05,121.901154,119353252.0,109711038.60000001
2019-11-06,122.016406,119353252.0,0.0
2019-11-07,121.31292,120003252.0,78853398.0
2019-11-08,121.366058,119603252.0,-48546423.199999996
2019-11-11,121.097172,119703252.0,12109717.2
2019-11-12,120.975783,123303252.0,435512818.8
2019-11-13,120.650127,123353252.0,6032506.35
2019-11-14,121.105331,118303252.0,-611581921.5500001
2019-11-15,121.398448,118103252.0,-24279689.6
2019-11-18,121.759724,118303252.0,24351944.8
2019-11-19,120.480728,123103252.0,578307494.4
2019-11-20,120.170618,117753252.0,-642912806.3000001
2019-11-21,119.568397,118303252.0,65762618.35
2019-11-22,120.344394,118103252.0,-24068878.799999997
2019-11-25,121.325206,117853252.0,-30331301.5
2019-11-26,122.255003,117403252.0,-55014751.35
2019-11-27,123.226298,117203252.0,-24645259.6
2019-11-29,122.380853,118753252.0,189690322.15
2019-12-02,121.486008,117453252.0,-157931810.4
2019-12-03,120.217545,117303252.0,-18032631.75
2019-12-04,120.889865,120553252.0,392892061.25
2019-12-05,120.769202,119353252.0,-144923042.4
2019-12-06,121.764472,115903252.0,-420087428.4
2019-12-09,121.8874,116503252.0,73132440.0
2019-12-10,121.677753,116453252.0,-6083887.649999999
2019-12-11,122.003293,116653252.0,24400658.6
2019-12-12,123.09961,115703252.0,-116944629.5
2019-12-13,123.15267,115403252.0,-36945801.0
2019-12-16,123.690796,114903252.0,-61845398.0
2019-12-17,124.294535,115703252.0,99435628.0
2019-12-18,124.334471,115803252.0,12433447.1
2019-12-19,124.774408,118653252.0,355607062.8
2019-12-20,124.562466,117903252.0,-93421849.5
2019-12-23,124.350011,116203252.0,-211395018.7
2019-12-24,124.546295,115853252.0,-43591203.25
2019-12-26,126.024072,115353252.0,-63012036.0
2019-12-27,126.088339,114503252.0,-107175088.15
2019-12-30,125.236723,114753252.0,31309180.75
2019-12-31,125.434161,114503252.0,-31358540.25
2020-01-02,126.900846,114303252.0,-25380169.2
2020-01-03,125.8588,117353252.0,383869340.0
2020-01-06,126.203884,119553252.0,277648544.8
2020-01-07,126.011034,120853252.0,163814344.2
2020-01-08,126.301394,120003252.0,-107356184.9
2020-01-09,127.018479,121303252.0,165124022.7
2020-01-10,126.369771,121903252.0,75821862.6
2020-01-13,126.76288,121803252.0,-12676288.0
2020-01-14,126.726004,121803252.0,0.0
2020-01-15,126.414829,121503252.0,-37924448.699999996
2020-01-16,127.54988,121053252.0,-57397446.0
2020-01-17,128.012469,122753252.0,217621197.3
2020-01-21,127.643804,127403252.0,593543688.6
2020-01-22,127.525157,127753252.0,44633804.949999996
2020-01-23,127.70731,125903252.0,-236258523.5
2020-01-24,125.995045,125753252.0,-18899256.75
2020-01-27,124.102888,125653252.0,-12410288.799999999
2020-01-28,125.28093,124303252.0,-169129255.5
2020-01-29,125.205006,123803252.0,-62602503.0
2020-01-30,125.037631,123653252.0,-18755644.650000002
2020-01-31,125.373172,122753252.0,-112835854.8
2020-02-03,126.215201,121853252.0,-113593680.89999999
2020-02-04,128.382384,120703252.0,-147639741.6
2020-02-05,129.153454,120953252.0,32288363.500000004
2020-02-06,128.87526,120553252.0,-51550104.0
2020-02-07,128.303887,119703252.0,-109058303.95
2020-02-10,129.752567,118603252.0,-142727823.7
2020-02-11,130.741404,118303252.0,-39222421.199999996
2020-02-12,132.109774,118003252.0,-39632932.199999996
2020-02-13,131.825353,117753252.0,-32956338.25
2020-02-14,131.665213,117753252.0,0.0
2020-02-18,131.681136,117753252.0,0.0
2020-02-19,132.272492,118253252.0,66136246.0
2020-02-20,132.365337,118453252.0,26473067.400000002
2020-02-21,130.329115,118603252.0,19549367.25
2020-02-24,125.810862,115303252.0,-415175844.6
2020-02-25,122.45557,114353252.0,-116332791.5
2020-02-26,121.492105,115403252.0,127566710.25
2020-02-27,116.660931,114753252.0,-75829605.15
2020-02-28,115.757039,113953252.0,-92605631.2
2020-03-02,119.766395,112803252.0,-137731354.25
2020-03-03,116.99123,112853252.0,5849561.5
2020-03-04,120.965987,112753252.0,-12096598.7
2020-03-05,116.33989,112403252.0,-40718961.5
2020-03-06,114.673908,112053252.0,-40135867.8
2020-03-09,107.527243,112103252.0,5376362.15
2020-03-10,113.32169,110753252.0,-152984281.5
2020-03-11,107.177886,111703252.0,101818991.7
2020-03-12,96.523742,112003252.0,28957122.599999998
2020-03-13,102.316619,111453252.0,-56274140.45
2020-03-16,89.346289,110603252.0,-75944345.65
2020-03-17,92.667608,107503252.0,-287269584.8
2020-03-18,87.49654,107603252.0,8749654.0
2020-03-19,90.53044,104753252.0,-258011754.0
2020-03-20,87.988935,103753252.0,-87988935.0
2020-03-23,87.588125,103453252.0,-26276437.5
2020-03-24,95.852292,103403252.0,-4792614.600000001
2020-03-25,97.327816,103003252.0,-38931126.4
2020-03-26,101.570059,101953252.0,-106648561.95
2020-03-27,98.092683,101853252.0,-9809268.299999999
2020-03-30,100.115403,101303252.0,-55063471.65
2020-03-31,98.076597,101603252.0,29422979.1
2020-04-01,93.753137,101703252.0,9375313.7
2020-04-02,94.027099,101303252.0,-37610839.6
2020-04-03,92.439711,101053252.0,-23109927.75
2020-04-06,100.27912,100603252.0,-45125604.0
2020-04-07,101.647852,100753252.0,15247177.8
2020-04-08,104.856537,100953252.0,20971307.400000002
2020-04-09,106.720651,100903252.0,-5336032.55
2020-04-13,106.618294,101653252.0,79963720.5
2020-04-14,110.788382,101403252.0,-27697095.5
2020-04-15,108.307633,101103252.0,-32492289.9
2020-04-16,109.721111,101353252.0,27430277.75
2020-04-17,112.983317,101053252.0,-33894995.1
2020-04-20,110.951352,100903252.0,-16642702.8
2020-04-21,108.045686,101103252.0,21609137.2
2020-04-22,110.389374,101203252.0,11038937.4
2020-04-23,110.389483,101453252.0,27597370.75
2020-04-24,112.255421,100953252.0,-56127710.5
2020-04-27,114.374234,100703252.0,-28593558.5
2020-04-28,114.758972,101103252.0,45903588.8
2020-04-29,117.340787,101553252.0,52803354.150000006
2020-04-30,116.670802,101553252.0,0.0
2020-05-01,112.201401,101103252.0,-50490630.45
2020-05-04,112.79953,100803252.0,-33839859.0
2020-05-05,113.268985,101053252.0,28317246.25
2020-05-06,113.301762,101103252.0,5665088.1
2020-05-07,115.040022,101153252.0,5752001.1
2020-05-08,117.292414,101403252.0,29323103.5
2020-05-11,117.068969,101353252.0,-5853448.45
2020-05-12,114.406376,101253252.0,-11440637.6
2020-05-13,112.534646,101453252.0,22506929.2
2020-05-14,114.143488,101653252.0,22828697.6
2020-05-15,115.414112,101153252.0,-57707056.0
2020-05-18,119.870501,102103252.0,113876975.95
2020-05-19,119.461277,102403252.0,35838383.1
2020-05-20,120.976191,102253252.0,-18146428.65
2020-05-21,121.365459,102003252.0,-30341364.75
2020-05-22,121.279608,101903252.0,-12127960.799999999
2020-05-26,123.151663,102853252.0,116994079.85
2020-05-27,125.253996,103253252.0,50101598.4
2020-05-28,123.763181,103703252.0,55693431.45
2020-05-29,124.365499,104953252.0,155456873.75
2020-06-01,125.423721,103453252.0,-188135581.5
2020-06-02,126.393766,103453252.0,0.0
2020-06-03,128.857417,107103252.0,470329572.05
2020-06-04,128.212207,106453252.0,-83337934.55
2020-06-05,131.307578,106603252.0,19696136.7
2020-06-08,133.260158,106453252.0,-19989023.7
2020-06-09,132.255438,105953252.0,-66127719.0
2020-06-10,131.034836,106603252.0,85172643.4
2020-06-11,124.110368,105853252.0,-93082776.0
2020-06-12,125.422199,104753252.0,-137964418.9
2020-06-15,126.45245,104553252.0,-25290490.0
2020-06-16,129.085146,104403252.0,-19362771.900000002
2020-06-17,128.887726,105103252.0,90221408.19999999
2020-06-18,128.396757,105753252.0,83457892.05000001
2020-06-19,127.420021,105453252.0,-38226006.300000004
2020-06-22,128.396378,102803252.0,-340250401.7
2020-06-23,129.424562,102703252.0,-12942456.200000001
2020-06-24,126.528888,102703252.0,0.0
2020-06-25,126.758814,102703252.0,0.0
2020-06-26,123.765389,102553252.0,-18564808.35
2020-06-29,126.065873,102103252.0,-56729642.85
2020-06-30,127.80311,102403252.0,38340933.0
2020-07-01,129.007574,102403252.0,0.0
2020-07-02,129.509913,102203252.0,-25901982.6
2020-07-06,132.609958,102803252.0,79565974.8
2020-07-07,130.381829,102603252.0,-26076365.8
2020-07-08,131.871072,103253252.0,85716196.8
2020-07-09,131.756277,103553252.0,39526883.1
2020-07-10,133.28926,103403252.0,-19993389.000000004
2020-07-13,131.577739,105503252.0,276313251.90000004
2020-07-14,132.914619,105953252.0,59811578.55
2020-07-15,134.842209,105703252.0,-33710552.25
2020-07-16,134.480883,105953252.0,33620220.75
2020-07-17,133.826901,105953252.0,0.0
2020-07-20,135.964089,106353252.0,54385635.6
2020-07-21,136.176533,106553252.0,27235306.6
2020-07-22,137.323199,106503252.0,-6866159.949999999
2020-07-23,135.268852,106803252.0,40580655.6
2020-07-24,135.528073,106803252.0,0.0
2020-07-27,136.406422,107253252.0,61382889.9
2020-07-28,134.987513,106853252.0,-53995005.2
2020-07-29,136.392144,106603252.0,-34098036.0
2020-07-30,136.305467,106353252.0,-34076366.75
2020-07-31,136.975905,106303252.0,-6848795.250000001
2020-08-03,136.735715,105953252.0,-47857500.25
2020-08-04,137.846968,105753252.0,-27569393.6
2020-08-05,139.462324,105853252.0,13946232.4
2020-08-06,140.125659,106203252.0,49043980.650000006
2020-08-07,140.408383,106553252.0,49142934.05
2020-08-10,141.972479,106603252.0,7098623.949999999
2020-08-11,141.765878,106803252.0,28353175.599999998
2020-08-12,143.689764,107503252.0,100582834.8
2020-08-13,143.600323,106853252.0,-93340209.95
2020-08-14,143.610723,106853252.0,0.0
2020-08-17,145.385573,107153252.0,43615671.9
2020-08-18,146.312387,107153252.0,0.0
2020-08-19,145.671671,107153252.0,0.0
2020-08-20,145.408897,107453252.0,43622669.1
2020-08-21,146.19688,107503252.0,7309844.0
2020-08-24,148.379466,107053252.0,-66770759.7
2020-08-25,148.860893,107053252.0,0.0
2020-08-26,150.352009,107053252.0,0.0
2020-08-27,149.540551,107303252.0,37385137.75
2020-08-28,150.527883,107503252.0,30105576.6
2020-08-31,150.209925,107703252.0,30041985.0
2020-09-01,151.692783,108103252.0,60677113.199999996
2020-09-02,153.818849,111803252.0,569129741.3
2020-09-03,148.921155,108203252.0,-536116158.0
2020-09-04,147.217432,107253252.0,-139856560.4
2020-09-08,145.261875,107103252.0,-21789281.25
2020-09-09,147.940969,106653252.0,-66573436.05
2020-09-10,145.844874,106653252.0,0.0
2020-09-11,146.083141,106153252.0,-73041570.5
2020-09-14,147.622487,105753252.0,-59048994.800000004
2020-09-15,148.816743,105903252.0,22322511.45
2020-09-16,147.982622,106053252.0,22197393.299999997
2020-09-17,145.941015,106403252.0,51079355.25
2020-09-18,144.000056,107053252.0,93600036.4
2020-09-21,141.528685,107103252.0,7076434.25
2020-09-22,144.508083,107603252.0,72254041.5
2020-09-23,142.151543,108153252.0,78183348.65
2020-09-24,142.090664,108753252.0,85254398.4
2020-09-25,143.904301,107203252.0,-223051666.55
2020-09-28,146.874654,107253252.0,7343732.699999999
2020-09-29,145.775301,106753252.0,-72887650.5
2020-09-30,146.989488,106753252.0,0.0
2020-10-01,148.85372,107553252.0,119082976.00000001
2020-10-02,148.217106,107003252.0,-81519408.3
2020-10-05,150.226828,107203252.0,30045365.6
2020-10-06,147.496709,107703252.0,73748354.5
2020-10-07,150.852544,107853252.0,22627881.599999998
2020-10-08,151.802127,108403252.0,83491169.85000001
2020-10-09,153.353545,108553252.0,23003031.75
2020-10-12,155.386284,109453252.0,139847655.6
2020-10-13,155.426663,109703252.0,38856665.75
2020-10-14,153.657123,110103252.0,61462849.2
2020-10-15,154.203031,109053252.0,-161913182.55
2020-10-16,153.161304,109003252.0,-7658065.2
2020-10-19,150.958057,108653252.0,-52835319.949999996
2020-10-20,152.146771,108653252.0,0.0
2020-10-21,151.370305,107903252.0,-113527728.75
2020-10-22,151.619401,108003252.0,15161940.100000001
2020-10-23,152.969943,108353252.0,53539480.05
2020-10-26,150.04468,108503252.0,22506702.0
2020-10-27,150.007564,108103252.0,-60003025.6
2020-10-28,145.149873,107853252.0,-36287468.25
2020-10-29,146.191043,107853252.0,0.0
2020-10-30,142.97405,107753252.0,-14297405.0
2020-11-02,144.002808,107853252.0,14400280.799999999
2020-11-03,147.169719,108453252.0,88301831.39999999
2020-11-04,150.337974,108753252.0,45101392.2
2020-11-05,153.165363,108953252.0,30633072.6
2020-11-06,152.775151,109353252.0,61110060.4
2020-11-09,152.182415,109603252.0,38045603.75
2020-11-10,151.593135,110553252.0,144013478.25
2020-11-11,153.014102,108803252.0,-267774678.5
2020-11-12,151.048717,108453252.0,-52867050.95
2020-11-13,153.39952,108403252.0,-7669976.0
2020-11-16,155.415672,108203252.0,-31083134.4
2020-11-17,154.766959,108253252.0,7738347.950000001
2020-11-18,153.722468,108853252.0,92233480.8
2020-11-19,154.450744,109103252.0,38612686.0
2020-11-20,153.682113,109003252.0,-15368211.299999999
2020-11-23,155.308192,109453252.0,69888686.39999999
2020-11-24,157.702559,109603252.0,23655383.85
2020-11-25,157.878536,109803252.0,31575707.2
2020-11-27,158.19089,110253252.0,71185900.5
2020-11-30,157.245952,112653252.0,377390284.79999995
2020-12-01,158.507202,110553252.0,-332865124.2
2020-12-02,157.423129,111503252.0,149551972.54999998
2020-12-03,157.92846,110953252.0,-86860653.0
2020-12-04,158.055616,111353252.0,63222246.39999999
2020-12-07,157.68604,111453252.0,15768604.0
2020-12-08,157.301773,112453252.0,157301773.0
2020-12-09,157.304006,113003252.0,86517203.3
2020-12-10,157.08508,114303252.0,204210604.0
2020-12-11,156.276655,114803252.0,78138327.5
2020-12-14,156.59316,114503252.0,-46977948.0
2020-12-15,158.605762,114853252.0,55512016.7
2020-12-16,159.681828,114303252.0,-87825005.39999999
2020-12-17,160.737981,132303252.0,2893283658.0
2020-12-18,159.701317,135353252.0,487089016.84999996
2020-12-21,157.843809,116603252.0,-2959571418.75
2020-12-22,157.171864,117703252.0,172889050.4
2020-12-23,157.505773,117853252.0,23625865.95
2020-12-24,157.886598,115403252.0,-386822165.09999996
2020-12-28,159.640115,114353252.0,-167622120.75
2020-12-29,159.720461,114303252.0,-7986023.05
2020-12-30,160.607635,114303252.0,0.0
2020-12-31,160.832454,114303252.0,0.0
2021-01-04,159.300369,114903252.0,95580221.39999999
2021-01-05,160.589599,114153252.0,-120442199.25
2021-01-06,162.260788,114153252.0,0.0
2021-01-07,165.451726,114053252.0,-16545172.600000001
2021-01-08,168.734282,114353252.0,50620284.6
2021-01-11,165.616132,114453252.0,16561613.2
2021-01-12,168.118447,114553252.0,16811844.7
2021-01-13,168.134688,113953252.0,-100880812.80000001
2021-01-14,167.048699,114053252.0,16704869.9
2021-01-15,165.776559,113653252.0,-66310623.599999994
2021-01-19,166.786615,113203252.0,-75053976.75
2021-01-20,169.909846,113303252.0,16990984.599999998
2021-01-21,170.636497,113303252.0,0.0
2021-01-22,170.135508,113053252.0,-42533877.0
2021-01-25,170.738891,113753252.0,119517223.7
2021-01-26,170.582892,113853252.0,17058289.2
2021-01-27,165.152046,114053252.0,33030409.200000003
2021-01-28,165.852687,114153252.0,16585268.700000001
2021-01-29,162.079946,114053252.0,-16207994.600000001
2021-02-01,166.14464,114053252.0,0.0
2021-02-02,169.722995,113953252.0,-16972299.5
2021-02-03,168.806587,114353252.0,67522634.8
2021-02-04,170.552447,114703252.0,59693356.45
2021-02-05,172.172017,115203252.0,86086008.5
2021-02-08,173.244871,115403252.0,34648974.199999996
2021-02-09,172.251034,115403252.0,0.0
2021-02-10,170.52551,115653252.0,42631377.5
2021-02-11,170.125961,115503252.0,-25518894.15
2021-02-12,170.34226,115853252.0,59619791.0
2021-02-16,169.563751,115753252.0,-16956375.1
2021-02-17,170.512378,115753252.0,0.0
2021-02-18,170.608255,116003252.0,42652063.75
2021-02-19,169.568474,116203252.0,33913694.800000004
2021-02-22,165.967551,116203252.0,0.0
2021-02-23,164.906643,116203252.0,0.0
2021-02-24,166.665725,116303252.0,16666572.5
2021-02-25,160.517765,116403252.0,16051776.5
2021-02-26,161.364602,116403252.0,0.0
2021-03-01,164.982938,116403252.0,0.0
2021-03-02,162.986158,116053252.0,-57045155.3
2021-03-03,159.254257,115853252.0,-31850851.4
2021-03-04,155.749068,115703252.0,-23362360.2
2021-03-05,156.864612,115703252.0,0.0
2021-03-08,156.960249,115053252.0,-102024161.85000001
2021-03-09,162.937755,115253252.0,32587551.000000004
2021-03-10,163.794446,117503252.0,368537503.5
2021-03-11,166.249335,114003252.0,-581872672.5
2021-03-12,166.686746,114203252.0,33337349.2
2021-03-15,169.010596,114553252.0,59153708.599999994
2021-03-16,167.208393,115103252.0,91964616.15
2021-03-17,169.571548,115103252.0,0.0
2021-03-18,165.395726,116353252.0,206744657.5
2021-03-19,166.568732,116803252.0,74955929.4
2021-03-22,167.271719,114703252.0,-351270609.9
2021-03-23,165.726523,114903252.0,33145304.599999998
2021-03-24,163.245408,115453252.0,89784974.4
2021-03-25,164.6448,115253252.0,-32928960.0
2021-03-26,166.086109,115053252.0,-33217221.799999997
2021-03-29,165.158906,114753252.0,-49547671.8
2021-03-30,166.710883,114453252.0,-50013264.9
2021-03-31,167.989666,114703252.0,41997416.5
2021-04-01,169.3943,115353252.0,110106294.99999999
2021-04-05,173.30021,115553252.0,34660042.0
2021-04-06,173.963461,114953252.0,-104378076.6
2021-04-07,173.445052,115003252.0,8672252.6
2021-04-08,174.259897,115403252.0,69703958.8
2021-04-09,176.033968,115703252.0,52810190.4
2021-04-12,177.087544,116103252.0,70835017.60000001
2021-04-13,179.031128,116103252.0,0.0
2021-04-14,177.125162,116203252.0,17712516.2
2021-04-15,178.47136,116403252.0,35694272.0
2021-04-16,179.911453,116403252.0,0.0
2021-04-19,177.785669,115703252.0,-124449968.30000001
2021-04-20,175.622285,115853252.0,26343342.75
2021-04-21,177.996428,115753252.0,-17799642.8
2021-04-22,176.029243,115503252.0,-44007310.75
2021-04-23,177.853318,115503252.0,0.0
2021-04-26,178.620885,115653252.0,26793132.749999996
2021-04-27,178.362664,115453252.0,-35672532.8
2021-04-28,178.079306,115703252.0,44519826.5
2021-04-29,178.212375,115453252.0,-44553093.75
2021-04-30,178.854368,115603252.0,26828155.2
2021-05-03,178.079228,115753252.0,26711884.2
2021-05-04,176.105423,115753252.0,0.0
2021-05-05,175.641291,115553252.0,-35128258.199999996
2021-05-06,176.017714,115453252.0,-17601771.400000002
2021-05-07,177.694652,115403252.0,-8884732.6
2021-05-10,174.486702,115403252.0,0.0
2021-05-11,172.428049,115403252.0,0.0
2021-05-12,166.571951,115703252.0,49971585.300000004
2021-05-13,167.814306,115103252.0,-100688583.6
2021-05-14,170.797848,115153252.0,8539892.399999999
2021-05-17,170.401633,115153252.0,0.0
2021-05-18,169.129153,114953252.0,-33825830.6
2021-05-19,167.707649,114803252.0,-25156147.35
2021-05-20,169.416669,114703252.0,-16941666.900000002
2021-05-21,168.603817,114603252.0,-16860381.7
2021-05-24,170.243689,114603252.0,0.0
2021-05-25,170.776715,113903252.0,-119543700.5
2021-05-26,172.463651,113953252.0,8623182.55
2021-05-27,173.116203,114203252.0,43279050.75
2021-05-28,172.784473,113453252.0,-129588354.75
2021-06-01,172.472964,113453252.0,0.0
2021-06-02,171.667124,113303252.0,-25750068.6
2021-06-03,169.632774,113453252.0,25444916.1
2021-06-04,171.0624,113403252.0,-8553120.0
2021-06-07,171.023889,113253252.0,-25653583.349999998
2021-06-08,172.425614,113253252.0,0.0
2021-06-09,171.414279,113153252.0,-17141427.9
2021-06-10,172.270143,112803252.0,-60294550.05
2021-06-11,173.236512,112853252.0,8661825.6
2021-06-14,173.210095,112753252.0,-17321009.5
2021-06-15,172.287055,112053252.0,-120600938.5
2021-06-16,172.381665,111803252.0,-43095416.25
2021-06-17,173.051033,111253252.0,-95178068.14999999
2021-06-18,172.141236,111103252.0,-25821185.4
2021-06-21,173.202497,110853252.0,-43300624.25
2021-06-22,174.887181,111553252.0,122421026.7
2021-06-23,176.164192,112653252.0,193780611.20000002
2021-06-24,176.774138,112853252.0,35354827.6
2021-06-25,177.773692,112903252.0,8888684.6
2021-06-28,177.99791,113353252.0,80099059.5
2021-06-29,178.431011,113403252.0,8921550.55
2021-06-30,178.583747,113153252.0,-44645936.75
2021-07-01,179.515345,112853252.0,-53854603.5
2021-07-02,181.124287,113103252.0,45281071.75
2021-07-06,181.372458,113153252.0,9068622.9
2021-07-07,181.188878,112953252.0,-36237775.599999994
2021-07-08,180.715751,113303252.0,63250512.85
2021-07-09,182.494422,113203252.0,-18249442.2
2021-07-12,183.742986,113203252.0,0.0
2021-07-13,181.554194,110903252.0,-417574646.2
2021-07-14,181.16107,110253252.0,-117754695.5
2021-07-15,180.204537,109953252.0,-54061361.099999994
2021-07-16,178.039042,110203252.0,44509760.5
2021-07-19,175.89452,109653252.0,-96741986.0
2021-07-20,179.255938,109303252.0,-62739578.3
2021-07-21,180.855073,109503252.0,36171014.6
2021-07-22,181.639848,108553252.0,-172557855.6
2021-07-23,183.284233,107603252.0,-174120021.35
2021-07-26,184.587668,108053252.0,83064450.60000001
2021-07-27,182.688,108253252.0,36537600.0
2021-07-28,182.162323,108153252.0,-18216232.299999997
2021-07-29,184.183446,108003252.0,-27627516.900000002
2021-07-30,180.413023,108403252.0,72165209.2
2021-08-02,180.946172,108353252.0,-9047308.6
2021-08-03,182.258148,108303252.0,-9112907.4
2021-08-04,180.566084,108103252.0,-36113216.8
2021-08-05,182.287726,108453252.0,63800704.099999994
2021-08-06,181.002579,108303252.0,-27150386.849999998
2021-08-09,180.757595,108503252.0,36151519.0
2021-08-10,181.44633,108253252.0,-45361582.5
2021-08-11,181.980801,108253252.0,0.0
2021-08-12,182.094081,108003252.0,-45523520.25
2021-08-13,181.548686,108003252.0,0.0
2021-08-16,180.720141,107603252.0,-72288056.4
2021-08-17,176.405313,107753252.0,26460796.95
2021-08-18,177.037117,107103252.0,-115074126.05
2021-08-19,175.904324,107853252.0,131928243.0
2021-08-20,177.676884,107853252.0,0.0
2021-08-23,179.899148,108953252.0,197889062.79999998
2021-08-24,181.159998,108753252.0,-36231999.6
2021-08-25,181.870652,108653252.0,-18187065.2
2021-08-26,180.236141,108553252.0,-18023614.1
2021-08-27,181.846733,108703252.0,27277009.95
2021-08-30,183.190767,108753252.0,9159538.35
2021-08-31,183.665587,109353252.0,110199352.19999999
2021-09-01,183.621297,108903252.0,-82629583.65
2021-09-02,183.60615,108503252.0,-73442460.0
2021-09-03,183.507391,108103252.0,-73402956.4
2021-09-07,184.026211,108003252.0,-18402621.099999998
2021-09-08,184.242685,107703252.0,-55272805.5
2021-09-09,183.970803,107753252.0,9198540.15
2021-09-10,182.875255,108203252.0,82293864.75
2021-09-13,183.306098,108303252.0,18330609.8
2021-09-14,182.682128,108303252.0,0.0
2021-09-15,183.87154,108303252.0,0.0
2021-09-16,184.722239,108453252.0,27708335.85
2021-09-17,184.128579,109103252.0,119683576.35
2021-09-20,179.688494,109953252.0,152735219.9
2021-09-21,179.943854,109903252.0,-8997192.7
2021-09-22,182.364549,109803252.0,-18236454.900000002
2021-09-23,184.20586,110103252.0,55261758.0
2021-09-24,184.856873,110053252.0,-9242843.65
2021-09-27,185.836505,110103252.0,9291825.25
2021-09-28,182.276637,109903252.0,-36455327.4
2021-09-29,182.477927,109753252.0,-27371689.05
2021-09-30,179.544142,109703252.0,-8977207.1
2021-10-01,180.819799,109353252.0,-63286929.65
2021-10-04,179.335726,109853252.0,89667863.0
2021-10-05,180.129677,109903252.0,9006483.85
2021-10-06,180.676361,110353252.0,81304362.45
2021-10-07,183.453007,110753252.0,73381202.80000001
2021-10-08,182.595452,111003252.0,45648863.0
2021-10-11,181.928832,110553252.0,-81867974.4
2021-10-12,183.316852,110553252.0,0.0
2021-10-13,184.19341,110403252.0,-27629011.5
2021-10-14,186.144932,110253252.0,-27921739.8
2021-10-15,189.023999,110153252.0,-18902399.9
2021-10-18,191.309702,111153252.0,191309702.0
2021-10-19,190.736943,111153252.0,0.0
2021-10-20,190.625921,111603252.0,85781664.45
2021-10-21,193.457714,110903252.0,-135420399.8
2021-10-22,192.746423,111303252.0,77098569.2
2021-10-25,197.472114,111303252.0,0.0
2021-10-26,197.574499,110903252.0,-79029799.6
2021-10-27,197.989922,112403252.0,296984883.0
2021-10-28,200.625469,112203252.0,-40125093.800000004
2021-10-29,201.112183,112203252.0,0.0
2021-11-01,204.849334,112153252.0,-10242466.7
2021-11-02,203.447961,112203252.0,10172398.049999999
2021-11-03,207.087849,111903252.0,-62126354.7
2021-11-04,209.83111,112753252.0,178356443.5
2021-11-05,211.289705,112853252.0,21128970.5
2021-11-08,208.27143,113103252.0,52067857.5
2021-11-09,204.440844,113853252.0,153330633.0
2021-11-10,203.637698,114453252.0,122182618.8
2021-11-11,203.135245,114303252.0,-30470286.75
2021-11-12,203.756723,114303252.0,0.0
2021-11-15,203.544476,114153252.0,-30531671.400000002
2021-11-16,206.756457,114153252.0,0.0
2021-11-17,208.061075,114403252.0,52015268.75
2021-11-18,210.467479,114153252.0,-52616869.75
2021-11-19,211.388096,114153252.0,0.0
2021-11-22,210.920825,114103252.0,-10546041.25
2021-11-23,209.387478,113553252.0,-115163112.89999999
2021-11-24,209.769578,114603252.0,220258056.9
2021-11-26,204.081528,114753252.0,30612229.2
2021-11-29,207.389298,115503252.0,155541973.5
2021-11-30,204.506301,116153252.0,132929095.65
2021-12-01,200.767117,116203252.0,10038355.850000001
2021-12-02,203.481954,116403252.0,40696390.8
2021-12-03,199.630924,117303252.0,179667831.6
2021-12-06,201.900396,117003252.0,-60570118.8
2021-12-07,206.54793,117103252.0,20654793.0
2021-12-08,207.209626,117903252.0,165767700.79999998
2021-12-09,203.561458,117003252.0,-183205312.2
2021-12-10,204.970968,117403252.0,81988387.2
2021-12-13,199.727165,117903252.0,99863582.5
2021-12-14,198.497073,117603252.0,-59549121.9
2021-12-15,201.055519,118053252.0,90474983.55
2021-12-16,196.665292,124353252.0,1238991339.6
2021-12-17,195.400679,124103252.0,-48850169.75
2021-12-20,191.748388,116253252.0,-1505224845.8
2021-12-21,196.811183,117703252.0,285376215.35
2021-12-22,200.434418,117803252.0,20043441.8
2021-12-23,203.178856,117653252.0,-30476828.4
2021-12-27,205.118707,116853252.0,-164094965.6
2021-12-28,205.221945,115653252.0,-246266334.0
2021-12-29,205.645372,115553252.0,-20564537.2
2021-12-30,204.884304,115103252.0,-92197936.8
2021-12-31,204.372922,115103252.0,0.0
2022-01-03,210.265058,115203252.0,21026505.8
2022-01-04,209.068739,114703252.0,-104534369.5
2022-01-05,203.312691,114553252.0,-30496903.65
2022-01-06,202.819912,115003252.0,91268960.39999999
2022-01-07,199.419222,115303252.0,59825766.599999994
2022-01-10,198.247523,115853252.0,109036137.65
2022-01-11,200.12982,116353252.0,100064910.0
2022-01-12,201.429113,116653252.0,60428733.9
2022-01-13,197.364535,116503252.0,-29604680.25
2022-01-14,196.529649,115453252.0,-206356131.45000002
2022-01-18,192.731803,116003252.0,106002491.65
2022-01-19,189.283655,115003252.0,-189283655.0
2022-01-20,185.862581,114853252.0,-27879387.150000002
2022-01-21,180.516582,114003252.0,-153439094.7
2022-01-24,182.461747,113503252.0,-91230873.5
2022-01-25,179.370111,113203252.0,-53811033.300000004
2022-01-26,178.831377,112753252.0,-80474119.65
2022-01-27,174.274188,111753252.0,-174274188.0
2022-01-28,178.096955,111103252.0,-115763020.75
2022-01-31,185.05622,112153252.0,194309031.0
2022-02-01,186.175289,111753252.0,-74470115.6
2022-02-02,185.032179,110153252.0,-296051486.40000004
2022-02-03,179.197783,109503252.0,-116478558.94999999
2022-02-04,184.384659,109703252.0,36876931.8
2022-02-07,183.986823,109553252.0,-27598023.45
2022-02-08,186.632222,109053252.0,-93316111.0
2022-02-09,189.059007,109253252.0,37811801.4
2022-02-10,185.746006,108853252.0,-74298402.39999999
2022-02-11,180.612111,108903252.0,9030605.55
2022-02-14,181.488817,108653252.0,-45372204.25
2022-02-15,185.613641,109253252.0,111368184.6
2022-02-16,186.054149,109253252.0,0.0
2022-02-17,181.087235,109103252.0,-27163085.25
2022-02-18,179.963614,108253252.0,-152969071.9
2022-02-22,174.783602,108253252.0,0.0
2022-02-23,168.85373,108253252.0,0.0
2022-02-24,172.75178,109553252.0,224577314.0
2022-02-25,176.179932,110403252.0,149752942.20000002
2022-02-28,177.353475,110453252.0,8867673.75
2022-03-01,174.771274,110203252.0,-43692818.5
2022-03-02,178.45204,109653252.0,-98148622.0
2022-03-03,174.416812,109803252.0,26162521.8
2022-03-04,171.619708,109453252.0,-60066897.800000004
2022-03-07,163.141231,109653252.0,32628246.2
2022-03-08,163.591996,109003252.0,-106334797.39999999
2022-03-09,168.756968,108503252.0,-84378484.0
2022-03-10,170.021565,107553252.0,-161520486.75
2022-03-11,166.7559,105753252.0,-300160620.0
2022-03-14,163.909253,104353252.0,-229472954.20000002
2022-03-15,169.334196,103003252.0,-228601164.6
2022-03-16,175.073374,104453252.0,253856392.3
2022-03-17,178.097369,105653252.0,213716842.79999998
2022-03-18,181.901826,105503252.0,-27285273.9
2022-03-21,180.057079,104903252.0,-108034247.39999999
2022-03-22,184.528476,104603252.0,-55358542.800000004
2022-03-23,182.195971,104903252.0,54658791.3
2022-03-24,183.653229,104653252.0,-45913307.25
2022-03-25,183.330985,105003252.0,64165844.75
2022-03-28,188.249411,106503252.0,282374116.5
2022-03-29,191.44246,106103252.0,-76576984.0
2022-03-30,188.603571,107453252.0,254614820.85
2022-03-31,184.942913,107153252.0,-55482873.9
2022-04-01,185.24661,107153252.0,0.0
2022-04-04,189.394531,106603252.0,-104166992.05
2022-04-05,184.917098,106353252.0,-46229274.5
2022-04-06,180.21001,106303252.0,-9010500.5
2022-04-07,181.082629,107253252.0,172028497.55
2022-04-08,179.410492,107153252.0,-17941049.2
2022-04-11,176.119544,107053252.0,-17611954.4
2022-04-12,176.573798,106703252.0,-61800829.300000004
2022-04-13,180.906992,106403252.0,-54272097.6
2022-04-14,178.359396,106303252.0,-17835939.6
2022-04-18,178.948862,106403252.0,17894886.2
2022-04-19,184.08103,106503252.0,18408103.0
2022-04-20,181.732414,106253252.0,-45433103.5
2022-04-21,180.004866,105753252.0,-90002433.0
2022-04-22,175.812943,105953252.0,35162588.6
2022-04-25,177.085177,106003252.0,8854258.85
2022-04-26,168.11512,107003252.0,168115120.0
2022-04-27,168.116745,106453252.0,-92464209.75
2022-04-28,171.494348,105503252.0,-162919630.6
2022-04-29,162.937575,105353252.0,-24440636.25
2022-05-02,165.278487,105853252.0,82639243.5
2022-05-03,164.782009,107603252.0,288368515.75
2022-05-04,169.693568,107303252.0,-50908070.4
2022-05-05,160.19191,107703252.0,64076764.0
2022-05-06,158.131561,106353252.0,-213477607.35
2022-05-09,151.340303,107403252.0,158907318.15
2022-05-10,150.901888,107453252.0,7545094.4
2022-05-11,145.523444,107203252.0,-36380861.0
2022-05-12,146.520357,105953252.0,-183150446.25
2022-05-13,152.344439,105453252.0,-76172219.5
2022-05-16,149.033302,105503252.0,7451665.1
2022-05-17,152.810859,104803252.0,-106967601.3
2022-05-18,142.759078,104903252.0,14275907.799999999
2022-05-19,142.890768,103953252.0,-135746229.6
2022-05-20,140.401116,103453252.0,-70200558.0
2022-05-23,141.457537,103503252.0,7072876.850000001
2022-05-24,137.792596,104503252.0,137792596.0
2022-05-25,141.675526,104653252.0,21251328.9
2022-05-26,148.633096,104853252.0,29726619.2
2022-05-27,153.78839,104803252.0,-7689419.5
2022-05-31,154.51011,104453252.0,-54078538.5
2022-06-01,152.964677,103653252.0,-122371741.6
2022-06-02,157.551998,104203252.0,86653598.9
2022-06-03,153.014493,104853252.0,99459420.44999999
2022-06-06,154.488573,105103252.0,38622143.25
2022-06-07,154.135962,105353252.0,38533990.5
2022-06-08,153.259964,105303252.0,-7662998.2
2022-06-09,150.495481,105553252.0,37623870.25
2022-06-10,144.446629,105453252.0,-14444662.9
2022-06-13,137.759554,105153252.0,-41327866.2
2022-06-14,137.639409,105403252.0,34409852.25
2022-06-15,141.554948,105903252.0,70777474.0
2022-06-16,134.576986,106253252.0,47101945.1
2022-06-17,136.135146,104953252.0,-176975689.79999998
2022-06-21,139.681236,103403252.0,-216505915.8
2022-06-22,139.434293,102403252.0,-139434293.0
2022-06-23,141.5706,102653252.0,35392650.0
2022-06-24,146.897908,102753252.0,14689790.8
2022-06-27,145.455176,103203252.0,65454829.199999996
2022-06-28,139.68087,102803252.0,-55872348.0
2022-06-29,139.541977,101903252.0,-125587779.3
2022-06-30,137.463028,101903252.0,0.0
2022-07-01,140.036892,101253252.0,-91023979.8
2022-07-05,143.134174,101653252.0,57253669.6
2022-07-06,142.689361,101903252.0,35672340.25
2022-07-07,146.340668,100403252.0,-219511002.0
2022-07-08,146.368977,100253252.0,-21955346.55
2022-07-11,142.352642,99803252.0,-64058688.9
2022-07-12,141.479564,99403252.0,-56591825.6
2022-07-13,142.673111,97953252.0,-206876010.95000002
2022-07-14,142.543568,96553252.0,-199560995.2
2022-07-15,144.894791,96303252.0,-36223697.75
2022-07-18,145.237923,96003252.0,-43571376.9
2022-07-19,149.694634,96303252.0,44908390.2
2022-07-20,152.15224,96253252.0,-7607612.0
2022-07-21,155.655654,96953252.0,108958957.8
2022-07-22,154.739772,96703252.0,-38684943.0
2022-07-25,153.465367,96153252.0,-84405951.85
2022-07-26,148.505582,95903252.0,-37126395.5
2022-07-27,154.106528,95453252.0,-69347937.6
2022-07-28,156.741963,95803252.0,54859687.05
2022-07-29,162.788875,96653252.0,138370543.75
2022-08-01,163.650504,97253252.0,98190302.4
2022-08-02,162.524709,97503252.0,40631177.25
2022-08-03,166.466295,99303252.0,299639331.0
2022-08-04,167.169053,100153252.0,142093695.04999998
2022-08-05,164.356023,99753252.0,-65742409.199999996
2022-08-08,165.037542,100203252.0,74266893.9
2022-08-09,162.403455,100453252.0,40600863.75
2022-08-10,167.06816,100553252.0,16706816.0
2022-08-11,166.11724,100753252.0,33223448.000000004
2022-08-12,169.963769,101453252.0,118974638.30000001
2022-08-15,171.085914,101453252.0,0.0
2022-08-16,172.990042,101853252.0,69196016.8
2022-08-17,171.127258,102403252.0,94119991.9
2022-08-18,171.043628,101953252.0,-76969632.60000001
2022-08-19,167.518715,101403252.0,-92135293.24999999
2022-08-22,162.830822,101853252.0,73273869.9
2022-08-23,163.371598,101903252.0,8168579.9
2022-08-24,164.016243,101403252.0,-82008121.5
2022-08-25,165.998208,100703252.0,-116198745.60000001
2022-08-26,159.645713,101203252.0,79822856.5
2022-08-29,158.809621,100653252.0,-87345291.55
2022-08-30,157.028826,99853252.0,-125623060.80000001
2022-08-31,155.552283,103053252.0,497767305.59999996
2022-09-01,156.888354,99053252.0,-627553416.0
2022-09-02,155.533626,98553252.0,-77766813.0
2022-09-06,155.096361,98403252.0,-23264454.15
2022-09-07,159.932641,98353252.0,-7996632.05
2022-09-08,161.429379,99853252.0,242144068.50000003
2022-09-09,164.446785,100253252.0,65778714.0
2022-09-12,166.543647,100903252.0,108253370.55
2022-09-13,158.05927,101603252.0,110641489.0
2022-09-14,160.100395,101753252.0,24015059.25
2022-09-15,159.177005,103103252.0,214888956.75
2022-09-16,157.969876,102803252.0,-47390962.8
2022-09-19,159.811017,103453252.0,103877161.05
2022-09-20,157.130027,104003252.0,86421514.85000001
2022-09-21,153.414555,101703252.0,-352853476.5
2022-09-22,149.871248,101003252.0,-104909873.60000001
2022-09-23,146.412461,100803252.0,-29282492.200000003
2022-09-26,146.014686,100353252.0,-65706608.7
2022-09-27,146.545742,101053252.0,102582019.39999999
2022-09-28,150.527977,100453252.0,-90316786.2
2022-09-29,145.275666,100103252.0,-50846483.1
2022-09-30,142.477768,99453252.0,-92610549.2
2022-10-03,142.524321,98953252.0,-71262160.5
2022-10-04,147.587426,100003252.0,154966797.29999998
2022-10-05,146.738007,102103252.0,308149814.70000005
2022-10-06,145.63751,101553252.0,-80100630.5
2022-10-07,140.627843,101103252.0,-63282529.35000001
2022-10-10,139.76152,101403252.0,41928456.0
2022-10-11,138.665109,101403252.0,0.0
2022-10-12,139.006796,102903252.0,208510194.0
2022-10-13,140.509343,99953252.0,-414502561.85
2022-10-14,135.196221,99903252.0,-6759811.050000001
2022-10-17,140.713135,100003252.0,14071313.5
2022-10-18,142.636037,101053252.0,149767838.85
2022-10-19,141.018795,101153252.0,14101879.500000002
2022-10-20,138.383659,100253252.0,-124545293.1
2022-10-21,142.367623,99153252.0,-156604385.3
2022-10-24,142.950193,100253252.0,157245212.3
2022-10-25,146.545564,100103252.0,-21981834.6
2022-10-26,145.377324,100253252.0,21806598.599999998
2022-10-27,144.72151,100253252.0,0.0
2022-10-28,145.006368,101103252.0,123255412.80000001
2022-10-31,144.047747,101003252.0,-14404774.7
2022-11-01,142.561586,100853252.0,-21384237.900000002
2022-11-02,137.205327,100953252.0,13720532.700000001
2022-11-03,136.343882,101103252.0,20451582.3
2022-11-04,137.5025,101003252.0,-13750250.0
2022-11-07,136.524558,100603252.0,-54609823.2
2022-11-08,136.1505,101603252.0,136150500.0
2022-11-09,132.034005,101603252.0,0.0
2022-11-10,141.713303,101303252.0,-42513990.9
2022-11-11,145.120492,101253252.0,-7256024.600000001
2022-11-14,142.806368,101403252.0,21420955.2
2022-11-15,144.720868,99953252.0,-209845258.6
2022-11-16,142.475767,99853252.0,-14247576.7
2022-11-17,140.803552,99703252.0,-21120532.8
2022-11-18,140.97019,99703252.0,0.0
2022-11-21,138.917798,99303252.0,-55567119.2
2022-11-22,140.511994,99403252.0,14051199.399999999
2022-11-23,142.518979,98903252.0,-71259489.5
2022-11-25,142.59512,99553252.0,92686828.0
2022-11-28,141.706105,99553252.0,0.0
2022-11-29,141.300227,98953252.0,-84780136.2
2022-11-30,146.216428,101703252.0,402095177.0
2022-12-01,146.115599,96403252.0,-774412674.7
2022-12-02,145.986891,98503252.0,306572471.1
2022-12-05,141.737766,100253252.0,248041090.5
2022-12-06,139.530235,99203252.0,-146506746.75
2022-12-07,138.730733,99203252.0,0.0
2022-12-08,140.054849,97003252.0,-308120667.79999995
2022-12-09,139.425207,96503252.0,-69712603.5
2022-12-12,139.768169,96653252.0,20965225.35
2022-12-13,139.786628,98303252.0,230647936.20000002
2022-12-14,138.76305,98303252.0,0.0
2022-12-15,136.457399,97653252.0,-88697309.35000001
2022-12-16,133.980577,98903252.0,167475721.25
2022-12-19,131.385935,99603252.0,91970154.49999999
2022-12-20,129.874777,99053252.0,-71431127.35
2022-12-21,131.961155,98853252.0,-26392231.0
2022-12-22,128.544065,98203252.0,-83553642.25
2022-12-23,129.452075,98253252.0,6472603.75
2022-12-27,127.345803,97703252.0,-70040191.65
2022-12-28,126.247501,97453252.0,-31561875.25
2022-12-29,129.518192,97453252.0,0.0
2022-12-30,129.169896,97453252.0,0.0
2023-01-03,128.388714,97353252.0,-12838871.399999999
2023-01-04,130.256227,96753252.0,-78153736.2
2023-01-05,129.047314,98203252.0,187118605.3
2023-01-06,132.118945,98353252.0,19817841.75
2023-01-09,132.869839,98703252.0,46504443.650000006
2023-01-10,134.541973,98653252.0,-6727098.65
2023-01-11,138.147325,98903252.0,34536831.25
2023-01-12,138.403528,99003252.0,13840352.799999999
2023-01-13,139.72647,98803252.0,-27945294.0
2023-01-17,139.79707,99203252.0,55918828.0
2023-01-18,138.011108,99353252.0,20701666.2
2023-01-19,135.66986,98753252.0,-81401916.0
2023-01-20,138.990657,99203252.0,62545795.65
2023-01-23,141.200564,98003252.0,-169440676.8
2023-01-24,140.993885,97653252.0,-49347859.75
2023-01-25,141.736917,97853252.0,28347383.400000002
2023-01-26,144.617914,98053252.0,28923582.800000004
2023-01-27,147.914308,98053252.0,0.0
2023-01-30,145.378838,97603252.0,-65420477.1
2023-01-31,148.667424,97253252.0,-52033598.400000006
2023-02-01,151.515098,97553252.0,45454529.4
2023-02-02,156.181857,97553252.0,0.0
2023-02-03,151.339886,98053252.0,75669943.0
2023-02-06,151.115985,98103252.0,7555799.25
2023-02-07,151.46394,98203252.0,15146394.0
2023-02-08,150.144331,98403252.0,30028866.2
2023-02-09,149.886503,98303252.0,-14988650.3
2023-02-10,148.163233,98153252.0,-22224484.95
2023-02-13,150.330421,98053252.0,-15033042.1
2023-02-14,152.128068,97803252.0,-38032017.0
2023-02-15,153.908309,97303252.0,-76954154.5
2023-02-16,150.575623,97203252.0,-15057562.3
2023-02-17,150.601417,96803252.0,-60240566.8
2023-02-21,145.541587,96903252.0,14554158.7
2023-02-22,146.28047,96503252.0,-58512188.0
2023-02-23,146.158624,95703252.0,-116926899.2
2023-02-24,143.894088,95503252.0,-28778817.6
2023-02-27,145.59899,95503252.0,0.0
2023-02-28,145.556491,95753252.0,36389122.75
2023-03-01,143.692341,95053252.0,-100584638.7
2023-03-02,143.234691,94703252.0,-50132141.85
2023-03-03,146.286871,95153252.0,65829091.949999996
2023-03-06,145.239774,96303252.0,167025740.10000002
2023-03-07,143.249438,95503252.0,-114599550.39999999
2023-03-08,142.982369,95703252.0,28596473.8
2023-03-09,139.608608,96253252.0,76784734.4
2023-03-10,138.222851,96003252.0,-34555712.75
2023-03-13,138.512818,95853252.0,-20776922.700000003
2023-03-14,140.863868,95703252.0,-21129580.2
2023-03-15,140.539102,95903252.0,28107820.400000002
2023-03-16,143.155196,95753252.0,-21473279.4
2023-03-17,141.37637,96553252.0,113101096.0
2023-03-20,141.558974,97153252.0,84935384.4
2023-03-21,145.424529,96553252.0,-87254717.4
2023-03-22,142.200291,96953252.0,56880116.4
2023-03-23,142.094155,96503252.0,-63942369.75
2023-03-24,141.583036,96453252.0,-7079151.8
2023-03-27,141.837116,96303252.0,-21275567.400000002
2023-03-28,141.708389,95853252.0,-63768775.050000004
2023-03-29,144.370043,96003252.0,21655506.450000003
2023-03-30,145.638372,95853252.0,-21845755.8
2023-03-31,149.548485,95853252.0,0.0
2023-04-03,148.168314,95853252.0,0.0
2023-04-04,147.920034,96753252.0,133128030.6
2023-04-05,144.933003,96803252.0,7246650.15
2023-04-06,144.922651,96603252.0,-28984530.2
2023-04-10,145.573217,96753252.0,21835982.55
2023-04-11,145.776882,97153252.0,58310752.8
2023-04-12,143.536761,96953252.0,-28707352.200000003
2023-04-13,146.680091,96353252.0,-88008054.60000001
2023-04-14,146.882881,97653252.0,190947745.29999998
2023-04-17,147.931768,98003252.0,51776118.800000004
2023-04-18,148.164302,98903252.0,133347871.8
2023-04-19,148.038389,99553252.0,96224952.85
2023-04-20,145.774523,99653252.0,14577452.299999999
2023-04-21,147.383331,99203252.0,-66322498.949999996
2023-04-24,147.328602,98453252.0,-110496451.49999999
2023-04-25,144.454727,98453252.0,0.0
2023-04-26,143.702839,98153252.0,-43110851.7
2023-04-27,147.524695,97603252.0,-81138582.25
2023-04-28,147.820826,97503252.0,-14782082.600000001
2023-05-01,146.402069,97653252.0,21960310.35
2023-05-02,146.523234,98003252.0,51283131.9
2023-05-03,145.405537,98003252.0,0.0
2023-05-04,144.280598,97953252.0,-7214029.899999999
2023-05-05,147.219373,97453252.0,-73609686.5
2023-05-08,147.688838,97603252.0,22153325.7
2023-05-09,147.656785,97803252.0,29531357.000000004
2023-05-10,148.377194,97303252.0,-74188597.0
2023-05-11,149.12916,97403252.0,14912916.000000002
2023-05-12,147.850301,97553252.0,22177545.15
2023-05-15,148.007465,97553252.0,0.0
2023-05-16,147.432057,97653252.0,14743205.7
2023-05-17,150.505184,97653252.0,0.0
2023-05-18,152.792759,98153252.0,76396379.5
2023-05-19,151.540468,98253252.0,15154046.8
2023-05-22,151.074288,98553252.0,45322286.4
2023-05-23,149.670328,98853252.0,44901098.400000006
2023-05-24,149.155904,99153252.0,44746771.199999996
2023-05-25,148.480243,98803252.0,-51968085.05
2023-05-26,151.854961,99053252.0,37963740.25
2023-05-30,152.955719,99453252.0,61182287.599999994
2023-05-31,151.616313,99953252.0,75808156.5
2023-06-01,153.410409,100703252.0,115057806.74999999
2023-06-02,156.968589,101203252.0,78484294.5
2023-06-05,157.486649,101203252.0,0.0
2023-06-06,159.106162,100953252.0,-39776540.5
2023-06-07,158.008479,100803252.0,-23701271.849999998
2023-06-08,160.358862,100853252.0,8017943.1
2023-06-09,161.158431,101053252.0,32231686.200000003
2023-06-12,163.88874,101553252.0,81944370.0
2023-06-13,165.647851,102303252.0,124235888.25
2023-06-14,165.47735,102553252.0,41369337.5
2023-06-15,166.609927,102603252.0,8330496.35
2023-06-16,166.39213,102853252.0,41598032.5
2023-06-20,167.285573,102453252.0,-66914229.2
2023-06-21,165.288031,103253252.0,132230424.8
2023-06-22,167.40596,102603252.0,-108813874.0
2023-06-23,165.449199,102253252.0,-57907219.65
2023-06-26,163.307449,102053252.0,-32661489.799999997
2023-06-27,166.794358,101853252.0,-33358871.599999998
2023-06-28,167.436584,101653252.0,-33487316.8
2023-06-29,167.657138,101453252.0,-33531427.6
2023-06-30,169.855784,101453252.0,0.0
2023-07-03,171.895249,101303252.0,-25784287.35
2023-07-05,171.948825,101203252.0,-17194882.5
2023-07-06,169.195219,99153252.0,-346850198.95
2023-07-07,169.376216,100453252.0,220189080.8
2023-07-10,169.895506,100553252.0,16989550.6
2023-07-11,171.300131,99753252.0,-137040104.79999998
2023-07-12,172.808742,99703252.0,-8640437.1
2023-07-13,174.494682,99153252.0,-95972075.10000001
2023-07-14,174.897876,99403252.0,43724469.0
2023-07-17,175.64409,99953252.0,96604249.5
2023-07-18,176.310372,99853252.0,-17631037.2
2023-07-19,176.956597,100103252.0,44239149.25
2023-07-20,170.914489,101953252.0,316191804.65
2023-07-21,171.012708,101003252.0,-162462072.6
2023-07-24,172.074191,100503252.0,-86037095.5
2023-07-25,171.673844,101003252.0,85836922.0
2023-07-26,171.604954,101753252.0,128703715.5
2023-07-27,169.849122,101803252.0,8492456.1
2023-07-28,172.833281,101803252.0,0.0
2023-07-31,173.692253,101903252.0,17369225.3
2023-08-01,171.760419,101353252.0,-94468230.45
2023-08-02,168.689895,100803252.0,-92779442.25
2023-08-03,169.136055,100553252.0,-42284013.75
2023-08-04,171.522401,100903252.0,60032840.35
2023-08-07,173.310327,101203252.0,51993098.1
2023-08-08,171.929547,101503252.0,51578864.1
2023-08-09,169.883602,101603252.0,16988360.2
2023-08-10,170.293122,101353252.0,-42573280.5
2023-08-11,169.700778,101453252.0,16970077.8
2023-08-14,170.237579,101503252.0,8511878.950000001
2023-08-15,167.896483,101503252.0,0.0
2023-08-16,165.838036,102253252.0,124378526.99999999
2023-08-17,163.084545,102453252.0,32616909.0
2023-08-18,162.623534,102253252.0,-32524706.8
2023-08-21,164.544905,102103252.0,-24681735.75
2023-08-22,164.756781,102353252.0,41189195.25
2023-08-23,166.107475,102103252.0,-41526868.75
2023-08-24,162.816783,102453252.0,56985874.05
2023-08-25,164.623776,102453252.0,0.0
2023-08-28,165.325382,102303252.0,-24798807.299999997
2023-08-29,169.446342,102403252.0,16944634.2
2023-08-30,170.124853,102753252.0,59543698.55
2023-08-31,170.765446,102953252.0,34153089.2
2023-09-01,169.765441,102953252.0,0.0
2023-09-05,169.714889,103503252.0,93343188.95
2023-09-06,168.178214,104353252.0,142951481.9
2023-09-07,168.700029,105053252.0,118090020.3
2023-09-08,168.737579,106553252.0,253106368.50000003
2023-09-11,173.282832,107253252.0,121297982.4
2023-09-12,171.828389,108353252.0,189011227.89999998
2023-09-13,173.047526,108653252.0,51914257.800000004
2023-09-14,174.741317,108653252.0,0.0
2023-09-15,171.764436,109203252.0,94470439.8
2023-09-18,169.652123,110253252.0,178134729.14999998
2023-09-19,168.784613,110153252.0,-16878461.3
2023-09-20,167.109687,110703252.0,91910327.85000001
2023-09-21,162.531595,110453252.0,-40632898.75
2023-09-22,160.988299,110703252.0,40247074.75
2023-09-25,161.88093,109553252.0,-186163069.5
2023-09-26,158.980838,109353252.0,-31796167.6
2023-09-27,158.351833,109353252.0,0.0
2023-09-28,160.112558,109103252.0,-40028139.5
2023-09-29,160.956432,108953252.0,-24143464.8
2023-10-02,161.177482,108303252.0,-104765363.3
2023-10-03,157.213846,107753252.0,-86467615.3
2023-10-04,160.386207,107003252.0,-120289655.25000001
2023-10-05,159.528096,106053252.0,-151551691.20000002
2023-10-06,160.544706,105303252.0,-120408529.5
2023-10-09,160.766028,104053252.0,-200957535.0
2023-10-10,162.528384,103853252.0,-32505676.799999997
2023-10-11,163.103181,103053252.0,-130482544.80000001
2023-10-12,161.31701,103203252.0,24197551.5
2023-10-13,158.997961,102253252.0,-151048062.95000002
2023-10-16,161.52951,102603252.0,56535328.49999999
2023-10-17,161.880493,102653252.0,8094024.65
2023-10-18,158.114515,103503252.0,134397337.75
2023-10-19,154.142803,103403252.0,-15414280.299999999
2023-10-20,151.698347,103603252.0,30339669.400000002
2023-10-23,151.901772,104153252.0,83545974.6
2023-10-24,153.483117,103553252.0,-92089870.2
2023-10-25,150.370028,102153252.0,-210518039.2
2023-10-26,148.00013,101553252.0,-88800078.00000001
2023-10-27,149.57974,102203252.0,97226830.99999999
2023-10-30,150.962835,102003252.0,-30192567.000000004
2023-10-31,152.106587,101653252.0,-53237305.449999996
2023-11-01,153.973177,101503252.0,-23095976.55
2023-11-02,157.950133,100603252.0,-142155119.7
2023-11-03,160.200947,101553252.0,152190899.65
2023-11-06,160.385587,101703252.0,24057838.049999997
2023-11-07,162.164032,101853252.0,24324604.799999997
2023-11-08,161.769604,101503252.0,-56619361.4
2023-11-09,158.811892,101753252.0,39702973.0
2023-11-10,161.365485,102103252.0,56477919.75
2023-11-13,162.083021,102303252.0,32416604.2
2023-11-14,167.543351,101803252.0,-83771675.5
2023-11-15,167.758005,102253252.0,75491102.25
2023-11-16,166.064259,103153252.0,149457833.1
2023-11-17,167.10757,103653252.0,83553785.0
2023-11-20,167.929465,104153252.0,83964732.5
2023-11-21,167.543649,104103252.0,-8377182.449999999
2023-11-22,168.034268,104303252.0,33606853.6
2023-11-24,168.242186,104353252.0,8412109.3
2023-11-27,168.452888,104503252.0,25267933.2
2023-11-28,169.498547,104653252.0,25424782.05
2023-11-29,169.040514,106303252.0,278916848.1
2023-11-30,168.762764,104003252.0,-388154357.2
2023-12-01,171.099481,104353252.0,59884818.35
2023-12-04,170.458917,106253252.0,323871942.3
2023-12-05,170.703194,106553252.0,51210958.199999996
2023-12-06,170.993453,105253252.0,-222291488.89999998
2023-12-07,172.412716,106653252.0,241377802.39999998
2023-12-08,173.204247,106553252.0,-17320424.7
2023-12-11,173.656234,106953252.0,69462493.60000001
2023-12-12,174.183661,110403252.0,600933630.45
2023-12-13,176.509023,110703252.0,52952706.900000006
2023-12-14,178.83877,111053252.0,62593569.50000001
2023-12-15,179.338531,109403252.0,-295908576.15
2023-12-18,179.970304,108303252.0,-197967334.4
2023-12-19,181.45802,108803252.0,90729010.0
2023-12-20,178.115368,109153252.0,62340378.8
2023-12-21,180.769362,108903252.0,-45192340.5
2023-12-22,179.484494,108803252.0,-17948449.400000002
2023-12-26,180.190536,109103252.0,54057160.800000004
2023-12-27,180.73054,108953252.0,-27109581.0
2023-12-28,179.887483,109453252.0,89943741.5
2023-12-29,178.812153,109403252.0,-8940607.65
2024-01-02,177.168037,109403252.0,0.0
2024-01-03,173.617197,108553252.0,-147574617.45000002
2024-01-04,172.312688,107253252.0,-224006494.4
2024-01-05,172.710973,107053252.0,-34542194.6
2024-01-08,175.569753,106753252.0,-52670925.9
2024-01-09,174.957318,106203252.0,-96226524.89999999
2024-01-10,176.338518,106053252.0,-26450777.7
2024-01-11,176.087524,105803252.0,-44021881.0
2024-01-12,174.012336,105553252.0,-43503084.0
2024-01-16,173.78948,105403252.0,-26068422.0
2024-01-17,172.212334,105503252.0,17221233.4
2024-01-18,173.16516,105453252.0,-8658258.0
2024-01-19,174.849933,105703252.0,43712483.25
2024-01-22,174.047079,106753252.0,182749432.95
2024-01-23,173.662612,106953252.0,34732522.4
2024-01-24,173.068482,106953252.0,0.0
2024-01-25,170.891169,107453252.0,85445584.5
2024-01-26,171.732438,107653252.0,34346487.6
2024-01-29,174.180022,107453252.0,-34836004.4
2024-01-30,174.082698,107703252.0,43520674.5
2024-01-31,170.944203,107503252.0,-34188840.599999994
2024-02-01,174.145811,106703252.0,-139316648.8
2024-02-02,177.251739,106703252.0,0.0
2024-02-05,174.843496,108353252.0,288491768.4
2024-02-06,175.839142,108803252.0,79127613.9
2024-02-07,177.851396,109203252.0,71140558.39999999
2024-02-08,178.588748,110503252.0,232165372.4
2024-02-09,179.891235,110303252.0,-35978247.0
2024-02-12,179.705213,110353252.0,8985260.649999999
2024-02-13,176.24342,110453252.0,17624342.0
2024-02-14,177.996594,111803252.0,240295401.89999998
2024-02-15,180.027596,112303252.0,90013798.0
2024-02-16,179.094335,112903252.0,107456601.0
2024-02-20,177.373383,112553252.0,-62080684.05
2024-02-21,178.644397,112253252.0,-53593319.1
2024-02-22,182.169186,111153252.0,-200386104.6
2024-02-23,181.33045,111203252.0,9066522.5
2024-02-26,181.812375,111953252.0,136359281.25
2024-02-27,182.417055,112253252.0,54725116.5
2024-02-28,183.134667,112703252.0,82410600.15
2024-02-29,184.531847,113253252.0,101492515.85
2024-03-01,185.06275,113603252.0,64771962.5
2024-03-04,182.499574,113703252.0,18249957.4
2024-03-05,180.279684,113303252.0,-72111873.6
2024-03-06,179.642648,115503252.0,395213825.6
2024-03-07,181.006199,111703252.0,-687823556.2
2024-03-08,180.28397,111503252.0,-36056794.0
2024-03-11,179.826049,110453252.0,-188817351.45000002
2024-03-12,181.339449,110053252.0,-72535779.6
2024-03-13,180.976379,110203252.0,27146456.85
2024-03-14,179.75728,109903252.0,-53927184.0
2024-03-15,178.060573,110003252.0,17806057.3
2024-03-18,178.986257,107653252.0,-420617703.95
2024-03-19,180.536865,108753252.0,198590551.5
2024-03-20,183.250536,108753252.0,0.0
2024-03-21,184.299351,108703252.0,-9214967.55
2024-03-22,182.741578,109603252.0,164467420.20000002
2024-03-25,182.111054,109603252.0,0.0
2024-03-26,182.302658,109453252.0,-27345398.700000003
2024-03-27,184.406319,109153252.0,-55321895.699999996
2024-03-28,183.989611,109053252.0,-18398961.1
2024-04-01,182.519803,109003252.0,-9125990.15
2024-04-02,179.761651,109053252.0,8988082.55
2024-04-03,179.883893,110003252.0,170889698.35
2024-04-04,177.868142,111303252.0,231228584.6
2024-04-05,178.887876,111403252.0,17888787.6
2024-04-08,180.485467,111953252.0,99267006.85
2024-04-09,181.39743,112103252.0,27209614.500000004
2024-04-10,178.686287,112953252.0,151883343.95
2024-04-11,180.08512,112153252.0,-144068096.0
2024-04-12,177.136638,111853252.0,-53140991.4
2024-04-15,174.156259,111053252.0,-139325007.20000002
2024-04-16,173.121606,111503252.0,77904722.7
2024-04-17,172.314441,111253252.0,-43078610.25
2024-04-18,171.255218,110403252.0,-145566935.3
2024-04-19,169.711148,110503252.0,16971114.8
2024-04-22,170.522893,110203252.0,-51156867.900000006
2024-04-23,172.544409,110603252.0,69017763.6
2024-04-24,174.205955,110453252.0,-26130893.25
2024-04-25,174.398454,110403252.0,-8719922.7
2024-04-26,175.956753,109553252.0,-149563240.04999998
2024-04-29,180.011699,108803252.0,-135008774.25
2024-04-30,175.445701,108853252.0,8772285.05
2024-05-01,174.537244,108253252.0,-104722346.39999999
2024-05-02,176.723442,107803252.0,-79525548.9
2024-05-03,177.978217,107403252.0,-71191286.8
2024-05-06,179.78217,107603252.0,35956434.0
2024-05-07,178.58714,107653252.0,8929357.0
2024-05-08,177.851544,107503252.0,-26677731.599999998
2024-05-09,179.05244,107403252.0,-17905244.0
2024-05-10,178.094181,107403252.0,0.0
2024-05-13,177.834861,107053252.0,-62242201.349999994
2024-05-14,178.684362,107353252.0,53605308.6
2024-05-15,178.914224,107403252.0,8945711.2
2024-05-16,177.792012,107403252.0,0.0
2024-05-17,178.633905,107103252.0,-53590171.5
2024-05-20,177.342185,106803252.0,-53202655.5
2024-05-21,178.481822,106903252.0,17848182.2
2024-05-22,176.639257,106853252.0,-8831962.85
2024-05-23,173.857658,106553252.0,-52157297.4
2024-05-24,175.542276,106303252.0,-43885569.0
2024-05-28,175.079151,106353252.0,8753957.549999999
2024-05-29,173.930735,106153252.0,-34786147.0
2024-05-30,174.993115,107203252.0,183742770.75
2024-05-31,175.904499,106553252.0,-114337924.35
2024-06-03,175.872627,106253252.0,-52761788.1
2024-06-04,176.009741,105603252.0,-114406331.64999999
2024-06-05,177.057998,105203252.0,-70823199.2
2024-06-06,178.358121,105153252.0,-8917906.05
2024-06-07,177.646411,105403252.0,44411602.75
2024-06-10,178.194837,105753252.0,62368192.95
2024-06-11,177.687076,105803252.0,8884353.799999999
2024-06-12,179.595882,106003252.0,35919176.4
2024-06-13,179.794164,106303252.0,53938249.199999996
2024-06-14,178.375229,106103252.0,-35675045.8
2024-06-17,181.434212,105453252.0,-117932237.8
2024-06-18,180.787024,106053252.0,108472214.4
2024-06-20,181.076059,105853252.0,-36215211.8
2024-06-21,182.64804,105503252.0,-63926814.0
2024-06-24,181.400668,105003252.0,-90700334.0
2024-06-25,180.589698,105453252.0,81265364.1
2024-06-26,183.328116,105603252.0,27499217.4
2024-06-27,184.385849,105603252.0,0.0
2024-06-28,182.317453,105403252.0,-36463490.6
2024-07-01,183.066113,106253252.0,155606196.05
2024-07-02,186.561041,106503252.0,46640260.25
2024-07-03,187.852274,106953252.0,84533523.3
2024-07-05,189.272274,107203252.0,47318068.5
2024-07-08,189.43904,107203252.0,0.0
2024-07-09,190.036865,107303252.0,19003686.5
2024-07-10,191.474486,107753252.0,86163518.7
2024-07-11,189.068717,107453252.0,-56720615.099999994
2024-07-12,191.47726,107603252.0,28721589.0
2024-07-15,191.168824,107253252.0,-66909088.4
2024-07-16,194.655539,107353252.0,19465553.900000002
2024-07-17,191.511654,107203252.0,-28726748.099999998
2024-07-18,189.471714,106753252.0,-85262271.3
2024-07-19,187.761772,106803252.0,9388088.6
2024-07-22,189.901389,106953252.0,28485208.349999998
2024-07-23,189.052291,106853252.0,-18905229.1
2024-07-24,181.316372,106903252.0,9065818.6
2024-07-25,180.589732,105953252.0,-171560245.4
2024-07-26,182.589006,104953252.0,-182589006.0
2024-07-29,185.584596,104403252.0,-102071527.8
2024-07-30,184.663319,103853252.0,-101564825.45
2024-07-31,187.498075,103553252.0,-56249422.5
2024-08-01,182.939958,103403252.0,-27440993.7
2024-08-02,176.237569,102653252.0,-132178176.75
2024-08-05,171.238041,102403252.0,-42809510.25
2024-08-06,173.217835,101403252.0,-173217835.0
2024-08-07,169.993012,101653252.0,42498253.0
2024-08-08,173.733642,100753252.0,-156360277.8
2024-08-09,174.346965,101203252.0,78456134.25
2024-08-12,173.600296,100953252.0,-43400074.0
2024-08-13,177.966998,100853252.0,-17796699.8
2024-08-14,177.103945,100653252.0,-35420789.0
2024-08-15,182.7064,100803252.0,27405960.0
2024-08-16,183.16311,101053252.0,45790777.5
2024-08-19,185.411246,101353252.0,55623373.800000004
2024-08-20,185.220184,101353252.0,0.0
2024-08-21,187.606778,101653252.0,56282033.4
2024-08-22,184.236864,101303252.0,-64482902.4
2024-08-23,187.874897,100753252.0,-103331193.35000001
2024-08-26,186.393783,100553252.0,-37278756.6
2024-08-27,185.891836,100653252.0,18589183.6
2024-08-28,184.070161,100703252.0,9203508.05
2024-08-29,184.319308,100703252.0,0.0
2024-08-30,187.149466,100903252.0,37429893.199999996
2024-09-03,184.568839,100803252.0,-18456883.9
2024-09-04,185.114782,100053252.0,-138836086.5
2024-09-05,187.221222,98403252.0,-308915016.3
2024-09-06,182.344535,99153252.0,136758401.25
2024-09-09,185.026794,98053252.0,-203529473.4
2024-09-10,187.20045,98003252.0,-9360022.5
2024-09-11,189.076279,96603252.0,-264706790.6
2024-09-12,191.160708,96153252.0,-86022318.6
2024-09-13,192.475625,96103252.0,-9623781.25
2024-09-16,192.099931,96303252.0,38419986.2
2024-09-17,193.104364,96303252.0,0.0
2024-09-18,192.769406,96803252.0,96384703.0
2024-09-19,197.160817,96703252.0,-19716081.7
2024-09-20,196.711415,97203252.0,98355707.5
2024-09-23,198.624623,96953252.0,-49656155.75
2024-09-24,200.357332,97003252.0,10017866.600000001
2024-09-25,199.668287,96653252.0,-69883900.45
2024-09-26,200.508009,96403252.0,-50127002.25
2024-09-27,200.893069,97203252.0,160714455.2
2024-09-30,200.446037,97203252.0,0.0
2024-10-01,199.504582,97003252.0,-39900916.4
2024-10-02,197.830913,97803252.0,158264730.4
2024-10-03,195.527086,98003252.0,39105417.2
2024-10-04,198.207244,98853252.0,168476157.4
2024-10-07,195.042127,99503252.0,126777382.55
2024-10-08,196.998962,99403252.0,-19699896.2
2024-10-09,198.355482,99453252.0,9917774.1
2024-10-10,197.438875,100003252.0,108591381.25
2024-10-11,196.553779,100053252.0,9827688.95
2024-10-14,197.39709,99203252.0,-167787526.5
2024-10-15,197.841246,99203252.0,0.0
2024-10-16,198.813195,98853252.0,-69584618.25
2024-10-17,198.680455,99053252.0,39736091.0
2024-10-18,199.485682,99853252.0,159588545.6
2024-10-21,197.944261,99653252.0,-39588852.2
2024-10-22,197.13813,99953252.0,59141439.0
2024-10-23,194.068839,99903252.0,-9703441.95
2024-10-24,200.133911,100803252.0,180120519.9
2024-10-25,200.837027,101403252.0,120502216.2
2024-10-28,201.185831,101953252.0,110652207.05
2024-10-29,200.212152,101303252.0,-130137898.8
2024-10-30,199.865328,101653252.0,69952864.8
2024-10-31,196.976807,101303252.0,-68941882.45
2024-11-01,200.209394,101603252.0,60062818.2
2024-11-04,199.374825,100903252.0,-139562377.5
2024-11-05,202.8547,100953252.0,10142735.0
2024-11-06,209.472662,101203252.0,52368165.5
2024-11-07,212.120368,101453252.0,53030092.0
2024-11-08,215.086376,101453252.0,0.0
2024-11-11,219.401625,101453252.0,0.0
2024-11-12,216.52169,101853252.0,86608676.0
2024-11-13,218.311084,103253252.0,305635517.59999996
2024-11-14,215.290439,103503252.0,53822609.75
2024-11-15,213.414483,102503252.0,-213414483.0
2024-11-18,215.387067,102103252.0,-86154826.8
2024-11-19,215.579379,102103252.0,0.0
2024-11-20,214.636474,103503252.0,300491063.59999996
2024-11-21,214.98965,104103252.0,128993790.0
2024-11-22,218.119705,104653252.0,119965837.75
2024-11-25,220.244718,104553252.0,-22024471.8
2024-11-26,221.149179,105053252.0,110574589.5
2024-11-27,220.00015,105603252.0,121000082.5
2024-11-29,222.194082,105903252.0,66658224.6
2024-12-02,224.291063,105903252.0,0.0
2024-12-03,224.110736,105503252.0,-89644294.4
2024-12-04,226.209118,105053252.0,-101794103.1
2024-12-05,227.99294,104703252.0,-79797529.0
2024-12-06,232.851724,104203252.0,-116425862.0
2024-12-09,232.027352,103403252.0,-185621881.6
2024-12-10,232.423643,102853252.0,-127833003.65
2024-12-11,236.541229,103553252.0,165578860.29999998
2024-12-12,234.533655,103653252.0,23453365.5
2024-12-13,235.542393,103353252.0,-70662717.9
2024-12-16,238.67127,103153252.0,-47734254.0
2024-12-17,239.475528,103153252.0,0.0
2024-12-18,228.596602,102453252.0,-160017621.4
2024-12-19,228.363216,107753252.0,1210325044.8
2024-12-20,228.831332,107903252.0,34324699.8
2024-12-23,229.140917,101053252.0,-1569615281.45
2024-12-24,234.577813,101653252.0,140746687.79999998
2024-12-26,233.58494,101803252.0,35037741.0
2024-12-27,229.62939,101853252.0,11481469.5
2024-12-30,226.026125,102003252.0,33903918.75
2024-12-31,224.283796,102603252.0,134570277.6
2025-01-02,221.363773,102553252.0,-11068188.65
2025-01-03,225.906016,102653252.0,22590601.599999998
2025-01-06,226.765517,102903252.0,56691379.25
2025-01-07,222.356647,103103252.0,44471329.4
2025-01-08,223.083126,102553252.0,-122695719.3
2025-01-10,220.886571,102553252.0,0.0
2025-01-13,222.075266,102703252.0,33311289.9
2025-01-14,221.648845,102853252.0,33247326.75
2025-01-15,227.275629,103153252.0,68182688.7
2025-01-16,226.066119,103703252.0,124336365.44999999
2025-01-17,229.186576,103503252.0,-45837315.2
2025-01-21,230.969523,103353252.0,-34645428.45
2025-01-22,230.064723,103753252.0,92025889.19999999
2025-01-23,231.417546,103653252.0,-23141754.599999998
2025-01-24,230.079493,103703252.0,11503974.65
2025-01-27,231.284804,103703252.0,0.0
2025-01-28,231.593057,104303252.0,138955834.2
2025-01-29,230.997993,104653252.0,80849297.55
2025-01-30,233.22348,105703252.0,244884654.0
2025-01-31,232.218506,105703252.0,0.0
2025-02-03,229.025153,105503252.0,-45805030.6
2025-02-04,231.756157,105803252.0,69526847.1
2025-02-05,229.202167,105353252.0,-103140975.15
2025-02-06,230.050793,105803252.0,103522856.85
2025-02-07,225.572188,105903252.0,22557218.8
2025-02-10,226.338509,105853252.0,-11316925.45
2025-02-11,223.710271,105803252.0,-11185513.55
2025-02-12,223.757464,106003252.0,44751492.8
2025-02-13,227.211389,105203252.0,-181769111.2
2025-02-14,227.024521,105403252.0,45404904.199999996
2025-02-18,226.349877,105503252.0,22634987.7
2025-02-19,226.232644,103503252.0,-452465288.0
2025-02-20,224.238374,103453252.0,-11211918.7
2025-02-21,218.452048,104103252.0,141993831.2
2025-02-24,217.522348,103403252.0,-152265643.6
2025-02-25,216.41484,103853252.0,97386678.0
2025-02-26,215.569077,103803252.0,-10778453.85
2025-02-27,212.39303,103803252.0,0.0
2025-02-28,215.927147,103753252.0,-10796357.35
2025-03-03,211.945968,103603252.0,-31791895.2
2025-03-04,208.162546,102653252.0,-197754418.7
2025-03-05,211.342639,102853252.0,42268527.8
2025-03-06,206.011149,103653252.0,164808919.2
2025-03-07,205.729629,103953252.0,61718888.699999996
2025-03-10,198.394752,103553252.0,-79357900.8
2025-03-11,196.516235,103203252.0,-68780682.25
2025-03-12,197.57842,103303252.0,19757842.0
2025-03-13,192.767003,104203252.0,173490302.7
2025-03-14,196.757759,102903252.0,-255785086.7
2025-03-17,197.016745,103253252.0,68955860.75
2025-03-18,193.507232,103403252.0,29026084.799999997
2025-03-19,197.152832,103353252.0,-9857641.6
2025-03-20,196.71591,103503252.0,29507386.5
2025-03-21,197.343934,102753252.0,-148007950.5
2025-03-24,204.343691,102103252.0,-132823399.15
2025-03-25,206.004384,101753252.0,-72101534.39999999
2025-03-26,203.203629,101753252.0,0.0
2025-03-27,203.346569,101453252.0,-61003970.699999996
2025-03-28,197.193346,100803252.0,-128175674.89999999
2025-03-31,197.450032,100603252.0,-39490006.4
2025-04-01,199.582832,100753252.0,29937424.8
2025-04-02,203.351499,99303252.0,-294859673.55
2025-04-03,191.185918,99703252.0,76474367.19999999
2025-04-04,182.929681,98803252.0,-164636712.89999998
2025-04-07,180.755726,98053252.0,-135566794.5
2025-04-08,176.350302,96553252.0,-264525453.0
2025-04-09,195.523843,96503252.0,-9776192.15
2025-04-10,188.114356,97903252.0,263360098.39999998
2025-04-11,189.854679,97253252.0,-123405541.35000001
2025-04-14,190.298856,97253252.0,0.0
2025-04-15,188.948918,97803252.0,103921904.89999999
2025-04-16,184.17207,98003252.0,36834414.0
2025-04-17,185.423969,97753252.0,-46355992.25
2025-04-21,180.43883,97803252.0,9021941.5
2025-04-22,186.048817,98203252.0,74419526.80000001
2025-04-23,190.377952,97753252.0,-85670078.39999999
2025-04-24,194.145175,98203252.0,87365328.75
2025-04-25,197.576009,98053252.0,-29636401.35
2025-04-28,197.673897,98203252.0,29651084.55
2025-04-29,199.103788,97853252.0,-69686325.8
2025-04-30,197.300055,97953252.0,19730005.5
2025-05-01,198.458816,97603252.0,-69460585.60000001
2025-05-02,201.467558,97353252.0,-50366889.5
2025-05-05,199.183526,97653252.0,59755057.8
2025-05-06,197.484074,97953252.0,59245222.199999996
2025-05-07,199.047472,98253252.0,59714241.6
2025-05-08,201.411825,98653252.0,80564730.0
2025-05-09,202.314975,98603252.0,-10115748.75
2025-05-12,212.538896,98703252.0,21253889.599999998
2025-05-13,215.311311,99153252.0,96890089.94999999
2025-05-14,216.204054,99853252.0,151342837.8
2025-05-15,215.74385,99953252.0,21574385.0
2025-05-16,217.811049,100353252.0,87124419.6
2025-05-19,217.176143,100553252.0,43435228.6
2025-05-20,215.998182,100203252.0,-75599363.7
2025-05-21,211.662124,100303252.0,21166212.400000002
2025-05-22,212.540586,100153252.0,-31881087.9
2025-05-23,210.589983,100303252.0,31588497.45
2025-05-27,216.877965,100253252.0,-10843898.25
2025-05-28,214.759986,100253252.0,0.0
2025-05-29,215.029762,100303252.0,10751488.1
2025-05-30,214.028095,100203252.0,-21402809.5
2025-06-02,214.265796,100253252.0,10713289.799999999
2025-06-03,215.349403,100453252.0,43069880.6
2025-06-04,214.770676,100853252.0,85908270.4
2025-06-05,209.439622,101103252.0,52359905.5
2025-06-06,212.157975,101303252.0,42431595.0
2025-06-09,213.791763,101453252.0,32068764.45
2025-06-10,216.415845,101453252.0,0.0
2025-06-11,214.721405,101353252.0,-21472140.5
2025-06-12,213.748863,101103252.0,-53437215.75
2025-06-13,211.72243,101553252.0,95275093.5
2025-06-16,214.025273,101953252.0,85610109.2
2025-06-17,210.404441,102103252.0,31560666.15
2025-06-18,210.379862,102203252.0,21037986.2
2025-06-20,210.627142,102803252.0,126376285.19999999
2025-06-23,214.381418,102853252.0,10719070.9
2025-06-24,215.532467,103603252.0,161649350.25
2025-06-25,212.964216,102903252.0,-149074951.2
2025-06-26,215.011181,102853252.0,-10750559.049999999
2025-06-27,218.598173,103903252.0,229528081.65
2025-06-30,217.398061,103603252.0,-65219418.300000004
2025-07-01,218.251718,103503252.0,-21825171.8
2025-07-02,220.125307,104303252.0,176100245.6
2025-07-03,221.430588,103653252.0,-143929882.2
2025-07-07,218.523998,103403252.0,-54630999.5
2025-07-08,217.645945,103053252.0,-76176080.75
2025-07-09,218.960246,102303252.0,-164220184.5
2025-07-10,221.352864,102153252.0,-33202929.6
2025-07-11,221.431383,102353252.0,44286276.6
2025-07-14,222.209716,102453252.0,22220971.599999998
2025-07-15,219.06978,102603252.0,32860467.0
2025-07-16,219.497815,102753252.0,32924672.25
2025-07-17,220.306578,101553252.0,-264367893.6
2025-07-18,222.233036,101803252.0,55558259.0
2025-07-21,223.15753,101703252.0,-22315753.0
2025-07-22,225.518467,101603252.0,-22551846.7
2025-07-23,226.523706,101703252.0,22652370.6
2025-07-24,222.755475,101353252.0,-77964416.25
2025-07-25,224.898106,100653252.0,-157428674.20000002
2025-07-28,226.214731,100653252.0,0.0
2025-07-29,224.5844,100403252.0,-56146100.0
2025-07-30,223.196992,100403252.0,0.0
2025-07-31,221.414158,100403252.0,0.0
2025-08-01,216.091122,100553252.0,32413668.3
2025-08-04,218.653577,98903252.0,-360778402.05
2025-08-05,218.923141,99253252.0,76623099.35
2025-08-06,223.410211,99453252.0,44682042.2
2025-08-07,223.410724,99653252.0,44682144.8
2025-08-08,223.790994,99503252.0,-33568649.1
2025-08-11,224.263559,99403252.0,-22426355.9
2025-08-12,226.765268,99103252.0,-68029580.39999999
2025-08-13,229.796974,99203252.0,22979697.400000002
2025-08-14,229.60036,99553252.0,80360126.0
2025-08-15,228.996616,99353252.0,-45799323.199999996
2025-08-18,229.956834,99603252.0,57489208.5
2025-08-19,229.831824,99753252.0,34474773.6
2025-08-20,227.601495,99603252.0,-34140224.25
2025-08-21,226.227655,99253252.0,-79179679.25
2025-08-22,233.082284,99853252.0,139849370.4
2025-08-25,232.688332,100653252.0,186150665.6
2025-08-26,233.637627,100103252.0,-128500694.85000001
2025-08-27,233.787803,99903252.0,-46757560.6
2025-08-28,234.132033,100253252.0,81946211.55
2025-08-29,231.712511,100303252.0,11585625.55
2025-09-02,230.03213,100353252.0,11501606.5
2025-09-03,230.968061,100953252.0,138580836.6
2025-09-04,235.16065,101153252.0,47032130.0
2025-09-05,235.143022,102653252.0,352714533.0
2025-09-08,236.038129,102703252.0,11801906.45
2025-09-09,235.665855,102553252.0,-35349878.25
2025-09-10,232.847948,102453252.0,-23284794.8
2025-09-11,237.382298,102253252.0,-47476459.6
2025-09-12,238.618621,103353252.0,262480483.1
2025-09-15,240.676028,103353252.0,0.0
2025-09-16,242.162607,102353252.0,-242162607.0
2025-09-17,241.698491,102503252.0,36254773.65
2025-09-18,240.547401,102353252.0,-36082110.15
2025-09-19,241.23392,102553252.0,48246784.0
2025-09-22,240.210754,101703252.0,-204179140.9
2025-09-23,237.886514,102153252.0,107048931.3
2025-09-24,239.608575,101953252.0,-47921715.0
2025-09-25,236.26953,102053252.0,23626953.0
2025-09-26,239.730234,102353252.0,71919070.2
2025-09-29,240.786638,102353252.0,0.0
2025-09-30,239.669269,102703252.0,83884244.15
2025-10-01,241.129433,102803252.0,24112943.3
2025-10-02,239.359411,103003252.0,47871882.199999996
2025-10-03,237.825234,102453252.0,-130803878.7
2025-10-06,239.926288,101703252.0,-179944716.0
2025-10-07,235.795854,101703252.0,0.0
2025-10-08,236.404273,101903252.0,47280854.6
2025-10-09,235.195105,101903252.0,0.0
2025-10-10,228.780556,101903252.0,0.0
2025-10-13,233.917916,102553252.0,152046645.4
2025-10-14,234.359901,102803252.0,58589975.25
2025-10-15,234.668079,103203252.0,93867231.60000001
2025-10-16,232.430612,102653252.0,-127836836.6
2025-10-17,234.40815,102553252.0,-23440815.0
2025-10-20,236.316972,103153252.0,141790183.2
2025-10-21,239.157437,103053252.0,-23915743.7
2025-10-22,237.275294,103603252.0,130501411.7
2025-10-23,238.3863,103553252.0,-11919315.0
2025-10-24,237.693427,103053252.0,-118846713.5
2025-10-27,241.096841,102603252.0,-108493578.45
2025-10-28,241.065851,102653252.0,12053292.55
2025-10-29,239.13825,102653252.0,0.0
2025-10-30,233.728779,102603252.0,-11686438.95
2025-10-31,239.853955,102853252.0,59963488.75
2025-11-03,242.160861,103453252.0,145296516.6
2025-11-04,238.135429,103553252.0,23813542.9
2025-11-05,241.005898,103203252.0,-84352064.3
2025-11-06,235.406108,103953252.0,176554581.0
2025-11-07,235.860245,103453252.0,-117930122.5
2025-11-10,238.954723,103353252.0,-23895472.3
2025-11-11,239.533162,103203252.0,-35929974.3
2025-11-12,237.896044,102353252.0,-202211637.39999998
2025-11-13,232.026151,101803252.0,-127614383.05
2025-11-14,230.922325,101403252.0,-92368930.0
2025-11-17,228.711531,101853252.0,102920188.95
2025-11-18,224.456815,101003252.0,-190788292.75
2025-11-19,224.488356,99253252.0,-392854623.0
2025-11-20,221.131915,98953252.0,-66339574.5
2025-11-21,225.472616,98853252.0,-22547261.599999998
2025-11-24,228.58819,99003252.0,34288228.5
2025-11-25,233.440839,98553252.0,-105048377.55000001
2025-11-26,234.975233,98453252.0,-23497523.3
2025-11-28,236.527342,98353252.0,-23652734.2
2025-12-01,236.51699,98353252.0,0.0
2025-12-02,236.443038,98703252.0,82755063.3
2025-12-03,238.95467,98853252.0,35843200.5
2025-12-04,238.183715,101703252.0,678823587.75
2025-12-05,119.744548,198306504.0,11567712746.070095
2025-12-08,117.962678,198406504.0,11796267.799999999
2025-12-09,117.973819,198306504.0,-11797381.9
2025-12-10,119.72799,199406504.0,131700789.0
2025-12-11,120.161829,200906504.0,180242743.5
2025-12-12,120.681049,201606504.0,84476734.3
2025-12-15,121.714517,201406504.0,-24342903.4
2025-12-16,121.952024,201806504.0,48780809.6
2025-12-17,120.528044,201306504.0,-60264022.0
2025-12-18,122.324456,201706504.0,48929782.4
2025-12-19,121.843423,201706504.0,0.0
2025-12-22,122.327178,200406504.0,-159025331.4
2025-12-23,122.172661,200356504.0,-6108633.05
2025-12-24,122.590501,202556504.0,269699102.2
2025-12-26,122.029154,203556504.0,122029154.0
2025-12-29,120.839949,203606504.0,6041997.45
2025-12-30,120.348349,203456504.0,-18052252.35
2025-12-31,119.389848,203906504.0,53725431.6
2026-01-02,118.377725,204156504.0,29594431.25
2026-01-05,120.319349,201956504.0,-264702567.8
2026-01-06,121.10109,202606504.0,78715708.5
2026-01-07,120.909796,200056504.0,-308319979.8
2026-01-08,122.933982,199806504.0,-30733495.5
2026-01-09,124.422518,199506504.0,-37326755.4
2026-01-12,124.532688,198706504.0,-99626150.39999999
2026-01-13,124.216779,198306504.0,-49686711.6
2026-01-14,122.259475,197706504.0,-73355685.0
2026-01-15,122.714255,198306504.0,73628553.0
2026-01-16,122.298208,196956504.0,-165102580.8
2026-01-20,119.126523,197056504.0,11912652.3
2026-01-21,121.403752,197156504.0,12140375.2
2026-01-22,122.639822,197006504.0,-18395973.3
2026-01-23,123.147262,196306504.0,-86203083.39999999
2026-01-26,122.3106,196356504.0,6115530.0
2026-01-27,122.66735,196106504.0,-30666837.5
2026-01-28,121.787655,196206504.0,12178765.5
2026-01-29,121.232741,196056504.0,-18184911.150000002
2026-01-30,121.148564,197056504.0,121148564.0
2026-02-02,121.978412,197506504.0,54890285.400000006
2026-02-03,120.973343,197006504.0,-60486671.5
2026-02-04,120.144569,196456504.0,-66079512.95
2026-02-05,117.576497,195906504.0,-64667073.35
2026-02-06,118.00412,195306504.0,-70802472.0
2026-02-09,117.585172,191956504.0,-393910326.2
2026-02-10,118.330593,192356504.0,47332237.199999996
2026-02-11,117.789148,192956504.0,70673488.8
2026-02-12,116.1536,192756504.0,-23230720.0
2026-02-13,116.180747,191856504.0,-104562672.3
2026-02-17,116.013468,191856504.0,0.0
2026-02-18,117.042193,191756504.0,-11704219.299999999
2026-02-19,116.221218,191856504.0,11622121.799999999
2026-02-20,117.433843,191706504.0,-17615076.45
2026-02-23,114.973265,191656504.0,-5748663.25
2026-02-24,116.725542,193356504.0,198433421.4
2026-02-25,117.080245,194506504.0,134642281.75
2026-02-26,117.044665,194156504.0,-40965632.75
2026-02-27,116.868517,194556504.0,46747406.8
2026-03-02,115.451375,194706504.0,17317706.25
2026-03-03,114.339834,196056504.0,154358775.9
2026-03-04,116.362701,195406504.0,-75635755.65
2026-03-05,116.54359,197256504.0,215605641.5
2026-03-06,114.486875,197906504.0,74416468.75
2026-03-09,114.612342,197906504.0,0.0
2026-03-10,114.44389,197056504.0,-97277306.5
2026-03-11,114.131939,197056504.0,0.0
2026-03-12,111.532437,197056504.0,0.0
2026-03-13,110.889576,197106504.0,5544478.8
2026-03-16,112.213976,196856504.0,-28053494.0
2026-03-17,113.179554,196906504.0,5658977.7
2026-03-18,110.576018,197156504.0,27644004.5
2026-03-19,109.719694,197656504.0,54859847.0
2026-03-20,107.721045,197606504.0,-5386052.25
2026-03-23,110.126697,198606504.0,110126697.0
2026-03-24,109.676206,199406504.0,87740964.8
2026-03-25,110.734933,199956504.0,60904213.15
2026-03-26,108.802654,198656504.0,-141443450.20000002
2026-03-27,105.682272,197456504.0,-126818726.39999999
2026-03-30,105.646439,197256504.0,-21129287.8
2026-03-31,108.968868,196806504.0,-49035990.6
2026-04-01,109.829729,194656504.0,-236133917.35
2026-04-02,108.177876,192106504.0,-275853583.8
2026-04-06,109.056572,191806504.0,-32716971.6
2026-04-07,107.756683,192356504.0,59266175.65
2026-04-08,110.825677,192506504.0,16623851.55
2026-04-09,112.748626,194406504.0,214222389.4
2026-04-10,112.896441,194606504.0,22579288.2
2026-04-13,113.931602,194056504.0,-62662381.1
2026-04-14,116.424455,193706504.0,-40748559.25
2026-04-15,118.166935,193606504.0,-11816693.5
2026-04-16,117.666635,193456504.0,-17649995.25
2026-04-17,120.442372,193106504.0,-42154830.2
2026-04-20,119.846782,192906504.0,-23969356.400000002
2026-04-21,118.986455,193706504.0,95189164.0
2026-04-22,118.982029,192306504.0,-166574840.6
2026-04-23,117.737071,198806504.0,765290961.5
2026-04-24,118.708419,195256504.0,-421414887.45000005
2026-04-27,117.847935,194806504.0,-53031570.75
2026-04-28,116.993761,194406504.0,-46797504.400000006
2026-04-29,116.80323,193256504.0,-134323714.5
2026-04-30,118.325593,195456504.0,260316304.6
2026-05-01,118.590972,195456504.0,0.0
2026-05-04,117.745065,193256504.0,-259039143.0
2026-05-05,118.078353,193456504.0,23615670.6
2026-05-06,119.934611,192806504.0,-77957497.15
2026-05-07,119.864251,190606504.0,-263701352.2
2026-05-08,120.226254,190356504.0,-30056563.5
2026-05-11,119.359558,190456504.0,11935955.8
2026-05-12,118.270137,191206504.0,88702602.75
2026-05-13,118.731486,191456504.0,29682871.5
2026-05-14,118.668622,192106504.0,77134604.3
2026-05-15,116.504471,192906504.0,93203576.8
2026-05-18,116.288385,194356504.0,168618158.25
2026-05-19,114.991703,190456504.0,-448467641.7
2026-05-20,117.934864,191056504.0,70760918.4
2026-05-21,118.689443,190956504.0,-11868944.299999999
2026-05-22,119.183927,191256504.0,35755178.1
2026-05-26,119.428759,191256504.0,0.0
2026-05-27,121.505759,191556504.0,36451727.7
2026-05-28,122.084325,196006504.0,543275246.25
2026-05-29,120.900137,196706504.0,84630095.9
2026-06-01,118.219569,196656504.0,-5910978.45
2026-06-02,117.562022,194156504.0,-293905055.0
2026-06-03,116.714095,193506504.0,-75864161.75
2026-06-04,117.211661,193806504.0,35163498.300000004
2026-06-05,114.848388,193206504.0,-68909032.8
2026-06-08,115.402705,193056504.0,-17310405.75
2026-06-09,115.89296,193256504.0,23178592.0
2026-06-10,113.490425,193256504.0,0.0
2026-06-11,116.356878,192106504.0,-133810409.69999999
2026-06-12,116.626351,192406504.0,34987905.3
2026-06-15,118.564593,192506504.0,11856459.3
2026-06-16,118.458889,192456504.0,-5922944.45
2026-06-17,115.473171,192456504.0,0.0
2026-06-18,117.214847,193006504.0,64468165.85
2026-06-22,114.917132,191156504.0,-212596694.2
2026-06-23,113.747505,192306504.0,130809630.75
2026-06-24,115.050269,190006504.0,-264615618.7
2026-06-25,113.32455,191206504.0,135989460.0
2026-06-26,114.750049,192056504.0,97537541.65
2026-06-29,117.122437,190806504.0,-146403046.25
2026-06-30,117.303596,192606504.0,211146472.8
2026-07-01,118.045424,193106504.0,59022712.0
2026-07-02,117.209811,193906504.0,93767848.8
2026-07-06,117.964451,191606504.0,-271318237.3
2026-07-07,117.374791,194806504.0,375599331.2
2026-07-08,115.311325,194756504.0,-5765566.25
2026-07-09,116.881632,193356504.0,-163634284.79999998
2026-07-10,117.211688,194306504.0,111351103.6
2026-07-13,116.005605,194306504.0,0.0
2026-07-14,115.894781,195206504.0,104305302.89999999
2026-07-15,116.970239,195006504.0,-23394047.8
2026-07-16,117.346014,195556504.0,64540307.699999996
2026-07-17,115.415203,196056504.0,57707601.5
2026-07-20,114.608581,196156504.0,11460858.1
2026-07-21,114.874639,195656504.0,-57437319.5
2026-07-22,114.049384,196106504.0,51322222.800000004
2026-07-23,108.791721,194806504.0,-141429237.29999998
2026-07-24,109.427344,192956504.0,-202440586.4
2026-07-27,110.859569,194256504.0,144117439.7
2026-07-28,112.471988,194356504.0,11247198.799999999
2026-07-29,111.56604,193806504.0,-61361322.0
2026-07-30,112.353723,193806504.0,0.0
2026-07-31,116.04934,193506504.0,-34814802.0
2026-08-03,118.219995,195956504.0,289638987.75
2026-08-04,118.292134,197356504.0,165608987.6
2026-08-05,118.639244,198356504.0,118639244.0
2026-08-06,118.128081,198556504.0,23625616.2
2026-08-07,119.844673,199306504.0,89883504.75
2026-08-10,119.69358,199306504.0,0.0
2026-08-11,119.278496,198156504.0,-137170270.4
2026-08-12,117.88357,198206504.0,5894178.5
2026-08-13,118.441044,198206504.0,0.0
2026-08-14,118.206428,198306504.0,11820642.8
2026-08-17,116.719156,198156504.0,-17507873.4
2026-08-18,116.365027,198256504.0,11636502.7
2026-08-19,118.552136,197306504.0,-112624529.2
2026-08-20,116.645992,197006504.0,-34993797.6
2026-08-21,118.008038,196406504.0,-70804822.8
2026-08-24,118.278183,196056504.0,-41397364.05
2026-08-25,117.951241,195806504.0,-29487810.25
2026-08-26,117.150163,195256504.0,-64432589.650000006
2026-08-27,115.902569,195256504.0,0.0
2026-08-28,117.208055,195556504.0,35162416.5
2026-08-31,116.602034,195106504.0,-52470915.300000004
2026-09-01,114.578674,200206504.0,584351237.4
2026-09-02,114.884391,194356504.0,-672073687.3499999
2026-09-03,116.45959,194006504.0,-40760856.5
2026-09-04,114.908667,194306504.0,34472600.1
2026-09-08,114.019228,192706504.0,-182430764.8
2026-09-09,112.47149,191556504.0,-129342213.5
2026-09-10,111.949088,190256504.0,-145533814.4
2026-09-11,112.936189,189656504.0,-67761713.4
2026-09-14,112.81847,189656504.0,0.0
2026-09-15,110.848597,189456504.0,-22169719.4
2026-09-16,110.144517,195006504.0,611302069.3499999
2026-09-17,111.398097,195606504.0,66838858.2
2026-09-18,111.062217,196106504.0,55531108.5
2026-09-21,112.197489,196106504.0,0.0
2026-09-22,112.323206,196706504.0,67393923.6
2026-09-23,110.612435,197056504.0,38714352.25
2026-09-24,110.330005,197056504.0,0.0
2026-09-25,110.54012,196856504.0,-22108024.0
2026-09-28,108.963493,197506504.0,70826270.45
2026-09-29,109.116788,197406504.0,-10911678.8
2026-09-30,108.837758,195456504.0,-212233628.1
2026-10-01,108.810011,194706504.0,-81607508.25
2026-10-02,110.013645,194556504.0,-16502046.75
2026-10-05,110.380174,195006504.0,49671078.3
2026-10-06,111.734823,195706504.0,78214376.10000001
