date,nav,shares,flow
2006-05-31,32.200898,28011537.0,
2006-06-01,32.552975,28011537.0,0.0
2006-06-02,32.81406,28011537.0,0.0
2006-06-05,31.861129,28511537.0,15930564.5
2006-06-06,31.610811,27861537.0,-20547027.150000002
2006-06-07,30.892413,26611537.0,-38615516.25
2006-06-08,30.869384,25161537.0,-44760606.8
2006-06-09,30.666823,25161537.0,0.0
2006-06-12,30.121153,25161537.0,0.0
2006-06-13,29.553501,25161537.0,0.0
2006-06-14,30.022515,21761537.0,-102076551.0
2006-06-15,30.983319,24061537.0,71261633.7
2006-06-16,30.580664,23961537.0,-3058066.4
2006-06-19,30.009485,29561537.0,168053116.0
2006-06-20,30.096465,29011537.0,-16553055.75
2006-06-21,30.8221,33361537.0,134076135.0
2006-06-22,30.696099,38211537.0,148876080.15
2006-06-23,30.90639,38211537.0,0.0
2006-06-26,31.011025,38211537.0,0.0
2006-06-27,30.599709,38961537.0,22949781.75
2006-06-28,30.714938,40911537.0,59894129.1
2006-06-29,31.907622,40911537.0,0.0
2006-06-30,32.054497,40811537.0,-3205449.6999999997
2006-07-03,32.499626,37811537.0,-97498878.0
2006-07-05,32.075527,38461537.0,20849092.55
2006-07-06,32.10652,38811537.0,11237282.000000002
2006-07-07,31.786265,39411537.0,19071759.0
2006-07-10,31.882178,38311537.0,-35070395.8
2006-07-11,31.84555,38311537.0,0.0
2006-07-12,31.616175,37011537.0,-41101027.5
2006-07-13,30.725565,33411537.0,-110612034.0
2006-07-14,30.759896,32661537.0,-23069922.0
2006-07-17,30.387683,32661537.0,0.0
2006-07-18,30.50326,32661537.0,0.0
2006-07-19,31.324292,31661537.0,-31324292.0
2006-07-20,30.533873,31661537.0,0.0
2006-07-21,30.052498,31911537.0,7513124.5
2006-07-24,30.520912,31911537.0,0.0
2006-07-25,30.956425,30911537.0,-30956425.0
2006-07-26,30.897127,30911537.0,0.0
2006-07-27,30.253846,30361537.0,-16639615.299999999
2006-07-28,30.758332,29861537.0,-15379166.0
2006-07-31,30.923914,29361537.0,-15461957.0
2006-08-01,30.678561,29361537.0,0.0
2006-08-02,31.139596,28812987.0,-17081625.3858
2006-08-03,31.324767,28812987.0,0.0
2006-08-04,31.182107,29712987.0,28063896.299999997
2006-08-07,31.304174,29712987.0,0.0
2006-08-08,31.010375,29712987.0,0.0
2006-08-09,31.031481,27412987.0,-71372406.3
2006-08-10,31.102919,27412987.0,0.0
2006-08-11,30.769708,27412987.0,0.0
2006-08-14,30.704303,27412987.0,0.0
2006-08-15,31.273712,27412987.0,0.0
2006-08-16,31.816184,26562987.0,-27043756.4
2006-08-17,31.679382,28062987.0,47519073.0
2006-08-18,31.694958,28062987.0,0.0
2006-08-21,31.666381,28062987.0,0.0
2006-08-22,31.811616,28062987.0,0.0
2006-08-23,31.742218,26662987.0,-44439105.2
2006-08-24,31.473211,25262987.0,-44062495.4
2006-08-25,31.572819,25262987.0,0.0
2006-08-28,31.526304,23162987.0,-66205238.4
2006-08-29,31.697358,23162987.0,0.0
2006-08-30,31.687399,23162987.0,0.0
2006-08-31,31.847715,23162987.0,0.0
2006-09-01,32.19745,23362987.0,6439490.000000001
2006-09-05,32.345783,22862987.0,-16172891.499999998
2006-09-06,31.9894,24512987.0,52782510.0
2006-09-07,31.627309,24512987.0,0.0
2006-09-08,31.70794,24512987.0,0.0
2006-09-11,30.856047,24512987.0,0.0
2006-09-12,31.203678,23612987.0,-28083310.2
2006-09-13,31.4671,22612987.0,-31467100.0
2006-09-14,31.317536,22612987.0,0.0
2006-09-15,31.221915,20012987.0,-81176979.0
2006-09-18,31.566862,25312987.0,167304368.6
2006-09-19,31.208201,25312987.0,0.0
2006-09-20,31.377901,25112987.0,-6275580.2
2006-09-21,31.165373,29112987.0,124661492.0
2006-09-22,31.097786,29762987.0,20213560.9
2006-09-25,31.280825,29462987.0,-9384247.5
2006-09-26,31.85793,23912987.0,-176811511.5
2006-09-27,31.805853,21062987.0,-90646681.05
2006-09-28,31.912531,21064115.0,35997.334968
2006-09-29,31.667365,21064115.0,0.0
2006-10-02,31.646749,22214115.0,36393761.35
2006-10-03,31.29128,22214115.0,0.0
2006-10-04,31.349471,22214115.0,0.0
2006-10-05,31.822826,22614115.0,12729130.4
2006-10-06,31.979935,21764115.0,-27182944.75
2006-10-09,32.250972,21764115.0,0.0
2006-10-10,32.383129,21764115.0,0.0
2006-10-11,32.070084,22164115.0,12828033.6
2006-10-12,32.464925,22164115.0,0.0
2006-10-13,32.758561,22714115.0,18017208.55
2006-10-16,33.005778,22714115.0,0.0
2006-10-17,32.762362,23114115.0,13104944.8
2006-10-18,32.691275,23664115.0,17980201.25
2006-10-19,32.896397,23664115.0,0.0
2006-10-20,32.72387,23814115.0,4908580.5
2006-10-23,32.874372,25564115.0,57530151.0
2006-10-24,33.283895,27414115.0,61575205.75
2006-10-25,33.19486,26464115.0,-31535117.0
2006-10-26,33.356755,26464115.0,0.0
2006-10-27,33.344466,24714115.0,-58352815.49999999
2006-10-30,33.467955,24714115.0,0.0
2006-10-31,33.51363,26014115.0,43567719.0
2006-11-01,33.269047,25414115.0,-19961428.2
2006-11-02,33.392728,25414115.0,0.0
2006-11-03,33.272031,25414115.0,0.0
2006-11-06,33.668783,25414115.0,0.0
2006-11-07,33.589951,26914115.0,50384926.5
2006-11-08,33.668304,26914115.0,0.0
2006-11-09,33.964138,26914115.0,0.0
2006-11-10,33.712395,26014115.0,-30341155.5
2006-11-13,34.003309,26014115.0,0.0
2006-11-14,33.993898,26014115.0,0.0
2006-11-15,34.089905,25714115.0,-10226971.5
2006-11-16,33.964925,25714115.0,0.0
2006-11-17,33.943291,26364115.0,22063139.150000002
2006-11-20,34.373181,26664115.0,10311954.3
2006-11-21,34.568842,27314115.0,22469747.299999997
2006-11-22,35.006869,27314115.0,0.0
2006-11-24,35.030788,27064115.0,-8757697.0
2006-11-27,34.5034,27064115.0,0.0
2006-11-28,34.540543,25814115.0,-43175678.75
2006-11-29,34.907475,24464115.0,-47125091.25
2006-11-30,34.963623,24464115.0,0.0
2006-12-01,34.73411,23964115.0,-17367055.0
2006-12-04,35.251939,22964115.0,-35251939.0
2006-12-05,35.355184,22964115.0,0.0
2006-12-06,35.325315,25164115.0,77715693.0
2006-12-07,35.467062,28714115.0,125908070.1
2006-12-08,35.539201,30714115.0,71078402.0
2006-12-11,35.463627,32714115.0,70927254.0
2006-12-12,35.076518,32714115.0,0.0
2006-12-13,35.16372,34764115.0,72085626.0
2006-12-14,35.453967,34764115.0,0.0
2006-12-15,35.37474,28464115.0,-222860862.00000003
2006-12-18,35.018868,33614115.0,180347170.2
2006-12-19,35.262778,35614115.0,70525556.0
2006-12-20,35.118717,35614115.0,0.0
2006-12-21,34.666621,32614115.0,-103999863.0
2006-12-22,34.461576,31914115.0,-24123103.2
2006-12-26,34.780761,31914115.0,0.0
2006-12-27,35.149187,31114115.0,-28119349.599999998
2006-12-28,35.052685,28766088.0,-82304650.80249499
2006-12-29,34.842958,29416088.0,22647922.700000003
2007-01-03,34.687635,29416088.0,0.0
2007-01-04,34.41004,27416088.0,-68820080.0
2007-01-05,34.211025,27716088.0,10263307.5
2007-01-08,34.244626,27416088.0,-10273387.799999999
2007-01-09,34.231104,27416088.0,0.0
2007-01-10,34.422365,27066088.0,-12047827.75
2007-01-11,34.827002,27266088.0,6965400.4
2007-01-12,35.216282,28116088.0,29933839.7
2007-01-16,35.31717,27166088.0,-33551311.499999996
2007-01-17,35.392381,27166088.0,0.0
2007-01-18,35.222876,28016088.0,29939444.599999998
2007-01-19,35.758118,28016088.0,0.0
2007-01-22,35.400374,31216088.0,113281196.8
2007-01-23,35.839175,31216088.0,0.0
2007-01-24,36.261253,32516088.0,47139628.900000006
2007-01-25,36.063918,32516088.0,0.0
2007-01-26,36.06715,32516088.0,0.0
2007-01-29,35.890229,32216088.0,-10767068.7
2007-01-30,36.003232,29766088.0,-88207918.39999999
2007-01-31,36.428504,30316088.0,20035677.2
2007-02-01,36.675051,29766088.0,-20171278.05
2007-02-02,36.630685,29766088.0,0.0
2007-02-05,36.479146,28616088.0,-41951017.9
2007-02-06,36.727634,28566088.0,-1836381.7000000002
2007-02-07,36.760804,29966088.0,51465125.6
2007-02-08,36.761095,28266088.0,-62493861.49999999
2007-02-09,36.653781,33266088.0,183268905.0
2007-02-12,36.709439,33266088.0,0.0
2007-02-13,37.47134,30466088.0,-104919752.0
2007-02-14,37.686539,33166088.0,101753655.30000001
2007-02-15,37.88203,34016088.0,32199725.5
2007-02-16,37.972396,35016088.0,37972396.0
2007-02-20,38.037198,35516088.0,19018599.0
2007-02-21,38.448121,30866088.0,-178783762.65
2007-02-22,38.297004,32116088.0,47871255.0
2007-02-23,38.335813,26916088.0,-199346227.6
2007-02-26,38.679117,33416088.0,251414260.5
2007-02-27,37.072053,25816088.0,-281747602.79999995
2007-02-28,37.242335,25216088.0,-22345401.0
2007-03-01,37.031693,32366088.0,264776604.95
2007-03-02,36.387515,31816088.0,-20013133.25
2007-03-05,35.941258,30616088.0,-43129509.599999994
2007-03-06,36.680098,30616088.0,0.0
2007-03-07,36.59132,30766088.0,5488698.000000001
2007-03-08,37.057158,37016088.0,231607237.5
2007-03-09,37.229789,35816088.0,-44675746.8
2007-03-12,37.449216,27116088.0,-325808179.2
2007-03-13,36.495528,26816088.0,-10948658.4
2007-03-14,36.779409,27616088.0,29423527.2
2007-03-15,37.363297,31016088.0,127035209.80000001
2007-03-16,37.020525,32216088.0,44424630.0
2007-03-19,37.548908,37316088.0,191499430.79999998
2007-03-20,37.795355,37366088.0,1889767.75
2007-03-21,38.21887,38116088.0,28664152.500000004
2007-03-22,38.056431,38166088.0,1902821.5500000003
2007-03-23,38.202375,38166088.0,0.0
2007-03-26,38.565455,37216088.0,-36637182.25
2007-03-27,38.114288,37366088.0,5717143.2
2007-03-28,37.794651,37466088.0,3779465.1
2007-03-29,37.980159,33766300.0,-140518536.50629202
2007-03-30,37.960785,33766300.0,0.0
2007-04-02,38.035032,33166300.0,-22821019.2
2007-04-03,38.481596,33166300.0,0.0
2007-04-04,38.482459,33666300.0,19241229.5
2007-04-05,38.448443,33016300.0,-24991487.95
2007-04-09,38.934607,30466300.0,-99283247.85
2007-04-10,38.703621,29866300.0,-23222172.599999998
2007-04-11,38.409996,29916300.0,1920499.8
2007-04-12,38.758362,27816300.0,-81392560.2
2007-04-13,38.86065,28716300.0,34974585.0
2007-04-16,39.292958,29566300.0,33399014.3
2007-04-17,39.065246,29666300.0,3906524.6
2007-04-18,38.76962,29216300.0,-17446329.0
2007-04-19,38.675349,29216300.0,0.0
2007-04-20,39.097066,28466300.0,-29322799.5
2007-04-23,39.057499,28416300.0,-1952874.95
2007-04-24,38.881687,29066300.0,25273096.55
2007-04-25,39.504367,26766300.0,-90860044.10000001
2007-04-26,39.400674,26766300.0,0.0
2007-04-27,39.30996,26866300.0,3930995.9999999995
2007-04-30,38.702096,25566300.0,-50312724.8
2007-05-01,38.43128,25016300.0,-21137204.0
2007-05-02,38.901666,24016300.0,-38901666.0
2007-05-03,39.181263,21016300.0,-117543789.0
2007-05-04,39.414429,25116300.0,161599158.9
2007-05-07,39.924257,25616300.0,19962128.5
2007-05-08,39.913814,25966300.0,13969834.9
2007-05-09,40.112173,30816300.0,194544039.04999998
2007-05-10,39.393655,31816300.0,39393655.0
2007-05-11,39.766321,35116300.0,131228859.3
2007-05-14,39.601295,35316300.0,7920259.0
2007-05-15,39.989847,34516300.0,-31991877.599999998
2007-05-16,40.097082,31516300.0,-120291246.0
2007-05-17,40.127121,28616300.0,-116368650.9
2007-05-18,40.357316,28716300.0,4035731.5999999996
2007-05-21,40.314493,28266300.0,-18141521.849999998
2007-05-22,40.15152,28316300.0,2007576.0
2007-05-23,40.247708,28466300.0,6037156.2
2007-05-24,39.783314,27666300.0,-31826651.2
2007-05-25,40.253193,27016300.0,-26164575.450000003
2007-05-29,40.167348,25016300.0,-80334696.0
2007-05-30,40.703205,26016300.0,40703205.0
2007-05-31,40.884567,26016300.0,0.0
2007-06-01,41.348384,26116300.0,4134838.4000000004
2007-06-04,41.23457,27116300.0,41234570.0
2007-06-05,41.091145,29616300.0,102727862.5
2007-06-06,40.52669,29616300.0,0.0
2007-06-07,39.633964,25616300.0,-158535856.0
2007-06-08,40.339404,28516300.0,116984271.60000001
2007-06-11,40.03307,27466300.0,-42034723.5
2007-06-12,39.598959,26466300.0,-39598959.0
2007-06-13,40.480682,26166300.0,-12144204.6
2007-06-14,40.749597,26166300.0,0.0
2007-06-15,41.009345,21116300.0,-207097192.25000003
2007-06-18,41.001533,25616300.0,184506898.5
2007-06-19,41.200499,29866300.0,175102120.75
2007-06-20,40.670076,30566300.0,28469053.200000003
2007-06-21,41.069495,30566300.0,0.0
2007-06-22,40.785812,30566300.0,0.0
2007-06-25,40.374159,32216300.0,66617362.35
2007-06-26,39.875288,32216300.0,0.0
2007-06-27,40.107511,32666300.0,18048379.95
2007-06-28,40.179251,32667102.0,32223.759302000002
2007-06-29,40.434688,32017102.0,-26282547.2
2007-07-02,41.062817,32017102.0,0.0
2007-07-03,41.104188,32117102.0,4110418.8000000003
2007-07-05,41.215766,32267102.0,6182364.9
2007-07-06,41.484639,32817102.0,22816551.45
2007-07-09,41.631503,32817102.0,0.0
2007-07-10,40.919181,31967102.0,-34781303.85
2007-07-11,41.341833,31717102.0,-10335458.25
2007-07-12,42.463083,31717102.0,0.0
2007-07-13,42.921533,33217102.0,64382299.49999999
2007-07-16,42.618049,36317102.0,132115951.89999999
2007-07-17,42.884134,36317102.0,0.0
2007-07-18,43.100099,35567102.0,-32325074.25
2007-07-19,43.227421,36767102.0,51872905.2
2007-07-20,42.61927,36767102.0,0.0
2007-07-23,42.734801,36367102.0,-17093920.4
2007-07-24,41.743014,37367102.0,41743014.0
2007-07-25,41.276551,36367102.0,-41276551.0
2007-07-26,39.772661,34017102.0,-93465753.35
2007-07-27,38.992762,31217102.0,-109179733.6
2007-07-30,39.867838,29367102.0,-73755500.3
2007-07-31,39.504093,29067102.0,-11851227.899999999
2007-08-01,39.580737,28667102.0,-15832294.799999999
2007-08-02,39.502021,33517102.0,191584801.85
2007-08-03,38.446474,33517102.0,0.0
2007-08-06,38.835846,32717102.0,-31068676.799999997
2007-08-07,39.127823,34117102.0,54778952.199999996
2007-08-08,40.063731,33167102.0,-38060544.449999996
2007-08-09,38.933266,34517102.0,52559909.1
2007-08-10,38.862868,36517102.0,77725736.0
2007-08-13,38.799039,38167102.0,64018414.35
2007-08-14,37.790388,37217102.0,-35900868.6
2007-08-15,36.6202,36067102.0,-42113230.0
2007-08-16,36.201204,34167102.0,-68782287.6
2007-08-17,37.093086,35417102.0,46366357.5
2007-08-20,37.579166,36467102.0,39458124.300000004
2007-08-21,37.792928,35517102.0,-35903281.6
2007-08-22,38.98244,35517102.0,0.0
2007-08-23,38.62596,39967102.0,171885522.0
2007-08-24,39.349504,36667102.0,-129853363.2
2007-08-27,39.059909,38367102.0,66401845.3
2007-08-28,37.908713,38917102.0,20849792.15
2007-08-29,38.834772,35117102.0,-147572133.6
2007-08-30,38.777993,35417102.0,11633397.9
2007-08-31,39.29617,35067102.0,-13753659.499999998
2007-09-04,39.636174,35167102.0,3963617.4
2007-09-05,39.222917,35517102.0,13728020.950000001
2007-09-06,39.635513,35517102.0,0.0
2007-09-07,38.726236,35617102.0,3872623.6
2007-09-10,38.337707,28067102.0,-289449687.85
2007-09-11,38.853148,28167102.0,3885314.8
2007-09-12,38.812547,27517102.0,-25228155.55
2007-09-13,39.321312,26517102.0,-39321312.0
2007-09-14,39.611291,30367102.0,152503470.35
2007-09-17,39.552198,30567102.0,7910439.6
2007-09-18,41.221054,32717102.0,88625266.10000001
2007-09-19,41.782531,35167102.0,102367200.95
2007-09-20,41.655177,39717102.0,189531055.35
2007-09-21,41.696615,38517102.0,-50035938.0
2007-09-24,41.560906,43267102.0,197414303.5
2007-09-25,41.554943,45167102.0,78954391.7
2007-09-26,41.981502,47517102.0,98656529.7
2007-09-27,42.402581,46817102.0,-29681806.7
2007-09-28,42.154322,41717102.0,-214987042.2
2007-10-01,42.849736,40917102.0,-34279788.8
2007-10-02,42.612485,35417102.0,-234368667.5
2007-10-03,42.098967,33917102.0,-63148450.5
2007-10-04,42.194591,34467855.0,23238797.577023003
2007-10-05,42.934465,35567855.0,47227911.5
2007-10-08,42.646716,35517855.0,-2132335.8
2007-10-09,43.467399,35517855.0,0.0
2007-10-10,43.18207,40317855.0,207273936.0
2007-10-11,42.944616,39267855.0,-45091846.800000004
2007-10-12,43.389446,41267855.0,86778892.0
2007-10-15,42.968033,41667855.0,17187213.2
2007-10-16,42.326798,42267855.0,25396078.799999997
2007-10-17,42.243493,42617855.0,14785222.55
2007-10-18,42.747185,38117855.0,-192362332.5
2007-10-19,41.715809,37567855.0,-22943694.95
2007-10-22,41.468924,33467855.0,-170022588.4
2007-10-23,42.083082,33917855.0,18937386.9
2007-10-24,42.286648,34117855.0,8457329.6
2007-10-25,42.491655,33217855.0,-38242489.5
2007-10-26,43.191113,32967855.0,-10797778.25
2007-10-29,43.704016,33967855.0,43704016.0
2007-10-30,42.766671,36417855.0,104778343.95
2007-10-31,43.82838,33667855.0,-120528045.00000001
2007-11-01,42.326584,38517855.0,205283932.39999998
2007-11-02,42.610704,38467855.0,-2130535.1999999997
2007-11-05,42.233905,36267855.0,-92914591.0
2007-11-06,43.258202,36367855.0,4325820.199999999
2007-11-07,41.890677,37567855.0,50268812.4
2007-11-08,42.39717,34517855.0,-129311368.50000001
2007-11-09,41.626529,34317855.0,-8325305.8
2007-11-12,40.095286,34317855.0,0.0
2007-11-13,40.964824,34067855.0,-10241206.0
2007-11-14,41.161734,35117855.0,43219820.7
2007-11-15,40.243963,36817855.0,68414737.1
2007-11-16,40.335337,33967855.0,-114955710.45
2007-11-19,39.024752,28817855.0,-200977472.8
2007-11-20,39.59051,35317855.0,257338315.0
2007-11-21,38.85124,33117855.0,-85472728.0
2007-11-23,39.566566,33417855.0,11869969.8
2007-11-26,38.820063,33417855.0,0.0
2007-11-27,39.274077,34517855.0,43201484.699999996
2007-11-28,41.098835,34217855.0,-12329650.5
2007-11-29,41.279446,35567855.0,55727252.1
2007-11-30,41.647632,36867855.0,54141921.6
2007-12-03,41.483465,37367855.0,20741732.5
2007-12-04,41.190602,38767855.0,57666842.8
2007-12-05,41.918793,37217855.0,-64974129.15
2007-12-06,42.745855,36817855.0,-17098342.0
2007-12-07,43.089113,41167855.0,187437641.54999998
2007-12-10,43.655962,38567855.0,-113505501.2
2007-12-11,41.925739,36167855.0,-100621773.6
2007-12-12,42.423809,36667855.0,21211904.5
2007-12-13,42.708901,36717855.0,2135445.05
2007-12-14,41.85846,36717855.0,0.0
2007-12-17,40.547189,35917855.0,-32437751.200000003
2007-12-18,40.906268,36017855.0,4090626.8
2007-12-19,40.809692,36017855.0,0.0
2007-12-20,41.555119,36517855.0,20777559.5
2007-12-21,42.148138,27017855.0,-400407311.0
2007-12-24,42.430141,34867855.0,333076606.84999996
2007-12-26,42.698109,33717855.0,-49102825.35
2007-12-27,41.999454,34167855.0,18899754.3
2007-12-28,42.02528,34567855.0,16810112.0
2007-12-31,41.674704,34117855.0,-18753616.8
2008-01-02,41.309658,34717855.0,24785794.8
2008-01-03,41.89277,34017855.0,-29324939.0
2008-01-04,40.708823,34019441.0,64564.193278000006
2008-01-07,40.266701,33019441.0,-40266701.0
2008-01-08,39.593981,30969441.0,-81167661.05
2008-01-09,39.930737,28319441.0,-105816453.05
2008-01-10,40.490812,25219441.0,-125521517.19999999
2008-01-11,39.996327,30469441.0,209980716.75
2008-01-14,41.382562,29269441.0,-49659074.4
2008-01-15,40.13749,39719441.0,419436770.5
2008-01-16,38.883387,38569441.0,-44715895.05
2008-01-17,36.79395,39069441.0,18396975.0
2008-01-18,37.477246,37119441.0,-73080629.7
2008-01-22,37.06358,37469441.0,12972253.0
2008-01-23,37.560169,44319441.0,257287157.65
2008-01-24,38.595539,43769441.0,-21227546.450000003
2008-01-25,38.480646,46319441.0,98125647.3
2008-01-28,39.262144,34669441.0,-457403977.59999996
2008-01-29,39.483835,35769441.0,43432218.5
2008-01-30,39.477924,38019441.0,88825329.0
2008-01-31,40.05027,38319441.0,12015081.0
2008-02-01,40.925729,38519441.0,8185145.8
2008-02-04,40.364712,38819441.0,12109413.6
2008-02-05,38.888312,31819441.0,-272218184.0
2008-02-06,38.695206,31919441.0,3869520.6
2008-02-07,38.917788,31969441.0,1945889.4000000001
2008-02-08,39.657773,31319441.0,-25777552.45
2008-02-11,40.254854,31719441.0,16101941.600000001
2008-02-12,40.325706,31669441.0,-2016285.2999999998
2008-02-13,40.796318,33419441.0,71393556.5
2008-02-14,40.496333,33869441.0,18223349.85
2008-02-15,40.42842,29419441.0,-179906469.0
2008-02-19,41.189659,26369441.0,-125628459.95
2008-02-20,41.684841,30919441.0,189666026.54999998
2008-02-21,41.042244,31169441.0,10260561.0
2008-02-22,41.265063,32819441.0,68087353.95
2008-02-25,42.318467,31419441.0,-59245853.8
2008-02-26,42.32623,34269441.0,120629755.5
2008-02-27,42.456223,37119441.0,121000235.55
2008-02-28,42.339297,37669441.0,23286613.35
2008-02-29,40.876409,38219441.0,22482024.950000003
2008-03-03,41.504072,38319441.0,4150407.2
2008-03-04,40.61136,38269441.0,-2030568.0
2008-03-05,41.601621,36669441.0,-66562593.6
2008-03-06,41.063075,35369441.0,-53381997.5
2008-03-07,39.571591,31619441.0,-148393466.25
2008-03-10,38.276979,22519441.0,-348320508.9
2008-03-11,40.557481,15569441.0,-281874492.95000005
2008-03-12,40.418806,24719441.0,369832074.9
2008-03-13,41.260462,30269441.0,228995564.1
2008-03-14,40.822863,33119441.0,116345159.55
2008-03-17,39.92533,34119441.0,39925330.0
2008-03-18,41.333277,29469441.0,-192199738.05
2008-03-19,38.749299,33269441.0,147247336.2
2008-03-20,38.443054,26319441.0,-267179225.29999998
2008-03-24,39.674093,30169441.0,152745258.04999998
2008-03-25,40.794295,37119441.0,283520350.25
2008-03-26,40.860439,36569441.0,-22473241.45
2008-03-27,40.335848,37369441.0,32268678.4
2008-03-28,40.292364,38869441.0,60438546.0
2008-03-31,40.28826,38269441.0,-24172956.0
2008-04-01,41.292793,39219441.0,39228153.35
2008-04-02,41.636848,36769441.0,-102010277.6
2008-04-03,42.361107,39769896.0,127102595.303685
2008-04-04,42.989224,44719896.0,212796658.8
2008-04-07,42.740594,48569896.0,164551286.9
2008-04-08,42.960164,48519896.0,-2148008.1999999997
2008-04-09,42.573024,43869896.0,-197964561.6
2008-04-10,42.672319,41469896.0,-102413565.60000001
2008-04-11,42.091608,41469896.0,0.0
2008-04-14,41.941636,38469896.0,-125824908.00000001
2008-04-15,42.084199,38519896.0,2104209.9499999997
2008-04-16,44.158778,35219896.0,-145723967.4
2008-04-17,43.834699,36669896.0,63560313.550000004
2008-04-18,44.40843,39569896.0,128784447.00000001
2008-04-21,44.433109,39819896.0,11108277.25
2008-04-22,43.810704,44819896.0,219053520.0
2008-04-23,43.274921,45669896.0,36783682.85
2008-04-24,42.696878,40669896.0,-213484390.0
2008-04-25,43.977588,39569896.0,-48375346.8
2008-04-28,43.454331,44519896.0,215098938.45000002
2008-04-29,42.147574,42619896.0,-80080390.6
2008-04-30,42.436696,42869896.0,10609174.0
2008-05-01,42.156537,43919896.0,44264363.85
2008-05-02,42.688567,42469896.0,-61898422.15
2008-05-05,43.329984,43069896.0,25997990.400000002
2008-05-06,43.767515,37919896.0,-225402702.25000003
2008-05-07,43.178777,38319896.0,17271510.799999997
2008-05-08,44.177663,37019896.0,-57430961.900000006
2008-05-09,43.529236,37419896.0,17411694.4
2008-05-12,44.346247,34719896.0,-119734866.89999999
2008-05-13,44.515374,35619896.0,40063836.6
2008-05-14,44.78963,34919896.0,-31352741.0
2008-05-15,45.436152,35269896.0,15902653.2
2008-05-16,46.027409,35019896.0,-11506852.25
2008-05-19,45.902525,35319896.0,13770757.5
2008-05-20,45.912413,32819896.0,-114781032.5
2008-05-21,44.51343,33569896.0,33385072.5
2008-05-22,44.366145,32019896.0,-68767524.75
2008-05-23,43.765277,29769896.0,-98471873.25
2008-05-27,43.547148,28769896.0,-43547148.0
2008-05-28,44.7565,29919896.0,51469975.0
2008-05-29,44.180316,30769896.0,37553268.6
2008-05-30,44.458927,31019896.0,11114731.75
2008-06-02,44.195744,31419896.0,17678297.599999998
2008-06-03,44.130405,31419896.0,0.0
2008-06-04,43.937996,32969896.0,68103893.8
2008-06-05,45.416755,32969896.0,0.0
2008-06-06,44.286747,33019896.0,2214337.35
2008-06-09,44.845719,33669896.0,29149717.35
2008-06-10,44.281582,33669896.0,0.0
2008-06-11,43.475775,29269896.0,-191293410.0
2008-06-12,43.421996,27469896.0,-78159592.8
2008-06-13,44.595373,25969896.0,-66893059.5
2008-06-16,44.600474,26319896.0,15610165.899999999
2008-06-17,44.67368,27119896.0,35738944.0
2008-06-18,44.373342,28319896.0,53248010.4
2008-06-19,44.445999,29569896.0,55557498.75
2008-06-20,43.486052,23019896.0,-284833640.6
2008-06-23,43.892736,29569896.0,287497420.8
2008-06-24,42.794205,26769896.0,-119823774.0
2008-06-25,42.920836,24019896.0,-118032299.0
2008-06-26,41.619506,26319896.0,95724863.8
2008-06-27,41.759556,26369896.0,2087977.8000000003
2008-06-30,41.624506,26369896.0,0.0
2008-07-01,41.224863,25269896.0,-45347349.3
2008-07-02,39.16651,31219896.0,233040734.5
2008-07-03,39.441045,35519896.0,169596493.5
2008-07-07,39.318422,35120743.0,-15694066.096566
2008-07-08,39.197517,33220743.0,-74475282.3
2008-07-09,38.839569,35070743.0,71853202.64999999
2008-07-10,39.807777,36020743.0,37817388.15
2008-07-11,39.678748,34470743.0,-61502059.4
2008-07-14,39.655659,34470743.0,0.0
2008-07-15,39.23554,34620743.0,5885331.0
2008-07-16,39.674354,34370743.0,-9918588.5
2008-07-17,39.742052,31570743.0,-111277745.60000001
2008-07-18,39.584299,29970743.0,-63334878.400000006
2008-07-21,40.37948,27220743.0,-111043570.0
2008-07-22,40.366197,28370743.0,46421126.55
2008-07-23,39.741154,28920743.0,21857634.7
2008-07-24,38.864357,27770743.0,-44694010.55
2008-07-25,39.171098,28770743.0,39171098.0
2008-07-28,38.907276,28620743.0,-5836091.4
2008-07-29,39.791067,28170743.0,-17905980.15
2008-07-30,40.923593,28870743.0,28646515.099999998
2008-07-31,40.319952,29270743.0,16127980.8
2008-08-01,39.390593,27970743.0,-51207770.900000006
2008-08-04,37.804915,26820743.0,-43475652.25
2008-08-05,38.352096,29020743.0,84374611.2
2008-08-06,38.935734,29770743.0,29201800.499999996
2008-08-07,38.361154,31020743.0,47951442.5
2008-08-08,38.768551,30370743.0,-25199558.150000002
2008-08-11,38.691403,29170743.0,-46429683.6
2008-08-12,38.880565,25120743.0,-157466288.25
2008-08-13,39.753469,27720743.0,103359019.4
2008-08-14,39.418541,32520743.0,189208996.79999998
2008-08-15,39.295252,31920743.0,-23577151.2
2008-08-18,38.94478,33820743.0,73995082.0
2008-08-19,38.808732,34820743.0,38808732.0
2008-08-20,39.595341,34270743.0,-21777437.549999997
2008-08-21,39.856274,32620743.0,-65762852.1
2008-08-22,39.731749,33470743.0,33771986.65
2008-08-25,38.846898,31220743.0,-87405520.5
2008-08-26,39.094631,33170743.0,76234530.45
2008-08-27,39.535254,32020743.0,-45465542.1
2008-08-28,40.131095,31320743.0,-28091766.5
2008-08-29,39.556306,31020743.0,-11866891.799999999
2008-09-02,38.669589,31020743.0,0.0
2008-09-03,38.485566,31020743.0,0.0
2008-09-04,37.022433,31570743.0,20362338.15
2008-09-05,37.440095,29070743.0,-93600237.5
2008-09-08,37.396628,26370743.0,-100970895.6
2008-09-09,35.727457,26520743.0,5359118.55
2008-09-10,36.386782,27570743.0,38206121.099999994
2008-09-11,37.156386,29220743.0,61308036.9
2008-09-12,38.262216,30070743.0,32522883.6
2008-09-15,36.28966,30670743.0,21773796.0
2008-09-16,37.292534,29070743.0,-59668054.400000006
2008-09-17,35.957868,30920743.0,66522055.8
2008-09-18,36.799525,25270743.0,-207917316.25000003
2008-09-19,38.592934,19420743.0,-225768663.9
2008-09-22,37.351241,32070743.0,472493198.65000004
2008-09-23,36.262791,34120743.0,74338721.55
2008-09-24,36.020518,39670743.0,199913874.9
2008-09-25,35.933314,40070743.0,14373325.600000001
2008-09-26,35.113694,42670743.0,91295604.4
2008-09-29,32.169444,43220743.0,17693194.2
2008-09-30,33.101962,41870743.0,-44687648.7
2008-10-01,32.582123,42170743.0,9774636.9
2008-10-02,30.076973,41271460.0,-27047710.510359
2008-10-03,29.982076,41821460.0,16490141.799999999
2008-10-06,28.705413,40371460.0,-41622848.85
2008-10-07,27.205679,40221460.0,-4080851.85
2008-10-08,27.956324,36671460.0,-99244950.19999999
2008-10-09,26.091533,43171460.0,169594964.5
2008-10-10,25.648053,44521460.0,34624871.550000004
2008-10-13,28.898772,46521460.0,57797544.0
2008-10-14,28.097385,46671460.0,4214607.75
2008-10-15,24.712431,50971460.0,106263453.3
2008-10-16,25.670362,49021460.0,-50057205.9
2008-10-17,25.594591,52021460.0,76783773.0
2008-10-20,27.568238,48871460.0,-86839949.7
2008-10-21,26.075303,50071460.0,31290363.6
2008-10-22,24.011344,43471460.0,-158474870.4
2008-10-23,23.776315,44221460.0,17832236.25
2008-10-24,22.848745,44771460.0,12566809.75
2008-10-27,21.799934,44721460.0,-1089996.7
2008-10-28,24.45905,39771460.0,-121072297.5
2008-10-29,25.031947,43521460.0,93869801.25
2008-10-30,25.709808,42721460.0,-20567846.4
2008-10-31,25.956658,41221460.0,-38934987.0
2008-11-03,25.759049,41221460.0,0.0
2008-11-04,27.158885,40771460.0,-12221498.25
2008-11-05,25.478596,40821460.0,1273929.8
2008-11-06,24.134739,37621460.0,-77231164.8
2008-11-07,24.951666,37821460.0,4990333.2
2008-11-10,24.810901,36971460.0,-21089265.85
2008-11-11,23.816222,36971460.0,0.0
2008-11-12,22.376811,35471460.0,-33565216.5
2008-11-13,24.20019,35471460.0,0.0
2008-11-14,22.722292,36071460.0,13633375.2
2008-11-17,22.172377,37971460.0,42127516.300000004
2008-11-18,22.149655,38021460.0,1107482.75
2008-11-19,20.547549,35121460.0,-59587892.1
2008-11-20,18.911486,34971460.0,-2836722.9
2008-11-21,20.177234,34921460.0,-1008861.7
2008-11-24,21.538996,35871460.0,20462046.2
2008-11-25,22.224686,43771460.0,175575019.39999998
2008-11-26,23.093935,48021460.0,98149223.75
2008-11-28,23.257828,48721460.0,16280479.6
2008-12-01,21.072063,48521460.0,-4214412.6
2008-12-02,21.993553,47521460.0,-21993553.0
2008-12-03,22.042572,49071460.0,34165986.6
2008-12-04,21.510317,47621460.0,-31189959.650000002
2008-12-05,22.0622,47321460.0,-6618660.0
2008-12-08,23.668288,48121460.0,18934630.4
2008-12-09,23.475767,48121460.0,0.0
2008-12-10,24.044447,45621460.0,-60111117.50000001
2008-12-11,22.972691,45921460.0,6891807.300000001
2008-12-12,23.150967,45721460.0,-4630193.4
2008-12-15,23.044873,45871460.0,3456730.9499999997
2008-12-16,24.425362,45871460.0,0.0
2008-12-17,24.448766,38171460.0,-188255498.2
2008-12-18,23.438643,37871460.0,-7031592.899999999
2008-12-19,22.834418,36171460.0,-38818510.6
2008-12-22,21.993446,40071460.0,85774439.39999999
2008-12-23,21.856421,38571460.0,-32784631.5
2008-12-24,21.903458,38371460.0,-4380691.600000001
2008-12-26,22.254467,39171460.0,17803573.6
2008-12-29,21.792294,39371460.0,4358458.8
2008-12-30,22.392118,41571460.0,49262659.6
2008-12-31,22.722929,41671460.0,2272292.9
2009-01-02,23.604863,42272406.0,14185248.000398
2009-01-05,23.61368,40422406.0,-43685308.0
2009-01-06,24.078951,41422406.0,24078951.0
2009-01-07,23.6998,41122406.0,-7109940.0
2009-01-08,23.89276,40172406.0,-22698122.0
2009-01-09,23.361567,40722406.0,12848861.85
2009-01-12,22.535515,40222406.0,-11267757.5
2009-01-13,22.538134,38222406.0,-45076268.0
2009-01-14,21.663173,37872406.0,-7582110.55
2009-01-15,22.279064,37372406.0,-11139532.0
2009-01-16,22.575514,37922406.0,12416532.7
2009-01-20,21.312153,37522406.0,-8524861.2
2009-01-21,22.061633,37172406.0,-7721571.55
2009-01-22,21.744242,34722406.0,-53273392.9
2009-01-23,22.102515,34872406.0,3315377.25
2009-01-26,21.797586,37222406.0,51224327.099999994
2009-01-27,21.920299,35622406.0,-35072478.4
2009-01-28,22.543126,35322406.0,-6762937.8
2009-01-29,21.900717,35872406.0,12045394.35
2009-01-30,21.101057,36722406.0,17935898.45
2009-02-02,20.776065,37122406.0,8310426.0
2009-02-03,21.186141,37222406.0,2118614.1
2009-02-04,21.52534,35222406.0,-43050680.0
2009-02-05,22.075536,35422406.0,4415107.2
2009-02-06,22.684292,35722406.0,6805287.6
2009-02-09,22.603795,36422406.0,15822656.500000002
2009-02-10,21.598439,35422406.0,-21598439.0
2009-02-11,21.674121,34172406.0,-27092651.25
2009-02-12,21.917236,32222406.0,-42738610.199999996
2009-02-13,21.585599,33472406.0,26981998.749999996
2009-02-17,20.590112,33872406.0,8236044.800000001
2009-02-18,20.566147,34022406.0,3084922.0500000003
2009-02-19,20.382641,35272406.0,25478301.25
2009-02-20,20.453643,34272406.0,-20453643.0
2009-02-23,19.195971,33622406.0,-12477381.15
2009-02-24,19.880312,33172406.0,-8946140.4
2009-02-25,19.575033,33822406.0,12723771.450000001
2009-02-26,19.539676,32472406.0,-26378562.6
2009-02-27,19.345863,34272406.0,34822553.400000006
2009-03-02,18.02434,34622406.0,6308519.0
2009-03-03,18.120942,35322406.0,12684659.4
2009-03-04,18.823978,34622406.0,-13176784.6
2009-03-05,18.126408,35622406.0,18126408.0
2009-03-06,18.310298,35622406.0,0.0
2009-03-09,18.187303,37572406.0,35465240.85
2009-03-10,19.337376,35472406.0,-40608489.6
2009-03-11,19.790708,42822406.0,145461703.79999998
2009-03-12,20.292238,43622406.0,16233790.4
2009-03-13,20.459441,44522406.0,18413496.900000002
2009-03-16,20.735277,44522406.0,0.0
2009-03-17,20.844771,44322406.0,-4168954.2
2009-03-18,21.44226,44322406.0,0.0
2009-03-19,21.714672,44172406.0,-3257200.8
2009-03-20,21.166007,36472406.0,-162978253.9
2009-03-23,22.427073,41772406.0,118863486.9
2009-03-24,22.34733,41922406.0,3352099.5
2009-03-25,22.601344,42222406.0,6780403.2
2009-03-26,23.48917,42422406.0,4697834.0
2009-03-27,22.971413,43122406.0,16079989.1
2009-03-30,21.986478,43572406.0,9893915.100000001
2009-03-31,22.171556,40972406.0,-57646045.599999994
2009-04-01,22.784317,40972406.0,0.0
2009-04-02,23.488216,43272848.0,54033278.591472
2009-04-03,23.833886,45222848.0,46476077.7
2009-04-06,23.328977,46372848.0,26828323.549999997
2009-04-07,22.595297,46372848.0,0.0
2009-04-08,22.920054,45272848.0,-25212059.400000002
2009-04-09,23.987722,44972848.0,-7196316.600000001
2009-04-13,24.217565,45222848.0,6054391.25
2009-04-14,23.697802,45822848.0,14218681.2
2009-04-15,24.205621,43522848.0,-55672928.300000004
2009-04-16,24.392829,44972848.0,35369602.05
2009-04-17,24.466005,45222848.0,6116501.25
2009-04-20,23.203562,45122848.0,-2320356.2
2009-04-21,23.835202,44772848.0,-8342320.699999999
2009-04-22,24.032731,45372848.0,14419638.6
2009-04-23,24.021543,45522848.0,3603231.45
2009-04-24,25.100941,45072848.0,-11295423.45
2009-04-27,24.5966,47622848.0,62721330.0
2009-04-28,24.35488,47972848.0,8524208.0
2009-04-29,24.953452,47522848.0,-11229053.399999999
2009-04-30,25.701852,46572848.0,-24416759.4
2009-05-01,25.765524,47222848.0,16747590.6
2009-05-04,27.194538,46972848.0,-6798634.5
2009-05-05,27.013675,45872848.0,-29715042.5
2009-05-06,27.079449,46272848.0,10831779.6
2009-05-07,26.214293,47772848.0,39321439.5
2009-05-08,26.92143,47272848.0,-13460715.0
2009-05-11,26.42952,46822848.0,-11893284.0
2009-05-12,26.680646,46822848.0,0.0
2009-05-13,25.515875,46672848.0,-3827381.25
2009-05-14,25.851719,45272848.0,-36192406.6
2009-05-15,25.716582,43122848.0,-55290651.3
2009-05-18,26.619467,41772848.0,-35936280.45
2009-05-19,26.884297,46522848.0,127700410.75
2009-05-20,27.014999,41622848.0,-132373495.1
2009-05-21,26.334939,41922848.0,7900481.699999999
2009-05-22,26.37923,44972848.0,80456651.5
2009-05-26,26.811258,46522848.0,41557449.9
2009-05-27,25.958786,48922848.0,62301086.4
2009-05-28,26.325204,47922848.0,-26325204.0
2009-05-29,27.085716,47922848.0,0.0
2009-06-01,27.878717,48522848.0,16727230.200000001
2009-06-02,28.28832,49522848.0,28288320.0
2009-06-03,27.326081,50972848.0,39622817.449999996
2009-06-04,27.914387,49522848.0,-40475861.15
2009-06-05,27.584223,49922848.0,11033689.200000001
2009-06-08,27.322757,49272848.0,-17759792.05
2009-06-09,27.935909,49272848.0,0.0
2009-06-10,27.959672,49372848.0,2795967.2
2009-06-11,28.330548,51622848.0,63743733.0
2009-06-12,27.997124,52272848.0,18198130.6
2009-06-15,27.027821,52272848.0,0.0
2009-06-16,26.394296,48222848.0,-106896898.8
2009-06-17,26.075302,40972848.0,-189045939.5
2009-06-18,26.286342,41822848.0,22343390.7
2009-06-19,26.109735,37272848.0,-118799294.25
2009-06-22,24.766625,42122848.0,120118131.25
2009-06-23,25.171277,41122848.0,-25171277.0
2009-06-24,25.371806,45822848.0,119247488.2
2009-06-25,25.893497,45572848.0,-6473374.25
2009-06-26,25.893241,45572848.0,0.0
2009-06-29,26.099099,41072848.0,-117445945.5
2009-06-30,25.774003,40122848.0,-24485302.85
2009-07-01,25.838468,40322848.0,5167693.6
2009-07-02,25.108351,39673344.0,-16307974.407904
2009-07-06,24.93344,39673344.0,0.0
2009-07-07,24.312206,38923344.0,-18234154.5
2009-07-08,24.232088,36723344.0,-53310593.6
2009-07-09,24.460023,36973344.0,6115005.75
2009-07-10,24.359541,38473344.0,36539311.5
2009-07-13,25.007915,41373344.0,72522953.5
2009-07-14,25.18566,41773344.0,10074264.0
2009-07-15,26.192837,42123344.0,9167492.950000001
2009-07-16,26.543325,41273344.0,-22561826.25
2009-07-17,26.635923,39173344.0,-55935438.3
2009-07-20,27.202761,39173344.0,0.0
2009-07-21,27.539218,39173344.0,0.0
2009-07-22,27.620263,39423344.0,6905065.75
2009-07-23,28.528542,40373344.0,27102114.900000002
2009-07-24,28.726982,42523344.0,61763011.3
2009-07-27,28.835481,41523344.0,-28835481.0
2009-07-28,28.584685,41523344.0,0.0
2009-07-29,27.989233,40073344.0,-40584387.85
2009-07-30,28.810751,38473344.0,-46097201.6
2009-07-31,29.093691,41673344.0,93099811.2
2009-08-03,30.081336,41673344.0,0.0
2009-08-04,30.04035,44273344.0,78104910.0
2009-08-05,30.250059,44273344.0,0.0
2009-08-06,30.074446,44123344.0,-4511166.899999999
2009-08-07,30.241223,44923344.0,24192978.400000002
2009-08-10,29.76457,46173344.0,37205712.5
2009-08-11,29.696509,44623344.0,-46029588.949999996
2009-08-12,29.979864,48973344.0,130412408.39999999
2009-08-13,30.615019,49423344.0,13776758.55
2009-08-14,29.798901,50573344.0,34268736.15
2009-08-17,28.699301,51323344.0,21524475.75
2009-08-18,29.1242,48023344.0,-96109860.0
2009-08-19,29.424045,48223344.0,5884809.0
2009-08-20,29.538284,49323344.0,32492112.400000002
2009-08-21,30.277919,44223344.0,-154417386.9
2009-08-24,30.034106,45923344.0,51057980.2
2009-08-25,29.954004,46673344.0,22465503.0
2009-08-26,29.810038,48973344.0,68563087.39999999
2009-08-27,30.011415,49223344.0,7502853.75
2009-08-28,30.176396,49423344.0,6035279.2
2009-08-31,29.758673,49923344.0,14879336.5
2009-09-01,28.976836,49923344.0,0.0
2009-09-02,29.160535,47623344.0,-67069230.5
2009-09-03,29.643296,46723344.0,-26678966.4
2009-09-04,30.031028,47523344.0,24024822.4
2009-09-08,30.474443,47623344.0,3047444.3000000003
2009-09-09,30.615149,47673344.0,1530757.45
2009-09-10,30.807158,48723344.0,32347515.900000002
2009-09-11,30.757456,48873344.0,4613618.4
2009-09-14,31.191617,48373344.0,-15595808.5
2009-09-15,31.908746,48873344.0,15954373.0
2009-09-16,32.357766,50873344.0,64715531.99999999
2009-09-17,32.172454,50923344.0,1608622.7000000002
2009-09-18,31.983304,47273344.0,-116739059.6
2009-09-21,31.724116,54423344.0,226827429.39999998
2009-09-22,32.065984,54823344.0,12826393.6
2009-09-23,31.455424,54923344.0,3145542.4
2009-09-24,30.815924,54873344.0,-1540796.2
2009-09-25,30.472052,53773344.0,-33519257.200000003
2009-09-28,31.092818,53623344.0,-4663922.7
2009-09-29,31.122448,53773344.0,4668367.2
2009-09-30,30.957066,55023344.0,38696332.5
2009-10-01,29.767296,55723725.0,20848448.539776
2009-10-02,29.589431,53473725.0,-66576219.75
2009-10-05,30.195071,54723725.0,37743838.75
2009-10-06,30.744065,56523725.0,55339317.0
2009-10-07,30.821109,54873725.0,-50854829.85
2009-10-08,31.447419,54873725.0,0.0
2009-10-09,31.527851,54523725.0,-11034747.85
2009-10-12,31.605419,54523725.0,0.0
2009-10-13,31.747615,54523725.0,0.0
2009-10-14,32.403806,54673725.0,4860570.9
2009-10-15,32.556457,55623725.0,30928634.150000002
2009-10-16,32.094125,56823725.0,38512950.0
2009-10-19,32.537191,56623725.0,-6507438.2
2009-10-20,32.183661,56373725.0,-8045915.25
2009-10-21,31.752144,57273725.0,28576929.6
2009-10-22,32.196886,57273725.0,0.0
2009-10-23,31.533686,57273725.0,0.0
2009-10-26,30.770603,56773725.0,-15385301.5
2009-10-27,30.486652,56323725.0,-13718993.4
2009-10-28,29.526344,55673725.0,-19192123.6
2009-10-29,30.464592,55423725.0,-7616148.0
2009-10-30,29.279096,56623725.0,35134915.199999996
2009-11-02,29.578087,55273725.0,-39930417.45
2009-11-03,29.914766,54273725.0,-29914766.0
2009-11-04,29.885166,52623725.0,-49310523.900000006
2009-11-05,30.622608,52823725.0,6124521.6
2009-11-06,30.702082,53623725.0,24561665.6
2009-11-09,31.695287,53723725.0,3169528.7
2009-11-10,31.777647,54523725.0,25422117.6
2009-11-11,32.060255,54523725.0,0.0
2009-11-12,31.873635,55123725.0,19124181.0
2009-11-13,32.031605,53073725.0,-65664790.25
2009-11-16,32.758738,53723725.0,21293179.7
2009-11-17,33.063948,55323725.0,52902316.800000004
2009-11-18,33.029207,55323725.0,0.0
2009-11-19,32.517054,55323725.0,0.0
2009-11-20,32.48402,55223725.0,-3248402.0
2009-11-23,32.788209,55323725.0,3278820.9000000004
2009-11-24,32.696122,55973725.0,21252479.3
2009-11-25,33.164578,56023725.0,1658228.9
2009-11-27,32.360306,58323725.0,74428703.8
2009-11-30,32.578633,57973725.0,-11402521.55
2009-12-01,33.086482,57173725.0,-26469185.599999998
2009-12-02,33.473485,56773725.0,-13389393.999999998
2009-12-03,32.928906,55823725.0,-31282460.7
2009-12-04,32.570772,54873725.0,-30942233.4
2009-12-07,32.600378,54823725.0,-1630018.9
2009-12-08,32.056786,54823725.0,0.0
2009-12-09,32.471832,52223725.0,-84426763.2
2009-12-10,32.371822,53073725.0,27516048.700000003
2009-12-11,32.437301,53473725.0,12974920.399999999
2009-12-14,32.911847,52423725.0,-34557439.35
2009-12-15,32.549016,52423725.0,0.0
2009-12-16,32.883672,52073725.0,-11509285.2
2009-12-17,32.164827,53473725.0,45030757.800000004
2009-12-18,32.009557,46123725.0,-235270243.95000002
2009-12-21,32.414308,52873725.0,218796579.0
2009-12-22,32.641422,53023725.0,4896213.3
2009-12-23,33.115152,53723725.0,23180606.400000002
2009-12-24,33.381888,54673725.0,31712793.599999998
2009-12-28,33.442723,54873725.0,6688544.600000001
2009-12-29,33.421164,54473725.0,-13368465.6
2009-12-30,33.470186,54473725.0,0.0
2009-12-31,33.047877,54473725.0,0.0
2010-01-04,33.964091,54473725.0,0.0
2010-01-05,34.142734,56173725.0,58042647.8
2010-01-06,34.673264,57173725.0,34673264.0
2010-01-07,34.516628,57723725.0,18984145.4
2010-01-08,34.874687,57723725.0,0.0
2010-01-11,34.792644,57523725.0,-6958528.800000001
2010-01-12,34.130481,53323725.0,-143348020.20000002
2010-01-13,34.447304,51573725.0,-60282782.00000001
2010-01-14,34.113407,53173725.0,54581451.2
2010-01-15,33.749943,51773725.0,-47249920.2
2010-01-19,34.290451,49823725.0,-66866379.449999996
2010-01-20,33.788667,51873725.0,69266767.35
2010-01-21,32.328553,50923725.0,-30712125.349999998
2010-01-22,31.58752,49773725.0,-36325648.0
2010-01-25,31.836835,51573725.0,57306303.0
2010-01-26,31.4868,50973725.0,-18892080.0
2010-01-27,31.234825,50123725.0,-26549601.25
2010-01-28,30.641994,51623725.0,45962991.0
2010-01-29,30.205677,54773725.0,95147882.55000001
2010-02-01,31.295682,54973725.0,6259136.399999999
2010-02-02,31.434211,55173725.0,6286842.2
2010-02-03,31.11492,56023725.0,26447682.0
2010-02-04,29.926062,53373725.0,-79304064.30000001
2010-02-05,30.438937,52423725.0,-28916990.15
2010-02-08,29.989332,55123725.0,80971196.4
2010-02-09,30.736128,55923725.0,24588902.400000002
2010-02-10,30.543694,55573725.0,-10690292.9
2010-02-11,31.019041,55323725.0,-7754760.25
2010-02-12,30.996226,53373725.0,-60442640.7
2010-02-16,31.763136,55073725.0,53997331.199999996
2010-02-17,31.789255,52323725.0,-87420451.25
2010-02-18,32.149423,51323725.0,-32149423.0
2010-02-19,32.299936,46323725.0,-161499680.0
2010-02-22,32.157901,47973725.0,53060536.650000006
2010-02-23,31.605807,46973725.0,-31605807.0
2010-02-24,31.583738,56073725.0,287412015.8
2010-02-25,31.500443,53623725.0,-77176085.35000001
2010-02-26,31.508479,54173725.0,17329663.45
2010-03-01,32.002028,55073725.0,28801825.200000003
2010-03-02,32.301841,55623725.0,17766012.55
2010-03-03,32.647416,56173725.0,17956078.8
2010-03-04,32.745225,55373725.0,-26196180.0
2010-03-05,33.192563,55523725.0,4978884.45
2010-03-08,33.153438,56273725.0,24865078.5
2010-03-09,32.980646,54223725.0,-67610324.3
2010-03-10,32.98018,53073725.0,-37927207.0
2010-03-11,33.131879,53723725.0,21535721.349999998
2010-03-12,33.338168,52723725.0,-33338168.000000004
2010-03-15,33.247894,55473725.0,91431708.5
2010-03-16,33.742347,53223725.0,-75920280.75
2010-03-17,33.975713,55223725.0,67951426.0
2010-03-18,33.727009,55223725.0,0.0
2010-03-19,33.324641,43723725.0,-383233371.5
2010-03-22,33.756582,51173725.0,251486535.9
2010-03-23,34.191269,51323725.0,5128690.35
2010-03-24,34.10931,56023725.0,160313757.0
2010-03-25,33.443578,59073725.0,102002912.9
2010-03-26,33.697944,57423725.0,-55601607.6
2010-03-29,34.021606,58673725.0,42527007.5
2010-03-30,34.083857,59773725.0,37492242.7
2010-03-31,33.911016,59723725.0,-1695550.7999999998
2010-04-01,34.503753,57723725.0,-69007506.0
2010-04-05,34.912415,57723725.0,0.0
2010-04-06,35.001606,57523725.0,-7000321.2
2010-04-07,34.748715,57223725.0,-10424614.5
2010-04-08,34.845733,56773725.0,-15680579.850000001
2010-04-09,34.946555,53173725.0,-125807597.99999999
2010-04-12,34.785725,54273725.0,38264297.5
2010-04-13,34.672254,53023725.0,-43340317.5
2010-04-14,34.911191,54473725.0,50621226.95
2010-04-15,34.908957,56223725.0,61090674.75
2010-04-16,34.295012,57073725.0,29150760.2
2010-04-19,34.372188,59473725.0,82493251.2
2010-04-20,34.446116,55123725.0,-149840604.60000002
2010-04-21,34.396816,54723725.0,-13758726.4
2010-04-22,34.660096,54023725.0,-24262067.200000003
2010-04-23,35.102869,58923725.0,172004058.1
2010-04-26,35.123945,61223725.0,80785073.5
2010-04-27,33.97097,60923725.0,-10191291.0
2010-04-28,34.291556,59923725.0,-34291556.0
2010-04-29,34.558687,60723725.0,27646949.599999998
2010-04-30,33.999395,62423725.0,57798971.5
2010-05-03,34.007337,61323725.0,-37408070.7
2010-05-04,32.795442,61923725.0,19677265.2
2010-05-05,32.538072,62173725.0,8134518.0
2010-05-06,31.507609,64623725.0,77193642.05
2010-05-07,31.102633,64023725.0,-18661579.8
2010-05-10,32.597492,64973725.0,30967617.400000002
2010-05-11,32.182685,65473725.0,16091342.5
2010-05-12,32.83768,64273725.0,-39405216.0
2010-05-13,32.445349,64523725.0,8111337.25
2010-05-14,31.602179,63023725.0,-47403268.5
2010-05-17,31.568714,60173725.0,-89970834.9
2010-05-18,31.107982,59923725.0,-7776995.5
2010-05-19,31.00925,62173725.0,69770812.5
2010-05-20,29.643733,59423725.0,-81520265.75
2010-05-21,30.388859,59423725.0,0.0
2010-05-24,29.877987,59973725.0,16432892.85
2010-05-25,30.336836,58373725.0,-48538937.6
2010-05-26,30.102734,56723725.0,-49669511.1
2010-05-27,31.284977,56923725.0,6256995.4
2010-05-28,30.75952,57573725.0,19993688.0
2010-06-01,29.742221,57823725.0,7435555.25
2010-06-02,30.66513,56073725.0,-53663977.5
2010-06-03,30.341449,55573725.0,-15170724.5
2010-06-04,29.121248,49673725.0,-171815363.20000002
2010-06-07,28.604481,47373725.0,-65790306.3
2010-06-08,29.309902,47373725.0,0.0
2010-06-09,29.236111,51023725.0,106711805.15
2010-06-10,30.282874,52623725.0,48452598.4
2010-06-11,30.655702,54073725.0,44450767.900000006
2010-06-14,30.36786,54073725.0,0.0
2010-06-15,31.144113,52873725.0,-37372935.6
2010-06-16,31.089842,55523725.0,82388081.3
2010-06-17,30.973215,56473725.0,29424554.25
2010-06-18,30.970244,47323725.0,-283377732.6
2010-06-21,31.136952,55323725.0,249095616.0
2010-06-22,30.421367,53973725.0,-41068845.45
2010-06-23,30.452712,54773725.0,24362169.599999998
2010-06-24,29.706652,54773725.0,0.0
2010-06-25,30.095866,56423725.0,49658178.9
2010-06-28,29.781732,57623725.0,35738078.4
2010-06-29,28.710812,58273725.0,18662027.8
2010-06-30,28.322248,59523725.0,35402810.0
2010-07-01,28.169362,59523725.0,0.0
2010-07-02,28.073305,57373725.0,-60357605.75
2010-07-06,28.093465,55673725.0,-47758890.5
2010-07-07,29.211585,55873725.0,5842317.0
2010-07-08,29.657732,54473725.0,-41520824.8
2010-07-09,30.349224,54923725.0,13657150.799999999
2010-07-12,30.026934,55323725.0,12010773.6
2010-07-13,30.717783,56323725.0,30717783.0
2010-07-14,30.735515,58123725.0,55323927.0
2010-07-15,30.717134,57573725.0,-16894423.7
2010-07-16,29.82579,55723725.0,-55177711.5
2010-07-19,29.890637,55723725.0,0.0
2010-07-20,30.766798,55373725.0,-10768379.3
2010-07-21,30.635672,55723725.0,10722485.2
2010-07-22,31.35914,55723725.0,0.0
2010-07-23,31.993381,59623725.0,124774185.89999999
2010-07-26,32.180964,58523725.0,-35399060.400000006
2010-07-27,31.999454,59923725.0,44799235.6
2010-07-28,31.831959,61423725.0,47747938.5
2010-07-29,31.828911,64023725.0,82755168.60000001
2010-07-30,31.986329,62273725.0,-55976075.75
2010-08-02,32.854616,62023725.0,-8213654.0
2010-08-03,32.300611,64773725.0,88826680.25000001
2010-08-04,32.534919,65323725.0,17894205.450000003
2010-08-05,32.638639,65323725.0,0.0
2010-08-06,32.534863,64373725.0,-30908119.85
2010-08-09,32.677556,62873725.0,-49016334.00000001
2010-08-10,32.34848,62873725.0,0.0
2010-08-11,31.29755,60873725.0,-62595100.0
2010-08-12,31.424884,56173725.0,-147696954.79999998
2010-08-13,31.316999,53523725.0,-82990047.35
2010-08-16,31.444823,52923725.0,-18866893.8
2010-08-17,32.184063,53223725.0,9655218.9
2010-08-18,32.291277,53023725.0,-6458255.4
2010-08-19,31.593452,54073725.0,33173124.599999998
2010-08-20,31.483961,56423725.0,73987308.35000001
2010-08-23,31.153555,55223725.0,-37384266.0
2010-08-24,30.423468,55173725.0,-1521173.4
2010-08-25,30.485897,54973725.0,-6097179.4
2010-08-26,30.48195,54873725.0,-3048195.0
2010-08-27,31.375067,58823725.0,123931514.65
2010-08-30,30.934334,58473725.0,-10827016.9
2010-08-31,31.022257,58273725.0,-6204451.4
2010-09-01,31.964976,57473725.0,-25571980.8
2010-09-02,32.312442,58323725.0,27465575.7
2010-09-03,32.736939,59073725.0,24552704.25
2010-09-07,32.438421,55923725.0,-102181026.14999999
2010-09-08,32.665196,55823725.0,-3266519.6
2010-09-09,32.592174,56123725.0,9777652.2
2010-09-10,32.810673,56023725.0,-3281067.3000000003
2010-09-13,33.336316,56023725.0,0.0
2010-09-14,33.274863,57973725.0,64885982.85000001
2010-09-15,33.253417,58373725.0,13301366.799999999
2010-09-16,33.383568,57973725.0,-13353427.2
2010-09-17,32.732413,51223725.0,-220943787.75
2010-09-20,32.933623,59173725.0,261822302.84999996
2010-09-21,32.775779,63423725.0,139297060.75
2010-09-22,32.883684,64923725.0,49325526.0
2010-09-23,32.559962,65523725.0,19535977.2
2010-09-24,33.378389,65523725.0,0.0
2010-09-27,33.147292,66123725.0,19888375.2
2010-09-28,33.165284,65873725.0,-8291321.0
2010-09-29,32.890077,64873725.0,-32890076.999999996
2010-09-30,32.788232,63573725.0,-42624701.6
2010-10-01,33.183473,63923725.0,11614215.549999999
2010-10-04,32.703663,63923725.0,0.0
2010-10-05,33.614771,59673725.0,-142862776.75
2010-10-06,33.889949,60973725.0,44056933.7
2010-10-07,33.57888,61173725.0,6715776.0
2010-10-08,34.235695,60173725.0,-34235695.0
2010-10-11,34.182137,60623725.0,15381961.649999999
2010-10-12,34.254512,60123725.0,-17127256.0
2010-10-13,34.809075,58173725.0,-67877696.25
2010-10-14,34.507888,59523725.0,46585648.800000004
2010-10-15,34.581768,60173725.0,22478149.2
2010-10-18,34.67613,59623725.0,-19071871.5
2010-10-19,33.867529,61373725.0,59268175.74999999
2010-10-20,34.540862,57573725.0,-131255275.6
2010-10-21,34.549821,57073725.0,-17274910.5
2010-10-22,34.347041,56923725.0,-5152056.149999999
2010-10-25,34.925896,56973725.0,1746294.8
2010-10-26,34.835009,58173725.0,41802010.8
2010-10-27,34.51289,58973725.0,27610312.0
2010-10-28,34.498858,57773725.0,-41398629.6
2010-10-29,34.796531,59023725.0,43495663.75
2010-11-01,34.801943,58523725.0,-17400971.5
2010-11-02,35.128507,58973725.0,15807828.15
2010-11-03,35.028798,61473725.0,87571995.0
2010-11-04,36.157819,61223725.0,-9039454.75
2010-11-05,36.293011,63023725.0,65327419.8
2010-11-08,36.390191,65123725.0,76419401.10000001
2010-11-09,35.78161,65373725.0,8945402.5
2010-11-10,35.984972,65123725.0,-8996243.0
2010-11-11,36.298631,64373725.0,-27223973.25
2010-11-12,35.514815,65323725.0,33739074.25
2010-11-15,35.226616,62523725.0,-98634524.8
2010-11-16,34.474918,62073725.0,-15513713.100000001
2010-11-17,34.456151,61123725.0,-32733343.45
2010-11-18,35.126608,59723725.0,-49177251.199999996
2010-11-19,35.378974,60973725.0,44223717.5
2010-11-22,35.434266,59923725.0,-37205979.300000004
2010-11-23,34.820142,59823725.0,-3482014.1999999997
2010-11-24,35.453664,58523725.0,-46089763.2
2010-11-26,35.017639,59123725.0,21010583.400000002
2010-11-29,35.189199,59123725.0,0.0
2010-11-30,35.177654,59523725.0,14071061.6
2010-12-01,36.149617,60323725.0,28919693.599999998
2010-12-02,36.694314,62373725.0,75223343.7
2010-12-03,37.023427,65723725.0,124028480.44999999
2010-12-06,37.039901,68923725.0,118527683.2
2010-12-07,37.078072,69923725.0,37078072.0
2010-12-08,36.758161,69423725.0,-18379080.5
2010-12-09,36.91665,70623725.0,44299980.0
2010-12-10,37.232863,66173725.0,-165686240.35
2010-12-13,37.432026,66523725.0,13101209.1
2010-12-14,37.454317,66923725.0,14981726.8
2010-12-15,37.193967,66923725.0,0.0
2010-12-16,37.558907,67173725.0,9389726.75
2010-12-17,37.517657,66773725.0,-15007062.8
2010-12-20,37.667549,66923725.0,5650132.350000001
2010-12-21,38.044002,68673725.0,66577003.5
2010-12-22,38.038479,68423725.0,-9509619.75
2010-12-23,38.18485,68573725.0,5727727.5
2010-12-27,38.17468,69073725.0,19087340.0
2010-12-28,38.27882,69073725.0,0.0
2010-12-29,38.421105,68523725.0,-21131607.75
2010-12-30,38.404136,69523725.0,38404136.0
2010-12-31,38.425737,67523725.0,-76851474.0
2011-01-03,38.705255,67523725.0,0.0
2011-01-04,38.502611,67623725.0,3850261.1
2011-01-05,38.521053,66573725.0,-40447105.65
2011-01-06,38.369188,66273725.0,-11510756.4
2011-01-07,38.31242,65073725.0,-45974904.0
2011-01-10,38.368054,63623725.0,-55633678.300000004
2011-01-11,38.663525,63023725.0,-23198115.0
2011-01-12,39.035799,62323725.0,-27325059.299999997
2011-01-13,38.724021,63273725.0,36787819.95
2011-01-14,38.768747,63773725.0,19384373.5
2011-01-18,39.019105,63223725.0,-21460507.75
2011-01-19,38.139726,62573725.0,-24790821.900000002
2011-01-20,37.572599,60523725.0,-77023827.94999999
2011-01-21,37.485732,59323725.0,-44982878.4
2011-01-24,37.874919,57573725.0,-66281108.25
2011-01-25,37.91337,56573725.0,-37913370.0
2011-01-26,38.710625,61123725.0,176133343.75
2011-01-27,38.424885,62973725.0,71086037.25
2011-01-28,37.849477,63223725.0,9462369.25
2011-01-31,38.442471,62073725.0,-44208841.65
2011-02-01,39.526904,62073725.0,0.0
2011-02-02,39.412222,69373725.0,287709220.6
2011-02-03,39.567458,70423725.0,41545830.9
2011-02-04,39.571188,72623725.0,87056613.6
2011-02-07,39.784753,71073725.0,-61666367.150000006
2011-02-08,39.917594,67823725.0,-129732180.5
2011-02-09,39.539995,68973725.0,45470994.25
2011-02-10,39.636405,67323725.0,-65400068.25000001
2011-02-11,39.856392,68723725.0,55798948.8
2011-02-14,40.276428,69673725.0,38262606.6
2011-02-15,39.850787,69673725.0,0.0
2011-02-16,40.32927,69173725.0,-20164635.0
2011-02-17,40.67966,71023725.0,75257371.0
2011-02-18,40.24943,70273725.0,-30187072.499999996
2011-02-22,38.958928,67223725.0,-118824730.4
2011-02-23,38.705287,64673725.0,-98698481.85
2011-02-24,38.480217,67123725.0,94276531.65
2011-02-25,39.024296,67773725.0,25365792.4
2011-02-28,39.425297,68573725.0,31540237.6
2011-03-01,38.513729,68923725.0,13479805.149999999
2011-03-02,38.607367,68273725.0,-25094788.55
2011-03-03,39.385989,66723725.0,-61048282.95
2011-03-04,39.098403,67223725.0,19549201.5
2011-03-07,38.413729,66373725.0,-32651669.65
2011-03-08,38.79742,65123725.0,-48496775.0
2011-03-09,38.214991,65323725.0,7642998.199999999
2011-03-10,37.366867,64023725.0,-48576927.1
2011-03-11,37.88717,59923725.0,-155337397.0
2011-03-14,37.796563,62223725.0,86932094.89999999
2011-03-15,37.742914,65773725.0,133987344.7
2011-03-16,37.012498,68173725.0,88829995.2
2011-03-17,37.649691,69823725.0,62121990.15
2011-03-18,37.725971,69673725.0,-5658895.65
2011-03-21,38.38986,69873725.0,7677972.0
2011-03-22,38.3064,70273725.0,15322559.999999998
2011-03-23,38.846606,69373725.0,-34961945.4
2011-03-24,39.014986,68223725.0,-44867233.9
2011-03-25,39.224064,66223725.0,-78448128.0
2011-03-28,39.037358,65623725.0,-23422414.799999997
2011-03-29,39.450908,64273725.0,-53258725.8
2011-03-30,39.863051,65423725.0,45842508.65
2011-03-31,40.023128,63673725.0,-70040474.0
2011-04-01,40.160334,65473725.0,72288601.2
2011-04-04,40.439312,66723725.0,50549140.0
2011-04-05,40.894638,70823725.0,167668015.8
2011-04-06,40.572266,73623725.0,113602344.8
2011-04-07,40.496935,75073725.0,58720555.75
2011-04-08,40.238113,76273725.0,48285735.6
2011-04-11,39.743395,74823725.0,-57627922.75
2011-04-12,39.206105,72523725.0,-90174041.5
2011-04-13,38.973719,71873725.0,-25332917.35
2011-04-14,39.087144,66173725.0,-222796720.8
2011-04-15,39.332656,65773725.0,-15733062.4
2011-04-18,38.829569,63523725.0,-87366530.25
2011-04-19,39.5003,60973725.0,-100725765.0
2011-04-20,39.986207,65923725.0,197931724.65
2011-04-21,40.420474,67173725.0,50525592.5
2011-04-25,40.147782,72573725.0,216798022.79999998
2011-04-26,40.565449,73873725.0,52735083.7
2011-04-27,40.651161,74823725.0,38618602.95
2011-04-28,40.75152,71623725.0,-130404864.0
2011-04-29,40.853306,71323725.0,-12255991.8
2011-05-02,40.601233,72073725.0,30450924.75
2011-05-03,40.205175,71473725.0,-24123105.0
2011-05-04,39.529464,70473725.0,-39529464.0
2011-05-05,39.034295,66973725.0,-136620032.5
2011-05-06,39.327945,66073725.0,-35395150.5
2011-05-09,39.939631,64723725.0,-53918501.85
2011-05-10,40.220971,64673725.0,-2011048.55
2011-05-11,39.156312,64923725.0,9789078.0
2011-05-12,39.168442,62323725.0,-101837949.2
2011-05-13,38.646578,61373725.0,-36714249.1
2011-05-16,38.504258,56573725.0,-184820438.4
2011-05-17,38.089536,59823725.0,123790992.00000001
2011-05-18,38.883956,60323725.0,19441978.0
2011-05-19,38.89852,63073725.0,106970930.0
2011-05-20,38.509107,63273725.0,7701821.4
2011-05-23,38.13013,61223725.0,-78166766.5
2011-05-24,38.313834,60473725.0,-28735375.5
2011-05-25,38.842465,64073725.0,139832874.0
2011-05-26,38.912375,66373725.0,89498462.5
2011-05-27,39.315796,67923725.0,60939483.8
2011-05-31,39.726201,66673725.0,-49657751.25000001
2011-06-01,38.509234,69923725.0,125155010.5
2011-06-02,38.561315,67273725.0,-102187484.75
2011-06-03,38.076267,65773725.0,-57114400.5
2011-06-06,37.717071,63223725.0,-96178531.05
2011-06-07,37.844292,62823725.0,-15137716.8
2011-06-08,37.476744,64323725.0,56215115.99999999
2011-06-09,38.066023,64473725.0,5709903.45
2011-06-10,37.596324,67623725.0,118428420.60000001
2011-06-13,37.383238,67623725.0,0.0
2011-06-14,38.096319,67423725.0,-7619263.8
2011-06-15,37.217081,72023725.0,171198572.6
2011-06-16,36.852909,67923725.0,-151096926.89999998
2011-06-17,36.638296,67923725.0,0.0
2011-06-20,36.932214,70223725.0,84944092.2
2011-06-21,37.89423,72573725.0,89051440.5
2011-06-22,37.746396,74123725.0,58506913.8
2011-06-23,37.720473,74423725.0,11316141.9
2011-06-24,37.501128,71023725.0,-127503835.2
2011-06-27,37.553817,67373725.0,-137071432.05
2011-06-28,38.255263,64073725.0,-126242367.89999999
2011-06-29,38.848364,66973725.0,112660255.6
2011-06-30,39.369058,67723725.0,29526793.500000004
2011-07-01,39.73579,69673725.0,77484790.5
2011-07-05,39.771708,71473725.0,71589074.39999999
2011-07-06,39.927296,69973725.0,-59890944.0
2011-07-07,40.521603,72623725.0,107382247.95
2011-07-08,40.244796,73573725.0,38232556.2
2011-07-11,39.413011,69923725.0,-143857490.14999998
2011-07-12,39.265452,64973725.0,-194363987.4
2011-07-13,39.602122,64973725.0,0.0
2011-07-14,39.234459,66173725.0,47081350.800000004
2011-07-15,39.610294,65373725.0,-31688235.200000003
2011-07-18,39.127631,65873725.0,19563815.5
2011-07-19,39.686765,60873725.0,-198433825.0
2011-07-20,39.673024,62873725.0,79346048.0
2011-07-21,40.138149,63873725.0,40138149.0
2011-07-22,39.960205,64773725.0,35964184.5
2011-07-25,39.860668,64673725.0,-3986066.8
2011-07-26,39.430861,66323725.0,65060920.65
2011-07-27,38.519714,63923725.0,-92447313.6
2011-07-28,38.431441,61973725.0,-74941309.95
2011-07-29,38.013134,61973725.0,0.0
2011-08-01,37.88091,62123725.0,5682136.5
2011-08-02,36.742232,62123725.0,0.0
2011-08-03,36.894773,61023725.0,-40584250.300000004
2011-08-04,34.440079,61623725.0,20664047.4
2011-08-05,34.360821,59373725.0,-77311847.25
2011-08-08,31.829104,61373725.0,63658208.0
2011-08-09,33.725556,63723725.0,79255056.6
2011-08-10,32.588756,63573725.0,-4888313.399999999
2011-08-11,34.229963,63873725.0,10268988.899999999
2011-08-12,34.458847,65423725.0,53411212.85
2011-08-15,34.980882,64773725.0,-22737573.3
2011-08-16,34.458148,53823725.0,-377316720.6
2011-08-17,34.540017,51123725.0,-93258045.89999999
2011-08-18,32.515581,50773725.0,-11380453.35
2011-08-19,32.022322,50323725.0,-14410044.9
2011-08-22,31.982847,52373725.0,65564836.35
2011-08-23,33.117129,54373725.0,66234258.0
2011-08-24,33.579936,59923725.0,186368644.79999998
2011-08-25,33.238744,61523725.0,53181990.4
2011-08-26,33.932126,59523725.0,-67864252.0
2011-08-29,34.963764,59523725.0,0.0
2011-08-30,35.252909,58323725.0,-42303490.800000004
2011-08-31,35.352481,59473725.0,40655353.15
2011-09-01,34.882495,55273725.0,-146506479.0
2011-09-02,34.022699,54073725.0,-40827238.800000004
2011-09-06,33.804039,52573725.0,-50706058.50000001
2011-09-07,34.732361,51373725.0,-41678833.199999996
2011-09-08,34.290653,52073725.0,24003457.099999998
2011-09-09,33.187603,51673725.0,-13275041.200000001
2011-09-12,32.93953,49273725.0,-79054872.0
2011-09-13,33.478608,49373725.0,3347860.8000000003
2011-09-14,34.018201,50073725.0,23812740.7
2011-09-15,34.593234,51073725.0,34593234.0
2011-09-16,34.523936,51673725.0,20714361.599999998
2011-09-19,34.015831,55623725.0,134362532.45
2011-09-20,33.621968,54523725.0,-36984164.800000004
2011-09-21,32.102033,53723725.0,-25681626.4
2011-09-22,30.326261,54223725.0,15163130.5
2011-09-23,30.247072,52623725.0,-48395315.199999996
2011-09-26,31.187936,54873725.0,70172856.0
2011-09-27,31.851658,56623725.0,55740401.5
2011-09-28,30.450399,58473725.0,56333238.15
2011-09-29,30.459626,56423725.0,-62442233.3
2011-09-30,29.357888,48373725.0,-236330998.4
2011-10-03,28.600872,55973725.0,217366627.2
2011-10-04,29.620404,58623725.0,78494070.60000001
2011-10-05,30.833056,58723725.0,3083305.6
2011-10-06,31.599725,60023725.0,41079642.5
2011-10-07,31.118561,58523725.0,-46677841.5
2011-10-10,32.39105,58523725.0,0.0
2011-10-11,32.444886,58523725.0,0.0
2011-10-12,32.759713,58523725.0,0.0
2011-10-13,32.614561,58823725.0,9784368.3
2011-10-14,33.422601,59023725.0,6684520.2
2011-10-17,32.396734,59473725.0,14578530.3
2011-10-18,33.16487,58023725.0,-48089061.5
2011-10-19,32.196271,54123725.0,-125565456.9
2011-10-20,32.521772,55023725.0,29269594.799999997
2011-10-21,33.341537,51973725.0,-101691687.85000001
2011-10-24,34.122133,51523725.0,-15354959.85
2011-10-25,33.284223,52173725.0,21634744.95
2011-10-26,33.923251,52173725.0,0.0
2011-10-27,35.696066,51323725.0,-30341656.1
2011-10-28,35.961809,56523725.0,187001406.8
2011-10-31,34.457977,56373725.0,-5168696.55
2011-11-01,33.571952,53923725.0,-82251282.4
2011-11-02,34.320561,50823725.0,-106393739.1
2011-11-03,35.023343,51223725.0,14009337.2
2011-11-04,35.003614,54073725.0,99760299.89999999
2011-11-07,35.264515,54073725.0,0.0
2011-11-08,35.660082,55423725.0,48141110.7
2011-11-09,33.973455,58423725.0,101920365.0
2011-11-10,34.328618,55723725.0,-92687268.6
2011-11-11,35.133152,54073725.0,-57969700.800000004
2011-11-14,34.838673,54973725.0,31354805.7
2011-11-15,34.885401,51473725.0,-122098903.5
2011-11-16,34.080515,50273725.0,-40896618.0
2011-11-17,33.094712,48223725.0,-67844159.60000001
2011-11-18,33.244494,43773725.0,-147937998.3
2011-11-21,32.710209,43923725.0,4906531.35
2011-11-22,32.467807,46823725.0,94156640.3
2011-11-23,31.558024,50173725.0,105719380.4
2011-11-25,31.428807,48673725.0,-47143210.5
2011-11-28,32.554233,48673725.0,0.0
2011-11-29,32.612654,49673725.0,32612654.0
2011-11-30,34.516665,48823725.0,-29339165.250000004
2011-12-01,34.304641,51123725.0,78900674.3
2011-12-02,34.043503,50823725.0,-10213050.9
2011-12-05,34.398416,50523725.0,-10319524.799999999
2011-12-06,34.675515,50523725.0,0.0
2011-12-07,34.712175,50523725.0,0.0
2011-12-08,33.678096,50773725.0,8419524.0
2011-12-09,34.066945,49323725.0,-49397070.24999999
2011-12-12,33.326335,50773725.0,48323185.75
2011-12-13,32.765193,48823725.0,-63892126.349999994
2011-12-14,32.379855,45223725.0,-116567478.0
2011-12-15,32.57514,48473725.0,105869204.99999999
2011-12-16,32.569415,49873725.0,45597181.0
2011-12-19,31.955636,53473725.0,115040289.6
2011-12-20,33.197498,53073725.0,-13278999.200000001
2011-12-21,33.285682,56623725.0,118164171.10000001
2011-12-22,33.575766,55373725.0,-41969707.5
2011-12-23,33.875408,53473725.0,-64363275.2
2011-12-27,33.873476,52873725.0,-20324085.599999998
2011-12-28,33.141569,52223725.0,-21542019.849999998
2011-12-29,33.507063,50523725.0,-56962007.1
2011-12-30,33.495371,48823725.0,-56942130.699999996
2012-01-03,34.468624,49073725.0,8617156.0
2012-01-04,34.685939,49273725.0,6937187.8
2012-01-05,34.791991,50623725.0,46969187.85
2012-01-06,34.759312,52473725.0,64304727.2
2012-01-09,34.83979,52223725.0,-8709947.5
2012-01-10,35.449874,52873725.0,23042418.1
2012-01-11,35.821801,52973725.0,3582180.1
2012-01-12,36.329454,53723725.0,27247090.5
2012-01-13,36.112907,54323725.0,21667744.2
2012-01-17,36.290143,53423725.0,-32661128.7
2012-01-18,36.69546,51973725.0,-53208416.99999999
2012-01-19,36.710738,53773725.0,66079328.4
2012-01-20,36.581177,53773725.0,0.0
2012-01-23,36.569751,52423725.0,-49369163.849999994
2012-01-24,36.575852,54223725.0,65836533.599999994
2012-01-25,37.160316,54473725.0,9290079.0
2012-01-26,37.101716,54973725.0,18550858.0
2012-01-27,37.14421,54973725.0,0.0
2012-01-30,37.141605,55673725.0,25999123.5
2012-01-31,37.148025,52273725.0,-126303284.99999999
2012-02-01,37.538382,53173725.0,33784543.8
2012-02-02,37.373534,56973725.0,142019429.2
2012-02-03,37.8838,57623725.0,24624470.0
2012-02-06,37.709517,58973725.0,50907847.949999996
2012-02-07,37.605506,59223725.0,9401376.5
2012-02-08,37.678587,59973725.0,28258940.25
2012-02-09,37.714517,59023725.0,-35828791.15
2012-02-10,37.04726,58573725.0,-16671267.0
2012-02-13,37.165056,55623725.0,-109636915.2
2012-02-14,36.713639,55973725.0,12849773.65
2012-02-15,36.717094,53373725.0,-95464444.4
2012-02-16,37.318306,53223725.0,-5597745.9
2012-02-17,37.358877,55123725.0,70981866.3
2012-02-21,37.583931,56623725.0,56375896.5
2012-02-22,37.51392,60973725.0,163185552.0
2012-02-23,37.562518,60673725.0,-11268755.399999999
2012-02-24,37.560885,60673725.0,0.0
2012-02-27,37.588732,60923725.0,9397183.0
2012-02-28,37.657241,60023725.0,-33891516.9
2012-02-29,37.023072,59673725.0,-12958075.2
2012-03-01,37.411404,54573725.0,-190798160.39999998
2012-03-02,37.282262,53373725.0,-44738714.400000006
2012-03-05,36.702191,52323725.0,-38537300.55
2012-03-06,35.936097,54973725.0,95230657.05
2012-03-07,36.047072,52373725.0,-93722387.2
2012-03-08,36.62722,51873725.0,-18313610.0
2012-03-09,36.641904,55823725.0,144735520.79999998
2012-03-12,36.436716,56323725.0,18218358.0
2012-03-13,37.057013,54323725.0,-74114026.0
2012-03-14,36.892421,54973725.0,23980073.65
2012-03-15,37.159012,54373725.0,-22295407.2
2012-03-16,37.135819,55373725.0,37135819.0
2012-03-19,37.320576,55073725.0,-11196172.8
2012-03-20,37.108822,50373725.0,-174411463.4
2012-03-21,37.110105,49573725.0,-29688083.999999996
2012-03-22,36.535863,48973725.0,-21921517.8
2012-03-23,36.880918,46323725.0,-97734432.7
2012-03-26,37.378766,45673725.0,-24296197.9
2012-03-27,37.327163,46923725.0,46658953.75
2012-03-28,36.808752,49573725.0,97543192.8
2012-03-29,36.839581,48073725.0,-55259371.50000001
2012-03-30,36.974388,48073725.0,0.0
2012-04-02,37.488791,49323725.0,46860988.75
2012-04-03,37.208415,55223725.0,219529648.5
2012-04-04,36.696123,55323725.0,3669612.3
2012-04-05,36.489847,53923725.0,-51085785.8
2012-04-09,35.955971,54773725.0,30562575.349999998
2012-04-10,35.209548,50973725.0,-133796282.39999999
2012-04-11,35.581351,47373725.0,-128092863.6
2012-04-12,36.571465,49673725.0,84114369.50000001
2012-04-13,36.129918,53773725.0,148132663.8
2012-04-16,36.240279,55023725.0,45300348.75
2012-04-17,36.768201,59523725.0,165456904.5
2012-04-18,36.635255,62223725.0,98915188.5
2012-04-19,36.501762,61623725.0,-21901057.2
2012-04-20,36.516866,61173725.0,-16432589.7
2012-04-23,36.010151,61773725.0,21606090.6
2012-04-24,36.006678,59973725.0,-64812020.4
2012-04-25,36.80064,57423725.0,-93841632.0
2012-04-26,36.779047,56923725.0,-18389523.5
2012-04-27,36.918938,56923725.0,0.0
2012-04-30,36.676297,57473725.0,20171963.349999998
2012-05-01,36.885944,56223725.0,-46107430.0
2012-05-02,36.683183,56073725.0,-5502477.45
2012-05-03,36.288131,54873725.0,-43545757.2
2012-05-04,35.686348,53273725.0,-57098156.800000004
2012-05-07,35.698353,54023725.0,26773764.749999996
2012-05-08,35.524724,53723725.0,-10657417.2
2012-05-09,35.234356,53023725.0,-24664049.2
2012-05-10,35.127444,54473725.0,50934793.8
2012-05-11,35.024394,54423725.0,-1751219.7
2012-05-14,34.532878,54723725.0,10359863.399999999
2012-05-15,34.020782,53873725.0,-28917664.7
2012-05-16,33.636983,53323725.0,-18500340.650000002
2012-05-17,32.937281,52423725.0,-29643552.9
2012-05-18,32.750034,53873725.0,47487549.3
2012-05-21,33.72647,54523725.0,21922205.5
2012-05-22,33.516964,57423725.0,97199195.60000001
2012-05-23,33.894492,56123725.0,-44062839.6
2012-05-24,34.134991,57623725.0,51202486.5
2012-05-25,33.988365,61723725.0,139352296.5
2012-05-29,34.561587,61273725.0,-15552714.150000002
2012-05-30,33.977416,64023725.0,93437894.0
2012-05-31,33.811486,61323725.0,-91291012.2
2012-06-01,33.124008,60023725.0,-43061210.400000006
2012-06-04,33.155858,59773725.0,-8288964.500000001
2012-06-05,33.421562,60123725.0,11697546.700000001
2012-06-06,34.256893,58323725.0,-61662407.4
2012-06-07,34.320097,60623725.0,78936223.1
2012-06-08,34.582587,60523725.0,-3458258.6999999997
2012-06-11,33.947224,60673725.0,5092083.6
2012-06-12,34.558566,58023725.0,-91580199.89999999
2012-06-13,34.047976,59473725.0,49369565.199999996
2012-06-14,34.291948,58423725.0,-36006545.4
2012-06-15,34.529946,58923725.0,17264973.0
2012-06-18,34.685681,60473725.0,53762805.550000004
2012-06-19,35.365606,62623725.0,76036052.9
2012-06-20,35.182787,61423725.0,-42219344.4
2012-06-21,34.019527,59473725.0,-66338077.64999999
2012-06-22,34.174952,56323725.0,-107651098.8
2012-06-25,33.77063,57173725.0,28705035.499999996
2012-06-26,33.861227,57523725.0,11851429.45
2012-06-27,34.230226,56623725.0,-30807203.400000002
2012-06-28,34.273358,58773725.0,73687719.7
2012-06-29,35.270787,58923725.0,5290618.05
2012-07-02,35.11954,62523725.0,126430344.0
2012-07-03,35.610255,56723725.0,-206539479.0
2012-07-05,35.560531,57223725.0,17780265.5
2012-07-06,35.151128,57223725.0,0.0
2012-07-09,34.901568,55523725.0,-59332665.599999994
2012-07-10,34.40355,57623725.0,72247455.0
2012-07-11,34.327554,57723725.0,3432755.4
2012-07-12,34.139345,55923725.0,-61450821.0
2012-07-13,34.738526,56923725.0,34738526.0
2012-07-16,34.613186,56873725.0,-1730659.3
2012-07-17,35.045437,55373725.0,-52568155.5
2012-07-18,35.248802,56273725.0,31723921.799999997
2012-07-19,35.65798,56573725.0,10697394.0
2012-07-20,35.390634,54573725.0,-70781268.0
2012-07-23,34.861201,54473725.0,-3486120.1
2012-07-24,34.33108,54473725.0,0.0
2012-07-25,34.297123,54023725.0,-15433705.35
2012-07-26,34.499135,54023725.0,0.0
2012-07-27,35.099876,53973725.0,-1754993.8
2012-07-30,35.089389,55323725.0,47370675.15
2012-07-31,34.881058,57623725.0,80226433.4
2012-08-01,34.881659,58723725.0,38369824.9
2012-08-02,34.445142,59173725.0,15500313.899999999
2012-08-03,35.088776,56873725.0,-80704184.80000001
2012-08-06,35.455642,56873725.0,0.0
2012-08-07,35.833004,56723725.0,-5374950.600000001
2012-08-08,35.902327,59573725.0,102321631.95
2012-08-09,36.081517,59973725.0,14432606.799999999
2012-08-10,36.075868,60323725.0,12626553.8
2012-08-13,35.857501,60823725.0,17928750.5
2012-08-14,35.676707,60373725.0,-16054518.15
2012-08-15,35.777563,60023725.0,-12522147.05
2012-08-16,36.276573,60023725.0,0.0
2012-08-17,36.23425,59273725.0,-27175687.500000004
2012-08-20,36.192142,58223725.0,-38001749.099999994
2012-08-21,36.180567,58223725.0,0.0
2012-08-22,36.523106,58473725.0,9130776.5
2012-08-23,35.909723,59323725.0,30523264.55
2012-08-24,35.855991,59923725.0,21513594.6
2012-08-27,35.626554,59223725.0,-24938587.8
2012-08-28,35.54048,59223725.0,0.0
2012-08-29,35.67731,59023725.0,-7135462.0
2012-08-30,35.316641,58223725.0,-28253312.799999997
2012-08-31,35.676328,55473725.0,-98109902.0
2012-09-04,35.168976,55473725.0,0.0
2012-09-05,35.336234,55023725.0,-15901305.299999999
2012-09-06,36.244596,57523725.0,90611490.0
2012-09-07,36.959229,59173725.0,60982727.85
2012-09-10,36.876893,63623725.0,164102173.85000002
2012-09-11,37.006809,65923725.0,85115660.69999999
2012-09-12,36.948032,67273725.0,49879843.199999996
2012-09-13,37.873656,67673725.0,15149462.399999999
2012-09-14,38.324842,69123725.0,55571020.9
2012-09-17,37.757267,69673725.0,20766496.849999998
2012-09-18,37.653307,68673725.0,-37653307.0
2012-09-19,37.868179,65673725.0,-113604537.0
2012-09-20,37.812953,68323725.0,100204325.45
2012-09-21,37.473627,67123725.0,-44968352.4
2012-09-24,37.311357,62723725.0,-164169970.8
2012-09-25,36.736018,63123725.0,14694407.200000001
2012-09-26,36.570464,63173725.0,1828523.2
2012-09-27,37.014365,63023725.0,-5552154.75
2012-09-28,36.799551,63773725.0,27599663.25
2012-10-01,36.919509,64123725.0,12921828.149999999
2012-10-02,36.714433,63523725.0,-22028659.8
2012-10-03,36.557092,63773725.0,9139273.0
2012-10-04,37.011745,64023725.0,9252936.25
2012-10-05,37.184943,65223725.0,44621931.599999994
2012-10-08,37.139298,64523725.0,-25997508.599999998
2012-10-09,36.759571,64523725.0,0.0
2012-10-10,36.384904,64123725.0,-14553961.6
2012-10-11,36.521719,64123725.0,0.0
2012-10-12,36.348603,64523725.0,14539441.2
2012-10-15,36.665449,65523725.0,36665449.0
2012-10-16,37.531701,66023725.0,18765850.5
2012-10-17,37.854049,69173725.0,119240254.35000001
2012-10-18,37.886807,72373725.0,121237782.39999999
2012-10-19,37.120641,72073725.0,-11136192.299999999
2012-10-22,37.252874,71673725.0,-14901149.6
2012-10-23,36.137662,68423725.0,-117447401.5
2012-10-24,36.130254,67223725.0,-43356304.800000004
2012-10-25,36.017964,65273725.0,-70235029.8
2012-10-26,36.086814,63373725.0,-68564946.6
2012-10-29,36.086666,62823725.0,-19847666.3
2012-10-30,36.086502,62823725.0,0.0
2012-10-31,36.024087,62823725.0,0.0
2012-11-01,36.748875,58623725.0,-154345275.0
2012-11-02,36.057876,57923725.0,-25240513.2
2012-11-05,36.330018,57423725.0,-18165009.0
2012-11-06,36.717121,57023725.0,-14686848.4
2012-11-07,36.14313,58223725.0,43371756.0
2012-11-08,35.636484,58223725.0,0.0
2012-11-09,35.588369,57223725.0,-35588369.0
2012-11-12,35.571874,57223725.0,0.0
2012-11-13,35.491731,57123725.0,-3549173.1
2012-11-14,34.903453,57523725.0,13961381.2
2012-11-15,34.76736,56223725.0,-45197567.99999999
2012-11-16,34.860046,56423725.0,6972009.199999999
2012-11-19,35.856937,55673725.0,-26892702.75
2012-11-20,35.886016,64323725.0,310414038.4
2012-11-21,35.914222,65973725.0,59258466.300000004
2012-11-23,36.424952,66373725.0,14569980.799999999
2012-11-26,36.415649,67273725.0,32774084.1
2012-11-27,36.279659,67923725.0,23581778.35
2012-11-28,36.43528,68573725.0,23682932.0
2012-11-29,36.658605,68573725.0,0.0
2012-11-30,36.712881,69773725.0,44055457.2
2012-12-03,36.048084,70373725.0,21628850.400000002
2012-12-04,36.087407,63223725.0,-258024960.04999998
2012-12-05,35.676901,61123725.0,-74921492.10000001
2012-12-06,35.765629,60573725.0,-19671095.95
2012-12-07,36.058048,60773725.0,7211609.6
2012-12-10,36.295698,60323725.0,-16333064.100000001
2012-12-11,36.565734,60323725.0,0.0
2012-12-12,36.482889,59623725.0,-25538022.3
2012-12-13,36.341357,57273725.0,-85402188.95
2012-12-14,36.668139,56873725.0,-14667255.599999998
2012-12-17,37.02127,56373725.0,-18510635.0
2012-12-18,37.48131,55373725.0,-37481310.0
2012-12-19,37.288735,56373725.0,37288735.0
2012-12-20,37.670479,56523725.0,5650571.85
2012-12-21,37.027665,56323725.0,-7405533.0
2012-12-24,37.207447,54723725.0,-59531915.2
2012-12-26,37.431225,59623725.0,183413002.5
2012-12-27,37.282303,63623725.0,149129212.0
2012-12-28,36.815081,64423725.0,29452064.8
2012-12-31,37.551966,65123725.0,26286376.2
2013-01-02,38.456541,66473725.0,51916330.35
2013-01-03,38.205101,70273725.0,145179383.79999998
2013-01-04,38.654275,73223725.0,114030111.25
2013-01-07,38.583271,74573725.0,52087415.85
2013-01-08,38.645903,74423725.0,-5796885.449999999
2013-01-09,38.898678,75223725.0,31118942.4
2013-01-10,39.046873,76573725.0,52713278.55
2013-01-11,38.998012,76573725.0,0.0
2013-01-14,39.035179,76773725.0,7807035.8
2013-01-15,39.055593,76723725.0,-1952779.6500000001
2013-01-16,38.829173,73323725.0,-132019188.19999999
2013-01-17,39.118337,72823725.0,-19559168.5
2013-01-18,39.332736,73323725.0,19666368.0
2013-01-22,39.683572,73573725.0,9920893.0
2013-01-23,39.515473,73923725.0,13830415.55
2013-01-24,39.616002,74873725.0,37635201.9
2013-01-25,39.771287,72273725.0,-103405346.2
2013-01-28,39.380542,69473725.0,-110265517.6
2013-01-29,39.60609,69973725.0,19803045.0
2013-01-30,39.385244,76573725.0,259942610.4
2013-01-31,39.043833,78023725.0,56613557.85
2013-02-01,39.512748,79023725.0,39512748.0
2013-02-04,39.10931,80023725.0,39109310.0
2013-02-05,39.327652,78773725.0,-49159565.0
2013-02-06,39.38853,79423725.0,25602544.500000004
2013-02-07,39.151045,78073725.0,-52853910.75000001
2013-02-08,39.396965,77673725.0,-15758786.0
2013-02-11,39.315067,78173725.0,19657533.5
2013-02-12,39.371711,78173725.0,0.0
2013-02-13,39.520523,79173725.0,39520523.0
2013-02-14,39.367817,79173725.0,0.0
2013-02-15,39.350522,79173725.0,0.0
2013-02-19,39.186544,78173725.0,-39186544.0
2013-02-20,38.096699,76773725.0,-53335378.6
2013-02-21,37.753102,76423725.0,-13213585.7
2013-02-22,38.223813,74423725.0,-76447626.0
2013-02-25,37.358838,73223725.0,-44830605.6
2013-02-26,37.763917,75223725.0,75527834.0
2013-02-27,38.415145,74773725.0,-17286815.25
2013-02-28,38.474619,73723725.0,-40398349.949999996
2013-03-01,38.520449,74573725.0,32742381.65
2013-03-04,38.563188,73573725.0,-38563188.0
2013-03-05,38.824064,73573725.0,0.0
2013-03-06,39.156537,73773725.0,7831307.4
2013-03-07,39.263609,73773725.0,0.0
2013-03-08,39.602869,73773725.0,0.0
2013-03-11,39.781329,73773725.0,0.0
2013-03-12,39.823915,73173725.0,-23894349.0
2013-03-13,39.741415,73973725.0,31793132.000000004
2013-03-14,39.992559,74423725.0,17996651.55
2013-03-15,39.855323,75273725.0,33877024.55
2013-03-18,39.562469,75823725.0,21759357.95
2013-03-19,39.402652,76723725.0,35462386.800000004
2013-03-20,39.687065,76823725.0,3968706.4999999995
2013-03-21,39.026741,77123725.0,11708022.3
2013-03-22,39.052282,75723725.0,-54673194.8
2013-03-25,38.767864,75473725.0,-9691966.0
2013-03-26,39.03325,75223725.0,-9758312.5
2013-03-27,39.028004,74823725.0,-15611201.600000001
2013-03-28,39.229757,74373725.0,-17653390.65
2013-04-01,38.852257,74123725.0,-9713064.25
2013-04-02,38.502231,73223725.0,-34652007.9
2013-04-03,38.167392,69973725.0,-124044024.0
2013-04-04,38.470958,69073725.0,-34623862.2
2013-04-05,38.307804,68923725.0,-5746170.6
2013-04-08,38.450583,69873725.0,36528053.85
2013-04-09,38.868053,69873725.0,0.0
2013-04-10,39.148903,72623725.0,107659483.24999999
2013-04-11,39.317682,72923725.0,11795304.6
2013-04-12,38.766443,75573725.0,102731073.95
2013-04-15,37.283734,72123725.0,-128628882.30000001
2013-04-16,37.980962,69423725.0,-102548597.39999999
2013-04-17,37.439226,68623725.0,-29951380.799999997
2013-04-18,37.334009,68423725.0,-7466801.800000001
2013-04-19,37.7678,64523725.0,-147294420.0
2013-04-22,38.130672,67073725.0,97233213.6
2013-04-23,38.466396,69123725.0,78856111.80000001
2013-04-24,39.040017,68473725.0,-25376011.05
2013-04-25,39.44576,69173725.0,27612032.0
2013-04-26,38.903898,68823725.0,-13616364.299999999
2013-04-29,39.488376,68223725.0,-23693025.6
2013-04-30,39.560854,68473725.0,9890213.5
2013-05-01,38.863545,71373725.0,112704280.5
2013-05-02,39.13292,70973725.0,-15653168.0
2013-05-03,39.843537,72123725.0,45820067.55
2013-05-06,39.940877,72473725.0,13979306.95
2013-05-07,40.304289,69673725.0,-112852009.19999999
2013-05-08,40.660415,70423725.0,30495311.25
2013-05-09,40.604643,71473725.0,42634875.150000006
2013-05-10,40.593666,70673725.0,-32474932.8
2013-05-13,40.302738,70173725.0,-20151369.0
2013-05-14,40.774307,70173725.0,0.0
2013-05-15,41.013966,70373725.0,8202793.200000001
2013-05-16,40.81336,70873725.0,20406680.0
2013-05-17,41.316309,70873725.0,0.0
2013-05-20,41.316215,70573725.0,-12394864.5
2013-05-21,41.240035,70623725.0,2062001.75
2013-05-22,40.726678,70523725.0,-4072667.8
2013-05-23,40.685446,70073725.0,-18308450.7
2013-05-24,40.57292,70073725.0,0.0
2013-05-28,40.931767,69473725.0,-24559060.2
2013-05-29,40.816141,69473725.0,0.0
2013-05-30,40.909467,68773725.0,-28636626.9
2013-05-31,40.290683,68773725.0,0.0
2013-06-03,40.514634,67673725.0,-44566097.4
2013-06-04,40.443969,68173725.0,20221984.5
2013-06-05,39.600378,67823725.0,-13860132.299999999
2013-06-06,39.831444,68123725.0,11949433.2
2013-06-07,40.179955,67373725.0,-30134966.25
2013-06-10,40.377729,67223725.0,-6056659.350000001
2013-06-11,39.826084,67223725.0,0.0
2013-06-12,39.619727,66273725.0,-37638740.65
2013-06-13,40.314882,66773725.0,20157441.0
2013-06-14,40.063529,69973725.0,128203292.80000001
2013-06-17,40.361623,70473725.0,20180811.5
2013-06-18,40.563229,71823725.0,54760359.15
2013-06-19,40.261247,72123725.0,12078374.1
2013-06-20,39.218923,72123725.0,0.0
2013-06-21,38.812721,69073725.0,-118378799.05000001
2013-06-24,38.166525,68723725.0,-13358283.75
2013-06-25,38.428899,68373725.0,-13450114.65
2013-06-26,38.581249,69773725.0,54013748.6
2013-06-27,38.549561,70273725.0,19274780.5
2013-06-28,38.306715,70623725.0,13407350.249999998
2013-07-01,38.600749,71623725.0,38600749.0
2013-07-02,38.487985,74623725.0,115463955.0
2013-07-03,38.467032,74623725.0,0.0
2013-07-05,38.72817,73923725.0,-27109719.0
2013-07-08,38.944278,73923725.0,0.0
2013-07-09,39.555855,73023725.0,-35600269.5
2013-07-10,39.519881,73323725.0,11855964.299999999
2013-07-11,40.187348,73323725.0,0.0
2013-07-12,40.058975,72923725.0,-16023589.999999998
2013-07-15,40.135849,72923725.0,0.0
2013-07-16,39.814957,72373725.0,-21898226.35
2013-07-17,40.207444,73123725.0,30155583.0
2013-07-18,40.213569,73123725.0,0.0
2013-07-19,40.407814,72923725.0,-8081562.800000001
2013-07-22,40.53055,73273725.0,14185692.5
2013-07-23,40.638945,72773725.0,-20319472.5
2013-07-24,40.264172,71923725.0,-34224546.2
2013-07-25,40.64097,71523725.0,-16256388.000000002
2013-07-26,40.493002,71523725.0,0.0
2013-07-29,40.701154,71173725.0,-14245403.9
2013-07-30,40.603278,69673725.0,-60904917.00000001
2013-07-31,40.4564,69973725.0,12136920.0
2013-08-01,40.797952,69723725.0,-10199488.0
2013-08-02,41.021192,69723725.0,0.0
2013-08-05,40.918173,68473725.0,-51147716.25000001
2013-08-06,40.524197,68223725.0,-10131049.25
2013-08-07,40.527741,66173725.0,-83081869.05
2013-08-08,41.152581,66173725.0,0.0
2013-08-09,41.388091,66173725.0,0.0
2013-08-12,41.308546,66623725.0,18588845.7
2013-08-13,41.452069,68723725.0,87049344.9
2013-08-14,41.389094,69473725.0,31041820.5
2013-08-15,41.074001,69823725.0,14375900.350000001
2013-08-16,40.760994,69823725.0,0.0
2013-08-19,40.422311,69523725.0,-12126693.3
2013-08-20,40.660671,69523725.0,0.0
2013-08-21,40.37295,71323725.0,72671310.0
2013-08-22,40.837634,72023725.0,28586343.8
2013-08-23,41.185746,72173725.0,6177861.9
2013-08-26,41.183017,71973725.0,-8236603.4
2013-08-27,40.442514,70973725.0,-40442514.0
2013-08-28,40.363332,71573725.0,24217999.2
2013-08-29,40.495024,72123725.0,22272263.2
2013-08-30,40.445715,72123725.0,0.0
2013-09-03,40.681366,73173725.0,42715434.3
2013-09-04,41.059261,73823725.0,26688519.65
2013-09-05,41.161343,73823725.0,0.0
2013-09-06,41.07621,73823725.0,0.0
2013-09-09,41.696563,73823725.0,0.0
2013-09-10,42.061214,73823725.0,0.0
2013-09-11,42.323388,74623725.0,33858710.4
2013-09-12,41.893261,74973725.0,14662641.350000001
2013-09-13,42.18135,77573725.0,109671510.0
2013-09-16,42.623169,79573725.0,85246338.0
2013-09-17,42.519341,80223725.0,27637571.65
2013-09-18,43.491489,80723725.0,21745744.5
2013-09-19,43.34003,84023725.0,143022099.0
2013-09-20,42.567843,84873725.0,36182666.550000004
2013-09-23,42.305317,86523725.0,69803773.05
2013-09-24,42.277164,87773725.0,52846455.0
2013-09-25,42.381474,88273725.0,21190737.0
2013-09-26,42.665575,86123725.0,-91730986.25
2013-09-27,42.16816,87123725.0,42168160.0
2013-09-30,41.999744,84823725.0,-96599411.2
2013-10-01,42.194242,85373725.0,23206833.1
2013-10-02,42.309941,85773725.0,16923976.400000002
2013-10-03,41.942334,84723725.0,-44039450.7
2013-10-04,42.537388,84323725.0,-17014955.2
2013-10-07,42.049558,83423725.0,-37844602.199999996
2013-10-08,41.353281,82023725.0,-57894593.400000006
2013-10-09,41.432876,81323725.0,-29003013.2
2013-10-10,42.314674,81323725.0,0.0
2013-10-11,42.544557,81773725.0,19145050.65
2013-10-14,42.678487,81973725.0,8535697.399999999
2013-10-15,42.433822,83123725.0,48798895.3
2013-10-16,42.870638,84973725.0,79310680.3
2013-10-17,43.420785,85473725.0,21710392.5
2013-10-18,43.561223,86023725.0,23958672.65
2013-10-21,43.55659,88223725.0,95824498.0
2013-10-22,44.175526,86873725.0,-59636960.099999994
2013-10-23,43.891181,85023725.0,-81198684.85000001
2013-10-24,44.114012,85823725.0,35291209.6
2013-10-25,44.220147,87173725.0,59697198.449999996
2013-10-28,43.980711,88073725.0,39582639.9
2013-10-29,44.105642,87673725.0,-17642256.8
2013-10-30,43.8473,86973725.0,-30693109.999999996
2013-10-31,43.762701,86973725.0,0.0
2013-11-01,43.660823,87173725.0,8732164.6
2013-11-04,43.846986,86973725.0,-8769397.200000001
2013-11-05,43.669665,86923725.0,-2183483.25
2013-11-06,43.95324,86823725.0,-4395324.0
2013-11-07,43.382583,86423725.0,-17353033.2
2013-11-08,44.180345,86423725.0,0.0
2013-11-11,44.161638,86423725.0,0.0
2013-11-12,44.029457,86423725.0,0.0
2013-11-13,44.274637,85923725.0,-22137318.5
2013-11-14,44.639761,86173725.0,11159940.25
2013-11-15,44.921651,85973725.0,-8984330.2
2013-11-18,44.616783,86873725.0,40155104.699999996
2013-11-19,44.505633,86173725.0,-31153943.1
2013-11-20,44.147702,86773725.0,26488621.200000003
2013-11-21,44.515302,86773725.0,0.0
2013-11-22,44.751426,86773725.0,0.0
2013-11-25,44.441199,86973725.0,8888239.799999999
2013-11-26,44.348701,89873725.0,128611232.89999999
2013-11-27,44.389901,89873725.0,0.0
2013-11-29,44.325846,89623725.0,-11081461.5
2013-12-02,44.240456,89473725.0,-6636068.4
2013-12-03,43.715461,89473725.0,0.0
2013-12-04,43.937753,89473725.0,0.0
2013-12-05,43.656981,87223725.0,-98228207.25
2013-12-06,44.27828,87223725.0,0.0
2013-12-09,44.495024,85523725.0,-75641540.8
2013-12-10,44.617708,86773725.0,55772135.0
2013-12-11,43.863322,85873725.0,-39476989.8
2013-12-12,43.79278,85623725.0,-10948195.0
2013-12-13,43.984767,85623725.0,0.0
2013-12-16,44.177861,85223725.0,-17671144.4
2013-12-17,44.40563,84523725.0,-31083941.0
2013-12-18,44.988291,89423725.0,220442625.89999998
2013-12-19,45.102938,91723725.0,103736757.4
2013-12-20,44.929141,92423725.0,31450398.7
2013-12-23,45.127073,92223725.0,-9025414.600000001
2013-12-24,45.617251,91323725.0,-41055525.900000006
2013-12-26,45.87561,90923725.0,-18350244.0
2013-12-27,46.023907,91823725.0,41421516.300000004
2013-12-30,46.052226,92123725.0,13815667.799999999
2013-12-31,46.169573,92373725.0,11542393.25
2014-01-02,45.840643,91373725.0,-45840643.0
2014-01-03,45.754989,92123725.0,34316241.75
2014-01-06,45.482616,92073725.0,-2274130.8
2014-01-07,45.410015,92073725.0,0.0
2014-01-08,45.677026,93973725.0,86786349.39999999
2014-01-09,45.485963,93223725.0,-34114472.25
2014-01-10,45.647451,93223725.0,0.0
2014-01-13,45.029596,94223725.0,45029596.0
2014-01-14,45.657288,92923725.0,-59354474.4
2014-01-15,45.953594,92923725.0,0.0
2014-01-16,46.016919,92573725.0,-16105921.65
2014-01-17,45.918173,94723725.0,98724071.95
2014-01-21,46.174414,95373725.0,30013369.099999998
2014-01-22,45.75141,95223725.0,-6862711.5
2014-01-23,45.080248,95423725.0,9016049.6
2014-01-24,43.852722,95123725.0,-13155816.6
2014-01-27,43.691794,94323725.0,-34953435.2
2014-01-28,43.926128,93973725.0,-15374144.799999999
2014-01-29,44.126507,94273725.0,13237952.1
2014-01-30,44.322042,94923725.0,28809327.3
2014-01-31,44.056238,96123725.0,52867485.6
2014-02-03,43.004117,96673725.0,23652264.35
2014-02-04,43.376071,99673725.0,130128213.00000001
2014-02-05,43.445357,99173725.0,-21722678.5
2014-02-06,44.105198,101423725.0,99236695.5
2014-02-07,44.713118,103373725.0,87190580.10000001
2014-02-10,44.911586,103123725.0,-11227896.5
2014-02-11,45.454015,107923725.0,218179272.0
2014-02-12,45.364953,109273725.0,61242686.55
2014-02-13,45.79901,109273725.0,0.0
2014-02-14,46.114234,109223725.0,-2305711.7
2014-02-18,46.16277,109223725.0,0.0
2014-02-19,45.836757,109473725.0,11459189.25
2014-02-20,46.307809,108023725.0,-67146323.05
2014-02-21,46.255469,108023725.0,0.0
2014-02-24,46.01965,106073725.0,-89738317.5
2014-02-25,46.193831,103223725.0,-131652418.35000001
2014-02-26,46.533555,103373725.0,6980033.25
2014-02-27,46.872927,103673725.0,14061878.1
2014-02-28,47.085146,104023725.0,16479801.100000001
2014-03-03,46.984419,103573725.0,-21142988.55
2014-03-04,47.719962,105823725.0,107369914.5
2014-03-05,47.82789,106773725.0,45436495.5
2014-03-06,47.997849,108273725.0,71996773.5
2014-03-07,47.786746,108823725.0,26282710.3
2014-03-10,47.731831,106073725.0,-131262535.25
2014-03-11,47.26793,106073725.0,0.0
2014-03-12,47.242187,105723725.0,-16534765.450000001
2014-03-13,46.853074,105723725.0,0.0
2014-03-14,46.913324,106473725.0,35184993.0
2014-03-17,47.281635,107123725.0,30733062.75
2014-03-18,47.545894,107323725.0,9509178.799999999
2014-03-19,47.127348,107273725.0,-2356367.4
2014-03-20,47.347713,106723725.0,-26041242.15
2014-03-21,47.381714,107473725.0,35536285.5
2014-03-24,47.000917,106423725.0,-49350962.85
2014-03-25,47.238571,106423725.0,0.0
2014-03-26,46.581894,106623725.0,9316378.799999999
2014-03-27,46.461411,107023725.0,18584564.4
2014-03-28,46.777426,107073725.0,2338871.3
2014-03-31,47.271922,107673725.0,28363153.200000003
2014-04-01,47.584284,106773725.0,-42825855.599999994
2014-04-02,47.908745,105273725.0,-71863117.5
2014-04-03,47.949757,106723725.0,69527147.64999999
2014-04-04,47.32631,107323725.0,28395786.0
2014-04-07,46.651833,106473725.0,-39654058.050000004
2014-04-08,46.832929,106623725.0,7024939.35
2014-04-09,47.54351,106623725.0,0.0
2014-04-10,46.585991,107023725.0,18634396.4
2014-04-11,46.060346,107673725.0,29939224.900000002
2014-04-14,46.404921,107973725.0,13921476.3
2014-04-15,46.663568,108523725.0,25664962.4
2014-04-16,47.356254,108523725.0,0.0
2014-04-17,47.494558,110323725.0,85490204.39999999
2014-04-18,47.481885,110973725.0,30863225.25
2014-04-21,47.53695,110973725.0,0.0
2014-04-22,47.682137,111323725.0,16688747.95
2014-04-23,47.705023,112473725.0,54860776.449999996
2014-04-24,47.490083,112823725.0,16621529.049999999
2014-04-25,47.167893,111923725.0,-42451103.7
2014-04-28,46.946036,112373725.0,21125716.2
2014-04-29,47.292275,112273725.0,-4729227.5
2014-04-30,47.666392,113523725.0,59582990.0
2014-05-01,47.364357,113223725.0,-14209307.1
2014-05-02,47.584367,114673725.0,68997332.15
2014-05-05,47.801025,113823725.0,-40630871.25
2014-05-06,47.554105,113523725.0,-14266231.5
2014-05-07,47.955775,113823725.0,14386732.5
2014-05-08,47.753948,113323725.0,-23876974.0
2014-05-09,47.749068,113323725.0,0.0
2014-05-12,48.36217,113273725.0,-2418108.5
2014-05-13,48.388173,115523725.0,108873389.25
2014-05-14,48.422429,116223725.0,33895700.3
2014-05-15,47.712786,117123725.0,42941507.4
2014-05-16,47.904323,117123725.0,0.0
2014-05-19,48.103004,117023725.0,-4810300.399999999
2014-05-20,47.835039,117023725.0,0.0
2014-05-21,48.074701,117673725.0,31248555.65
2014-05-22,48.16627,117423725.0,-12041567.5
2014-05-23,48.57518,117123725.0,-14572554.000000002
2014-05-27,48.577499,116873725.0,-12144374.75
2014-05-28,48.601274,117223725.0,17010445.9
2014-05-29,49.096866,116873725.0,-17183903.099999998
2014-05-30,49.079699,116873725.0,0.0
2014-06-02,49.276671,116873725.0,0.0
2014-06-03,49.163582,117073725.0,9832716.4
2014-06-04,49.270003,117623725.0,27098501.650000002
2014-06-05,49.470842,117623725.0,0.0
2014-06-06,49.728494,117373725.0,-12432123.5
2014-06-09,49.600458,117373725.0,0.0
2014-06-10,49.659928,116423725.0,-47176931.6
2014-06-11,49.377992,115673725.0,-37033494.0
2014-06-12,48.95398,116673725.0,48953980.0
2014-06-13,49.138122,116673725.0,0.0
2014-06-16,49.062303,116673725.0,0.0
2014-06-17,49.140816,115573725.0,-54054897.6
2014-06-18,49.676534,113073725.0,-124191334.99999999
2014-06-19,49.568505,110923725.0,-106572285.75
2014-06-20,49.650904,110773725.0,-7447635.6
2014-06-23,49.708215,110773725.0,0.0
2014-06-24,49.2703,110473725.0,-14781090.0
2014-06-25,49.659094,110973725.0,24829547.0
2014-06-26,49.624958,110373725.0,-29774974.8
2014-06-27,49.446744,108573725.0,-89004139.2
2014-06-30,49.662394,110623725.0,101807907.7
2014-07-01,49.756859,107073725.0,-176636849.45
2014-07-02,49.810025,104623725.0,-122034561.25000001
2014-07-03,50.131693,102723725.0,-95250216.7
2014-07-07,49.71618,102723725.0,0.0
2014-07-08,49.56678,103123725.0,19826712.0
2014-07-09,49.764496,102523725.0,-29858697.6
2014-07-10,49.54133,102073725.0,-22293598.5
2014-07-11,49.618374,103023725.0,47137455.300000004
2014-07-14,49.622524,103973725.0,47141397.8
2014-07-15,49.496049,104223725.0,12374012.25
2014-07-16,49.84348,103773725.0,-22429566.0
2014-07-17,49.60797,104173725.0,19843188.0
2014-07-18,49.940998,103873725.0,-14982299.4
2014-07-21,49.788191,103623725.0,-12447047.75
2014-07-22,49.864867,103223725.0,-19945946.799999997
2014-07-23,50.083964,102973725.0,-12520991.0
2014-07-24,50.019093,102973725.0,0.0
2014-07-25,50.116516,102973725.0,0.0
2014-07-28,50.241295,102973725.0,0.0
2014-07-29,49.862683,108423725.0,271751622.34999996
2014-07-30,49.617331,108623725.0,9923466.2
2014-07-31,48.665632,109073725.0,21899534.400000002
2014-08-01,48.699489,109073725.0,0.0
2014-08-04,49.236049,108723725.0,-17232617.150000002
2014-08-05,48.765384,108723725.0,0.0
2014-08-06,49.111578,109123725.0,19644631.2
2014-08-07,48.688954,110873725.0,85205669.5
2014-08-08,49.209886,111373725.0,24604943.0
2014-08-11,49.165586,111673725.0,14749675.799999999
2014-08-12,49.295806,110573725.0,-54225386.6
2014-08-13,49.564026,111673725.0,54520428.6
2014-08-14,49.619371,112623725.0,47138402.45
2014-08-15,49.725842,112623725.0,0.0
2014-08-18,50.208802,112673725.0,2510440.1
2014-08-19,50.386734,111873725.0,-40309387.199999996
2014-08-20,50.44227,111823725.0,-2522113.5
2014-08-21,50.365367,110423725.0,-70511513.8
2014-08-22,50.166035,110073725.0,-17558112.25
2014-08-25,50.352786,110073725.0,0.0
2014-08-26,50.414873,110073725.0,0.0
2014-08-27,50.420041,110223725.0,7563006.149999999
2014-08-28,50.453495,108673725.0,-78202917.25
2014-08-29,50.536702,108673725.0,0.0
2014-09-02,50.364639,108673725.0,0.0
2014-09-03,50.461181,106373725.0,-116060716.30000001
2014-09-04,50.422332,105973725.0,-20168932.8
2014-09-05,50.674277,105973725.0,0.0
2014-09-08,50.453461,106623725.0,32794749.65
2014-09-09,50.04814,104723725.0,-95091466.0
2014-09-10,50.050361,105723725.0,50050361.0
2014-09-11,50.001497,103773725.0,-97502919.15
2014-09-12,49.73978,103573725.0,-9947956.0
2014-09-15,49.821564,102923725.0,-32384016.6
2014-09-16,50.066761,102323725.0,-30040056.6
2014-09-17,50.354101,102023725.0,-15106230.3
2014-09-18,50.714553,102423725.0,20285821.2
2014-09-19,50.448385,102423725.0,0.0
2014-09-22,50.419823,99723725.0,-136133522.1
2014-09-23,50.14011,99173725.0,-27577060.5
2014-09-24,50.651221,99673725.0,25325610.5
2014-09-25,49.914972,101673725.0,99829944.0
2014-09-26,50.397995,103923725.0,113395488.75
2014-09-29,50.170554,102573725.0,-67730247.9
2014-09-30,49.579509,103023725.0,22310779.05
2014-10-01,48.445691,104523725.0,72668536.5
2014-10-02,48.314046,103823725.0,-33819832.199999996
2014-10-03,48.461075,102973725.0,-41191913.75
2014-10-06,48.422447,103523725.0,26632345.849999998
2014-10-07,47.586369,54573725.0,-2329352762.5499997
2014-10-08,48.222179,101923725.0,2283320175.65
2014-10-09,47.005968,102423725.0,23502984.0
2014-10-10,46.314484,102273725.0,-6947172.6
2014-10-13,45.09096,103223725.0,42836412.0
2014-10-14,45.243277,103373725.0,6786491.55
2014-10-15,45.560139,104373725.0,45560139.0
2014-10-16,46.0173,105423725.0,48318165.0
2014-10-17,46.643771,106723725.0,60636902.300000004
2014-10-20,47.306126,106723725.0,0.0
2014-10-21,48.354521,108973725.0,108797672.25
2014-10-22,47.944102,111273725.0,110271434.60000001
2014-10-23,47.952744,112323725.0,50350381.2
2014-10-24,48.270557,97273725.0,-726471882.8499999
2014-10-27,47.277162,101223725.0,186744789.89999998
2014-10-28,47.754899,81623725.0,-935996020.4
2014-10-29,47.147949,81773725.0,7072192.35
2014-10-30,47.516928,83273725.0,71275392.0
2014-10-31,48.406986,81273725.0,-96813972.0
2014-11-03,48.048103,79373725.0,-91291395.69999999
2014-11-04,47.550065,69523725.0,-468368140.24999994
2014-11-05,48.019131,65623725.0,-187274610.9
2014-11-06,48.416346,66573725.0,45995528.699999996
2014-11-07,48.648646,66573725.0,0.0
2014-11-10,48.780949,66823725.0,12195237.25
2014-11-11,48.999899,67223725.0,19599959.6
2014-11-12,49.136641,66373725.0,-41766144.849999994
2014-11-13,49.145981,65923725.0,-22115691.45
2014-11-14,49.29183,63673725.0,-110906617.5
2014-11-17,49.283389,63673725.0,0.0
2014-11-18,49.845885,63673725.0,0.0
2014-11-19,49.792318,64723725.0,52281933.9
2014-11-20,50.050584,64273725.0,-22522762.8
2014-11-21,50.663255,63873725.0,-20265302.0
2014-11-24,50.422913,65823725.0,98324680.35000001
2014-11-25,50.236708,64073725.0,-87914239.0
2014-11-26,50.311853,64073725.0,0.0
2014-11-28,49.143803,63573725.0,-24571901.5
2014-12-01,48.660151,63573725.0,0.0
2014-12-02,48.952168,60923725.0,-129723245.2
2014-12-03,49.663865,60223725.0,-34764705.5
2014-12-04,49.821053,61723725.0,74731579.5
2014-12-05,49.774171,61273725.0,-22398376.950000003
2014-12-08,48.985144,63473725.0,107767316.8
2014-12-09,49.112074,62973725.0,-24556037.0
2014-12-10,48.090505,63873725.0,43281454.5
2014-12-11,48.150395,61873725.0,-96300790.0
2014-12-12,46.776446,63273725.0,65487024.4
2014-12-15,46.535076,59473725.0,-176833288.79999998
2014-12-16,46.211524,57323725.0,-99354776.6
2014-12-17,47.476176,57723725.0,18990470.400000002
2014-12-18,48.538782,58623725.0,43684903.8
2014-12-19,48.783793,59273725.0,31709465.450000003
2014-12-22,48.827363,58723725.0,-26855049.65
2014-12-23,49.212134,58223725.0,-24606067.0
2014-12-24,49.070336,59773725.0,76059020.8
2014-12-26,49.224154,59773725.0,0.0
2014-12-29,49.173546,58423725.0,-66384287.1
2014-12-30,49.081177,58623725.0,9816235.399999999
2014-12-31,48.589941,58623725.0,0.0
2015-01-02,48.675496,59223725.0,29205297.6
2015-01-05,47.375425,59573725.0,16581398.75
2015-01-06,47.049963,58723725.0,-39992468.55
2015-01-07,47.53863,60723725.0,95077260.0
2015-01-08,48.664364,60873725.0,7299654.6
2015-01-09,48.421449,60423725.0,-21789652.05
2015-01-12,48.274066,59023725.0,-67583692.39999999
2015-01-13,47.737592,59723725.0,33416314.4
2015-01-14,47.168738,59873725.0,7075310.699999999
2015-01-15,47.108545,59773725.0,-4710854.5
2015-01-16,47.884817,59773725.0,0.0
2015-01-20,47.935554,59923725.0,7190333.100000001
2015-01-21,48.404807,59723725.0,-9680961.4
2015-01-22,49.033842,59723725.0,0.0
2015-01-23,48.245878,60273725.0,26535232.9
2015-01-26,48.474501,59723725.0,-26660975.549999997
2015-01-27,48.113725,59723725.0,0.0
2015-01-28,47.253832,60373725.0,30714990.8
2015-01-29,47.880572,59823725.0,-26334314.6
2015-01-30,47.665859,59773725.0,-2383292.9499999997
2015-02-02,48.115954,58273725.0,-72173931.0
2015-02-03,49.162332,57673725.0,-29497399.2
2015-02-04,48.861856,57673725.0,0.0
2015-02-05,50.054352,57673725.0,0.0
2015-02-06,49.897919,57673725.0,0.0
2015-02-09,49.859249,57323725.0,-17450737.15
2015-02-10,50.229227,56973725.0,-17580229.45
2015-02-11,50.139337,57973725.0,50139337.0
2015-02-12,51.023203,57973725.0,0.0
2015-02-13,51.455242,58623725.0,33445907.3
2015-02-17,51.50762,58523725.0,-5150762.0
2015-02-18,51.631838,58873725.0,18071143.3
2015-02-19,51.76686,58523725.0,-18118401.0
2015-02-20,51.962217,58523725.0,0.0
2015-02-23,51.881739,58423725.0,-5188173.9
2015-02-24,52.089996,58623725.0,10417999.2
2015-02-25,51.94848,58723725.0,5194848.0
2015-02-26,51.605045,58723725.0,0.0
2015-02-27,51.484715,59673725.0,48910479.25
2015-03-02,51.837679,59673725.0,0.0
2015-03-03,51.524203,60773725.0,56676623.3
2015-03-04,51.354326,60773725.0,0.0
2015-03-05,51.14639,60773725.0,0.0
2015-03-06,50.472094,60573725.0,-10094418.799999999
2015-03-09,50.524973,60473725.0,-5052497.300000001
2015-03-10,49.725626,59973725.0,-24862813.0
2015-03-11,49.696842,59623725.0,-17393894.7
2015-03-12,50.324675,58973725.0,-32711038.75
2015-03-13,49.82931,58673725.0,-14948793.0
2015-03-16,49.772982,58423725.0,-12443245.5
2015-03-17,49.20026,58523725.0,4920026.0
2015-03-18,49.97315,59623725.0,54970465.0
2015-03-19,49.101616,59773725.0,7365242.4
2015-03-20,49.252683,59373725.0,-19701073.2
2015-03-23,49.219161,58873725.0,-24609580.5
2015-03-24,49.078988,59573725.0,34355291.6
2015-03-25,48.529362,60323725.0,36397021.5
2015-03-26,48.618497,60923725.0,29171098.2
2015-03-27,48.629705,60923725.0,0.0
2015-03-30,49.27134,60723725.0,-9854268.0
2015-03-31,48.848252,60273725.0,-21981713.400000002
2015-04-01,48.908284,60923725.0,31790384.6
2015-04-02,48.963778,60923725.0,0.0
2015-04-06,49.361288,60773725.0,-7404193.2
2015-04-07,49.300682,59823725.0,-46835647.9
2015-04-08,49.407109,59823725.0,0.0
2015-04-09,49.566202,60123725.0,14869860.6
2015-04-10,49.68778,60123725.0,0.0
2015-04-13,49.494238,60123725.0,0.0
2015-04-14,49.703998,60123725.0,0.0
2015-04-15,50.221905,59123725.0,-50221905.0
2015-04-16,50.065572,58023725.0,-55072129.2
2015-04-17,49.643935,58023725.0,0.0
2015-04-20,49.988239,58023725.0,0.0
2015-04-21,49.597024,58473725.0,22318660.8
2015-04-22,49.72234,58873725.0,19888936.0
2015-04-23,49.843473,58123725.0,-37382604.75
2015-04-24,50.264889,56573725.0,-77910577.94999999
2015-04-27,50.710439,56823725.0,12677609.75
2015-04-28,50.744007,56623725.0,-10148801.4
2015-04-29,50.759065,56623725.0,0.0
2015-04-30,50.384182,56523725.0,-5038418.2
2015-05-01,51.264274,56523725.0,0.0
2015-05-04,51.094147,57223725.0,35765902.9
2015-05-05,50.526857,57673725.0,22737085.65
2015-05-06,50.527194,57823725.0,7579079.100000001
2015-05-07,50.774143,57823725.0,0.0
2015-05-08,51.585431,56173725.0,-85115961.15
2015-05-11,51.328194,56323725.0,7699229.100000001
2015-05-12,50.799053,56573725.0,12699763.25
2015-05-13,50.724718,57023725.0,22826123.1
2015-05-14,51.271965,57523725.0,25635982.5
2015-05-15,51.475755,57773725.0,12868938.75
2015-05-18,51.293951,57923725.0,7694092.65
2015-05-19,51.041998,57823725.0,-5104199.8
2015-05-20,50.961733,57823725.0,0.0
2015-05-21,51.186663,57823725.0,0.0
2015-05-22,51.099779,57823725.0,0.0
2015-05-26,50.478654,57823725.0,0.0
2015-05-27,50.816396,56923725.0,-45734756.4
2015-05-28,50.9519,56923725.0,0.0
2015-05-29,50.601618,56923725.0,0.0
2015-06-01,50.617515,57223725.0,15185254.5
2015-06-02,50.801896,57223725.0,0.0
2015-06-03,50.849445,56473725.0,-38137083.75
2015-06-04,50.197332,56173725.0,-15059199.600000001
2015-06-05,50.006933,55623725.0,-27503813.15
2015-06-08,49.841553,55623725.0,0.0
2015-06-09,49.881944,55373725.0,-12470486.0
2015-06-10,50.398957,54373725.0,-50398957.0
2015-06-11,50.493794,54373725.0,0.0
2015-06-12,50.198205,54473725.0,5019820.5
2015-06-15,49.869452,53673725.0,-39895561.6
2015-06-16,50.163774,53273725.0,-20065509.599999998
2015-06-17,50.362403,53173725.0,-5036240.3
2015-06-18,50.794785,53173725.0,0.0
2015-06-19,50.266605,53773725.0,30159963.0
2015-06-22,50.387927,54173725.0,20155170.8
2015-06-23,50.250001,53973725.0,-10050000.2
2015-06-24,49.613293,53273725.0,-34729305.1
2015-06-25,49.564741,53273725.0,0.0
2015-06-26,49.387621,53273725.0,0.0
2015-06-29,48.229542,53173725.0,-4822954.2
2015-06-30,48.390722,53273725.0,4839072.199999999
2015-07-01,48.643227,51823725.0,-70532679.15
2015-07-02,48.536374,51373725.0,-21841368.3
2015-07-06,48.101616,51623725.0,12025404.0
2015-07-07,47.938023,53623725.0,95876046.0
2015-07-08,46.896357,51923725.0,-79723806.9
2015-07-09,47.048115,51123725.0,-37638492.0
2015-07-10,47.733412,52723725.0,76373459.2
2015-07-13,48.236021,51823725.0,-43412418.9
2015-07-14,48.502384,51823725.0,0.0
2015-07-15,48.096612,52173725.0,16833814.2
2015-07-16,47.983269,52673725.0,23991634.5
2015-07-17,47.669772,52873725.0,9533954.4
2015-07-20,47.236479,53073725.0,9447295.8
2015-07-21,46.969133,52673725.0,-18787653.2
2015-07-22,46.771535,52423725.0,-11692883.75
2015-07-23,46.087451,51023725.0,-64522431.4
2015-07-24,45.063211,50373725.0,-29291087.150000002
2015-07-27,44.571367,49173725.0,-53485640.400000006
2015-07-28,45.517199,49323725.0,6827579.85
2015-07-29,45.848325,50973725.0,75649736.25
2015-07-30,46.079184,53323725.0,108286082.39999999
2015-07-31,45.937505,54673725.0,62015631.75
2015-08-03,45.602327,54723725.0,2280116.35
2015-08-04,45.793449,52873725.0,-84717880.65
2015-08-05,46.025161,53623725.0,34518870.75
2015-08-06,45.843327,52373725.0,-57304158.75
2015-08-07,45.199338,53473725.0,49719271.8
2015-08-10,46.351382,53323725.0,-6952707.3
2015-08-11,45.455209,53023725.0,-13636562.700000001
2015-08-12,45.625353,52473725.0,-25093944.15
2015-08-13,45.511629,52373725.0,-4551162.9
2015-08-14,45.712461,52373725.0,0.0
2015-08-17,45.991117,53023725.0,29894226.05
2015-08-18,45.676659,52723725.0,-13702997.700000001
2015-08-19,45.109625,52473725.0,-11277406.25
2015-08-20,44.306785,52423725.0,-2215339.25
2015-08-21,43.24195,52423725.0,0.0
2015-08-24,41.4361,52423725.0,0.0
2015-08-25,40.689418,52323725.0,-4068941.8000000003
2015-08-26,41.8328,52423725.0,4183280.0
2015-08-27,43.346765,50973725.0,-62852809.25
2015-08-28,43.621682,50973725.0,0.0
2015-08-31,43.395868,50923725.0,-2169793.4
2015-09-01,42.034062,50973725.0,2101703.1
2015-09-02,42.634898,50223725.0,-31976173.5
2015-09-03,42.914162,50223725.0,0.0
2015-09-04,42.047774,50223725.0,0.0
2015-09-08,43.113728,50073725.0,-6467059.2
2015-09-09,42.767888,50073725.0,0.0
2015-09-10,42.863384,48823725.0,-53579230.00000001
2015-09-11,42.806416,49673725.0,36385453.6
2015-09-14,42.261808,50173725.0,21130904.0
2015-09-15,42.61372,50173725.0,0.0
2015-09-16,43.218996,49873725.0,-12965698.799999999
2015-09-17,42.997012,49723725.0,-6449551.8
2015-09-18,41.876366,50623725.0,37688729.4
2015-09-21,41.998672,52073725.0,60898074.4
2015-09-22,41.228861,51023725.0,-43290304.050000004
2015-09-23,40.353791,52173725.0,46406859.65
2015-09-24,40.23336,52023725.0,-6035004.0
2015-09-25,40.184159,52923725.0,36165743.1
2015-09-28,38.931904,51523725.0,-54504665.6
2015-09-29,39.103541,49973725.0,-60610488.55
2015-09-30,39.941848,48273725.0,-67901141.6
2015-10-01,40.358875,48623725.0,14125606.25
2015-10-02,41.335507,48223725.0,-16534202.8
2015-10-05,42.427266,49973725.0,74247715.5
2015-10-06,42.971938,49323725.0,-27931759.7
2015-10-07,43.571267,50073725.0,32678450.25
2015-10-08,44.18323,50173725.0,4418323.0
2015-10-09,44.155654,49923725.0,-11038913.5
2015-10-12,43.763838,50073725.0,6564575.7
2015-10-13,43.594812,49223725.0,-37055590.199999996
2015-10-14,43.982448,47773725.0,-63774549.599999994
2015-10-15,44.084044,48123725.0,15429415.4
2015-10-16,44.092423,48273725.0,6613863.449999999
2015-10-19,43.748588,48023725.0,-10937147.0
2015-10-20,43.850612,48023725.0,0.0
2015-10-21,43.444446,48123725.0,4344444.6
2015-10-22,44.6382,48123725.0,0.0
2015-10-23,44.993945,48773725.0,29246064.249999996
2015-10-26,44.670358,48873725.0,4467035.8
2015-10-27,44.450868,48473725.0,-17780347.2
2015-10-28,45.137559,47273725.0,-54165070.800000004
2015-10-29,45.195631,47773725.0,22597815.5
2015-10-30,45.317498,47773725.0,0.0
2015-11-02,45.566703,48873725.0,50123373.3
2015-11-03,45.757523,51773725.0,132696816.7
2015-11-04,45.463785,51073725.0,-31824649.5
2015-11-05,45.215281,50373725.0,-31650696.7
2015-11-06,45.32401,49573725.0,-36259208.0
2015-11-09,45.01983,49573725.0,0.0
2015-11-10,44.694811,49473725.0,-4469481.100000001
2015-11-11,44.749486,47823725.0,-73836651.89999999
2015-11-12,43.854511,47123725.0,-30698157.700000003
2015-11-13,44.390808,47073725.0,-2219540.4
2015-11-16,44.952645,46573725.0,-22476322.5
2015-11-17,44.921568,46073725.0,-22460784.0
2015-11-18,45.701344,45723725.0,-15995470.4
2015-11-19,45.658245,45723725.0,0.0
2015-11-20,45.533116,45323725.0,-18213246.4
2015-11-23,45.557818,45873725.0,25056799.9
2015-11-24,45.925702,46073725.0,9185140.4
2015-11-25,45.647673,48673725.0,118683949.8
2015-11-27,45.602016,48673725.0,0.0
2015-11-30,45.687333,48973725.0,13706199.9
2015-12-01,46.026125,48873725.0,-4602612.5
2015-12-02,45.424555,48273725.0,-27254733.0
2015-12-03,45.031203,48723725.0,20264041.349999998
2015-12-04,45.827727,48073725.0,-29788022.55
2015-12-07,45.013353,48373725.0,13504005.9
2015-12-08,44.144722,47423725.0,-41937485.9
2015-12-09,45.497757,48373725.0,43222869.15
2015-12-10,45.167075,49223725.0,38392013.75
2015-12-11,43.970774,49423725.0,8794154.799999999
2015-12-14,43.354945,49623725.0,8670989.0
2015-12-15,43.579976,49623725.0,0.0
2015-12-16,44.04567,49473725.0,-6606850.5
2015-12-17,43.194009,49673725.0,8638801.8
2015-12-18,42.31618,50523725.0,35968753.0
2015-12-21,42.67597,50173725.0,-14936589.5
2015-12-22,43.191936,50023725.0,-6478790.399999999
2015-12-23,44.222056,49823725.0,-8844411.200000001
2015-12-24,44.130318,49823725.0,0.0
2015-12-28,43.79127,50523725.0,30653888.999999996
2015-12-29,44.244475,49173725.0,-59730041.25
2015-12-30,43.797132,49273725.0,4379713.2
2015-12-31,43.461283,48623725.0,-28249833.95
2016-01-04,42.733478,48473725.0,-6410021.699999999
2016-01-05,42.724586,49823725.0,57678191.1
2016-01-06,41.618724,48523725.0,-54104341.2
2016-01-07,40.480381,49373725.0,34408323.85
2016-01-08,40.05423,48173725.0,-48065075.99999999
2016-01-11,39.38974,48373725.0,7877948.000000001
2016-01-12,39.432655,48023725.0,-13801429.249999998
2016-01-13,38.533327,48123725.0,3853332.7
2016-01-14,39.063873,48473725.0,13672355.55
2016-01-15,38.267875,48473725.0,0.0
2016-01-19,37.776936,47873725.0,-22666161.599999998
2016-01-20,37.507868,48773725.0,33757081.2
2016-01-21,37.855981,48423725.0,-13249593.35
2016-01-22,38.526082,48323725.0,-3852608.2
2016-01-25,37.255307,50123725.0,67059552.6
2016-01-26,37.928115,49423725.0,-26549680.5
2016-01-27,37.623682,48473725.0,-35742497.9
2016-01-28,37.697969,48723725.0,9424492.25
2016-01-29,38.785835,48873725.0,5817875.25
2016-02-01,38.934577,48773725.0,-3893457.6999999997
2016-02-02,38.658407,45773725.0,-115975220.99999999
2016-02-03,39.945341,45573725.0,-7989068.2
2016-02-04,41.060992,45973725.0,16424396.799999999
2016-02-05,40.634379,47223725.0,50792973.75
2016-02-08,39.5394,47223725.0,0.0
2016-02-09,39.987615,46923725.0,-11996284.5
2016-02-10,39.649174,47923725.0,39649174.0
2016-02-11,38.806776,45723725.0,-85374907.2
2016-02-12,39.916819,45973725.0,9979204.75
2016-02-16,40.534328,45973725.0,0.0
2016-02-17,41.356921,46973725.0,41356921.0
2016-02-18,41.178824,47523725.0,22648353.2
2016-02-19,40.727141,46823725.0,-28508998.700000003
2016-02-22,41.512572,47273725.0,18680657.4
2016-02-23,40.525272,47273725.0,0.0
2016-02-24,40.939069,48173725.0,36845162.1
2016-02-25,41.484214,48173725.0,0.0
2016-02-26,42.048081,48673725.0,21024040.5
2016-02-29,41.807341,50173725.0,62711011.5
2016-03-01,42.870227,48423725.0,-75022897.25
2016-03-02,42.7158,49473725.0,44851590.0
2016-03-03,42.95907,48123725.0,-57994744.49999999
2016-03-04,43.446807,47623725.0,-21723403.5
2016-03-07,43.967277,50023725.0,105521464.80000001
2016-03-08,43.083511,50823725.0,34466808.800000004
2016-03-09,43.371334,50923725.0,4337133.399999999
2016-03-10,43.600493,50023725.0,-39240443.7
2016-03-11,44.386925,50023725.0,0.0
2016-03-14,44.109534,50173725.0,6616430.1
2016-03-15,43.692744,49423725.0,-32769558.0
2016-03-16,44.468131,49223725.0,-8893626.2
2016-03-17,45.438133,49273725.0,2271906.65
2016-03-18,45.305311,50473725.0,54366373.2
2016-03-21,45.076121,50873725.0,18030448.4
2016-03-22,45.100557,52523725.0,74415919.05
2016-03-23,44.516034,52673725.0,6677405.1
2016-03-24,44.534926,52823725.0,6680238.899999999
2016-03-28,44.751889,52573725.0,-11187972.25
2016-03-29,44.974698,52773725.0,8994939.6
2016-03-30,45.199103,53073725.0,13559730.9
2016-03-31,44.801905,53073725.0,0.0
2016-04-01,45.100811,53523725.0,20295364.95
2016-04-04,44.657081,54123725.0,26794248.599999998
2016-04-05,44.340677,54773725.0,28821440.05
2016-04-06,44.751495,53423725.0,-60414518.25
2016-04-07,44.194663,53423725.0,0.0
2016-04-08,44.629462,53323725.0,-4462946.199999999
2016-04-11,44.847226,53223725.0,-4484722.6
2016-04-12,45.355093,53323725.0,4535509.3
2016-04-13,45.914098,53373725.0,2295704.9
2016-04-14,45.841178,53723725.0,16044412.299999999
2016-04-15,46.02604,52973725.0,-34519530.0
2016-04-18,46.241578,52623725.0,-16184552.299999999
2016-04-19,47.223727,52773725.0,7083559.05
2016-04-20,47.102353,53623725.0,40037000.05
2016-04-21,46.874897,54373725.0,35156172.75
2016-04-22,47.193957,54323725.0,-2359697.85
2016-04-25,46.906686,54623725.0,14072005.8
2016-04-26,47.440718,54723725.0,4744071.8
2016-04-27,47.788666,55473725.0,35841499.5
2016-04-28,47.364552,55473725.0,0.0
2016-04-29,47.098255,55773725.0,14129476.5
2016-05-02,47.262537,56173725.0,18905014.8
2016-05-03,46.44033,55623725.0,-25542181.5
2016-05-04,46.013275,54773725.0,-39111283.75
2016-05-05,45.770065,54573725.0,-9154013.0
2016-05-06,46.167093,55673725.0,50783802.300000004
2016-05-09,45.585599,55823725.0,6837839.850000001
2016-05-10,46.381599,54873725.0,-44062519.050000004
2016-05-11,46.192692,54423725.0,-20786711.400000002
2016-05-12,46.407252,54223725.0,-9281450.4
2016-05-13,45.943038,54323725.0,4594303.8
2016-05-16,46.675304,53123725.0,-56010364.8
2016-05-17,46.492456,54523725.0,65089438.4
2016-05-18,45.782142,56123725.0,73251427.2
2016-05-19,45.960075,56173725.0,2298003.75
2016-05-20,46.279118,57873725.0,78674500.6
2016-05-23,46.837722,57573725.0,-14051316.6
2016-05-24,47.136516,57573725.0,0.0
2016-05-25,47.706069,58623725.0,50091372.45
2016-05-26,47.185521,58623725.0,0.0
2016-05-27,47.201324,57873725.0,-35400993.0
2016-05-31,46.95414,57173725.0,-32867898.0
2016-06-01,47.080155,56823725.0,-16478054.25
2016-06-02,47.297066,56523725.0,-14189119.8
2016-06-03,47.728797,56223725.0,-14318639.1
2016-06-06,48.156243,56723725.0,24078121.5
2016-06-07,48.162079,59073725.0,113180885.64999999
2016-06-08,48.470738,57823725.0,-60588422.5
2016-06-09,48.165704,57823725.0,0.0
2016-06-10,47.820471,57973725.0,7173070.649999999
2016-06-13,47.225704,57973725.0,0.0
2016-06-14,46.855628,58023725.0,2342781.4000000004
2016-06-15,47.042188,56373725.0,-77619610.2
2016-06-16,47.208086,56373725.0,0.0
2016-06-17,47.204901,55173725.0,-56645881.2
2016-06-20,47.459553,55823725.0,30848709.45
2016-06-21,47.321635,56023725.0,9464327.0
2016-06-22,47.381177,56273725.0,11845294.25
2016-06-23,48.132539,55323725.0,-45725912.050000004
2016-06-24,46.023349,55123725.0,-9204669.8
2016-06-27,44.465167,53923725.0,-53358200.4
2016-06-28,44.864208,52873725.0,-47107418.4
2016-06-29,45.628627,53423725.0,25095744.85
2016-06-30,46.342946,53423725.0,0.0
2016-07-01,46.372365,54973725.0,71877165.75
2016-07-05,45.501157,55523725.0,25025636.349999998
2016-07-06,45.691887,55423725.0,-4569188.7
2016-07-07,45.810719,54973725.0,-20614823.55
2016-07-08,46.935184,54873725.0,-4693518.4
2016-07-11,47.169383,55273725.0,18867753.200000003
2016-07-12,48.039929,55523725.0,12009982.25
2016-07-13,48.195778,56623725.0,53015355.8
2016-07-14,48.590184,56823725.0,9718036.8
2016-07-15,48.785951,56523725.0,-14635785.299999999
2016-07-18,49.120873,57023725.0,24560436.5
2016-07-19,48.766913,56073725.0,-46328567.35
2016-07-20,48.846234,55673725.0,-19538493.6
2016-07-21,48.538388,55823725.0,7280758.199999999
2016-07-22,48.638846,55523725.0,-14591653.8
2016-07-25,48.582249,55923725.0,19432899.599999998
2016-07-26,48.940377,55623725.0,-14682113.1
2016-07-27,48.984215,55223725.0,-19593686.0
2016-07-28,48.925593,53923725.0,-63603270.9
2016-07-29,48.715401,54623725.0,34100780.7
2016-08-01,48.386528,53973725.0,-31451243.2
2016-08-02,48.298754,53873725.0,-4829875.4
2016-08-03,48.415255,53873725.0,0.0
2016-08-04,48.592496,53873725.0,0.0
2016-08-05,48.763876,53873725.0,0.0
2016-08-08,48.86468,54073725.0,9772936.0
2016-08-09,48.704777,57273725.0,155855286.4
2016-08-10,48.747584,57273725.0,0.0
2016-08-11,48.977866,57273725.0,0.0
2016-08-12,48.415028,57273725.0,0.0
2016-08-15,48.875515,57273725.0,0.0
2016-08-16,48.638259,57123725.0,-7295738.85
2016-08-17,48.599149,56773725.0,-17009702.15
2016-08-18,48.909816,56623725.0,-7336472.399999999
2016-08-19,48.988184,56623725.0,0.0
2016-08-22,48.967332,56923725.0,14690199.6
2016-08-23,49.357022,57023725.0,4935702.2
2016-08-24,48.771867,56073725.0,-46333273.65
2016-08-25,49.009662,56373725.0,14702898.6
2016-08-26,48.707757,56373725.0,0.0
2016-08-29,49.169709,55473725.0,-44252738.099999994
2016-08-30,49.063616,55973725.0,24531808.0
2016-08-31,48.613178,55473725.0,-24306589.0
2016-09-01,48.773541,55223725.0,-12193385.25
2016-09-02,49.178039,55523725.0,14753411.7
2016-09-06,49.120997,55873725.0,17192348.95
2016-09-07,49.066053,55273725.0,-29439631.799999997
2016-09-08,48.852529,56073725.0,39082023.199999996
2016-09-09,47.441617,56723725.0,30837051.05
2016-09-12,47.910317,55823725.0,-43119285.3
2016-09-13,47.006843,55573725.0,-11751710.75
2016-09-14,46.894105,55573725.0,0.0
2016-09-15,47.178663,54823725.0,-35383997.25
2016-09-16,46.758288,55723725.0,42082459.2
2016-09-19,46.839305,55773725.0,2341965.25
2016-09-20,46.692921,56323725.0,25681106.55
2016-09-21,47.404256,56923725.0,28442553.599999998
2016-09-22,47.558943,57973725.0,49936890.15
2016-09-23,47.320563,60023725.0,97007154.15
2016-09-26,47.065054,60223725.0,9413010.8
2016-09-27,47.245835,60773725.0,25985209.25
2016-09-28,47.773954,61023725.0,11943488.5
2016-09-29,47.414388,60023725.0,-47414388.0
2016-09-30,47.751766,60023725.0,0.0
2016-10-03,47.769038,60623725.0,28661422.8
2016-10-04,47.039482,61423725.0,37631585.6
2016-10-05,47.372647,61573725.0,7105897.05
2016-10-06,47.736817,60373725.0,-57284180.400000006
2016-10-07,46.892313,60073725.0,-14067693.9
2016-10-10,47.109808,60023725.0,-2355490.4
2016-10-11,46.505582,59873725.0,-6975837.3
2016-10-12,46.394774,61523725.0,76551377.1
2016-10-13,46.163167,61473725.0,-2308158.35
2016-10-14,46.330249,61473725.0,0.0
2016-10-17,46.366494,61173725.0,-13909948.200000001
2016-10-18,46.803115,61173725.0,0.0
2016-10-19,47.141981,60823725.0,-16499693.35
2016-10-20,47.115683,60823725.0,0.0
2016-10-21,47.063696,60823725.0,0.0
2016-10-24,47.177671,61273725.0,21229951.95
2016-10-25,46.7159,60573725.0,-32701130.0
2016-10-26,46.665867,60473725.0,-4666586.7
2016-10-27,46.631497,60473725.0,0.0
2016-10-28,46.707496,58023725.0,-114433365.2
2016-10-31,46.741015,58523725.0,23370507.5
2016-11-01,46.531692,58273725.0,-11632923.0
2016-11-02,46.259951,57473725.0,-37007960.8
2016-11-03,46.257144,57523725.0,2312857.1999999997
2016-11-04,46.413429,57523725.0,0.0
2016-11-07,47.079304,58973725.0,68264990.8
2016-11-08,47.244864,59623725.0,30709161.6
2016-11-09,48.255086,60123725.0,24127543.0
2016-11-10,48.782536,62773725.0,129273720.4
2016-11-11,48.142369,67173725.0,211826423.60000002
2016-11-14,48.245386,67923725.0,36184039.5
2016-11-15,48.44793,70473725.0,123542221.5
2016-11-16,48.395463,71973725.0,72593194.5
2016-11-17,48.379694,71923725.0,-2418984.7
2016-11-18,48.28773,71673725.0,-12071932.5
2016-11-21,48.890042,71623725.0,-2444502.1
2016-11-22,49.195666,72273725.0,31977182.900000002
2016-11-23,49.425842,71973725.0,-14827752.600000001
2016-11-25,49.600692,72373725.0,19840276.8
2016-11-28,49.35713,72473725.0,4935713.0
2016-11-29,49.413229,74373725.0,93885135.10000001
2016-11-30,49.936357,74123725.0,-12484089.25
2016-12-01,49.928232,74973725.0,42438997.2
2016-12-02,49.955801,73523725.0,-72435911.45
2016-12-05,50.378694,74573725.0,52897628.7
2016-12-06,50.419397,74973725.0,20167758.799999997
2016-12-07,51.161247,73023725.0,-99764431.65
2016-12-08,51.511554,73723725.0,36058087.8
2016-12-09,51.487114,74373725.0,33466624.099999998
2016-12-12,51.267981,76623725.0,115352957.25
2016-12-13,51.164889,76673725.0,2558244.45
2016-12-14,50.552317,76773725.0,5055231.7
2016-12-15,50.910922,76023725.0,-38183191.5
2016-12-16,50.379647,76523725.0,25189823.5
2016-12-19,50.310674,75373725.0,-57857275.1
2016-12-20,50.357544,75423725.0,2517877.1999999997
2016-12-21,50.404056,76223725.0,40323244.8
2016-12-22,50.164728,75923725.0,-15049418.399999999
2016-12-23,50.285153,75223725.0,-35199607.1
2016-12-27,50.521304,74873725.0,-17682456.4
2016-12-28,50.021777,74823725.0,-2501088.85
2016-12-29,50.047723,73973725.0,-42540564.55
2016-12-30,49.675114,74573725.0,29805068.400000002
2017-01-03,50.023068,73423725.0,-57526528.2
2017-01-04,50.737551,73023725.0,-20295020.400000002
2017-01-05,50.604107,73673725.0,32892669.55
2017-01-06,50.603951,73673725.0,0.0
2017-01-09,50.613175,73773725.0,5061317.5
2017-01-10,50.647092,73273725.0,-25323546.0
2017-01-11,51.069424,73523725.0,12767356.0
2017-01-12,50.955896,72473725.0,-53503690.800000004
2017-01-13,50.846267,71873725.0,-30507760.2
2017-01-17,50.671859,72073725.0,10134371.799999999
2017-01-18,50.97151,70823725.0,-63714387.5
2017-01-19,50.65413,71373725.0,27859771.5
2017-01-20,51.092934,71523725.0,7663940.1
2017-01-23,51.202987,71923725.0,20481194.8
2017-01-24,52.489862,72123725.0,10497972.4
2017-01-25,52.860523,72273725.0,7929078.45
2017-01-26,52.988741,73823725.0,82132548.55
2017-01-27,52.838575,73323725.0,-26419287.5
2017-01-30,52.287689,74873725.0,81045917.95
2017-01-31,51.958476,75573725.0,36370933.199999996
2017-02-01,52.249953,75973725.0,20899981.2
2017-02-02,51.977442,75973725.0,0.0
2017-02-03,52.066425,76123725.0,7809963.75
2017-02-06,51.930145,75923725.0,-10386029.0
2017-02-07,51.525861,76323725.0,20610344.4
2017-02-08,51.655922,76273725.0,-2582796.0999999996
2017-02-09,51.633186,76673725.0,20653274.400000002
2017-02-10,52.109515,74073725.0,-135484739.0
2017-02-13,52.494559,74373725.0,15748367.700000001
2017-02-14,52.537061,74373725.0,0.0
2017-02-15,52.468753,74523725.0,7870312.95
2017-02-16,52.440875,73923725.0,-31464525.0
2017-02-17,52.296357,73823725.0,-5229635.7
2017-02-21,52.487101,73673725.0,-7873065.15
2017-02-22,52.632285,71473725.0,-115791027.0
2017-02-23,52.337994,70773725.0,-36636595.800000004
2017-02-24,52.464156,70573725.0,-10492831.200000001
2017-02-27,52.287374,71073725.0,26143687.0
2017-02-28,52.311442,72873725.0,94160595.6
2017-03-01,53.261282,72373725.0,-26630641.0
2017-03-02,52.728126,72373725.0,0.0
2017-03-03,52.680812,72273725.0,-5268081.2
2017-03-06,52.331913,72023725.0,-13082978.25
2017-03-07,52.036754,71973725.0,-2601837.7
2017-03-08,52.076759,70823725.0,-59888272.85
2017-03-09,51.86145,71173725.0,18151507.5
2017-03-10,52.078552,71423725.0,13019638.0
2017-03-13,52.244578,71673725.0,13061144.5
2017-03-14,51.822523,71473725.0,-10364504.6
2017-03-15,52.63339,71573725.0,5263339.0
2017-03-16,52.303284,71573725.0,0.0
2017-03-17,52.415635,71823725.0,13103908.75
2017-03-20,52.618757,71573725.0,-13154689.25
2017-03-21,51.742797,71923725.0,18109978.95
2017-03-22,51.884875,70723725.0,-62261850.0
2017-03-23,52.119763,70723725.0,0.0
2017-03-24,51.630841,70873725.0,7744626.149999999
2017-03-27,51.798424,69423725.0,-75107714.8
2017-03-28,52.362058,67873725.0,-81161189.89999999
2017-03-29,52.416193,68423725.0,28828906.15
2017-03-30,52.425551,68423725.0,0.0
2017-03-31,52.394009,68373725.0,-2619700.4499999997
2017-04-03,52.188691,68823725.0,23484910.95
2017-04-04,52.398281,69223725.0,20959312.4
2017-04-05,52.356562,69773725.0,28796109.099999998
2017-04-06,52.614596,69773725.0,0.0
2017-04-07,52.587061,69773725.0,0.0
2017-04-10,52.586224,69373725.0,-21034489.6
2017-04-11,52.467941,71123725.0,91818896.75
2017-04-12,51.827592,70973725.0,-7774138.800000001
2017-04-13,51.315673,70973725.0,0.0
2017-04-17,51.696881,70073725.0,-46527192.9
2017-04-18,51.633782,70023725.0,-2581689.0999999996
2017-04-19,51.68121,69773725.0,-12920302.5
2017-04-20,52.229391,69773725.0,0.0
2017-04-21,52.207553,69773725.0,0.0
2017-04-24,52.820873,69573725.0,-10564174.6
2017-04-25,53.659523,70673725.0,59025475.3
2017-04-26,53.621889,72323725.0,88476116.85000001
2017-04-27,53.511391,71873725.0,-24080125.950000003
2017-04-28,53.135613,72323725.0,23911025.85
2017-05-01,53.072246,72323725.0,0.0
2017-05-02,53.186581,72423725.0,5318658.1
2017-05-03,52.663604,72623725.0,10532720.8
2017-05-04,52.758136,72073725.0,-29016974.8
2017-05-05,53.500992,71073725.0,-53500992.0
2017-05-08,53.041098,71623725.0,29172603.9
2017-05-09,52.654114,71023725.0,-31592468.4
2017-05-10,52.846537,69473725.0,-81912132.35
2017-05-11,52.745431,69223725.0,-13186357.75
2017-05-12,52.651837,69173725.0,-2632591.85
2017-05-15,53.095366,68923725.0,-13273841.5
2017-05-16,53.094092,68923725.0,0.0
2017-05-17,51.971892,67473725.0,-75359243.39999999
2017-05-18,51.964091,66023725.0,-75347931.95
2017-05-19,52.43575,65123725.0,-47192175.0
2017-05-22,52.460622,65523725.0,20984248.8
2017-05-23,52.541425,65973725.0,23643641.25
2017-05-24,52.912305,66123725.0,7936845.750000001
2017-05-25,52.816748,66123725.0,0.0
2017-05-26,52.967542,67623725.0,79451313.0
2017-05-30,52.912529,67823725.0,10582505.8
2017-05-31,53.08167,68273725.0,23886751.5
2017-06-01,53.687299,68473725.0,10737459.8
2017-06-02,53.879536,68473725.0,0.0
2017-06-05,53.661734,69423725.0,50978647.300000004
2017-06-06,53.7296,69123725.0,-16118880.0
2017-06-07,53.787028,69823725.0,37650919.6
2017-06-08,53.969491,69723725.0,-5396949.1
2017-06-09,54.679729,70223725.0,27339864.5
2017-06-12,54.393459,70373725.0,8159018.85
2017-06-13,55.112639,67973725.0,-132270333.60000001
2017-06-14,54.531203,67273725.0,-38171842.1
2017-06-15,54.037593,66873725.0,-21615037.2
2017-06-16,54.013276,66573725.0,-16203982.799999999
2017-06-19,54.471316,68423725.0,100771934.60000001
2017-06-20,54.167442,68223725.0,-10833488.4
2017-06-21,53.561259,68473725.0,13390314.75
2017-06-22,53.656439,68023725.0,-24145397.55
2017-06-23,53.845478,68323725.0,16153643.4
2017-06-26,54.020857,68423725.0,5402085.7
2017-06-27,53.65536,68323725.0,-5365536.0
2017-06-28,54.14431,68073725.0,-13536077.5
2017-06-29,53.551938,68073725.0,0.0
2017-06-30,53.796363,68023725.0,-2689818.15
2017-07-03,54.281872,68023725.0,0.0
2017-07-05,54.09008,67073725.0,-51385576.0
2017-07-06,53.863543,67023725.0,-2693177.15
2017-07-07,54.13597,66473725.0,-29774783.5
2017-07-10,54.480401,66423725.0,-2724020.05
2017-07-11,54.398947,66623725.0,10879789.4
2017-07-12,55.017044,66573725.0,-2750852.1999999997
2017-07-13,54.96558,65723725.0,-46720743.0
2017-07-14,55.236283,65873725.0,8285442.45
2017-07-17,55.333036,66073725.0,11066607.2
2017-07-18,55.088588,66273725.0,11017717.6
2017-07-19,55.687774,66723725.0,25059498.299999997
2017-07-20,55.221405,66573725.0,-8283210.75
2017-07-21,55.225509,67073725.0,27612754.5
2017-07-24,55.148793,67873725.0,44119034.4
2017-07-25,55.789944,67523725.0,-19526480.4
2017-07-26,55.434487,67423725.0,-5543448.699999999
2017-07-27,55.261143,67173725.0,-13815285.75
2017-07-28,55.047236,66673725.0,-27523618.0
2017-07-31,54.618724,66323725.0,-19116553.4
2017-08-01,54.693984,66073725.0,-13673496.0
2017-08-02,54.740282,66573725.0,27370141.0
2017-08-03,54.345869,66773725.0,10869173.8
2017-08-04,54.61141,66773725.0,0.0
2017-08-07,54.63751,66873725.0,5463751.0
2017-08-08,54.165483,66873725.0,0.0
2017-08-09,54.248121,65723725.0,-62385339.15
2017-08-10,53.584448,65773725.0,2679222.4
2017-08-11,53.496398,64773725.0,-53496398.0
2017-08-14,53.995688,64573725.0,-10799137.6
2017-08-15,54.017357,65123725.0,29709546.349999998
2017-08-16,54.526104,64073725.0,-57252409.199999996
2017-08-17,53.686614,63773725.0,-16105984.2
2017-08-18,53.722738,63923725.0,8058410.7
2017-08-21,53.78146,63973725.0,2689073.0
2017-08-22,54.430332,64273725.0,16329099.6
2017-08-23,54.34459,63923725.0,-19020606.5
2017-08-24,54.265895,64873725.0,51552600.25
2017-08-25,54.405567,64473725.0,-21762226.8
2017-08-28,54.533187,65373725.0,49079868.3
2017-08-29,54.231578,65923725.0,29827367.9
2017-08-30,54.632081,65723725.0,-10926416.2
2017-08-31,55.086431,65823725.0,5508643.1
2017-09-01,55.588276,66723725.0,50029448.4
2017-09-05,54.797951,67823725.0,60277746.099999994
2017-09-06,54.948517,68373725.0,30221684.35
2017-09-07,55.010025,68673725.0,16503007.5
2017-09-08,54.994817,67573725.0,-60494298.699999996
2017-09-11,55.743857,67523725.0,-2787192.85
2017-09-12,56.195829,66923725.0,-33717497.4
2017-09-13,56.174071,67273725.0,19660924.849999998
2017-09-14,56.350745,67523725.0,14087686.25
2017-09-15,56.031091,67923725.0,22412436.400000002
2017-09-18,56.36675,66073725.0,-104278487.5
2017-09-19,56.664787,67223725.0,65164505.05
2017-09-20,56.897393,70123725.0,165002439.7
2017-09-21,56.75572,69923725.0,-11351144.0
2017-09-22,56.593094,68873725.0,-59422748.7
2017-09-25,56.633143,68923725.0,2831657.15
2017-09-26,56.399867,71673725.0,155099634.25
2017-09-27,56.388452,73623725.0,109957481.4
2017-09-28,56.804284,72073725.0,-88046640.2
2017-09-29,56.803294,72023725.0,-2840164.7
2017-10-02,57.40879,71323725.0,-40186153.0
2017-10-03,57.670053,71773725.0,25951523.85
2017-10-04,57.659198,72223725.0,25946639.1
2017-10-05,58.017203,73273725.0,60918063.15
2017-10-06,57.911654,73673725.0,23164661.599999998
2017-10-09,57.903298,74073725.0,23161319.2
2017-10-10,57.91017,74073725.0,0.0
2017-10-11,57.94523,74073725.0,0.0
2017-10-12,58.062293,74673725.0,34837375.8
2017-10-13,58.347588,75923725.0,72934485.0
2017-10-16,58.301955,76273725.0,20405684.25
2017-10-17,58.149198,76773725.0,29074599.0
2017-10-18,58.021358,77373725.0,34812814.8
2017-10-19,58.215145,77573725.0,11643029.0
2017-10-20,58.738818,77423725.0,-8810822.700000001
2017-10-23,58.604819,77173725.0,-14651204.75
2017-10-24,58.952075,76873725.0,-17685622.5
2017-10-25,58.666545,77123725.0,14666636.25
2017-10-26,59.431386,77023725.0,-5943138.600000001
2017-10-27,59.117226,75723725.0,-76852393.8
2017-10-30,58.868018,75973725.0,14717004.5
2017-10-31,58.979532,75723725.0,-14744883.0
2017-11-01,59.321954,75673725.0,-2966097.6999999997
2017-11-02,58.886652,76273725.0,35331991.199999996
2017-11-03,58.815877,74173725.0,-123513341.7
2017-11-06,58.56189,77373725.0,187398048.0
2017-11-07,58.659081,77073725.0,-17597724.3
2017-11-08,58.682238,77523725.0,26407007.099999998
2017-11-09,58.191466,77423725.0,-5819146.6
2017-11-10,58.109136,76523725.0,-52298222.4
2017-11-13,58.419386,76323725.0,-11683877.200000001
2017-11-14,57.874313,75823725.0,-28937156.5
2017-11-15,57.511188,75873725.0,2875559.4
2017-11-16,58.230696,75273725.0,-34938417.6
2017-11-17,58.293446,75023725.0,-14573361.5
2017-11-20,58.398348,74273725.0,-43798761.0
2017-11-21,58.682562,74273725.0,0.0
2017-11-22,58.560024,75423725.0,67344027.6
2017-11-24,58.814785,75173725.0,-14703696.25
2017-11-27,58.472219,75023725.0,-8770832.85
2017-11-28,59.152264,75273725.0,14788066.0
2017-11-29,59.221392,75673725.0,23688556.8
2017-11-30,59.571698,75373725.0,-17871509.4
2017-12-01,59.072469,76323725.0,56118845.55
2017-12-04,59.664451,76373725.0,2983222.55
2017-12-05,59.369117,76673725.0,17810735.1
2017-12-06,59.010964,78123725.0,85565897.8
2017-12-07,59.429719,77973725.0,-8914457.85
2017-12-08,59.431381,78623725.0,38630397.65
2017-12-11,59.496586,79173725.0,32723122.3
2017-12-12,59.512645,79123725.0,-2975632.25
2017-12-13,59.671318,82473725.0,199898915.3
2017-12-14,59.017914,81823725.0,-38361644.1
2017-12-15,59.070188,82023725.0,11814037.6
2017-12-18,59.93411,79723725.0,-137848453.0
2017-12-19,59.882567,81623725.0,113776877.3
2017-12-20,59.91253,81823725.0,11982506.0
2017-12-21,60.113864,80873725.0,-57108170.8
2017-12-22,60.338562,81723725.0,51287777.7
2017-12-26,60.309825,82073725.0,21108438.75
2017-12-27,60.394462,81623725.0,-27177507.9
2017-12-28,60.647592,81273725.0,-21226657.2
2017-12-29,60.47629,81323725.0,3023814.5
2018-01-02,61.400194,81423725.0,6140019.399999999
2018-01-03,61.845902,83973725.0,157707050.1
2018-01-04,62.37178,84923725.0,59253191.0
2018-01-05,62.912257,85673725.0,47184192.75
2018-01-08,62.979332,84473725.0,-75575198.4
2018-01-09,62.837364,85223725.0,47128023.0
2018-01-10,62.491551,86423725.0,74989861.2
2018-01-11,63.286918,86273725.0,-9493037.7
2018-01-12,63.397344,85823725.0,-28528804.799999997
2018-01-16,62.648225,85873725.0,3132411.25
2018-01-17,62.945178,86823725.0,59797919.1
2018-01-18,62.888836,87873725.0,66033277.8
2018-01-19,63.271536,88373725.0,31635768.0
2018-01-22,63.132065,86073725.0,-145203749.5
2018-01-23,63.123654,86873725.0,50498923.2
2018-01-24,63.365023,85523725.0,-85542781.05
2018-01-25,63.813406,85623725.0,6381340.6
2018-01-26,64.079523,85573725.0,-3203976.15
2018-01-29,63.353898,85323725.0,-15838474.5
2018-01-30,62.890511,84573725.0,-47167883.25
2018-01-31,62.942687,84873725.0,18882806.1
2018-02-01,62.084549,87673725.0,173836737.20000002
2018-02-02,60.480291,87973725.0,18144087.3
2018-02-05,58.438314,87823725.0,-8765747.1
2018-02-06,60.04417,87723725.0,-6004417.0
2018-02-07,59.540443,86373725.0,-80379598.05000001
2018-02-08,57.419194,84723725.0,-94741670.1
2018-02-09,58.397287,84523725.0,-11679457.4
2018-02-12,59.605006,84273725.0,-14901251.5
2018-02-13,59.453811,84323725.0,2972690.5500000003
2018-02-14,60.247781,83923725.0,-24099112.400000002
2018-02-15,60.691334,85123725.0,72829600.8
2018-02-16,60.485583,84723725.0,-24194233.2
2018-02-20,60.218898,83923725.0,-48175118.400000006
2018-02-21,59.999972,83423725.0,-29999986.0
2018-02-22,60.410601,83273725.0,-9061590.15
2018-02-23,61.27699,84023725.0,45957742.5
2018-02-26,61.548563,84373725.0,21541997.05
2018-02-27,60.716229,85173725.0,48572983.199999996
2018-02-28,59.643961,84773725.0,-23857584.4
2018-03-01,59.046203,84773725.0,0.0
2018-03-02,58.937718,83923725.0,-50097060.3
2018-03-05,59.73409,83373725.0,-32853749.5
2018-03-06,60.407056,82073725.0,-78529172.8
2018-03-07,60.15945,83723725.0,99263092.5
2018-03-08,60.231955,83873725.0,9034793.25
2018-03-09,61.333198,84623725.0,45999898.5
2018-03-12,61.162233,86273725.0,100917684.45
2018-03-13,60.917485,85473725.0,-48733988.0
2018-03-14,60.140001,86323725.0,51119000.85
2018-03-15,59.37256,85773725.0,-32654908.0
2018-03-16,59.176751,85273725.0,-29588375.5
2018-03-19,58.294341,85473725.0,11658868.200000001
2018-03-20,58.241704,84173725.0,-75714215.2
2018-03-21,58.892337,83673725.0,-29446168.5
2018-03-22,57.136517,83923725.0,14284129.25
2018-03-23,56.05048,83923725.0,0.0
2018-03-26,57.165567,83823725.0,-5716556.7
2018-03-27,56.599161,85473725.0,93388615.65
2018-03-28,55.860875,84673725.0,-44688700.0
2018-03-29,56.933514,81723725.0,-167953866.3
2018-04-02,55.704901,81523725.0,-11140980.2
2018-04-03,56.492239,80723725.0,-45193791.199999996
2018-04-04,56.857472,80073725.0,-36957356.800000004
2018-04-05,57.936392,79873725.0,-11587278.4
2018-04-06,56.527222,80623725.0,42395416.5
2018-04-09,56.819277,80973725.0,19886746.95
2018-04-10,57.998144,81223725.0,14499536.0
2018-04-11,57.55361,84573725.0,192804593.5
2018-04-12,58.162117,85723725.0,66886434.550000004
2018-04-13,58.1079,85723725.0,0.0
2018-04-16,58.899225,85723725.0,0.0
2018-04-17,59.559407,86473725.0,44669555.25
2018-04-18,59.992346,87173725.0,41994642.199999996
2018-04-19,59.365605,87323725.0,8904840.75
2018-04-20,59.005516,87423725.0,5900551.6
2018-04-23,58.832279,87223725.0,-11766455.8
2018-04-24,57.265542,87223725.0,0.0
2018-04-25,57.574106,87223725.0,0.0
2018-04-26,57.903878,85273725.0,-112912562.1
2018-04-27,57.75187,85373725.0,5775187.0
2018-04-30,57.007676,84823725.0,-31354221.799999997
2018-05-01,56.990197,83923725.0,-51291177.300000004
2018-05-02,56.853638,84073725.0,8528045.7
2018-05-03,57.069323,83373725.0,-39948526.1
2018-05-04,57.794659,81473725.0,-109809852.10000001
2018-05-07,57.798214,83073725.0,92477142.4
2018-05-08,57.666469,83073725.0,0.0
2018-05-09,58.473762,82723725.0,-20465816.7
2018-05-10,58.923038,80423725.0,-135522987.4
2018-05-11,58.900264,80273725.0,-8835039.6
2018-05-14,59.130638,79873725.0,-23652255.2
2018-05-15,58.964581,79873725.0,0.0
2018-05-16,59.643787,79323725.0,-32804082.85
2018-05-17,59.779113,79673725.0,20922689.55
2018-05-18,59.869468,81723725.0,122732409.39999999
2018-05-21,60.186951,81723725.0,0.0
2018-05-22,59.664396,82123725.0,23865758.400000002
2018-05-23,59.558996,82623725.0,29779498.0
2018-05-24,59.325232,82973725.0,20763831.2
2018-05-25,59.022473,82973725.0,0.0
2018-05-29,57.989829,81773725.0,-69587794.8
2018-05-30,58.687401,81523725.0,-14671850.25
2018-05-31,58.19458,81523725.0,0.0
2018-06-01,59.06982,81523725.0,0.0
2018-06-04,59.39517,82023725.0,29697585.0
2018-06-05,59.844091,79673725.0,-140633613.85
2018-06-06,60.973286,79823725.0,9145992.9
2018-06-07,60.65577,80973725.0,69754135.5
2018-06-08,60.845115,80623725.0,-21295790.25
2018-06-11,60.909596,80623725.0,0.0
2018-06-12,60.993806,81373725.0,45745354.5
2018-06-13,60.34484,82273725.0,54310356.0
2018-06-14,60.419118,82123725.0,-9062867.7
2018-06-15,59.7526,82123725.0,0.0
2018-06-18,59.603033,85223725.0,184769402.3
2018-06-19,58.520436,85173725.0,-2926021.8
2018-06-20,58.298717,83923725.0,-72873396.25
2018-06-21,57.714413,82723725.0,-69257295.6
2018-06-22,58.491235,81023725.0,-99435099.5
2018-06-25,57.633974,80073725.0,-54752275.300000004
2018-06-26,57.834174,78423725.0,-95426387.1
2018-06-27,57.639421,78323725.0,-5763942.1
2018-06-28,57.889692,77573725.0,-43417269.0
2018-06-29,58.057016,77423725.0,-8708552.4
2018-07-02,57.783113,77023725.0,-23113245.2
2018-07-03,57.609024,75273725.0,-100815792.0
2018-07-05,58.151848,74623725.0,-37798701.2
2018-07-06,58.44009,75473725.0,49674076.5
2018-07-09,58.9861,75773725.0,17695830.0
2018-07-10,59.4592,77273725.0,89188800.0
2018-07-11,58.467307,79123725.0,108164517.95
2018-07-12,58.61085,79323725.0,11722170.0
2018-07-13,58.595486,79173725.0,-8789322.9
2018-07-16,58.129615,79623725.0,26158326.75
2018-07-17,58.876028,78623725.0,-58876028.0
2018-07-18,58.90086,80973725.0,138417021.0
2018-07-19,58.536696,81123725.0,8780504.4
2018-07-20,58.300275,80373725.0,-43725206.25
2018-07-23,58.004528,80023725.0,-20301584.8
2018-07-24,58.738605,78073725.0,-114540279.75
2018-07-25,59.183285,78823725.0,44387463.75
2018-07-26,59.512482,79523725.0,41658737.4
2018-07-27,59.293338,79623725.0,5929333.8
2018-07-30,59.168241,79123725.0,-29584120.5
2018-07-31,59.699592,79373725.0,14924898.0
2018-08-01,59.11958,80223725.0,50251643.0
2018-08-02,58.729543,80273725.0,2936477.15
2018-08-03,59.264833,79223725.0,-62228074.650000006
2018-08-06,59.292573,79223725.0,0.0
2018-08-07,59.439082,79223725.0,0.0
2018-08-08,59.266789,80123725.0,53340110.1
2018-08-09,59.549854,79373725.0,-44662390.5
2018-08-10,58.701355,79573725.0,11740271.0
2018-08-13,58.110501,77923725.0,-95882326.65
2018-08-14,58.565448,77923725.0,0.0
2018-08-15,57.645791,76923725.0,-57645791.0
2018-08-16,57.997278,76273725.0,-37698230.7
2018-08-17,58.417748,74973725.0,-75943072.4
2018-08-20,58.829653,74623725.0,-20590378.55
2018-08-21,59.058861,74623725.0,0.0
2018-08-22,58.794548,74173725.0,-26457546.599999998
2018-08-23,58.385985,73623725.0,-32112291.75
2018-08-24,59.080418,73623725.0,0.0
2018-08-27,59.924201,73523725.0,-5992420.1
2018-08-28,59.712825,74023725.0,29856412.5
2018-08-29,60.140948,74023725.0,0.0
2018-08-30,59.467307,74573725.0,32707018.849999998
2018-08-31,59.316663,74373725.0,-11863332.6
2018-09-04,58.857922,78123725.0,220717207.5
2018-09-05,59.219567,73423725.0,-278331964.9
2018-09-06,59.329575,73373725.0,-2966478.75
2018-09-07,59.00004,73373725.0,0.0
2018-09-10,59.044804,73323725.0,-2952240.2
2018-09-11,59.157026,72473725.0,-50283472.1
2018-09-12,59.203922,77073725.0,272338041.2
2018-09-13,59.4345,77473725.0,23773800.0
2018-09-14,59.4217,74273725.0,-190149440.0
2018-09-17,59.606908,74623725.0,20862417.8
2018-09-18,59.662227,74723725.0,5966222.7
2018-09-19,60.332697,75923725.0,72399236.4
2018-09-20,60.94834,76873725.0,57900923.0
2018-09-21,60.542379,75773725.0,-66596616.9
2018-09-24,59.698583,78823725.0,182080678.15
2018-09-25,59.408348,79523725.0,41585843.599999994
2018-09-26,58.799881,81173725.0,97019803.65
2018-09-27,58.268592,79273725.0,-110710324.8
2018-09-28,57.915826,82973725.0,214288556.20000002
2018-10-01,58.507867,78523725.0,-260360008.14999998
2018-10-02,58.779139,78123725.0,-23511655.6
2018-10-03,58.322983,78123725.0,0.0
2018-10-04,58.094098,77623725.0,-29047049.0
2018-10-05,57.622304,76773725.0,-48978958.4
2018-10-08,57.604481,76023725.0,-43203360.75
2018-10-09,55.670674,76023725.0,0.0
2018-10-10,54.241872,73223725.0,-151877241.6
2018-10-11,53.599492,71723725.0,-80399238.0
2018-10-12,53.80522,71773725.0,2690261.0
2018-10-15,53.569175,70873725.0,-48212257.5
2018-10-16,54.529142,71323725.0,24538113.9
2018-10-17,54.081103,71823725.0,27040551.5
2018-10-18,53.477662,71023725.0,-42782129.6
2018-10-19,53.141213,71273725.0,13285303.25
2018-10-22,52.68519,71273725.0,0.0
2018-10-23,52.117418,68273725.0,-156352254.0
2018-10-24,50.471085,68723725.0,22711988.25
2018-10-25,51.173036,69123725.0,20469214.400000002
2018-10-26,50.871647,67173725.0,-99199711.65
2018-10-29,50.706378,62573725.0,-233249338.8
2018-10-30,51.910391,67523725.0,256956435.45
2018-10-31,52.600108,76923725.0,494441015.2
2018-11-01,54.126551,77923725.0,54126551.0
2018-11-02,53.964279,75473725.0,-132212483.55
2018-11-05,54.174987,75523725.0,2708749.35
2018-11-06,55.025554,75873725.0,19258943.9
2018-11-07,56.04145,76123725.0,14010362.5
2018-11-08,55.754928,80023725.0,217444219.2
2018-11-09,54.973692,79023725.0,-54973692.0
2018-11-12,54.157887,78723725.0,-16247366.100000001
2018-11-13,54.026662,76623725.0,-113455990.2
2018-11-14,53.922627,80723725.0,221082770.7
2018-11-15,54.700092,76973725.0,-205125345.0
2018-11-16,55.19773,75623725.0,-74516935.5
2018-11-19,54.454206,75623725.0,0.0
2018-11-20,53.451726,73323725.0,-122938969.8
2018-11-21,53.897196,73673725.0,18864018.6
2018-11-23,53.302486,74073725.0,21320994.400000002
2018-11-26,53.927053,74323725.0,13481763.25
2018-11-27,53.25628,74223725.0,-5325628.0
2018-11-28,54.072628,74223725.0,0.0
2018-11-29,54.437955,76073725.0,100710216.75
2018-11-30,54.65103,73823725.0,-122964817.5
2018-12-03,55.57783,73873725.0,2778891.5
2018-12-04,53.896697,73873725.0,0.0
2018-12-06,53.183962,72223725.0,-87753537.3
2018-12-07,51.908922,72073725.0,-7786338.3
2018-12-10,52.055084,72073725.0,0.0
2018-12-11,51.87144,72073725.0,0.0
2018-12-12,52.333845,72073725.0,0.0
2018-12-13,51.744597,72673725.0,31046758.2
2018-12-14,51.369572,77423725.0,244005467.0
2018-12-17,50.444399,71323725.0,-307710833.9
2018-12-18,50.717065,71023725.0,-15215119.5
2018-12-19,50.031344,71123725.0,5003134.399999999
2018-12-20,49.391297,68773725.0,-116069547.95
2018-12-21,48.586681,65673725.0,-150618711.1
2018-12-24,47.300449,68823725.0,148996414.35
2018-12-26,49.47427,69023725.0,9894854.0
2018-12-27,50.401246,71073725.0,103322554.3
2018-12-28,50.103543,72073725.0,50103543.0
2018-12-31,50.526873,72073725.0,0.0
2019-01-02,50.755978,71923725.0,-7613396.7
2019-01-03,49.360865,71723725.0,-9872173.0
2019-01-04,51.292051,71723725.0,0.0
2019-01-07,51.453694,73523725.0,92616649.2
2019-01-08,51.97695,73673725.0,7796542.5
2019-01-09,52.019493,75123725.0,75428264.85
2019-01-10,52.477296,75023725.0,-5247729.600000001
2019-01-11,52.273698,75223725.0,10454739.600000001
2019-01-14,51.867427,74723725.0,-25933713.5
2019-01-15,51.554135,72123725.0,-134040751.0
2019-01-16,51.758621,74023725.0,98341379.89999999
2019-01-17,52.626874,76923725.0,152617934.6
2019-01-18,53.488456,77223725.0,16046536.799999999
2019-01-22,52.76026,76773725.0,-23742117.0
2019-01-23,52.415853,75673725.0,-57657438.3
2019-01-24,52.122228,74623725.0,-54728339.4
2019-01-25,53.126184,73473725.0,-61095111.6
2019-01-28,53.074227,73473725.0,0.0
2019-01-29,53.604538,73473725.0,0.0
2019-01-30,54.149937,73623725.0,8122490.55
2019-01-31,53.29905,72873725.0,-39974287.5
2019-02-01,53.547155,73623725.0,40160366.25
2019-02-04,53.425601,74823725.0,64110721.2
2019-02-05,53.850632,74823725.0,0.0
2019-02-06,53.484318,74573725.0,-13371079.5
2019-02-07,52.742682,74073725.0,-26371341.0
2019-02-08,52.711824,74023725.0,-2635591.2
2019-02-11,52.805578,73423725.0,-31683346.799999997
2019-02-12,53.979177,73573725.0,8096876.55
2019-02-13,54.040736,78223725.0,251289422.4
2019-02-14,53.760139,78873725.0,34944090.35
2019-02-15,54.487402,79123725.0,13621850.5
2019-02-19,54.810716,76773725.0,-128805182.6
2019-02-20,55.758123,75623725.0,-64121841.449999996
2019-02-21,55.542632,73073725.0,-141633711.6
2019-02-22,55.776134,75973725.0,161750788.6
2019-02-25,56.142708,77023725.0,58949843.4
2019-02-26,55.809891,77123725.0,5580989.1
2019-02-27,55.736461,77823725.0,39015522.699999996
2019-02-28,55.039782,78023725.0,11007956.4
2019-03-01,54.979926,78873725.0,46732937.1
2019-03-04,55.224415,80923725.0,113210050.75
2019-03-05,54.956612,80873725.0,-2747830.6
2019-03-06,55.077315,80323725.0,-30292523.25
2019-03-07,54.638949,79473725.0,-46443106.65
2019-03-08,54.744547,79473725.0,0.0
2019-03-11,55.508095,78473725.0,-55508095.0
2019-03-12,55.703514,78723725.0,13925878.5
2019-03-13,55.993398,80223725.0,83990097.0
2019-03-14,55.55721,85323725.0,283341771.0
2019-03-15,55.424935,79973725.0,-296523402.25
2019-03-18,55.52446,79973725.0,0.0
2019-03-19,55.444207,79973725.0,0.0
2019-03-20,55.415929,80123725.0,8312389.35
2019-03-21,55.995513,77873725.0,-125989904.25
2019-03-22,54.32516,77873725.0,0.0
2019-03-25,54.235519,76473725.0,-75929726.6
2019-03-26,54.55262,76173725.0,-16365786.0
2019-03-27,54.497425,76023725.0,-8174613.75
2019-03-28,55.030658,74473725.0,-85297519.9
2019-03-29,55.472569,74273725.0,-11094513.8
2019-04-01,56.310356,73973725.0,-16893106.8
2019-04-02,56.531243,74323725.0,19785935.05
2019-04-03,57.279427,74323725.0,0.0
2019-04-04,57.854398,74673725.0,20249039.3
2019-04-05,57.820518,74173725.0,-28910259.0
2019-04-08,57.851899,72773725.0,-80992658.60000001
2019-04-09,57.397471,72873725.0,5739747.100000001
2019-04-10,57.380183,73223725.0,20083064.05
2019-04-11,57.347283,72523725.0,-40143098.1
2019-04-12,58.114789,72523725.0,0.0
2019-04-15,57.841946,71773725.0,-43381459.5
2019-04-16,58.105145,71673725.0,-5810514.5
2019-04-17,57.757516,70823725.0,-49093888.6
2019-04-18,57.80981,71923725.0,63590791.0
2019-04-22,57.418946,72423725.0,28709473.0
2019-04-23,57.662291,71823725.0,-34597374.6
2019-04-24,57.336405,69723725.0,-120406450.5
2019-04-25,56.594592,70473725.0,42445944.0
2019-04-26,57.06231,70473725.0,0.0
2019-04-29,56.963196,70673725.0,11392639.200000001
2019-04-30,57.459651,70223725.0,-25856842.95
2019-05-01,56.404321,70473725.0,14101080.25
2019-05-02,56.122081,71623725.0,64540393.15
2019-05-03,56.680225,69323725.0,-130364517.5
2019-05-06,55.89667,68823725.0,-27948335.0
2019-05-07,54.883475,63873725.0,-271673201.25
2019-05-08,54.827313,63373725.0,-27413656.5
2019-05-09,54.407443,63223725.0,-8161116.45
2019-05-10,55.103081,63223725.0,0.0
2019-05-13,53.906406,61873725.0,-72773648.1
2019-05-14,54.348993,61223725.0,-35326845.45
2019-05-15,54.224979,60473725.0,-40668734.25
2019-05-16,54.954468,60173725.0,-16486340.4
2019-05-17,54.671779,60123725.0,-2733588.95
2019-05-20,53.883296,60123725.0,0.0
2019-05-21,54.692435,60773725.0,35550082.75
2019-05-22,54.326527,60373725.0,-21730610.8
2019-05-23,53.494322,58873725.0,-80241483.0
2019-05-24,53.778797,59873725.0,53778797.0
2019-05-28,53.287894,59873725.0,0.0
2019-05-29,53.256776,59673725.0,-10651355.200000001
2019-05-30,53.367504,59073725.0,-32020502.4
2019-05-31,52.762426,59073725.0,0.0
2019-06-03,54.560003,59323725.0,13640000.75
2019-06-04,56.067702,60173725.0,47657546.699999996
2019-06-05,56.498552,63123725.0,166670728.39999998
2019-06-06,57.118704,59423725.0,-211339204.8
2019-06-07,57.537886,65523725.0,350981104.6
2019-06-10,57.627759,66173725.0,37458043.35
2019-06-11,57.590309,70523725.0,250517844.14999998
2019-06-12,57.766999,71573725.0,60655348.949999996
2019-06-13,58.105534,72123725.0,31958043.7
2019-06-14,57.84522,73373725.0,72306525.0
2019-06-17,57.319616,73673725.0,17195884.8
2019-06-18,57.765663,73173725.0,-28882831.5
2019-06-19,57.498798,71073725.0,-120747475.8
2019-06-20,58.188227,71923725.0,49459992.949999996
2019-06-21,57.667776,70823725.0,-63434553.6
2019-06-24,57.909724,70273725.0,-31850348.2
2019-06-25,57.908643,70873725.0,34745185.8
2019-06-26,57.79548,72373725.0,86693220.0
2019-06-27,58.0079,70623725.0,-101513825.0
2019-06-28,58.553778,73173725.0,149312133.9
2019-07-01,58.946782,72973725.0,-11789356.4
2019-07-02,58.873746,73573725.0,35324247.6
2019-07-03,59.177679,73373725.0,-11835535.799999999
2019-07-05,58.861536,73373725.0,0.0
2019-07-08,58.24298,73373725.0,0.0
2019-07-09,57.655451,76173725.0,161435262.8
2019-07-10,57.548925,77523725.0,77691048.75
2019-07-11,57.793632,79123725.0,92469811.2
2019-07-12,58.370042,80873725.0,102147573.5
2019-07-15,58.459968,80823725.0,-2922998.4000000004
2019-07-16,58.548679,79073725.0,-102460188.25
2019-07-17,58.033739,77973725.0,-63837112.9
2019-07-18,58.283076,78073725.0,5828307.600000001
2019-07-19,58.435623,78073725.0,0.0
2019-07-22,58.290905,77673725.0,-23316362.0
2019-07-23,59.433303,76673725.0,-59433303.0
2019-07-24,59.422189,76673725.0,0.0
2019-07-25,58.990722,76823725.0,8848608.299999999
2019-07-26,59.036092,76673725.0,-8855413.799999999
2019-07-29,58.852233,76973725.0,17655669.9
2019-07-30,59.228756,79523725.0,151033327.79999998
2019-07-31,58.34144,76773725.0,-160438960.0
2019-08-01,58.031664,77073725.0,17409499.2
2019-08-02,57.341489,76973725.0,-5734148.9
2019-08-05,56.294644,76823725.0,-8444196.6
2019-08-06,56.342517,76073725.0,-42256887.75
2019-08-07,57.084826,74173725.0,-108461169.4
2019-08-08,58.156317,69873725.0,-250072163.1
2019-08-09,57.752669,74323725.0,256999377.04999998
2019-08-12,56.815913,74423725.0,5681591.3
2019-08-13,57.474768,68923725.0,-316111224.0
2019-08-14,55.650084,77423725.0,473025714.0
2019-08-15,55.658421,73523725.0,-217067841.89999998
2019-08-16,56.63071,72973725.0,-31146890.5
2019-08-19,57.057649,72623725.0,-19970177.15
2019-08-20,56.395643,72973725.0,19738475.05
2019-08-21,56.692525,73323725.0,19842383.75
2019-08-22,56.311309,76123725.0,157671665.20000002
2019-08-23,54.943699,78823725.0,148347987.3
2019-08-26,55.107239,78023725.0,-44085791.2
2019-08-27,55.153446,78023725.0,0.0
2019-08-28,55.617854,77273725.0,-41713390.5
2019-08-29,56.310026,76723725.0,-30970514.3
2019-08-30,56.7328,76723725.0,0.0
2019-09-03,56.270341,76023725.0,-39389238.7
2019-09-04,56.872781,75973725.0,-2843639.0500000003
2019-09-05,56.982233,75723725.0,-14245558.25
2019-09-06,57.257178,75323725.0,-22902871.200000003
2019-09-09,56.956951,74823725.0,-28478475.5
2019-09-10,57.51753,74823725.0,0.0
2019-09-11,58.079866,74923725.0,5807986.600000001
2019-09-12,58.507857,72923725.0,-117015714.0
2019-09-13,59.167937,72223725.0,-41417555.9
2019-09-16,58.200349,72323725.0,5820034.9
2019-09-17,58.625697,73473725.0,67419551.55
2019-09-18,58.678286,73473725.0,0.0
2019-09-19,58.763858,73823725.0,20567350.3
2019-09-20,58.369748,73323725.0,-29184874.0
2019-09-23,58.227864,72923725.0,-23291145.599999998
2019-09-24,57.666723,72873725.0,-2883336.15
2019-09-25,57.988335,74373725.0,86982502.5
2019-09-26,57.877272,74223725.0,-8681590.799999999
2019-09-27,57.731887,73173725.0,-60618481.35
2019-09-30,58.173016,72973725.0,-11634603.2
2019-10-01,56.842087,72223725.0,-42631565.25
2019-10-02,55.773244,70573725.0,-92025852.6
2019-10-03,56.008852,70173725.0,-22403540.8
2019-10-04,56.299073,70073725.0,-5629907.3
2019-10-07,56.122533,62023725.0,-451786390.65
2019-10-08,55.155829,58223725.0,-209592150.2
2019-10-09,55.724055,58973725.0,41793041.25
2019-10-10,56.267299,58573725.0,-22506919.6
2019-10-11,57.348471,58573725.0,0.0
2019-10-14,56.917491,59273725.0,39842243.699999996
2019-10-15,57.301591,59223725.0,-2865079.5500000003
2019-10-16,57.474043,58573725.0,-37358127.95
2019-10-17,57.578105,59173725.0,34546863.0
2019-10-18,57.516766,59173725.0,0.0
2019-10-21,57.326967,59273725.0,5732696.7
2019-10-22,57.098803,58723725.0,-31404341.65
2019-10-23,57.471641,58473725.0,-14367910.25
2019-10-24,57.655883,58323725.0,-8648382.450000001
2019-10-25,58.259711,58323725.0,0.0
2019-10-28,58.422284,58473725.0,8763342.6
2019-10-29,58.812114,58473725.0,0.0
2019-10-30,58.809348,58323725.0,-8821402.2
2019-10-31,58.155825,58523725.0,11631165.0
2019-11-01,58.994238,59873725.0,79642221.3
2019-11-04,59.447825,59873725.0,0.0
2019-11-05,59.60686,61023725.0,68547889.0
2019-11-06,59.549002,61023725.0,0.0
2019-11-07,59.924847,60623725.0,-23969938.8
2019-11-08,60.17172,60623725.0,0.0
2019-11-11,60.102863,60723725.0,6010286.3
2019-11-12,60.357211,60223725.0,-30178605.5
2019-11-13,60.075793,59973725.0,-15018948.25
2019-11-14,60.401428,58173725.0,-108722570.4
2019-11-15,60.346687,58023725.0,-9052003.05
2019-11-18,60.228559,57823725.0,-12045711.799999999
2019-11-19,60.041973,57823725.0,0.0
2019-11-20,59.330612,57523725.0,-17799183.6
2019-11-21,59.246937,57073725.0,-26661121.650000002
2019-11-22,59.338192,57073725.0,0.0
2019-11-25,59.707389,56823725.0,-14926847.25
2019-11-26,60.036564,57123725.0,18010969.2
2019-11-27,60.235491,59423725.0,138541629.3
2019-11-29,59.994643,58723725.0,-41996250.1
2019-12-02,59.467746,58273725.0,-26760485.7
2019-12-03,59.079555,58973725.0,41355688.5
2019-12-04,59.064133,58423725.0,-32485273.15
2019-12-05,59.45792,58223725.0,-11891584.0
2019-12-06,60.058194,57473725.0,-45043645.5
2019-12-09,59.982432,59523725.0,122963985.60000001
2019-12-10,59.625212,59523725.0,0.0
2019-12-11,60.04974,60173725.0,39032331.0
2019-12-12,60.907816,60173725.0,0.0
2019-12-13,60.425697,61273725.0,66468266.7
2019-12-16,60.711909,61273725.0,0.0
2019-12-17,60.823859,61723725.0,27370736.55
2019-12-18,60.679956,63473725.0,106189923.0
2019-12-19,60.88399,63423725.0,-3044199.5
2019-12-20,60.823423,63523725.0,6082342.3
2019-12-23,61.070837,63723725.0,12214167.4
2019-12-24,61.110438,64723725.0,61110438.0
2019-12-26,61.3651,64723725.0,0.0
2019-12-27,61.207903,63673725.0,-64268298.15
2019-12-30,60.972483,60223725.0,-210355066.35
2019-12-31,61.457209,62123725.0,116768697.1
2020-01-02,60.693845,60373725.0,-106214228.75
2020-01-03,59.708075,59773725.0,-35824845.0
2020-01-06,59.436053,58773725.0,-59436053.0
2020-01-07,59.310569,59373725.0,35586341.4
2020-01-08,59.61,66023725.0,396406500.0
2020-01-09,59.809004,67323725.0,77751705.2
2020-01-10,59.550609,67323725.0,0.0
2020-01-13,60.36104,68223725.0,54324936.0
2020-01-14,60.132779,68823725.0,36079667.4
2020-01-15,60.513093,68773725.0,-3025654.65
2020-01-16,60.861587,69573725.0,48689269.6
2020-01-17,61.159222,68623725.0,-58101260.9
2020-01-21,60.502774,68623725.0,0.0
2020-01-22,60.265452,68623725.0,0.0
2020-01-23,60.182736,68523725.0,-6018273.6
2020-01-24,59.761923,68373725.0,-8964288.450000001
2020-01-27,58.502444,68373725.0,0.0
2020-01-28,59.078225,68273725.0,-5907822.5
2020-01-29,59.291213,68273725.0,0.0
2020-01-30,58.941898,68173725.0,-5894189.8
2020-01-31,57.636541,67473725.0,-40345578.7
2020-02-03,58.866981,68973725.0,88300471.5
2020-02-04,59.904848,71273725.0,137781150.4
2020-02-05,61.025624,69723725.0,-94589717.2
2020-02-06,60.973932,72673725.0,179873099.4
2020-02-07,60.081977,72973725.0,18024593.1
2020-02-10,60.087649,71773725.0,-72105178.8
2020-02-11,60.398852,71773725.0,0.0
2020-02-12,60.718548,72173725.0,24287419.2
2020-02-13,60.500005,73473725.0,78650006.5
2020-02-14,60.538953,72373725.0,-66592848.3
2020-02-18,60.391391,72373725.0,0.0
2020-02-19,60.507766,70373725.0,-121015532.0
2020-02-20,60.607108,67123725.0,-196973101.0
2020-02-21,60.357347,67123725.0,0.0
2020-02-24,58.62256,67173725.0,2931128.0
2020-02-25,56.104831,66823725.0,-19636690.849999998
2020-02-26,55.909268,65223725.0,-89454828.8
2020-02-27,53.380736,63673725.0,-82740140.8
2020-02-28,52.788429,61873725.0,-95019172.2
2020-03-02,54.973148,59573725.0,-126438240.4
2020-03-03,54.561882,60923725.0,73658540.7
2020-03-04,56.752428,62973725.0,116342477.4
2020-03-05,54.965872,65373725.0,131918092.8
2020-03-06,53.521533,64273725.0,-58873686.3
2020-03-09,48.591991,64523725.0,12147997.75
2020-03-10,50.49892,62723725.0,-90898056.0
2020-03-11,48.10266,62623725.0,-4810266.0
2020-03-12,43.491822,63573725.0,41317230.9
2020-03-13,46.534893,61173725.0,-111683743.19999999
2020-03-16,41.21655,61373725.0,8243310.0
2020-03-17,43.933399,60423725.0,-41736729.050000004
2020-03-18,41.23991,60023725.0,-16495964.0
2020-03-19,42.158224,61473725.0,61129424.8
2020-03-20,40.674759,60373725.0,-44742234.9
2020-03-23,38.403153,59123725.0,-48003941.25000001
2020-03-24,42.857113,59373725.0,10714278.25
2020-03-25,43.814362,57973725.0,-61340106.800000004
2020-03-26,45.983017,56873725.0,-50581318.699999996
2020-03-27,44.234816,54673725.0,-97316595.2
2020-03-30,45.693495,50173725.0,-205620727.5
2020-03-31,45.062127,49773725.0,-18024850.799999997
2020-04-01,42.997656,48823725.0,-40847773.199999996
2020-04-02,43.640378,47773725.0,-45822396.9
2020-04-03,42.623555,48273725.0,21311777.5
2020-04-06,45.850889,46823725.0,-66483789.050000004
2020-04-07,46.951571,47073725.0,11737892.75
2020-04-08,49.295342,47273725.0,9859068.4
2020-04-09,51.395938,55173725.0,406027910.2
2020-04-13,50.308425,77273725.0,1111816192.5
2020-04-14,50.887589,84523725.0,368935020.25
2020-04-15,48.599468,83223725.0,-63179308.4
2020-04-16,48.333883,83623725.0,19333553.2
2020-04-17,50.304448,83623725.0,0.0
2020-04-20,49.013082,83073725.0,-26957195.099999998
2020-04-21,47.798253,82473725.0,-28678951.8
2020-04-22,48.812324,82773725.0,14643697.2
2020-04-23,49.07034,82523725.0,-12267585.0
2020-04-24,49.84232,82223725.0,-14952696.0
2020-04-27,51.153596,82223725.0,0.0
2020-04-28,52.144499,83123725.0,46930049.1
2020-04-29,53.481174,83473725.0,18718410.900000002
2020-04-30,51.898176,83523725.0,2594908.8
2020-05-01,50.775499,83473725.0,-2538774.95
2020-05-04,50.981164,83873725.0,20392465.6
2020-05-05,51.133198,83523725.0,-17896619.3
2020-05-06,50.200662,83423725.0,-5020066.2
2020-05-07,51.270902,83973725.0,28198996.1
2020-05-08,52.503222,84273725.0,15750966.6
2020-05-11,51.706443,84173725.0,-5170644.3
2020-05-12,50.897995,85373725.0,61077594.0
2020-05-13,49.789482,85623725.0,12447370.5
2020-05-14,50.411271,85623725.0,0.0
2020-05-15,50.894066,85273725.0,-17812923.1
2020-05-18,53.218212,84773725.0,-26609106.0
2020-05-19,52.68504,84773725.0,0.0
2020-05-20,53.540695,85423725.0,34801451.75
2020-05-21,53.019872,85123725.0,-15905961.6
2020-05-22,52.92759,85573725.0,23817415.5
2020-05-26,54.35722,86023725.0,24460749.0
2020-05-27,54.938692,86173725.0,8240803.800000001
2020-05-28,55.448225,87123725.0,52675813.75
2020-05-29,55.499757,87123725.0,0.0
2020-06-01,55.803489,86773725.0,-19531221.15
2020-06-02,56.830233,86473725.0,-17049069.9
2020-06-03,58.138547,86373725.0,-5813854.7
2020-06-04,58.346664,86923725.0,32090665.2
2020-06-05,59.824009,86773725.0,-8973601.35
2020-06-08,59.879896,87323725.0,32933942.8
2020-06-09,59.17804,88023725.0,41424628.0
2020-06-10,58.527906,89973725.0,114129416.7
2020-06-11,54.01391,89673725.0,-16204173.0
2020-06-12,55.073958,71473725.0,-1002346035.5999999
2020-06-15,55.591771,70073725.0,-77828479.4
2020-06-16,56.757821,70623725.0,31216801.55
2020-06-17,56.329261,70673725.0,2816463.0500000003
2020-06-18,56.354053,70523725.0,-8453107.95
2020-06-19,56.176006,70123725.0,-22470402.400000002
2020-06-22,56.083673,68723725.0,-78517142.2
2020-06-23,56.204945,69273725.0,30912719.75
2020-06-24,54.557176,69123725.0,-8183576.399999999
2020-06-25,55.243798,68673725.0,-24859709.099999998
2020-06-26,54.488753,68673725.0,0.0
2020-06-29,55.545904,69023725.0,19441066.4
2020-06-30,56.369139,69023725.0,0.0
2020-07-01,56.491785,68773725.0,-14122946.25
2020-07-02,57.531511,69873725.0,63284662.1
2020-07-06,58.374609,70023725.0,8756191.35
2020-07-07,58.37084,70923725.0,52533756.0
2020-07-08,57.524814,71523725.0,34514888.4
2020-07-09,56.996896,60273725.0,-641215080.0
2020-07-10,57.988309,52973725.0,-423314655.7
2020-07-13,57.980361,52423725.0,-31889198.55
2020-07-14,59.450641,51723725.0,-41615448.699999996
2020-07-15,60.434309,52473725.0,45325731.75
2020-07-16,60.651846,52823725.0,21228146.1
2020-07-17,61.136315,53123725.0,18340894.5
2020-07-20,60.643418,53923725.0,48514734.4
2020-07-21,61.154919,54123725.0,12230983.8
2020-07-22,61.833615,53623725.0,-30916807.5
2020-07-23,61.65939,54673725.0,64742359.5
2020-07-24,61.475219,54673725.0,0.0
2020-07-27,62.335837,55573725.0,56102253.3
2020-07-28,60.979439,55573725.0,0.0
2020-07-29,61.483317,55773725.0,12296663.4
2020-07-30,60.303549,56073725.0,18091064.7
2020-07-31,60.370402,55873725.0,-12074080.4
2020-08-03,60.009512,57923725.0,123019499.60000001
2020-08-04,60.804815,57823725.0,-6080481.5
2020-08-05,61.724245,57423725.0,-24689698.0
2020-08-06,61.452528,56123725.0,-79888286.4
2020-08-07,61.683629,55023725.0,-67851991.9
2020-08-10,62.279302,54323725.0,-43595511.4
2020-08-11,62.183649,54423725.0,6218364.9
2020-08-12,62.557075,54573725.0,9383561.25
2020-08-13,62.540975,54923725.0,21889341.25
2020-08-14,62.639406,52873725.0,-128410782.3
2020-08-17,62.884943,54573725.0,106904403.1
2020-08-18,62.667828,53823725.0,-47000871.0
2020-08-19,62.478462,53823725.0,0.0
2020-08-20,62.222382,53823725.0,0.0
2020-08-21,61.898901,53823725.0,0.0
2020-08-24,62.945455,53923725.0,6294545.5
2020-08-25,62.750091,54373725.0,28237540.95
2020-08-26,63.351336,54373725.0,0.0
2020-08-27,63.209874,54423725.0,3160493.7
2020-08-28,63.972635,54573725.0,9595895.25
2020-08-31,63.039416,54073725.0,-31519708.0
2020-09-01,64.770723,54023725.0,-3238536.1500000004
2020-09-02,66.276484,54823725.0,53021187.199999996
2020-09-03,64.456748,57273725.0,157919032.60000002
2020-09-04,64.534534,57923725.0,41947447.099999994
2020-09-08,63.208088,58973725.0,66368492.4
2020-09-09,64.848747,58623725.0,-22697061.45
2020-09-10,64.241486,58973725.0,22484520.099999998
2020-09-11,65.077556,59523725.0,35792655.8
2020-09-14,66.000153,59623725.0,6600015.3
2020-09-15,66.314446,60623725.0,66314446.00000001
2020-09-16,66.365774,60973725.0,23228020.900000002
2020-09-17,66.87535,61773725.0,53500280.0
2020-09-18,65.735332,62073725.0,19720599.6
2020-09-21,63.211763,63773725.0,107459997.1
2020-09-22,63.352392,63973725.0,12670478.4
2020-09-23,61.495636,63473725.0,-30747818.0
2020-09-24,61.936258,64573725.0,68129883.8
2020-09-25,62.44233,62173725.0,-149861592.0
2020-09-28,63.433274,61873725.0,-19029982.2
2020-09-29,63.0013,61673725.0,-12600260.0
2020-09-30,63.615516,61523725.0,-9542327.4
2020-10-01,62.739704,61573725.0,3136985.2
2020-10-02,63.25654,62773725.0,75907848.0
2020-10-05,64.474936,64423725.0,106383644.4
2020-10-06,63.656748,64573725.0,9548512.2
2020-10-07,65.33186,65973725.0,91464604.00000001
2020-10-08,66.014495,67923725.0,128728265.25
2020-10-09,66.499235,67973725.0,3324961.75
2020-10-12,66.412491,67473725.0,-33206245.5
2020-10-13,65.787715,66773725.0,-46051400.50000001
2020-10-14,66.010993,66673725.0,-6601099.3
2020-10-15,65.831843,66673725.0,0.0
2020-10-16,66.253544,66173725.0,-33126772.000000004
2020-10-19,65.466397,64223725.0,-127659474.15
2020-10-20,65.631492,66073725.0,121418260.19999999
2020-10-21,65.429235,65973725.0,-6542923.500000001
2020-10-22,65.722776,66573725.0,39433665.599999994
2020-10-23,65.963097,66873725.0,19788929.1
2020-10-26,64.343865,66573725.0,-19303159.5
2020-10-27,63.724896,64823725.0,-111518568.0
2020-10-28,61.895078,64773725.0,-3094753.9
2020-10-29,63.233238,65123725.0,22131633.3
2020-10-30,63.158146,65223725.0,6315814.600000001
2020-11-02,65.291967,64823725.0,-26116786.8
2020-11-03,66.300718,64823725.0,0.0
2020-11-04,65.205605,64873725.0,3260280.2500000005
2020-11-05,67.842814,64173725.0,-47489969.800000004
2020-11-06,67.967239,63923725.0,-16991809.75
2020-11-09,69.48226,64373725.0,31267017.0
2020-11-10,70.280481,67473725.0,217869491.1
2020-11-11,69.343744,67273725.0,-13868748.8
2020-11-12,67.853206,68723725.0,98387148.7
2020-11-13,68.986922,68723725.0,0.0
2020-11-16,70.370458,68973725.0,17592614.5
2020-11-17,70.095687,70573725.0,112153099.2
2020-11-18,69.524905,71873725.0,90382376.5
2020-11-19,69.824528,72423725.0,38403490.4
2020-11-20,69.726847,72573725.0,10459027.05
2020-11-23,70.340733,73423725.0,59789623.05
2020-11-24,72.095851,73623725.0,14419170.2
2020-11-25,71.32448,74323725.0,49927135.99999999
2020-11-27,71.694647,76323725.0,143389294.0
2020-11-30,71.057647,74573725.0,-124350882.25
2020-12-01,71.795566,74573725.0,0.0
2020-12-02,70.848513,74123725.0,-31881830.849999998
2020-12-03,70.365281,72973725.0,-80920073.14999999
2020-12-04,71.78076,70623725.0,-168684786.0
2020-12-07,71.28692,70973725.0,24950422.0
2020-12-08,71.704663,69973725.0,-71704663.0
2020-12-09,71.756764,69973725.0,0.0
2020-12-10,71.283556,72673725.0,192465601.20000002
2020-12-11,70.911441,73023725.0,24819004.349999998
2020-12-14,69.983699,72373725.0,-45489404.35
2020-12-15,71.279552,72173725.0,-14255910.399999999
2020-12-16,71.051728,72623725.0,31973277.599999998
2020-12-17,71.882453,72623725.0,0.0
2020-12-18,72.227984,71273725.0,-97507778.4
2020-12-21,71.451928,72073725.0,57161542.4
2020-12-22,71.049238,72073725.0,0.0
2020-12-23,71.104731,73173725.0,78215204.1
2020-12-24,71.5195,72673725.0,-35759750.0
2020-12-28,71.263706,72673725.0,0.0
2020-12-29,71.110917,72673725.0,0.0
2020-12-30,72.07771,71873725.0,-57662168.0
2020-12-31,72.394131,71673725.0,-14478826.200000001
2021-01-04,71.657384,71623725.0,-3582869.1999999997
2021-01-05,73.300831,70723725.0,-65970747.9
2021-01-06,76.290589,74273725.0,270831590.95
2021-01-07,76.891668,80773725.0,499795842.0
2021-01-08,76.501908,81573725.0,61201526.4
2021-01-11,76.501583,82973725.0,107102216.19999999
2021-01-12,77.522264,83473725.0,38761132.0
2021-01-13,76.703266,84673725.0,92043919.2
2021-01-14,76.414902,85623725.0,72594156.89999999
2021-01-15,75.306332,85923725.0,22591899.599999998
2021-01-19,75.603277,87573725.0,124745407.05000001
2021-01-20,75.866727,88373725.0,60693381.6
2021-01-21,74.728685,88373725.0,0.0
2021-01-22,74.411087,88173725.0,-14882217.399999999
2021-01-25,74.004895,87923725.0,-18501223.75
2021-01-26,72.974546,85173725.0,-200680001.5
2021-01-27,70.790511,85073725.0,-7079051.1
2021-01-28,72.079704,85423725.0,25227896.400000002
2021-01-29,70.684308,84673725.0,-53013231.0
2021-02-01,71.504442,84573725.0,-7150444.2
2021-02-02,72.431114,89223725.0,336804680.09999996
2021-02-03,72.697349,89223725.0,0.0
2021-02-04,72.300461,90023725.0,57840368.8
2021-02-05,73.53285,84273725.0,-422813887.5
2021-02-08,74.138168,84073725.0,-14827633.599999998
2021-02-09,73.627293,86273725.0,161980044.6
2021-02-10,73.480695,85723725.0,-40414382.25
2021-02-11,73.585757,83823725.0,-139812938.3
2021-02-12,74.341498,83373725.0,-33453674.1
2021-02-16,74.202494,83373725.0,0.0
2021-02-17,74.156228,83373725.0,0.0
2021-02-18,73.708322,82823725.0,-40539577.099999994
2021-02-19,75.059159,82373725.0,-33776621.55
2021-02-22,75.33168,83773725.0,105464352.00000001
2021-02-23,75.592807,84873725.0,83152087.69999999
2021-02-24,76.279504,86523725.0,125861181.60000001
2021-02-25,74.502438,89873725.0,249583167.29999998
2021-02-26,73.554186,92423725.0,187563174.3
2021-03-01,75.413205,88273725.0,-312964800.75
2021-03-02,75.843974,87823725.0,-34129788.300000004
2021-03-03,75.095644,87773725.0,-3754782.1999999997
2021-03-04,73.59987,87573725.0,-14719974.0
2021-03-05,75.34752,86823725.0,-56510640.0
2021-03-08,76.315599,86873725.0,3815779.95
2021-03-09,76.816448,85173725.0,-130587961.6
2021-03-10,78.065373,85073725.0,-7806537.3
2021-03-11,78.498753,86123725.0,82423690.64999999
2021-03-12,78.65871,86323725.0,15731742.0
2021-03-15,78.80159,85973725.0,-27580556.5
2021-03-16,78.106758,85973725.0,0.0
2021-03-17,78.798813,84873725.0,-86678694.3
2021-03-18,78.38319,84873725.0,0.0
2021-03-19,78.011315,84873725.0,0.0
2021-03-22,77.723551,84623725.0,-19430887.75
2021-03-23,76.087923,85223725.0,45652753.800000004
2021-03-24,76.616566,84773725.0,-34477454.7
2021-03-25,77.731507,84873725.0,7773150.699999999
2021-03-26,79.663417,85873725.0,79663417.0
2021-03-29,79.388975,86023725.0,11908346.25
2021-03-30,79.153997,86973725.0,75196297.15
2021-03-31,78.78276,87973725.0,78782760.0
2021-04-01,79.50018,87773725.0,-15900036.0
2021-04-05,80.466994,88823725.0,84490343.7
2021-04-06,80.655025,89673725.0,68556771.25
2021-04-07,79.243715,93423725.0,297163931.25
2021-04-08,79.369514,94073725.0,51590184.099999994
2021-04-09,80.03777,94023725.0,-4001888.4999999995
2021-04-12,80.301247,95223725.0,96361496.4
2021-04-13,80.130453,95473725.0,20032613.25
2021-04-14,80.664153,95723725.0,20166038.25
2021-04-15,81.654964,96323725.0,48992978.400000006
2021-04-16,82.617139,96723725.0,33046855.599999998
2021-04-19,82.259833,96723725.0,0.0
2021-04-20,81.474463,97023725.0,24442338.9
2021-04-21,82.995649,96873725.0,-12449347.35
2021-04-22,81.552992,97173725.0,24465897.6
2021-04-23,82.938886,97523725.0,29028610.099999998
2021-04-26,83.362226,97723725.0,16672445.200000001
2021-04-27,83.188915,96723725.0,-83188915.0
2021-04-28,83.367964,97173725.0,37515583.8
2021-04-29,83.907655,96573725.0,-50344593.0
2021-04-30,83.004972,96823725.0,20751243.0
2021-05-03,84.257578,97273725.0,37915910.1
2021-05-04,85.150839,97923725.0,55348045.35
2021-05-05,86.266966,100823725.0,250174201.39999998
2021-05-06,87.037714,100373725.0,-39166971.3
2021-05-07,87.856509,100473725.0,8785650.9
2021-05-10,87.482304,101073725.0,52489382.4
2021-05-11,87.784333,102773725.0,149233366.1
2021-05-12,85.546945,104223725.0,124043070.24999999
2021-05-13,86.863345,105023725.0,69490676.0
2021-05-14,87.886394,105723725.0,61520475.8
2021-05-17,88.651755,106473725.0,66488816.24999999
2021-05-18,87.679624,107723725.0,109599530.0
2021-05-19,86.326784,108723725.0,86326784.0
2021-05-20,86.376707,109073725.0,30231847.45
2021-05-21,86.611728,108973725.0,-8661172.8
2021-05-24,87.333792,109723725.0,65500344.0
2021-05-25,86.585973,109973725.0,21646493.25
2021-05-26,86.651739,110623725.0,56323630.35
2021-05-27,87.36658,114223725.0,314519688.0
2021-05-28,87.235915,112123725.0,-183195421.5
2021-06-01,88.459018,111573725.0,-48652459.9
2021-06-02,87.717039,111123725.0,-39472667.55
2021-06-03,87.723527,111373725.0,21930881.75
2021-06-04,87.903909,112423725.0,92299104.45
2021-06-07,86.821757,114023725.0,138914811.20000002
2021-06-08,86.975256,114773725.0,65231442.0
2021-06-09,86.311468,115223725.0,38840160.6
2021-06-10,85.81508,117123725.0,163048652.0
2021-06-11,86.13291,117373725.0,21533227.5
2021-06-14,85.055832,117373725.0,0.0
2021-06-15,84.898612,117373725.0,0.0
2021-06-16,83.908685,118023725.0,54540645.25
2021-06-17,82.095991,118873725.0,69781592.35
2021-06-18,80.771049,117523725.0,-109040916.15
2021-06-21,82.087703,116773725.0,-61565777.25
2021-06-22,82.366095,117073725.0,24709828.5
2021-06-23,81.860267,117073725.0,0.0
2021-06-24,82.103604,116373725.0,-57472522.800000004
2021-06-25,82.132563,116523725.0,12319884.450000001
2021-06-28,82.11515,113623725.0,-238133935.0
2021-06-29,82.097532,112823725.0,-65678025.6
2021-06-30,82.325375,116623725.0,312836425.0
2021-07-01,82.782496,113023725.0,-298016985.59999996
2021-07-02,82.84812,112823725.0,-16569623.999999998
2021-07-06,81.664177,111423725.0,-114329847.8
2021-07-07,82.494498,111023725.0,-32997799.199999996
2021-07-08,81.377787,110823725.0,-16275557.4
2021-07-09,83.004422,110323725.0,-41502211.0
2021-07-12,83.22209,110323725.0,0.0
2021-07-13,82.433957,111223725.0,74190561.30000001
2021-07-14,82.288897,108823725.0,-197493352.8
2021-07-15,82.324994,108373725.0,-37046247.300000004
2021-07-16,81.073936,108373725.0,0.0
2021-07-19,79.316762,107423725.0,-75350923.89999999
2021-07-20,80.268697,107423725.0,0.0
2021-07-21,81.139783,105673725.0,-141994620.25
2021-07-22,81.15764,105873725.0,16231528.0
2021-07-23,81.720609,105623725.0,-20430152.25
2021-07-26,82.42503,105673725.0,4121251.5000000005
2021-07-27,82.540904,105473725.0,-16508180.799999999
2021-07-28,82.755328,105373725.0,-8275532.800000001
2021-07-29,83.66091,105023725.0,-29281318.5
2021-07-30,84.000705,104873725.0,-12600105.75
2021-08-02,83.020241,103773725.0,-91322265.1
2021-08-03,83.856033,103023725.0,-62892024.75
2021-08-04,83.03207,102523725.0,-41516035.0
2021-08-05,82.917234,102473725.0,-4145861.6999999997
2021-08-06,84.13811,99823725.0,-222965991.5
2021-08-09,84.056155,99873725.0,4202807.75
2021-08-10,85.300936,99873725.0,0.0
2021-08-11,86.509763,100223725.0,30278417.05
2021-08-12,86.363739,102973725.0,237500282.25
2021-08-13,86.450992,103073725.0,8645099.2
2021-08-16,86.025798,103073725.0,0.0
2021-08-17,84.994771,103323725.0,21248692.75
2021-08-18,84.032487,102873725.0,-37814619.15
2021-08-19,83.264482,101923725.0,-79101257.9
2021-08-20,83.792722,101923725.0,0.0
2021-08-23,84.49568,100223725.0,-143642656.0
2021-08-24,85.054603,99773725.0,-38274571.35
2021-08-25,85.410488,99573725.0,-17082097.6
2021-08-26,84.824478,99973725.0,33929791.2
2021-08-27,85.963825,99973725.0,0.0
2021-08-30,85.860815,102423725.0,210358996.75
2021-08-31,85.613189,100023725.0,-205471653.60000002
2021-09-01,85.379947,100023725.0,0.0
2021-09-02,85.941309,99673725.0,-30079458.150000002
2021-09-03,85.344595,99523725.0,-12801689.25
2021-09-07,84.803316,94323725.0,-440977243.2
2021-09-08,83.983007,95273725.0,79783856.65
2021-09-09,84.041732,94373725.0,-75637558.8
2021-09-10,83.998368,94373725.0,0.0
2021-09-13,83.991145,95773725.0,117587603.0
2021-09-14,83.029854,95473725.0,-24908956.2
2021-09-15,83.935196,95123725.0,-29377318.6
2021-09-16,83.02993,95273725.0,12454489.499999998
2021-09-17,81.330559,94773725.0,-40665279.5
2021-09-20,79.406982,94423725.0,-27792443.7
2021-09-21,79.26666,94823725.0,31706664.0
2021-09-22,80.06139,94823725.0,0.0
2021-09-23,81.192947,94623725.0,-16238589.4
2021-09-24,81.068694,94773725.0,12160304.1
2021-09-27,81.701717,94473725.0,-24510515.1
2021-09-28,80.656212,94923725.0,36295295.4
2021-09-29,80.359017,94873725.0,-4017950.8499999996
2021-09-30,79.114229,94723725.0,-11867134.35
2021-10-01,80.374282,94823725.0,8037428.199999999
2021-10-04,80.010756,94073725.0,-60008067.0
2021-10-05,80.759119,93323725.0,-60569339.25
2021-10-06,80.546546,93073725.0,-20136636.5
2021-10-07,81.628516,92923725.0,-12244277.4
2021-10-08,81.171099,90523725.0,-194810637.6
2021-10-11,81.191624,88973725.0,-125847017.2
2021-10-12,81.307695,89873725.0,73176925.5
2021-10-13,81.917727,89023725.0,-69630067.95
2021-10-14,83.913095,89123725.0,8391309.5
2021-10-15,84.128093,89123725.0,0.0
2021-10-18,84.091178,90073725.0,79886619.1
2021-10-19,84.503574,89273725.0,-67602859.2
2021-10-20,85.192673,89173725.0,-8519267.3
2021-10-21,84.994399,89423725.0,21248599.75
2021-10-22,84.851499,89073725.0,-29698024.650000002
2021-10-25,85.609412,88823725.0,-21402353.0
2021-10-26,85.919499,89323725.0,42959749.5
2021-10-27,84.690427,88973725.0,-29641649.45
2021-10-28,85.548727,89973725.0,85548727.0
2021-10-29,85.125688,89873725.0,-8512568.799999999
2021-11-01,85.317606,89723725.0,-12797640.9
2021-11-02,86.254223,89723725.0,0.0
2021-11-03,87.204184,90023725.0,26161255.2
2021-11-04,87.109907,95623725.0,487815479.20000005
2021-11-05,87.835633,95173725.0,-39526034.85
2021-11-08,88.914238,94923725.0,-22228559.5
2021-11-09,89.309241,94923725.0,0.0
2021-11-10,88.681405,96223725.0,115285826.5
2021-11-11,89.432909,96873725.0,58131390.849999994
2021-11-12,90.085264,96673725.0,-18017052.8
2021-11-15,89.678545,96273725.0,-35871418.0
2021-11-16,89.391641,96423725.0,13408746.15
2021-11-17,88.824184,96623725.0,17764836.8
2021-11-18,88.445088,96623725.0,0.0
2021-11-19,88.301681,96723725.0,8830168.1
2021-11-22,88.436162,97223725.0,44218081.0
2021-11-23,88.52995,97123725.0,-8852995.0
2021-11-24,87.873743,97323725.0,17574748.6
2021-11-26,86.351957,97323725.0,0.0
2021-11-29,86.835299,100073725.0,238797072.25000003
2021-11-30,84.69797,95073725.0,-423489850.0
2021-12-01,83.776625,95473725.0,33510650.0
2021-12-02,85.47671,95073725.0,-34190684.0
2021-12-03,85.279111,95323725.0,21319777.75
2021-12-06,86.534039,90523725.0,-415363387.20000005
2021-12-07,87.838912,90123725.0,-35135564.8
2021-12-08,88.228768,90173725.0,4411438.4
2021-12-09,87.74303,90023725.0,-13161454.5
2021-12-10,88.322118,90723725.0,61825482.6
2021-12-13,87.73902,90273725.0,-39482559.0
2021-12-14,87.649157,90273725.0,0.0
2021-12-15,87.893152,90573725.0,26367945.6
2021-12-16,88.810203,89923725.0,-57726631.95
2021-12-17,87.653926,90523725.0,52592355.6
2021-12-20,85.622407,91023725.0,42811203.5
2021-12-21,86.741159,90373725.0,-56381753.349999994
2021-12-22,87.409461,91223725.0,74298041.85
2021-12-23,88.293099,91323725.0,8829309.9
2021-12-27,89.609821,91423725.0,8960982.1
2021-12-28,90.10654,91123725.0,-27031962.0
2021-12-29,90.492472,90923725.0,-18098494.400000002
2021-12-30,90.180034,90273725.0,-58617022.1
2021-12-31,90.62969,90273725.0,0.0
2022-01-03,89.387856,90823725.0,49163320.8
2022-01-04,90.552933,91473725.0,58859406.449999996
2022-01-05,90.478686,92773725.0,117622291.8
2022-01-06,89.362281,95323725.0,227873816.54999998
2022-01-07,89.28346,95323725.0,0.0
2022-01-10,88.398139,95873725.0,48618976.45
2022-01-11,89.379359,96673725.0,71503487.19999999
2022-01-12,90.229838,95823725.0,-76695362.3
2022-01-13,89.52179,95323725.0,-44760895.0
2022-01-14,88.775096,95473725.0,13316264.4
2022-01-18,87.6023,95473725.0,0.0
2022-01-19,87.417812,95773725.0,26225343.599999998
2022-01-20,86.167054,95473725.0,-25850116.2
2022-01-21,84.02041,96273725.0,67216328.0
2022-01-24,84.041109,94623725.0,-138667829.85000002
2022-01-25,83.319467,94423725.0,-16663893.4
2022-01-26,82.473092,94373725.0,-4123654.5999999996
2022-01-27,82.767108,93973725.0,-33106843.199999996
2022-01-28,83.235502,93673725.0,-24970650.599999998
2022-01-31,84.432165,92873725.0,-67545732.0
2022-02-01,85.841746,92273725.0,-51505047.6
2022-02-02,86.040967,92973725.0,60228676.9
2022-02-03,84.516459,92673725.0,-25354937.7
2022-02-04,83.065874,92773725.0,8306587.399999999
2022-02-07,82.712495,91823725.0,-78576870.25
2022-02-08,84.008434,88173725.0,-306630784.09999996
2022-02-09,85.794271,87923725.0,-21448567.75
2022-02-10,85.315296,87623725.0,-25594588.8
2022-02-11,84.018167,87323725.0,-25205450.1
2022-02-14,83.29574,86423725.0,-74966166.0
2022-02-15,84.865112,86173725.0,-21216278.0
2022-02-16,85.413038,86173725.0,0.0
2022-02-17,83.992416,86323725.0,12598862.4
2022-02-18,83.841821,86123725.0,-16768364.2
2022-02-22,82.700282,85823725.0,-24810084.6
2022-02-23,81.613834,85473725.0,-28564841.9
2022-02-24,81.365151,86423725.0,77296893.45
2022-02-25,84.345536,91273725.0,409075849.59999996
2022-02-28,83.380322,86923725.0,-362704400.70000005
2022-03-01,81.460359,86573725.0,-28511125.65
2022-03-02,83.283787,85573725.0,-83283787.0
2022-03-03,83.380657,85673725.0,8338065.7
2022-03-04,83.053107,86323725.0,53984519.55
2022-03-07,80.212415,86073725.0,-20053103.75
2022-03-08,79.810455,85673725.0,-31924182.0
2022-03-09,82.245566,84923725.0,-61684174.5
2022-03-10,82.447356,85273725.0,28856574.6
2022-03-11,81.839033,84873725.0,-32735613.2
2022-03-14,81.759542,85073725.0,16351908.399999999
2022-03-15,82.655245,85323725.0,20663811.25
2022-03-16,83.958971,85323725.0,0.0
2022-03-17,85.591208,86223725.0,77032087.19999999
2022-03-18,86.098626,85873725.0,-30134519.099999998
2022-03-21,86.507109,87073725.0,103808530.8
2022-03-22,86.953051,88123725.0,91300703.55
2022-03-23,86.613915,87523725.0,-51968349.0
2022-03-24,88.330656,87023725.0,-44165328.0
2022-03-25,89.301659,87023725.0,0.0
2022-03-28,88.890835,87323725.0,26667250.5
2022-03-29,89.573116,87023725.0,-26871934.8
2022-03-30,89.291943,87523725.0,44645971.5
2022-03-31,88.120506,87623725.0,8812050.600000001
2022-04-01,89.117985,87723725.0,8911798.5
2022-04-04,89.079368,88073725.0,31177778.8
2022-04-05,88.37675,88073725.0,0.0
2022-04-06,87.389492,88773725.0,61172644.400000006
2022-04-07,87.939689,89223725.0,39572860.05
2022-04-08,88.425904,89723725.0,44212952.0
2022-04-11,88.023987,89473725.0,-22005996.75
2022-04-12,88.053365,88973725.0,-44026682.5
2022-04-13,89.35923,88873725.0,-8935923.0
2022-04-14,89.053487,89223725.0,31168720.450000003
2022-04-18,89.127016,89823725.0,53476209.6
2022-04-19,89.953155,89723725.0,-8995315.5
2022-04-20,90.57286,90023725.0,27171858.0
2022-04-21,89.056219,91723725.0,151395572.3
2022-04-22,85.738314,91223725.0,-42869157.0
2022-04-25,85.487924,91223725.0,0.0
2022-04-26,84.166335,90973725.0,-21041583.75
2022-04-27,85.416603,91473725.0,42708301.5
2022-04-28,86.747361,90823725.0,-56385784.65
2022-04-29,85.038593,90173725.0,-55275085.45
2022-05-02,84.75821,89523725.0,-55092836.5
2022-05-03,85.707015,89623725.0,8570701.5
2022-05-04,88.485798,89423725.0,-17697159.6
2022-05-05,85.733721,87973725.0,-124313895.45
2022-05-06,84.563902,87573725.0,-33825560.8
2022-05-09,81.840416,86773725.0,-65472332.800000004
2022-05-10,81.360402,86123725.0,-52884261.3
2022-05-11,81.3901,85673725.0,-36625545.0
2022-05-12,81.245838,84423725.0,-101557297.50000001
2022-05-13,82.496679,84623725.0,16499335.8
2022-05-16,82.342911,84173725.0,-37054309.95
2022-05-17,84.696641,85173725.0,84696641.0
2022-05-18,82.011983,84473725.0,-57408388.1
2022-05-19,82.583559,83673725.0,-66066847.199999996
2022-05-20,82.404928,83123725.0,-45322710.4
2022-05-23,83.925551,83323725.0,16785110.2
2022-05-24,83.433705,84573725.0,104292131.25
2022-05-25,83.820696,85223725.0,54483452.4
2022-05-26,85.364926,86473725.0,106706157.5
2022-05-27,87.3809,86573725.0,8738090.0
2022-05-31,86.002388,87673725.0,94602626.8
2022-06-01,85.16432,87973725.0,25549296.0
2022-06-02,87.495784,88973725.0,87495784.0
2022-06-03,86.66819,89423725.0,39000685.5
2022-06-06,87.506339,89173725.0,-21876584.75
2022-06-07,88.136611,88923725.0,-22034152.75
2022-06-08,86.291789,89123725.0,17258357.799999997
2022-06-09,84.243664,88673725.0,-37909648.8
2022-06-10,81.680843,88673725.0,0.0
2022-06-13,78.483705,89223725.0,43166037.75
2022-06-14,77.845958,89673725.0,35030681.1
2022-06-15,77.867766,88573725.0,-85654542.60000001
2022-06-16,75.030199,87423725.0,-86284728.85
2022-06-17,74.960932,87573725.0,11244139.8
2022-06-21,75.53587,83673725.0,-294589893.0
2022-06-22,74.55884,84323725.0,48463246.0
2022-06-23,73.532678,84623725.0,22059803.400000002
2022-06-24,76.454744,85623725.0,76454744.0
2022-06-27,75.838315,91573725.0,451237974.24999994
2022-06-28,75.028704,90723725.0,-63774398.400000006
2022-06-29,74.498209,88423725.0,-171345880.70000002
2022-06-30,73.616845,86173725.0,-165637901.25
2022-07-01,74.108607,85923725.0,-18527151.75
2022-07-05,72.627899,84373725.0,-112573243.45
2022-07-06,73.07429,83173725.0,-87689148.0
2022-07-07,73.747019,82373725.0,-58997615.199999996
2022-07-08,73.011981,82473725.0,7301198.100000001
2022-07-11,72.816786,82573725.0,7281678.6
2022-07-12,72.662044,82673725.0,7266204.399999999
2022-07-13,72.264675,81823725.0,-61424973.75
2022-07-14,70.920168,79273725.0,-180846428.4
2022-07-15,72.06747,79573725.0,21620241.0
2022-07-18,72.227347,79673725.0,7222734.699999999
2022-07-19,74.467461,79473725.0,-14893492.2
2022-07-20,74.552489,79573725.0,7455248.899999999
2022-07-21,75.596774,78823725.0,-56697580.5
2022-07-22,75.05162,78423725.0,-30020648.0
2022-07-25,75.374704,77773725.0,-48993557.599999994
2022-07-26,74.878705,77173725.0,-44927223.0
2022-07-27,75.816094,77223725.0,3790804.7
2022-07-28,77.107518,78173725.0,73252142.1
2022-07-29,78.121869,78073725.0,-7812186.9
2022-08-01,77.486746,77823725.0,-19371686.5
2022-08-02,76.705721,78423725.0,46023432.6
2022-08-03,76.804409,79073725.0,49922865.85
2022-08-04,76.840273,78623725.0,-34578122.85
2022-08-05,77.117359,78573725.0,-3855867.9499999997
2022-08-08,77.539124,78573725.0,0.0
2022-08-09,77.159728,78223725.0,-27005904.8
2022-08-10,79.376974,76823725.0,-111127763.60000001
2022-08-11,79.611759,76223725.0,-47767055.400000006
2022-08-12,81.127392,76073725.0,-12169108.8
2022-08-15,81.053552,76073725.0,0.0
2022-08-16,81.531652,75923725.0,-12229747.799999999
2022-08-17,80.393609,74323725.0,-128629774.39999999
2022-08-18,80.614231,74973725.0,52399250.150000006
2022-08-19,79.158415,75423725.0,35621286.75
2022-08-22,77.899759,75373725.0,-3894987.95
2022-08-23,78.659356,76023725.0,51128581.4
2022-08-24,78.85114,75223725.0,-63080912.0
2022-08-25,80.631948,74523725.0,-56442363.599999994
2022-08-26,78.134005,73823725.0,-54693803.5
2022-08-29,77.598856,73673725.0,-11639828.4
2022-08-30,76.319262,73673725.0,0.0
2022-08-31,75.409654,73673725.0,0.0
2022-09-01,74.418732,73773725.0,7441873.2
2022-09-02,74.351186,73523725.0,-18587796.5
2022-09-06,74.113374,73323725.0,-14822674.799999999
2022-09-07,76.191431,72973725.0,-26667000.849999998
2022-09-08,76.939525,72373725.0,-46163715.0
2022-09-09,78.091159,72123725.0,-19522789.75
2022-09-12,78.780979,71623725.0,-39390489.5
2022-09-13,75.993077,71323725.0,-22797923.1
2022-09-14,75.069729,71223725.0,-7506972.899999999
2022-09-15,74.070907,70973725.0,-18517726.75
2022-09-16,72.912289,70573725.0,-29164915.6
2022-09-19,73.695492,70623725.0,3684774.6
2022-09-20,72.296063,71023725.0,28918425.200000003
2022-09-21,70.709929,71223725.0,14141985.8
2022-09-22,69.848342,71123725.0,-6984834.2
2022-09-23,68.417986,71423725.0,20525395.8
2022-09-26,67.295396,71123725.0,-20188618.8
2022-09-27,67.446235,70573725.0,-37095429.25
2022-09-28,69.218415,70073725.0,-34609207.5
2022-09-29,68.17515,69273725.0,-54540120.0
2022-09-30,67.979952,69073725.0,-13595990.4
2022-10-03,70.289711,69173725.0,7028971.1
2022-10-04,72.777506,67973725.0,-87333007.2
2022-10-05,71.982153,71173725.0,230342889.6
2022-10-06,71.248833,70273725.0,-64123949.7
2022-10-07,69.436891,68923725.0,-93739802.85000001
2022-10-10,69.607045,67023725.0,-132253385.5
2022-10-11,69.094326,66973725.0,-3454716.3
2022-10-12,68.538695,68773725.0,123369651.00000001
2022-10-13,70.552941,71873725.0,218714117.10000002
2022-10-14,68.145064,72223725.0,23850772.400000002
2022-10-17,69.877457,72223725.0,0.0
2022-10-18,71.212878,71573725.0,-46288370.7
2022-10-19,70.407026,72273725.0,49284918.2
2022-10-20,69.914409,71623725.0,-45444365.85
2022-10-21,72.332114,71623725.0,0.0
2022-10-24,71.880381,71423725.0,-14376076.2
2022-10-25,73.695858,71373725.0,-3684792.9
2022-10-26,74.187876,71123725.0,-18546969.0
2022-10-27,73.990964,70573725.0,-40695030.2
2022-10-28,74.755375,70723725.0,11213306.25
2022-10-31,74.090757,70523725.0,-14818151.399999999
2022-11-01,74.265496,70373725.0,-11139824.4
2022-11-02,72.355835,70223725.0,-10853375.25
2022-11-03,72.915542,69973725.0,-18228885.5
2022-11-04,75.39741,70023725.0,3769870.4999999995
2022-11-07,75.991603,71723725.0,129185725.1
2022-11-08,77.267223,70023725.0,-131354279.10000001
2022-11-09,76.061904,69173725.0,-64652618.4
2022-11-10,80.293557,67573725.0,-128469691.20000002
2022-11-11,81.227628,68073725.0,40613814.0
2022-11-14,81.086681,68323725.0,20271670.25
2022-11-15,80.993393,68773725.0,36447026.85
2022-11-16,80.199886,69023725.0,20049971.5
2022-11-17,79.447688,69023725.0,0.0
2022-11-18,79.960874,68573725.0,-35982393.300000004
2022-11-21,80.262437,68023725.0,-44144340.35
2022-11-22,82.069421,67573725.0,-36931239.45
2022-11-23,82.406659,67823725.0,20601664.75
2022-11-25,82.33731,67173725.0,-53519251.5
2022-11-28,80.527193,67173725.0,0.0
2022-11-29,80.826797,69023725.0,149529574.45
2022-11-30,82.794411,66923725.0,-173868263.1
2022-12-01,82.822095,67623725.0,57975466.5
2022-12-02,83.734356,67373725.0,-20933589.0
2022-12-05,82.101353,67273725.0,-8210135.300000001
2022-12-06,81.386267,67223725.0,-4069313.35
2022-12-07,81.226344,67473725.0,20306586.0
2022-12-08,81.774196,68123725.0,53153227.4
2022-12-09,80.989429,67923725.0,-16197885.8
2022-12-12,81.71386,68623725.0,57199702.0
2022-12-13,82.811179,68423725.0,-16562235.799999999
2022-12-14,81.902516,68873725.0,36856132.2
2022-12-15,79.435406,68523725.0,-27802392.1
2022-12-16,79.117138,68573725.0,3955856.9
2022-12-19,77.567652,67673725.0,-69810886.8
2022-12-20,78.071539,67573725.0,-7807153.9
2022-12-21,78.724293,67523725.0,-3936214.6500000004
2022-12-22,77.982728,67623725.0,7798272.8
2022-12-23,78.538739,67523725.0,-7853873.9
2022-12-27,78.581359,67373725.0,-11787203.850000001
2022-12-28,77.405609,67273725.0,-7740560.899999999
2022-12-29,78.239204,68023725.0,58679403.0
2022-12-30,77.687453,67423725.0,-46612471.800000004
2023-01-03,77.605195,67573725.0,11640779.25
2023-01-04,78.955387,68273725.0,55268770.9
2023-01-05,77.693908,67773725.0,-38846954.0
2023-01-06,80.36594,67723725.0,-4018296.9999999995
2023-01-09,80.847394,67723725.0,0.0
2023-01-10,81.672198,70273725.0,208264104.89999998
2023-01-11,82.985197,70473725.0,16597039.4
2023-01-12,83.266132,71923725.0,120735891.39999999
2023-01-13,83.825707,71873725.0,-4191285.3499999996
2023-01-17,82.927856,72173725.0,24878356.8
2023-01-18,81.781253,72273725.0,8178125.300000001
2023-01-19,81.151521,72323725.0,4057576.0500000003
2023-01-20,82.809926,72673725.0,28983474.1
2023-01-23,83.073722,74723725.0,170301130.1
2023-01-24,83.107401,73523725.0,-99728881.19999999
2023-01-25,83.275643,73773725.0,20818910.75
2023-01-26,83.678031,73773725.0,0.0
2023-01-27,83.394354,73823725.0,4169717.7
2023-01-30,82.812537,74373725.0,45546895.35
2023-01-31,84.65455,74473725.0,8465455.0
2023-02-01,85.207528,74423725.0,-4260376.399999999
2023-02-02,84.965663,75573725.0,97710512.45
2023-02-03,83.420504,75423725.0,-12513075.6
2023-02-06,82.520691,75723725.0,24756207.3
2023-02-07,83.591955,72673725.0,-254955462.75
2023-02-08,82.915853,73073725.0,33166341.2
2023-02-09,81.754979,74273725.0,98105974.80000001
2023-02-10,82.045617,71773725.0,-205114042.49999997
2023-02-13,82.461782,72923725.0,94831049.3
2023-02-14,82.645965,73073725.0,12396894.75
2023-02-15,83.012867,73523725.0,37355790.15
2023-02-16,82.086946,74273725.0,61565209.5
2023-02-17,81.301324,74323725.0,4065066.1999999997
2023-02-21,79.980897,74323725.0,0.0
2023-02-22,80.520346,72723725.0,-128832553.60000001
2023-02-23,80.667188,72973725.0,20166797.0
2023-02-24,81.205712,72973725.0,0.0
2023-02-27,81.452746,71973725.0,-81452746.0
2023-02-28,81.854365,71973725.0,0.0
2023-03-01,82.417574,72023725.0,4120878.7
2023-03-02,83.409182,71723725.0,-25022754.6
2023-03-03,84.61029,71973725.0,21152572.5
2023-03-06,83.218587,71273725.0,-58253010.9
2023-03-07,81.563223,71173725.0,-8156322.3
2023-03-08,81.97095,71073725.0,-8197095.0
2023-03-09,79.896645,72123725.0,83891477.25
2023-03-10,78.179889,71373725.0,-58634916.75
2023-03-13,77.383309,71273725.0,-7738330.899999999
2023-03-14,78.365023,70523725.0,-58773767.24999999
2023-03-15,75.797818,70223725.0,-22739345.400000002
2023-03-16,76.691718,70223725.0,0.0
2023-03-17,75.510393,70123725.0,-7551039.299999999
2023-03-20,76.70448,69073725.0,-80539704.0
2023-03-21,77.645847,68473725.0,-46587508.2
2023-03-22,76.280216,68123725.0,-26698075.599999998
2023-03-23,76.191801,67973725.0,-11428770.15
2023-03-24,76.805849,67773725.0,-15361169.799999999
2023-03-27,77.375597,67523725.0,-19343899.25
2023-03-28,77.761222,66973725.0,-42768672.1
2023-03-29,78.838271,67273725.0,23651481.3
2023-03-30,79.368682,67073725.0,-15873736.400000002
2023-03-31,80.651842,67073725.0,0.0
2023-04-03,81.176525,66673725.0,-32470610.0
2023-04-04,79.985698,64273725.0,-191965675.2
2023-04-05,79.807446,66573725.0,183557125.8
2023-04-06,79.631717,66373725.0,-15926343.399999999
2023-04-10,80.023883,68923725.0,204060901.65
2023-04-11,80.607183,69773725.0,68516105.55000001
2023-04-12,80.663006,70323725.0,44364653.3
2023-04-13,81.493001,71773725.0,118164851.45
2023-04-14,80.941794,73223725.0,117365601.3
2023-04-17,81.416484,73223725.0,0.0
2023-04-18,81.740603,73223725.0,0.0
2023-04-19,81.485789,73423725.0,16297157.799999999
2023-04-20,81.425205,72973725.0,-36641342.25
2023-04-21,80.687631,72973725.0,0.0
2023-04-24,81.245312,73373725.0,32498124.8
2023-04-25,79.500245,73573725.0,15900049.000000002
2023-04-26,78.563305,72923725.0,-51066148.25
2023-04-27,79.629217,72673725.0,-19907304.25
2023-04-28,80.535151,72723725.0,4026757.55
2023-05-01,80.503636,72723725.0,0.0
2023-05-02,79.740142,72723725.0,0.0
2023-05-03,78.85616,72573725.0,-11828424.0
2023-05-04,78.350831,72423725.0,-11752624.65
2023-05-05,79.649671,72273725.0,-11947450.65
2023-05-08,79.413324,72023725.0,-19853331.0
2023-05-09,78.68477,72023725.0,0.0
2023-05-10,78.730572,70973725.0,-82667100.6
2023-05-11,77.950745,70723725.0,-19487686.25
2023-05-12,78.091462,69823725.0,-70282315.80000001
2023-05-15,78.752057,69573725.0,-19688014.25
2023-05-16,77.456793,69473725.0,-7745679.300000001
2023-05-17,77.97341,69173725.0,-23392023.0
2023-05-18,78.413796,69623725.0,35286208.2
2023-05-19,78.616326,69073725.0,-43238979.3
2023-05-22,78.185787,69323725.0,19546446.75
2023-05-23,77.000434,69323725.0,0.0
2023-05-24,76.134409,69373725.0,3806720.45
2023-05-25,75.863612,69673725.0,22759083.6
2023-05-26,76.207584,69673725.0,0.0
2023-05-30,75.815188,70023725.0,26535315.8
2023-05-31,75.015699,69873725.0,-11252354.85
2023-06-01,76.002205,69923725.0,3800110.25
2023-06-02,78.562487,69623725.0,-23568746.1
2023-06-05,78.483821,70723725.0,86332203.10000001
2023-06-06,79.001444,70223725.0,-39500722.0
2023-06-07,79.929848,71273725.0,83926340.4
2023-06-08,79.653596,71323725.0,3982679.8
2023-06-09,78.998439,71323725.0,0.0
2023-06-12,79.344305,71023725.0,-23803291.5
2023-06-13,81.195938,71423725.0,32478375.2
2023-06-14,80.861801,72273725.0,68732530.85
2023-06-15,81.553386,71923725.0,-28543685.1
2023-06-16,81.654291,71823725.0,-8165429.1
2023-06-20,80.234945,72623725.0,64187956.0
2023-06-21,80.518397,72073725.0,-44285118.349999994
2023-06-22,80.304617,72123725.0,4015230.8499999996
2023-06-23,79.676266,70673725.0,-115530585.7
2023-06-26,80.473019,70573725.0,-8047301.899999999
2023-06-27,81.597278,70323725.0,-20399319.5
2023-06-28,81.044589,70823725.0,40522294.5
2023-06-29,82.095511,71373725.0,45152531.050000004
2023-06-30,82.890614,71573725.0,16578122.8
2023-07-03,83.143713,71973725.0,33257485.200000003
2023-07-05,81.091058,73123725.0,93254716.7
2023-07-06,80.515643,75073725.0,157005503.85
2023-07-07,81.226619,70123725.0,-402071764.05
2023-07-10,81.219106,70023725.0,-8121910.6
2023-07-11,82.008207,70073725.0,4100410.35
2023-07-12,83.069689,70123725.0,4153484.4499999997
2023-07-13,83.743553,71623725.0,125615329.50000001
2023-07-14,83.260007,71373725.0,-20815001.75
2023-07-17,83.324479,71623725.0,20831119.75
2023-07-18,83.969991,71673725.0,4198499.55
2023-07-19,83.537478,72773725.0,91891225.8
2023-07-20,83.739795,72623725.0,-12560969.25
2023-07-21,83.738667,77323725.0,393571734.90000004
2023-07-24,83.998205,77473725.0,12599730.75
2023-07-25,85.477884,77973725.0,42738942.0
2023-07-26,85.234498,79823725.0,157683821.3
2023-07-27,84.664287,79523725.0,-25399286.1
2023-07-28,85.27251,79573725.0,4263625.5
2023-07-31,85.712215,79523725.0,-4285610.75
2023-08-01,85.330868,79273725.0,-21332717.0
2023-08-02,84.279813,78023725.0,-105349766.25
2023-08-03,83.770006,77273725.0,-62827504.5
2023-08-04,83.544056,76323725.0,-79366853.2
2023-08-07,84.125759,75023725.0,-109363486.7
2023-08-08,83.244107,73623725.0,-116541749.8
2023-08-09,82.874546,73523725.0,-8287454.6
2023-08-10,82.947885,71323725.0,-182485347.0
2023-08-11,82.723156,70273725.0,-86859313.8
2023-08-14,82.90293,70223725.0,-4145146.5
2023-08-15,81.539005,70073725.0,-12230850.75
2023-08-16,81.002363,69673725.0,-32400945.2
2023-08-17,80.866843,68823725.0,-68736816.55
2023-08-18,80.797717,68523725.0,-24239315.1
2023-08-21,80.81436,68173725.0,-28285025.999999996
2023-08-22,80.750711,68623725.0,36337819.949999996
2023-08-23,80.897093,68723725.0,8089709.3
2023-08-24,80.54604,68723725.0,0.0
2023-08-25,80.791299,68823725.0,8079129.899999999
2023-08-28,81.385242,68473725.0,-28484834.700000003
2023-08-29,82.750845,69123725.0,53788049.25
2023-08-30,82.920007,72123725.0,248760021.0
2023-08-31,82.899137,69223725.0,-240407497.29999998
2023-09-01,83.794974,69323725.0,8379497.399999999
2023-09-05,82.288527,68623725.0,-57601968.9
2023-09-06,82.064489,68823725.0,16412897.799999999
2023-09-07,81.703244,68673725.0,-12255486.6
2023-09-08,81.803542,68723725.0,4090177.0999999996
2023-09-11,82.144039,67373725.0,-110894452.65
2023-09-12,81.94425,67923725.0,45069337.5
2023-09-13,81.457568,67773725.0,-12218635.2
2023-09-14,82.611571,67773725.0,0.0
2023-09-15,81.711401,68373725.0,49026840.599999994
2023-09-18,80.982181,68923725.0,44540199.55
2023-09-19,80.903224,68623725.0,-24270967.2
2023-09-20,80.069601,68223725.0,-32027840.400000002
2023-09-21,78.449813,67423725.0,-62759850.400000006
2023-09-22,78.360326,65823725.0,-125376521.6
2023-09-25,78.987539,64973725.0,-67139408.14999999
2023-09-26,77.840602,64823725.0,-11676090.3
2023-09-27,77.853309,64373725.0,-35033989.05
2023-09-28,78.690932,63973725.0,-31476372.8
2023-09-29,78.549149,63773725.0,-15709829.8
2023-10-02,77.522381,62923725.0,-65894023.849999994
2023-10-03,77.292391,63623725.0,54104673.699999996
2023-10-04,78.215208,64273725.0,50839885.2
2023-10-05,77.22857,65373725.0,84951427.0
2023-10-06,77.967972,65123725.0,-19491993.0
2023-10-09,78.081384,66573725.0,113218006.8
2023-10-10,78.925356,67173725.0,47355213.599999994
2023-10-11,79.108633,68423725.0,98885791.25
2023-10-12,77.929111,68123725.0,-23378733.3
2023-10-13,77.643058,67973725.0,-11646458.7
2023-10-16,78.358403,69273725.0,101865923.89999999
2023-10-17,79.149422,69673725.0,31659768.8
2023-10-18,77.109127,69673725.0,0.0
2023-10-19,76.27523,70073725.0,30510091.999999996
2023-10-20,75.29466,69573725.0,-37647330.0
2023-10-23,74.487521,69223725.0,-26070632.35
2023-10-24,75.325672,69873725.0,48961686.8
2023-10-25,74.465578,70173725.0,22339673.4
2023-10-26,74.999408,69773725.0,-29999763.2
2023-10-27,74.961264,69473725.0,-22488379.2
2023-10-30,75.69886,69323725.0,-11354829.0
2023-10-31,76.041981,68423725.0,-68437782.9
2023-11-01,76.114518,68723725.0,22834355.400000002
2023-11-02,77.579117,67623725.0,-85337028.7
2023-11-03,78.779609,67623725.0,0.0
2023-11-06,78.375809,67673725.0,3918790.45
2023-11-07,76.908241,67573725.0,-7690824.100000001
2023-11-08,77.104645,67223725.0,-26986625.75
2023-11-09,76.465138,67673725.0,34409312.1
2023-11-10,77.362275,67123725.0,-42549251.25
2023-11-13,77.253162,66573725.0,-42489239.1
2023-11-14,79.523055,67123725.0,43737680.25
2023-11-15,79.895289,66973725.0,-11984293.350000001
2023-11-16,80.104062,66773725.0,-16020812.4
2023-11-17,80.236871,66523725.0,-20059217.75
2023-11-20,80.360751,66373725.0,-12054112.649999999
2023-11-21,80.694393,66673725.0,24208317.900000002
2023-11-22,80.788913,66523725.0,-12118336.95
2023-11-24,81.085587,66423725.0,-8108558.7
2023-11-27,81.016254,66423725.0,0.0
2023-11-28,81.176105,66323725.0,-8117610.500000001
2023-11-29,81.578764,70023725.0,301841426.8
2023-11-30,82.389771,66123725.0,-321320106.9
2023-12-01,83.341525,66073725.0,-4167076.25
2023-12-04,82.351779,66273725.0,16470355.799999999
2023-12-05,81.22763,66173725.0,-8122763.000000001
2023-12-06,81.105312,66273725.0,8110531.2
2023-12-07,81.648431,64923725.0,-110225381.85000001
2023-12-08,81.919257,65173725.0,20479814.25
2023-12-11,82.500532,64023725.0,-94875611.80000001
2023-12-12,82.967611,63523725.0,-41483805.5
2023-12-13,83.959325,60023725.0,-293857637.5
2023-12-14,85.370469,60673725.0,55490804.85
2023-12-15,85.217757,60473725.0,-17043551.400000002
2023-12-18,84.689114,59323725.0,-97392481.10000001
2023-12-19,85.461253,60023725.0,59822877.1
2023-12-20,84.200718,59973725.0,-4210035.899999999
2023-12-21,85.05513,59623725.0,-29769295.500000004
2023-12-22,85.590746,59623725.0,0.0
2023-12-26,85.97413,59373725.0,-21493532.5
2023-12-27,86.204004,59223725.0,-12930600.6
2023-12-28,85.834341,59723725.0,42917170.5
2023-12-29,85.536335,62973725.0,277993088.75
2024-01-02,85.372683,59273725.0,-315878927.09999996
2024-01-03,84.428832,60023725.0,63321624.0
2024-01-04,84.145477,62473725.0,206156418.65
2024-01-05,84.321832,63973725.0,126482748.0
2024-01-08,84.673565,65423725.0,122776669.25
2024-01-09,83.752504,66173725.0,62814378.0
2024-01-10,83.616835,67523725.0,112882727.25
2024-01-11,83.367571,67423725.0,-8336757.1
2024-01-12,83.479861,67373725.0,-4173993.05
2024-01-16,82.500419,67323725.0,-4125020.9499999997
2024-01-17,81.847375,67223725.0,-8184737.5
2024-01-18,82.170552,67323725.0,8217055.2
2024-01-19,82.254465,66773725.0,-45239955.75
2024-01-22,82.497994,66723725.0,-4124899.7
2024-01-23,82.761012,67023725.0,24828303.599999998
2024-01-24,81.605042,66573725.0,-36722268.9
2024-01-25,82.500243,66173725.0,-33000097.2
2024-01-26,82.497201,66473725.0,24749160.3
2024-01-29,82.921379,65823725.0,-53898896.35
2024-01-30,83.294696,65773725.0,-4164734.8000000003
2024-01-31,82.233473,66023725.0,20558368.25
2024-02-01,83.594879,65973725.0,-4179743.95
2024-02-02,83.126731,65273725.0,-58188711.7
2024-02-05,81.034274,63473725.0,-145861693.2
2024-02-06,82.414453,61573725.0,-156587460.7
2024-02-07,83.087448,61473725.0,-8308744.8
2024-02-08,82.943736,59173725.0,-190770592.8
2024-02-09,83.167602,58873725.0,-24950280.6
2024-02-12,83.772433,58973725.0,8377243.300000001
2024-02-13,82.59433,59023725.0,4129716.5
2024-02-14,83.150809,58673725.0,-29102783.15
2024-02-15,84.722828,57173725.0,-127084242.00000001
2024-02-16,85.156402,57323725.0,12773460.3
2024-02-20,84.964352,57023725.0,-25489305.6
2024-02-21,85.463095,55923725.0,-94009404.5
2024-02-22,86.308971,56473725.0,47469934.05
2024-02-23,86.822551,57273725.0,69458040.8
2024-02-26,86.323873,57473725.0,17264774.6
2024-02-27,86.644503,57173725.0,-25993350.9
2024-02-28,86.893786,58323725.0,99927853.9
2024-02-29,87.589385,55923725.0,-210214523.99999997
2024-03-01,87.95853,55823725.0,-8795853.0
2024-03-04,88.585048,56423725.0,53151028.8
2024-03-05,88.122206,56873725.0,39654992.7
2024-03-06,88.783603,57473725.0,53270161.8
2024-03-07,89.871814,58223725.0,67403860.5
2024-03-08,89.369188,58173725.0,-4468459.399999999
2024-03-11,90.373026,57523725.0,-58742466.9
2024-03-12,90.332119,59873725.0,212280479.65
2024-03-13,91.210936,60123725.0,22802734.0
2024-03-14,90.727174,58823725.0,-117945326.2
2024-03-15,90.800813,60073725.0,113501016.25
2024-03-18,90.640135,62023725.0,176748263.25
2024-03-19,90.664693,63223725.0,108797631.6
2024-03-20,91.548681,63023725.0,-18309736.2
2024-03-21,91.925098,63673725.0,59751313.7
2024-03-22,91.380694,62923725.0,-68535520.5
2024-03-25,91.404492,62723725.0,-18280898.400000002
2024-03-26,91.304703,62773725.0,4565235.15
2024-03-27,92.642352,62623725.0,-13896352.8
2024-03-28,92.919521,62323725.0,-27875856.3
2024-04-01,92.682295,62773725.0,41707032.75
2024-04-02,92.305998,63173725.0,36922399.2
2024-04-03,92.884681,63173725.0,0.0
2024-04-04,91.942064,62873725.0,-27582619.2
2024-04-05,92.789627,62173725.0,-64952738.9
2024-04-08,92.817312,63273725.0,102099043.2
2024-04-09,93.063257,62923725.0,-32572139.95
2024-04-10,91.622576,63573725.0,59554674.4
2024-04-11,91.525764,64123725.0,50339170.199999996
2024-04-12,89.927332,64423725.0,26978199.6
2024-04-15,89.483561,65023725.0,53690136.599999994
2024-04-16,88.824459,65023725.0,0.0
2024-04-17,89.014533,63623725.0,-124620346.2
2024-04-18,89.042878,63023725.0,-53425726.800000004
2024-04-19,88.943378,63023725.0,0.0
2024-04-22,89.031623,62673725.0,-31161068.049999997
2024-04-23,88.287233,63173725.0,44143616.5
2024-04-24,88.355374,63023725.0,-13253306.1
2024-04-25,88.964523,63123725.0,8896452.3
2024-04-26,89.528045,63023725.0,-8952804.5
2024-04-29,90.28357,62523725.0,-45141785.0
2024-04-30,88.651387,62273725.0,-22162846.75
2024-05-01,89.095172,62473725.0,17819034.400000002
2024-05-02,88.642849,61673725.0,-70914279.2
2024-05-03,89.524395,61773725.0,8952439.5
2024-05-06,90.091329,61223725.0,-49550230.95
2024-05-07,91.142671,61573725.0,31899934.85
2024-05-08,90.737628,61573725.0,0.0
2024-05-09,91.729171,61273725.0,-27518751.299999997
2024-05-10,91.846321,61273725.0,0.0
2024-05-13,91.780178,61423725.0,13767026.700000001
2024-05-14,91.860653,61673725.0,22965163.25
2024-05-15,92.008515,61173725.0,-46004257.5
2024-05-16,91.349521,61873725.0,63944664.699999996
2024-05-17,92.124926,62073725.0,18424985.2
2024-05-20,92.261331,61923725.0,-13839199.65
2024-05-21,92.265082,62223725.0,27679524.6
2024-05-22,91.35563,61873725.0,-31974470.5
2024-05-23,90.57287,61873725.0,0.0
2024-05-24,91.365331,61673725.0,-18273066.2
2024-05-28,91.000822,61673725.0,0.0
2024-05-29,89.708947,60623725.0,-94194394.35
2024-05-30,90.451661,61273725.0,58793579.65
2024-05-31,91.49846,60673725.0,-54899076.0
2024-06-03,90.982325,60473725.0,-18196465.0
2024-06-04,89.968462,59973725.0,-44984231.0
2024-06-05,90.621721,60573725.0,54373032.599999994
2024-06-06,90.704515,60973725.0,36281806.0
2024-06-07,89.789314,64373725.0,305283667.6
2024-06-10,89.693195,64373725.0,0.0
2024-06-11,89.64139,61473725.0,-259960031.0
2024-06-12,89.83703,61473725.0,0.0
2024-06-13,89.820578,60623725.0,-76347491.3
2024-06-14,88.991942,59673725.0,-84542344.89999999
2024-06-17,89.618986,59773725.0,8961898.600000001
2024-06-18,89.525651,60823725.0,94001933.55
2024-06-20,89.621621,60523725.0,-26886486.3
2024-06-21,89.701394,60173725.0,-31395487.9
2024-06-24,89.773715,60973725.0,71818972.0
2024-06-25,88.619849,61423725.0,39878932.050000004
2024-06-26,88.574251,61173725.0,-22143562.75
2024-06-27,88.293815,60923725.0,-22073453.75
2024-06-28,88.303993,61673725.0,66227994.75000001
2024-07-01,86.970675,61823725.0,13045601.25
2024-07-02,87.108813,61623725.0,-17421762.599999998
2024-07-03,87.804004,61473725.0,-13170600.600000001
2024-07-05,87.906551,61773725.0,26371965.299999997
2024-07-08,88.156371,61823725.0,4407818.55
2024-07-09,87.259296,63473725.0,143977838.4
2024-07-10,88.416469,62323725.0,-101678939.35000001
2024-07-11,89.667983,62123725.0,-17933596.6
2024-07-12,90.500052,63573725.0,131225075.39999999
2024-07-15,90.249592,64373725.0,72199673.60000001
2024-07-16,92.016362,63923725.0,-41407362.9
2024-07-17,91.831433,62873725.0,-96423004.65
2024-07-18,90.901106,62473725.0,-36360442.4
2024-07-19,90.104884,62223725.0,-22526221.0
2024-07-22,90.408947,61573725.0,-58765815.55
2024-07-23,90.754448,62223725.0,58990391.199999996
2024-07-24,89.598267,62573725.0,31359393.450000003
2024-07-25,89.84425,61973725.0,-53906550.0
2024-07-26,91.3492,62323725.0,31972220.0
2024-07-29,91.502647,62073725.0,-22875661.75
2024-07-30,91.181558,63023725.0,86622480.1
2024-07-31,92.126415,62573725.0,-41456886.75
2024-08-01,91.79635,62173725.0,-36718540.0
2024-08-02,90.063563,61923725.0,-22515890.75
2024-08-05,88.010123,61123725.0,-70408098.39999999
2024-08-06,88.497834,60123725.0,-88497834.0
2024-08-07,87.267154,60523725.0,34906861.6
2024-08-08,88.639181,60523725.0,0.0
2024-08-09,88.551563,60673725.0,13282734.450000001
2024-08-12,88.170655,60673725.0,0.0
2024-08-13,89.081476,60923725.0,22270369.0
2024-08-14,89.082015,61323725.0,35632806.0
2024-08-15,90.471259,61223725.0,-9047125.9
2024-08-16,90.584351,61373725.0,13587652.65
2024-08-19,91.034452,61473725.0,9103445.2
2024-08-20,90.679848,61523725.0,4533992.4
2024-08-21,91.727234,61423725.0,-9172723.4
2024-08-22,91.508249,61423725.0,0.0
2024-08-23,92.744609,61073725.0,-32460613.15
2024-08-26,93.133856,61073725.0,0.0
2024-08-27,93.117846,60423725.0,-60526599.9
2024-08-28,92.765741,60323725.0,-9276574.1
2024-08-29,93.275259,60023725.0,-27982577.700000003
2024-08-30,94.289985,59823725.0,-18857997.0
2024-09-03,92.144529,59423725.0,-36857811.6
2024-09-04,91.774651,59173725.0,-22943662.75
2024-09-05,91.060024,59173725.0,0.0
2024-09-06,89.855154,58473725.0,-62898607.8
2024-09-09,90.745244,58873725.0,36298097.6
2024-09-10,90.80158,58673725.0,-18160316.0
2024-09-11,91.0503,58473725.0,-18210060.0
2024-09-12,91.860163,58473725.0,0.0
2024-09-13,92.682499,57923725.0,-50975374.45
2024-09-16,93.542414,57823725.0,-9354241.399999999
2024-09-17,93.707803,57773725.0,-4685390.15
2024-09-18,93.348793,57723725.0,-4667439.65
2024-09-19,94.741009,58423725.0,66318706.300000004
2024-09-20,94.130313,58223725.0,-18826062.6
2024-09-23,94.487794,57773725.0,-42519507.3
2024-09-24,95.750296,58173725.0,38300118.400000006
2024-09-25,95.136653,57373725.0,-76109322.39999999
2024-09-26,97.072258,57673725.0,29121677.400000002
2024-09-27,96.951866,57823725.0,14542779.899999999
2024-09-30,96.416894,57723725.0,-9641689.4
2024-10-01,96.125036,57623725.0,-9612503.6
2024-10-02,95.746582,57973725.0,33511303.700000003
2024-10-03,94.695651,57623725.0,-33143477.849999998
2024-10-04,95.156733,59123725.0,142735099.5
2024-10-07,94.889225,59473725.0,33211228.75
2024-10-08,94.433783,60523725.0,99155472.15
2024-10-09,95.046186,61673725.0,109303113.9
2024-10-10,95.245334,61223725.0,-42860400.3
2024-10-11,95.897732,61173725.0,-4794886.600000001
2024-10-14,96.398884,60873725.0,-28919665.2
2024-10-15,96.300543,60473725.0,-38520217.2
2024-10-16,97.109908,60473725.0,0.0
2024-10-17,97.218337,60723725.0,24304584.25
2024-10-18,97.649369,60373725.0,-34177279.15
2024-10-21,96.843822,60173725.0,-19368764.400000002
2024-10-22,95.967334,62373725.0,211128134.79999998
2024-10-23,95.707747,62423725.0,4785387.35
2024-10-24,94.551627,62873725.0,42548232.15
2024-10-25,93.955469,62223725.0,-61071054.849999994
2024-10-28,94.752938,62223725.0,0.0
2024-10-29,94.101169,62223725.0,0.0
2024-10-30,94.630838,61723725.0,-47315419.0
2024-10-31,93.375157,60723725.0,-93375157.0
2024-11-01,93.149516,60173725.0,-51232233.800000004
2024-11-04,93.515552,60173725.0,0.0
2024-11-05,93.697363,58823725.0,-126491440.05
2024-11-06,94.970383,60523725.0,161449651.1
2024-11-07,95.312807,61073725.0,52422043.85
2024-11-08,94.42409,61973725.0,84981681.0
2024-11-11,94.027306,61323725.0,-61117748.9
2024-11-12,92.468825,62373725.0,97092266.25
2024-11-13,92.66118,62673725.0,27798354.0
2024-11-14,91.936492,62223725.0,-41371421.4
2024-11-15,91.29375,62273725.0,4564687.5
2024-11-18,91.953708,62673725.0,36781483.2
2024-11-19,91.683079,62923725.0,22920769.75
2024-11-20,92.437186,64273725.0,124790201.1
2024-11-21,93.578787,64573725.0,28073636.1
2024-11-22,94.117991,64073725.0,-47058995.5
2024-11-25,95.051052,63723725.0,-33267868.2
2024-11-26,94.342082,63073725.0,-61322353.300000004
2024-11-27,94.27449,63573725.0,47137245.0
2024-11-29,94.775558,64773725.0,113730669.60000001
2024-12-02,94.704876,64773725.0,0.0
2024-12-03,94.412349,63723725.0,-99132966.45
2024-12-04,93.484532,63823725.0,9348453.2
2024-12-05,92.223014,65573725.0,161390274.5
2024-12-06,91.955171,66773725.0,110346205.2
2024-12-09,91.889214,67073725.0,27566764.2
2024-12-10,90.95499,67423725.0,31834246.5
2024-12-11,90.603266,67523725.0,9060326.6
2024-12-12,89.983372,68323725.0,71986697.60000001
2024-12-13,89.257511,68473725.0,13388626.649999999
2024-12-16,88.428271,68623725.0,13264240.649999999
2024-12-17,87.969147,68123725.0,-43984573.5
2024-12-18,85.469737,67373725.0,-64102302.74999999
2024-12-19,84.54051,66923725.0,-38043229.5
2024-12-20,85.611277,64923725.0,-171222554.0
2024-12-23,85.06192,65423725.0,42530960.0
2024-12-24,85.5779,65923725.0,42788950.0
2024-12-26,85.421836,65473725.0,-38439826.2
2024-12-27,84.931504,65373725.0,-8493150.4
2024-12-30,83.793572,65223725.0,-12569035.799999999
2024-12-31,84.115142,65173725.0,-4205757.100000001
2025-01-02,83.192247,65023725.0,-12478837.049999999
2025-01-03,83.214323,63773725.0,-104017903.74999999
2025-01-06,83.759632,64273725.0,41879816.0
2025-01-07,83.745495,62373725.0,-159116440.5
2025-01-08,84.15537,62723725.0,29454379.5
2025-01-10,83.330642,61923725.0,-66664513.6
2025-01-13,85.176455,59873725.0,-174611732.75
2025-01-14,86.234392,58573725.0,-112104709.6
2025-01-15,87.036241,57923725.0,-56573556.650000006
2025-01-16,87.740643,56623725.0,-114062835.9
2025-01-17,88.354302,56273725.0,-30924005.700000003
2025-01-21,89.470983,55173725.0,-98418081.3
2025-01-22,88.765602,56723725.0,137586683.1
2025-01-23,89.214329,57373725.0,57989313.85
2025-01-24,89.005893,57523725.0,13350883.95
2025-01-27,89.067341,57473725.0,-4453367.05
2025-01-28,88.755105,56673725.0,-71004084.0
2025-01-29,88.575617,56773725.0,8857561.7
2025-01-30,89.465584,56873725.0,8946558.4
2025-01-31,88.810042,57073725.0,17762008.4
2025-02-03,88.855308,56973725.0,-8885530.799999999
2025-02-04,89.104668,56373725.0,-53462800.800000004
2025-02-05,89.074407,61223725.0,432010873.95
2025-02-06,89.373743,62773725.0,138529301.65
2025-02-07,88.307601,64473725.0,150122921.70000002
2025-02-10,88.762856,64423725.0,-4438142.8
2025-02-11,89.239368,64273725.0,-13385905.2
2025-02-12,88.63053,64273725.0,0.0
2025-02-13,90.146326,64123725.0,-13521948.9
2025-02-14,89.877558,64073725.0,-4493877.899999999
2025-02-18,90.980204,64073725.0,0.0
2025-02-19,89.924633,64523725.0,40466084.85
2025-02-20,89.689175,64373725.0,-13453376.25
2025-02-21,88.084452,64373725.0,0.0
2025-02-24,87.948662,63923725.0,-39576897.9
2025-02-25,88.655103,63923725.0,0.0
2025-02-26,88.607441,63723725.0,-17721488.2
2025-02-27,87.993407,65023725.0,114391429.10000001
2025-02-28,88.793599,65023725.0,0.0
2025-03-03,86.987019,65073725.0,4349350.95
2025-03-04,85.809048,64723725.0,-30033166.8
2025-03-05,88.073523,62673725.0,-180550722.14999998
2025-03-06,87.61128,63523725.0,74469588.0
2025-03-07,87.830848,62673725.0,-74656220.8
2025-03-10,86.009367,62423725.0,-21502341.75
2025-03-11,85.31096,62673725.0,21327740.0
2025-03-12,84.926597,62523725.0,-12738989.55
2025-03-13,84.875147,62823725.0,25462544.099999998
2025-03-14,86.012294,63323725.0,43006147.0
2025-03-17,86.991309,62673725.0,-56544350.85
2025-03-18,86.924327,62923725.0,21731081.75
2025-03-19,87.216433,62373725.0,-47969038.15
2025-03-20,86.675587,62223725.0,-13001338.049999999
2025-03-21,85.819478,62073725.0,-12872921.700000001
2025-03-24,86.559301,62273725.0,17311860.2
2025-03-25,86.546298,62273725.0,0.0
2025-03-26,86.687785,62223725.0,-4334389.25
2025-03-27,86.629164,61223725.0,-86629164.0
2025-03-28,85.077964,60923725.0,-25523389.2
2025-03-31,85.966411,60373725.0,-47281526.05
2025-04-01,86.282684,60573725.0,17256536.8
2025-04-02,87.023438,61123725.0,47862890.9
2025-04-03,83.064717,62123725.0,83064717.0
2025-04-04,77.901081,61123725.0,-77901081.0
2025-04-07,76.610656,59373725.0,-134068648.00000001
2025-04-08,74.277326,58973725.0,-29710930.400000002
2025-04-09,80.766836,58673725.0,-24230050.8
2025-04-10,78.2206,59073725.0,31288240.0
2025-04-11,80.530897,59673725.0,48318538.199999996
2025-04-14,81.427205,59273725.0,-32570882.0
2025-04-15,80.843177,59073725.0,-16168635.399999999
2025-04-16,80.173234,58823725.0,-20043308.5
2025-04-17,80.768818,59873725.0,84807258.89999999
2025-04-21,79.492257,60023725.0,11923838.549999999
2025-04-22,81.383571,60123725.0,8138357.100000001
2025-04-23,81.512143,60473725.0,28529250.049999997
2025-04-24,83.232916,60523725.0,4161645.8000000003
2025-04-25,82.637257,61223725.0,57846079.900000006
2025-04-28,82.769847,60223725.0,-82769847.0
2025-04-29,83.49036,60123725.0,-8349036.0
2025-04-30,83.960217,59323725.0,-67168173.6
2025-05-01,83.527105,58823725.0,-41763552.5
2025-05-02,84.935634,57923725.0,-76442070.6
2025-05-05,84.286597,57923725.0,0.0
2025-05-06,83.727542,57923725.0,0.0
2025-05-07,83.242805,57923725.0,0.0
2025-05-08,84.342616,57923725.0,0.0
2025-05-09,84.554912,58773725.0,71871675.2
2025-05-12,86.506522,58523725.0,-21626630.5
2025-05-13,86.079755,58473725.0,-4303987.75
2025-05-14,85.292162,58673725.0,17058432.400000002
2025-05-15,86.171336,58673725.0,0.0
2025-05-16,87.042514,58123725.0,-47873382.699999996
2025-05-19,87.297921,56923725.0,-104757505.2
2025-05-20,87.106311,55273725.0,-143725413.15
2025-05-21,85.960127,55273725.0,0.0
2025-05-22,85.89995,54623725.0,-55834967.5
2025-05-23,85.688753,55023725.0,34275501.2
2025-05-27,87.18252,55023725.0,0.0
2025-05-28,86.022394,55773725.0,64516795.50000001
2025-05-29,86.29723,55423725.0,-30204030.5
2025-05-30,86.349401,55423725.0,0.0
2025-06-02,86.818593,55223725.0,-17363718.6
2025-06-03,87.675924,55323725.0,8767592.4
2025-06-04,88.016887,54123725.0,-105620264.39999999
2025-06-05,87.524031,55623725.0,131286046.49999999
2025-06-06,87.763327,54973725.0,-57046162.550000004
2025-06-09,88.365769,55773725.0,70692615.2
2025-06-10,88.89186,56573725.0,71113488.0
2025-06-11,88.003911,57323725.0,66002933.25
2025-06-12,88.387254,58223725.0,79548528.6
2025-06-13,87.384052,58323725.0,8738405.2
2025-06-16,88.130289,58123725.0,-17626057.8
2025-06-17,87.261246,59373725.0,109076557.5
2025-06-18,86.98031,59173725.0,-17396062.0
2025-06-20,86.415347,59323725.0,12962302.049999999
2025-06-23,86.923808,59673725.0,30423332.799999997
2025-06-24,87.634645,60023725.0,30672125.750000004
2025-06-25,86.816712,60323725.0,26045013.599999998
2025-06-26,87.738096,60323725.0,0.0
2025-06-27,87.869529,60623725.0,26360858.7
2025-06-30,87.815475,60623725.0,0.0
2025-07-01,90.073797,60873725.0,22518449.25
2025-07-02,91.437979,60623725.0,-22859494.75
2025-07-03,91.415807,61473725.0,77703435.95
2025-07-07,90.480664,61623725.0,13572099.600000001
2025-07-08,91.227487,61223725.0,-36490994.8
2025-07-09,91.771252,61323725.0,9177125.200000001
2025-07-10,92.250416,60873725.0,-41512687.2
2025-07-11,91.520021,60673725.0,-18304004.2
2025-07-14,90.99854,60723725.0,4549927.0
2025-07-15,89.134752,61273725.0,49024113.6
2025-07-16,89.36338,61373725.0,8936338.0
2025-07-17,89.960574,61173725.0,-17992114.799999997
2025-07-18,90.225685,60473725.0,-63157979.5
2025-07-21,90.637984,60373725.0,-9063798.4
2025-07-22,91.935848,59273725.0,-101129432.8
2025-07-23,92.206191,59173725.0,-9220619.1
2025-07-24,91.257394,59173725.0,0.0
2025-07-25,92.338857,59423725.0,23084714.25
2025-07-28,91.036413,59773725.0,31862744.549999997
2025-07-29,90.652285,60023725.0,22663071.25
2025-07-30,88.830727,60073725.0,4441536.35
2025-07-31,87.740708,60423725.0,30709247.8
2025-08-01,86.768875,59773725.0,-56399768.74999999
2025-08-04,87.84083,59673725.0,-8784083.0
2025-08-05,88.507359,59823725.0,13276103.85
2025-08-06,87.510748,59623725.0,-17502149.6
2025-08-07,87.906585,59623725.0,0.0
2025-08-08,88.328459,59373725.0,-22082114.75
2025-08-11,88.130366,59373725.0,0.0
2025-08-12,89.27719,59373725.0,0.0
2025-08-13,90.980437,59373725.0,0.0
2025-08-14,90.057631,60223725.0,76548986.35
2025-08-15,90.009161,59723725.0,-45004580.5
2025-08-18,89.49811,59623725.0,-8949811.0
2025-08-19,90.051711,59723725.0,9005171.1
2025-08-20,90.080742,57573725.0,-193673595.3
2025-08-21,90.42158,57673725.0,9042158.0
2025-08-22,92.167503,59173725.0,138251254.5
2025-08-25,91.676321,59573725.0,36670528.4
2025-08-26,91.936023,59523725.0,-4596801.15
2025-08-27,92.131505,59723725.0,18426301.0
2025-08-28,92.131212,59973725.0,23032803.0
2025-08-29,92.266101,60273725.0,27679830.3
2025-09-02,91.622336,60373725.0,9162233.6
2025-09-03,90.992434,59923725.0,-40946595.300000004
2025-09-04,91.318434,59973725.0,4565921.7
2025-09-05,91.946515,60673725.0,64362560.5
2025-09-08,92.033057,60323725.0,-32211569.95
2025-09-09,90.55036,60573725.0,22637590.0
2025-09-10,90.710965,60923725.0,31748837.75
2025-09-11,92.594753,61073725.0,13889212.95
2025-09-12,91.652661,62123725.0,96235294.05
2025-09-15,90.925436,62073725.0,-4546271.8
2025-09-16,90.676555,61623725.0,-40804449.75
2025-09-17,90.867989,61623725.0,0.0
2025-09-18,90.811202,61623725.0,0.0
2025-09-19,90.835356,61773725.0,13625303.4
2025-09-22,90.348949,61373725.0,-36139579.6
2025-09-23,90.071618,60323725.0,-94575198.9
2025-09-24,88.956963,60323725.0,0.0
2025-09-25,87.823241,60723725.0,35129296.4
2025-09-26,88.824867,60673725.0,-4441243.35
2025-09-29,89.159824,60523725.0,-13373973.6
2025-09-30,89.653257,60923725.0,35861302.8
2025-10-01,88.704166,61473725.0,48787291.3
2025-10-02,89.735393,61423725.0,-4486769.65
2025-10-03,89.884781,61873725.0,40448151.45
2025-10-06,89.766719,62173725.0,26930015.7
2025-10-07,89.418907,62423725.0,22354726.75
2025-10-08,89.91528,62873725.0,40461876.0
2025-10-09,88.677977,63173725.0,26603393.099999998
2025-10-10,86.856136,63173725.0,0.0
2025-10-13,88.237291,61923725.0,-110296613.75
2025-10-14,89.107759,62223725.0,26732327.7
2025-10-15,88.678161,62473725.0,22169540.25
2025-10-16,88.065256,62423725.0,-4403262.8
2025-10-17,87.862387,63173725.0,65896790.25
2025-10-20,88.951527,63073725.0,-8895152.7
2025-10-21,88.618937,63873725.0,70895149.60000001
2025-10-22,88.333945,64073725.0,17666789.0
2025-10-23,89.380699,63873725.0,-17876139.8
2025-10-24,88.980408,63923725.0,4449020.399999999
2025-10-27,88.924396,63773725.0,-13338659.4
2025-10-28,89.054354,63773725.0,0.0
2025-10-29,87.380058,63923725.0,13107008.700000001
2025-10-30,86.19311,63723725.0,-17238622.0
2025-10-31,85.640425,64523725.0,68512340.0
2025-11-03,85.138488,64673725.0,12770773.2
2025-11-04,84.751457,65023725.0,29663009.95
2025-11-05,85.247901,64073725.0,-80985505.95
2025-11-06,84.795243,66123725.0,173830248.15
2025-11-07,85.841972,63873725.0,-193144437.0
2025-11-10,86.628678,63923725.0,4331433.899999999
2025-11-11,87.515782,62873725.0,-91891571.10000001
2025-11-12,88.139242,61573725.0,-114581014.6
2025-11-13,87.624928,60473725.0,-96387420.8
2025-11-14,86.758393,59073725.0,-121461750.2
2025-11-17,85.453768,59073725.0,0.0
2025-11-18,85.51548,58923725.0,-12827322.0
2025-11-19,85.753905,58773725.0,-12863085.75
2025-11-20,84.453162,58323725.0,-38003922.900000006
2025-11-21,86.37222,57623725.0,-60460554.0
2025-11-24,86.545862,57823725.0,17309172.4
2025-11-25,87.804738,57573725.0,-21951184.5
2025-11-26,88.890923,57823725.0,22222730.75
2025-11-28,89.393514,57773725.0,-4469675.7
2025-12-01,89.149833,57673725.0,-8914983.3
2025-12-02,88.351144,56423725.0,-110438930.0
2025-12-03,88.972035,57023725.0,53383221.0
2025-12-04,88.469534,56873725.0,-13270430.1
2025-12-05,44.107243,112947450.0,2473257414.490175
2025-12-08,43.475033,112947450.0,0.0
2025-12-09,43.375489,114597450.0,71569556.85000001
2025-12-10,44.227878,115797450.0,53073453.599999994
2025-12-11,45.119254,115697450.0,-4511925.399999999
2025-12-12,45.138031,116797450.0,49651834.1
2025-12-15,45.117791,118297450.0,67676686.5
2025-12-16,44.998649,118647450.0,15749527.15
2025-12-17,45.184129,118197450.0,-20332858.05
2025-12-18,45.162652,117097450.0,-49678917.2
2025-12-19,45.359585,116447450.0,-29483730.25
2025-12-22,45.674916,122497450.0,276333241.8
2025-12-23,45.747243,121447450.0,-48034605.15
2025-12-24,45.840914,119597450.0,-84805690.89999999
2025-12-26,46.115695,118397450.0,-55338834.0
2025-12-29,45.746492,118647450.0,11436623.0
2025-12-30,45.709439,118447450.0,-9141887.8
2025-12-31,45.32904,118197450.0,-11332260.0
2026-01-02,46.10907,117547450.0,-29970895.5
2026-01-05,46.587021,119347450.0,83856637.8
2026-01-06,47.483279,119847450.0,23741639.5
2026-01-07,46.672444,122847450.0,140017332.0
2026-01-08,47.484382,123047450.0,9496876.399999999
2026-01-09,48.263705,124047450.0,48263705.0
2026-01-12,48.521195,124497450.0,21834537.75
2026-01-13,48.725682,123747450.0,-36544261.5
2026-01-14,48.740706,121997450.0,-85296235.5
2026-01-15,48.94732,120547450.0,-70973614.0
2026-01-16,48.668023,120047450.0,-24334011.5
2026-01-20,48.203507,120047450.0,0.0
2026-01-21,49.234291,118697450.0,-66466292.85
2026-01-22,49.511417,118097450.0,-29706850.2
2026-01-23,49.966333,120597450.0,124915832.5
2026-01-26,50.020191,121397450.0,40016152.8
2026-01-27,49.985055,121597450.0,9997011.0
2026-01-28,49.966756,122697450.0,54963431.599999994
2026-01-29,50.023334,122547450.0,-7503500.1
2026-01-30,49.294574,124247450.0,83800775.8
2026-02-02,49.643813,123947450.0,-14893143.9
2026-02-03,50.711652,125947450.0,101423304.0
2026-02-04,51.889298,128697450.0,142695569.5
2026-02-05,50.521412,129247450.0,27786776.599999998
2026-02-06,51.532224,129147450.0,-5153222.4
2026-02-09,52.183954,127647450.0,-78275931.0
2026-02-10,52.900311,128397450.0,39675233.25
2026-02-11,53.60919,127947450.0,-24124135.5
2026-02-12,52.845595,130947450.0,158536785.0
2026-02-13,53.310699,130347450.0,-31986419.4
2026-02-17,52.695661,131397450.0,55330444.050000004
2026-02-18,53.040298,133797450.0,127296715.2
2026-02-19,52.832159,134147450.0,18491255.65
2026-02-20,52.964823,135397450.0,66206028.75
2026-02-23,52.971095,136797450.0,74159533.0
2026-02-24,53.355291,138897450.0,112046111.10000001
2026-02-25,53.048326,139547450.0,34481411.9
2026-02-26,52.999484,139147450.0,-21199793.6
2026-02-27,53.414453,135647450.0,-186950585.5
2026-03-02,53.256316,136197450.0,29290973.8
2026-03-03,51.956764,136247450.0,2597838.2
2026-03-04,51.934277,136647450.0,20773710.8
2026-03-05,50.843947,137397450.0,38132960.25
2026-03-06,49.873798,136197450.0,-59848557.6
2026-03-09,50.002205,136247450.0,2500110.25
2026-03-10,49.877837,134897450.0,-67335079.95
2026-03-11,49.847987,133897450.0,-49847987.0
2026-03-12,49.689118,132447450.0,-72049221.1
2026-03-13,49.194814,130397450.0,-100849368.7
2026-03-16,49.382351,129247450.0,-56789703.65
2026-03-17,49.520876,128747450.0,-24760438.0
2026-03-18,48.491702,128447450.0,-14547510.6
2026-03-19,47.748745,130847450.0,114596988.0
2026-03-20,46.991231,132447450.0,75185969.6
2026-03-23,47.559915,130847450.0,-76095864.0
2026-03-24,48.444504,131097450.0,12111126.0
2026-03-25,49.41625,131297450.0,9883250.0
2026-03-26,49.102459,130597450.0,-34371721.300000004
2026-03-27,48.927155,127297450.0,-161459611.5
2026-03-30,49.068739,126447450.0,-41708428.15
2026-03-31,49.963409,130897450.0,222337170.04999998
2026-04-01,50.465309,131897450.0,50465309.0
2026-04-02,50.400132,132597450.0,35280092.4
2026-04-06,50.211839,132497450.0,-5021183.899999999
2026-04-07,50.095369,133047450.0,27552452.95
2026-04-08,51.757375,134947450.0,98339012.5
2026-04-09,51.673747,138247450.0,170523365.1
2026-04-10,51.966246,140447450.0,114325741.2
2026-04-13,52.205018,140497450.0,2610250.9
2026-04-14,52.0171,140647450.0,7802565.0
2026-04-15,51.364167,142347450.0,87319083.9
2026-04-16,51.765774,146847450.0,232945983.0
2026-04-17,51.890978,149197450.0,121943798.3
2026-04-20,52.233851,148197450.0,-52233851.0
2026-04-21,51.775764,146797450.0,-72486069.60000001
2026-04-22,51.850448,146847450.0,2592522.4
2026-04-23,51.812161,143547450.0,-170980131.3
2026-04-24,51.940194,142947450.0,-31164116.4
2026-04-27,51.774078,144147450.0,62128893.6
2026-04-28,51.408628,142797450.0,-69401647.8
2026-04-29,50.949321,142347450.0,-22927194.45
2026-04-30,51.455891,142097450.0,-12863972.75
2026-05-01,51.347169,143647450.0,79588111.95
2026-05-04,50.623516,143897450.0,12655879.0
2026-05-05,51.503592,142697450.0,-61804310.4
2026-05-06,52.411701,144047450.0,70755796.35
2026-05-07,51.404697,145897450.0,95098689.45
2026-05-08,51.591741,143097450.0,-144456874.8
2026-05-11,52.24815,143597450.0,26124075.0
2026-05-12,52.142839,143047450.0,-28678561.450000003
2026-05-13,52.054658,142797450.0,-13013664.5
2026-05-14,51.652446,143797450.0,51652446.0
2026-05-15,50.294035,145797450.0,100588070.0
2026-05-18,50.198039,144347450.0,-72787156.55
2026-05-19,49.036061,144497450.0,7355409.149999999
2026-05-20,49.72085,144097450.0,-19888340.0
2026-05-21,50.022927,143397450.0,-35016048.9
2026-05-22,50.281176,143997450.0,30168705.6
2026-05-26,51.008462,143747450.0,-12752115.5
2026-05-27,51.159204,143747450.0,0.0
2026-05-28,51.353916,142697450.0,-53921611.8
2026-05-29,51.162275,142947450.0,12790568.75
2026-06-01,50.904182,140947450.0,-101808364.0
2026-06-02,51.493022,145597450.0,239442552.3
2026-06-03,51.596529,150247450.0,239923859.85
2026-06-04,51.607244,152747450.0,129018110.0
2026-06-05,50.628765,154697450.0,98726091.75
2026-06-08,49.939806,154447450.0,-12484951.5
2026-06-09,50.784118,154597450.0,7617617.7
2026-06-10,49.592355,155147450.0,27275795.25
2026-06-11,51.22569,154447450.0,-35857983.0
2026-06-12,52.19587,153597450.0,-44366489.5
2026-06-15,52.500042,156397450.0,147000117.6
2026-06-16,52.726205,159597450.0,168723856.0
2026-06-17,52.027804,160397450.0,41622243.2
2026-06-18,51.797996,161297450.0,46618196.4
2026-06-22,51.625943,160347450.0,-49044645.85
2026-06-23,50.849798,161247450.0,45764818.2
2026-06-24,51.160044,160247450.0,-51160044.0
2026-06-25,51.842335,160647450.0,20736934.0
2026-06-26,51.666697,160447450.0,-10333339.4
2026-06-29,50.663908,161647450.0,60796689.6
2026-06-30,50.863537,160547450.0,-55949890.7
2026-07-01,51.00467,160697450.0,7650700.5
2026-07-02,52.017917,159847450.0,-44215229.449999996
2026-07-06,51.95474,157747450.0,-109104954.0
2026-07-07,51.505784,163297450.0,285857101.2
2026-07-08,50.189333,162197450.0,-55208266.3
2026-07-09,50.280765,164997450.0,140786142.0
2026-07-10,50.885982,167947450.0,150113646.9
2026-07-13,50.565966,167397450.0,-27811281.3
2026-07-14,50.643729,166047450.0,-68369034.15
2026-07-15,50.495055,165247450.0,-40396044.0
2026-07-16,50.87324,165947450.0,35611268.0
2026-07-17,50.511641,165947450.0,0.0
2026-07-20,50.00065,165947450.0,0.0
2026-07-21,50.09176,166147450.0,10018352.0
2026-07-22,50.80831,166147450.0,0.0
2026-07-23,50.322144,168597450.0,123289252.8
2026-07-24,51.235698,168997450.0,20494279.2
2026-07-27,51.402025,167747450.0,-64252531.25
2026-07-28,52.314598,167947450.0,10462919.6
2026-07-29,51.716337,164097450.0,-199107897.45000002
2026-07-30,51.66026,163897450.0,-10332052.0
2026-07-31,50.401341,163797450.0,-5040134.100000001
2026-08-03,51.026059,161647450.0,-109706026.85
2026-08-04,52.009261,161547450.0,-5200926.100000001
2026-08-05,52.634865,162447450.0,47371378.5
2026-08-06,52.162875,163747450.0,67811737.5
2026-08-07,52.860257,163897450.0,7929038.55
2026-08-10,53.184592,166347450.0,130302250.4
2026-08-11,53.222367,165747450.0,-31933420.2
2026-08-12,52.590729,166297450.0,28924900.950000003
2026-08-13,52.290997,165747450.0,-28760048.349999998
2026-08-14,52.546849,167497450.0,91956985.75
2026-08-17,52.215741,166647450.0,-44383379.85
2026-08-18,51.761204,166197450.0,-23292541.8
2026-08-19,52.507039,165447450.0,-39380279.25
2026-08-20,52.411077,165747450.0,15723323.1
2026-08-21,53.517514,165697450.0,-2675875.6999999997
2026-08-24,53.567505,165697450.0,0.0
2026-08-25,53.594406,165397450.0,-16078321.799999999
2026-08-26,53.645486,165297450.0,-5364548.6
2026-08-27,53.254263,165547450.0,13313565.75
2026-08-28,53.169484,164397450.0,-61144906.599999994
2026-08-31,52.697635,166097450.0,89585979.5
2026-09-01,52.083861,165547450.0,-28646123.55
2026-09-02,52.957035,164497450.0,-55604886.75
2026-09-03,52.637008,164847450.0,18422952.8
2026-09-04,52.454761,166297450.0,76059403.45
2026-09-08,51.939882,164597450.0,-88297799.39999999
2026-09-09,51.380429,164547450.0,-2569021.45
2026-09-10,50.757003,165397450.0,43143452.55
2026-09-11,50.947318,163047450.0,-119726197.30000001
2026-09-14,50.468377,163247450.0,10093675.399999999
2026-09-15,50.74052,162747450.0,-25370260.0
2026-09-16,50.374565,163447450.0,35262195.5
2026-09-17,50.72267,163947450.0,25361335.0
2026-09-18,49.995649,161997450.0,-97491515.55
2026-09-21,49.729082,161197450.0,-39783265.6
2026-09-22,50.536976,163047450.0,93493405.60000001
2026-09-23,50.251805,162297450.0,-37688853.75
2026-09-24,49.69865,162347450.0,2484932.5
2026-09-25,49.782821,159397450.0,-146859321.95
2026-09-28,49.450976,160047450.0,32143134.4
2026-09-29,49.078103,159797450.0,-12269525.75
2026-09-30,48.682207,159747450.0,-2434110.35
2026-10-01,48.550463,159047450.0,-33985324.1
2026-10-02,48.87751,158047450.0,-48877510.0
2026-10-05,49.489738,157797450.0,-12372434.5
