date,nav,shares,flow
2006-05-31,30.34036,55953600.0,
2006-06-01,30.773828,55503600.0,-13848222.600000001
2006-06-02,30.874775,55503600.0,0.0
2006-06-05,30.421251,55503600.0,0.0
2006-06-06,30.463679,55503600.0,0.0
2006-06-07,30.61179,55503600.0,0.0
2006-06-08,30.667523,55503600.0,0.0
2006-06-09,30.455753,55503600.0,0.0
2006-06-12,30.138995,55503600.0,0.0
2006-06-13,30.054039,55503600.0,0.0
2006-06-14,30.126176,55103600.0,-12050470.4
2006-06-15,30.523484,54103600.0,-30523484.0
2006-06-16,30.326031,54103600.0,0.0
2006-06-19,30.048736,54103600.0,0.0
2006-06-20,29.97467,54103600.0,0.0
2006-06-21,30.118158,54103600.0,0.0
2006-06-22,29.945062,54103600.0,0.0
2006-06-23,29.957525,54103600.0,0.0
2006-06-26,29.899652,54103600.0,0.0
2006-06-27,29.510614,54103600.0,0.0
2006-06-28,29.586047,55103600.0,29586047.0
2006-06-29,30.081417,55103600.0,0.0
2006-06-30,30.227048,55103600.0,0.0
2006-07-03,30.328576,53103600.0,-60657152.0
2006-07-05,30.243475,53103600.0,0.0
2006-07-06,30.37219,53103600.0,0.0
2006-07-07,30.41343,53103600.0,0.0
2006-07-10,30.548786,53103600.0,0.0
2006-07-11,30.630283,53103600.0,0.0
2006-07-12,30.43606,53503600.0,12174424.0
2006-07-13,30.191259,53503600.0,0.0
2006-07-14,29.974314,54503600.0,29974314.0
2006-07-17,30.084428,55003600.0,15042214.0
2006-07-18,30.110473,56503600.0,45165709.5
2006-07-19,30.843206,56503600.0,0.0
2006-07-20,30.860368,56503600.0,0.0
2006-07-21,30.938538,56153600.0,-10828488.3
2006-07-24,31.563543,56153600.0,0.0
2006-07-25,31.83329,56153600.0,0.0
2006-07-26,31.947858,57003600.0,27155679.3
2006-07-27,31.826653,57003600.0,0.0
2006-07-28,32.019933,57003600.0,0.0
2006-07-31,31.863505,58203600.0,38236206.0
2006-08-01,31.895359,58703600.0,15947679.5
2006-08-02,32.093861,60454235.0,56184636.351734996
2006-08-03,31.822971,60454235.0,0.0
2006-08-04,31.831444,60204235.0,-7957861.0
2006-08-07,31.728297,60754235.0,17450563.35
2006-08-08,31.735524,60754235.0,0.0
2006-08-09,31.754363,60754235.0,0.0
2006-08-10,31.762125,60754235.0,0.0
2006-08-11,31.579178,60754235.0,0.0
2006-08-14,31.639249,60754235.0,0.0
2006-08-15,31.918622,59504235.0,-39898277.5
2006-08-16,32.160774,59504235.0,0.0
2006-08-17,32.241888,59504235.0,0.0
2006-08-18,32.305316,59454235.0,-1615265.7999999998
2006-08-21,32.197875,59454235.0,0.0
2006-08-22,32.290986,59454235.0,0.0
2006-08-23,32.29623,59004235.0,-14533303.5
2006-08-24,32.531172,59004235.0,0.0
2006-08-25,32.507616,59004235.0,0.0
2006-08-28,32.739484,58704235.0,-9821845.2
2006-08-29,32.851846,58704235.0,0.0
2006-08-30,32.873554,58704235.0,0.0
2006-08-31,32.81826,58704235.0,0.0
2006-09-01,32.985818,58704235.0,0.0
2006-09-05,32.864032,57404235.0,-42723241.6
2006-09-06,32.670945,57554235.0,4900641.750000001
2006-09-07,32.479856,57554235.0,0.0
2006-09-08,32.698859,57554235.0,0.0
2006-09-11,32.928977,57554235.0,0.0
2006-09-12,33.311302,56854235.0,-23317911.4
2006-09-13,33.234469,57004235.0,4985170.35
2006-09-14,33.199762,57004235.0,0.0
2006-09-15,33.150685,56204235.0,-26520548.000000004
2006-09-18,33.118364,57104235.0,29806527.6
2006-09-19,33.157381,57104235.0,0.0
2006-09-20,33.34425,57854235.0,25008187.5
2006-09-21,33.121207,57854235.0,0.0
2006-09-22,32.909315,57854235.0,0.0
2006-09-25,33.037574,58604235.0,24778180.5
2006-09-26,33.059866,58604235.0,0.0
2006-09-27,33.114312,58604235.0,0.0
2006-09-28,33.119348,58754874.0,4989065.4633720005
2006-09-29,33.167444,58754874.0,0.0
2006-10-02,32.975719,58754874.0,0.0
2006-10-03,33.098322,58754874.0,0.0
2006-10-04,33.349002,58754874.0,0.0
2006-10-05,33.364792,58754874.0,0.0
2006-10-06,33.274649,58254874.0,-16637324.499999998
2006-10-09,33.156754,58254874.0,0.0
2006-10-10,33.047689,59054874.0,26438151.2
2006-10-11,33.028405,59254874.0,6605681.0
2006-10-12,33.24478,59254874.0,0.0
2006-10-13,33.108251,59254874.0,0.0
2006-10-16,33.138961,60804874.0,51365389.550000004
2006-10-17,33.231836,60804874.0,0.0
2006-10-18,33.62287,61154874.0,11768004.5
2006-10-19,33.639629,59654874.0,-50459443.5
2006-10-20,33.850608,59654874.0,0.0
2006-10-23,33.912629,60204874.0,18651945.950000003
2006-10-24,33.81277,60204874.0,0.0
2006-10-25,33.657043,60354874.0,5048556.45
2006-10-26,33.754586,60354874.0,0.0
2006-10-27,33.608815,59754874.0,-20165289.0
2006-10-30,33.450704,59754874.0,0.0
2006-10-31,33.327801,59754874.0,0.0
2006-11-01,33.08608,59754874.0,0.0
2006-11-02,33.242,59754874.0,0.0
2006-11-03,33.071712,59304874.0,-14882270.399999999
2006-11-06,33.49595,58954874.0,-11723582.5
2006-11-07,33.710831,58454874.0,-16855415.5
2006-11-08,33.237235,58254874.0,-6647447.0
2006-11-09,32.412546,58054874.0,-6482509.2
2006-11-10,32.507574,55804874.0,-73142041.5
2006-11-13,32.564267,55654874.0,-4884640.05
2006-11-14,32.811994,55654874.0,0.0
2006-11-15,32.974792,55554874.0,-3297479.2
2006-11-16,33.132999,55554874.0,0.0
2006-11-17,33.239022,55654874.0,3323902.1999999997
2006-11-20,33.117914,55304874.0,-11591269.9
2006-11-21,33.073393,55504874.0,6614678.600000001
2006-11-22,33.152143,55504874.0,0.0
2006-11-24,32.976527,55504874.0,0.0
2006-11-27,32.767102,55504874.0,0.0
2006-11-28,32.896184,55204874.0,-9868855.2
2006-11-29,33.100704,55204874.0,0.0
2006-11-30,33.227796,55204874.0,0.0
2006-12-01,33.266952,55204874.0,0.0
2006-12-04,33.100508,55204874.0,0.0
2006-12-05,33.208521,55204874.0,0.0
2006-12-06,33.27973,55504874.0,9983919.0
2006-12-07,33.191592,55504874.0,0.0
2006-12-08,33.268148,55504874.0,0.0
2006-12-11,33.303414,55504874.0,0.0
2006-12-12,33.29231,55504874.0,0.0
2006-12-13,33.257626,55854874.0,11640169.100000001
2006-12-14,33.442953,54854874.0,-33442953.000000004
2006-12-15,33.449052,54454874.0,-13379620.8
2006-12-18,33.457605,55454874.0,33457605.0
2006-12-19,33.64185,55904874.0,15138832.5
2006-12-20,33.648947,56254874.0,11777131.45
2006-12-21,33.582942,56254874.0,0.0
2006-12-22,33.379418,56254874.0,0.0
2006-12-26,33.431843,56254874.0,0.0
2006-12-27,33.598033,56254874.0,0.0
2006-12-28,33.612928,56755530.0,16828514.080767997
2006-12-29,33.503576,55005530.0,-58631258.00000001
2007-01-03,33.536706,55005530.0,0.0
2007-01-04,33.868796,55005530.0,0.0
2007-01-05,33.694525,55005530.0,0.0
2007-01-08,33.751119,55505530.0,16875559.5
2007-01-09,33.694837,54605530.0,-30325353.3
2007-01-10,33.745408,55155530.0,18559974.4
2007-01-11,34.115124,55155530.0,0.0
2007-01-12,34.250074,55155530.0,0.0
2007-01-16,34.363146,55155530.0,0.0
2007-01-17,34.562471,55005530.0,-5184370.65
2007-01-18,34.652662,55505530.0,17326331.0
2007-01-19,34.680731,55705530.0,6936146.2
2007-01-22,34.435819,53255530.0,-84367756.55000001
2007-01-23,34.295885,55055530.0,61732593.0
2007-01-24,34.57855,56355530.0,44952115.0
2007-01-25,34.393601,56705530.0,12037760.35
2007-01-26,34.188255,56705530.0,0.0
2007-01-29,34.158574,56705530.0,0.0
2007-01-30,34.35443,57005530.0,10306329.0
2007-01-31,34.516225,57105530.0,3451622.5
2007-02-01,34.798415,57105530.0,0.0
2007-02-02,34.737663,57805530.0,24316364.099999998
2007-02-05,34.729616,57805530.0,0.0
2007-02-06,34.650469,57805530.0,0.0
2007-02-07,34.686262,58105530.0,10405878.6
2007-02-08,34.646471,58105530.0,0.0
2007-02-09,34.494197,58105530.0,0.0
2007-02-12,34.412216,58205530.0,3441221.6
2007-02-13,34.524973,58205530.0,0.0
2007-02-14,34.722168,58205530.0,0.0
2007-02-15,34.853351,58205530.0,0.0
2007-02-16,34.745603,58205530.0,0.0
2007-02-20,34.772263,58305530.0,3477226.3000000003
2007-02-21,34.622275,58505530.0,6924455.0
2007-02-22,34.516753,58505530.0,0.0
2007-02-23,34.40697,58505530.0,0.0
2007-02-26,34.508755,58505530.0,0.0
2007-02-27,33.572975,58505530.0,0.0
2007-02-28,33.72442,58505530.0,0.0
2007-03-01,33.566459,58505530.0,0.0
2007-03-02,33.303031,58805530.0,9990909.299999999
2007-03-05,33.1211,58455530.0,-11592385.0
2007-03-06,33.486991,58455530.0,0.0
2007-03-07,33.416145,58455530.0,0.0
2007-03-08,33.587533,58455530.0,0.0
2007-03-09,33.625933,58455530.0,0.0
2007-03-12,33.657215,57755530.0,-23560050.5
2007-03-13,33.136185,57755530.0,0.0
2007-03-14,33.243294,57305530.0,-14959482.299999999
2007-03-15,33.281269,56805530.0,-16640634.5
2007-03-16,33.080868,56205530.0,-19848520.8
2007-03-19,33.448521,59205530.0,100345563.0
2007-03-20,33.611286,59205530.0,0.0
2007-03-21,34.015229,59205530.0,0.0
2007-03-22,34.042424,58955530.0,-8510606.0
2007-03-23,33.956377,58955530.0,0.0
2007-03-26,34.011621,59255530.0,10203486.299999999
2007-03-27,33.758383,59755530.0,16879191.5
2007-03-28,33.556876,59455530.0,-10067062.8
2007-03-29,33.642107,58456279.0,-33616909.061857
2007-03-30,33.680762,56456279.0,-67361524.0
2007-04-02,33.824391,57306279.0,28750732.349999998
2007-04-03,34.214491,57306279.0,0.0
2007-04-04,34.378812,57306279.0,0.0
2007-04-05,34.598183,57306279.0,0.0
2007-04-09,34.598133,55256279.0,-70926172.64999999
2007-04-10,34.650038,55256279.0,0.0
2007-04-11,34.585067,55256279.0,0.0
2007-04-12,34.934335,55506279.0,8733583.75
2007-04-13,35.396661,55506279.0,0.0
2007-04-16,35.75442,55506279.0,0.0
2007-04-17,35.912287,55606279.0,3591228.6999999997
2007-04-18,35.819158,55856279.0,8954789.5
2007-04-19,35.985188,55856279.0,0.0
2007-04-20,36.189939,55856279.0,0.0
2007-04-23,36.182002,55656279.0,-7236400.399999999
2007-04-24,36.211541,56056279.0,14484616.399999999
2007-04-25,36.335958,56106279.0,1816797.9
2007-04-26,36.373693,56106279.0,0.0
2007-04-27,36.252327,56106279.0,0.0
2007-04-30,36.100685,56106279.0,0.0
2007-05-01,36.213165,56106279.0,0.0
2007-05-02,36.384723,56706279.0,21830833.8
2007-05-03,36.464678,56706279.0,0.0
2007-05-04,36.661788,56706279.0,0.0
2007-05-07,36.785389,56706279.0,0.0
2007-05-08,36.674329,56706279.0,0.0
2007-05-09,36.742844,56706279.0,0.0
2007-05-10,36.052368,56706279.0,0.0
2007-05-11,36.270934,56706279.0,0.0
2007-05-14,36.272441,56756279.0,1813622.05
2007-05-15,36.200394,56756279.0,0.0
2007-05-16,36.565343,57906279.0,42050144.449999996
2007-05-17,36.41392,58606279.0,25489744.0
2007-05-18,36.612665,58606279.0,0.0
2007-05-21,36.648077,58606279.0,0.0
2007-05-22,36.652003,58606279.0,0.0
2007-05-23,36.727976,58856279.0,9181994.0
2007-05-24,36.619072,58556279.0,-10985721.600000001
2007-05-25,36.658615,58306279.0,-9164653.75
2007-05-29,36.659034,58306279.0,0.0
2007-05-30,36.613894,58306279.0,0.0
2007-05-31,36.660437,58306279.0,0.0
2007-06-01,36.763927,58306279.0,0.0
2007-06-04,36.739968,55556279.0,-101034912.0
2007-06-05,36.56764,57056279.0,54851459.99999999
2007-06-06,36.255093,57056279.0,0.0
2007-06-07,35.683432,57056279.0,0.0
2007-06-08,35.901968,57806279.0,26926475.999999996
2007-06-11,35.895142,57806279.0,0.0
2007-06-12,35.597625,58106279.0,10679287.5
2007-06-13,35.93004,58406279.0,10779012.0
2007-06-14,35.958633,58406279.0,0.0
2007-06-15,36.000884,55406279.0,-108002652.0
2007-06-18,35.842288,57106279.0,60931889.60000001
2007-06-19,35.898201,58606279.0,53847301.5
2007-06-20,35.37433,58606279.0,0.0
2007-06-21,35.466314,58606279.0,0.0
2007-06-22,34.896389,57106279.0,-52344583.5
2007-06-25,34.889249,56356279.0,-26166936.75
2007-06-26,35.116871,56556279.0,7023374.200000001
2007-06-27,35.32375,57056279.0,17661875.0
2007-06-28,35.329832,59257448.0,77766930.973608
2007-06-29,35.182585,59507448.0,8795646.25
2007-07-02,35.521103,58507448.0,-35521103.0
2007-07-03,35.557246,58107448.0,-14222898.4
2007-07-05,35.589661,58107448.0,0.0
2007-07-06,35.608313,58107448.0,0.0
2007-07-09,35.512039,58107448.0,0.0
2007-07-10,35.162517,57107448.0,-35162517.0
2007-07-11,35.408919,57507448.0,14163567.6
2007-07-12,36.006226,57507448.0,0.0
2007-07-13,35.950183,56007448.0,-53925274.50000001
2007-07-16,35.957598,56007448.0,0.0
2007-07-17,35.792158,56407448.0,14316863.200000001
2007-07-18,35.664026,56757448.0,12482409.1
2007-07-19,35.516486,56757448.0,0.0
2007-07-20,35.166361,57057448.0,10549908.3
2007-07-23,35.520729,57057448.0,0.0
2007-07-24,35.05792,57057448.0,0.0
2007-07-25,35.109254,57457448.0,14043701.6
2007-07-26,34.385746,57307448.0,-5157861.899999999
2007-07-27,33.724144,57307448.0,0.0
2007-07-30,33.951486,57307448.0,0.0
2007-07-31,33.660146,58057448.0,25245109.499999996
2007-08-01,33.925452,58057448.0,0.0
2007-08-02,34.198776,58057448.0,0.0
2007-08-03,33.685416,58057448.0,0.0
2007-08-06,34.461105,57657448.0,-13784442.000000002
2007-08-07,34.510136,57657448.0,0.0
2007-08-08,34.870729,58307448.0,22665973.849999998
2007-08-09,34.01366,59057448.0,25510245.0
2007-08-10,34.012984,59307448.0,8503246.0
2007-08-13,34.118131,59307448.0,0.0
2007-08-14,33.720048,59307448.0,0.0
2007-08-15,33.617043,57657448.0,-55468120.95
2007-08-16,33.482733,57657448.0,0.0
2007-08-17,33.889242,57657448.0,0.0
2007-08-20,33.886517,58657448.0,33886517.0
2007-08-21,33.896295,58657448.0,0.0
2007-08-22,34.193694,57857448.0,-27354955.2
2007-08-23,34.275138,57407448.0,-15423812.1
2007-08-24,34.557112,58857448.0,50107812.4
2007-08-27,34.388202,60957448.0,72215224.2
2007-08-28,33.926645,55357448.0,-189989212.0
2007-08-29,34.327831,55607448.0,8581957.75
2007-08-30,34.277003,56407448.0,27421602.400000002
2007-08-31,34.507429,56407448.0,0.0
2007-09-04,34.755272,55657448.0,-26066454.0
2007-09-05,34.553922,55657448.0,0.0
2007-09-06,34.775665,55657448.0,0.0
2007-09-07,34.300155,55457448.0,-6860030.999999999
2007-09-10,34.31524,55457448.0,0.0
2007-09-11,34.700825,55457448.0,0.0
2007-09-12,34.815629,55457448.0,0.0
2007-09-13,34.967293,55457448.0,0.0
2007-09-14,34.887039,56357448.0,31398335.1
2007-09-17,34.639294,56357448.0,0.0
2007-09-18,35.275561,56257448.0,-3527556.1000000006
2007-09-19,35.531215,55657448.0,-21318729.0
2007-09-20,35.343588,55657448.0,0.0
2007-09-21,35.41072,53907448.0,-61968759.99999999
2007-09-24,35.307486,57157448.0,114749329.49999999
2007-09-25,35.276594,58257448.0,38804253.400000006
2007-09-26,35.508044,58607448.0,12427815.399999999
2007-09-27,35.57751,58607448.0,0.0
2007-09-28,35.41113,58607448.0,0.0
2007-10-01,35.817391,58607448.0,0.0
2007-10-02,35.686852,58607448.0,0.0
2007-10-03,35.746694,58557448.0,-1787334.7
2007-10-04,35.876919,64408099.0,209903332.024269
2007-10-05,36.170464,65208099.0,28936371.200000003
2007-10-08,36.039281,65208099.0,0.0
2007-10-09,36.25869,65208099.0,0.0
2007-10-10,36.248067,65608099.0,14499226.799999999
2007-10-11,36.039,65408099.0,-7207800.0
2007-10-12,36.190335,65408099.0,0.0
2007-10-15,35.852588,65108099.0,-10755776.399999999
2007-10-16,35.58575,65108099.0,0.0
2007-10-17,35.599254,65108099.0,0.0
2007-10-18,35.698071,65108099.0,0.0
2007-10-19,35.210594,65108099.0,0.0
2007-10-22,35.12173,65108099.0,0.0
2007-10-23,35.552001,65108099.0,0.0
2007-10-24,35.410184,64408099.0,-24787128.8
2007-10-25,35.544401,64408099.0,0.0
2007-10-26,35.675435,64408099.0,0.0
2007-10-29,35.786779,64408099.0,0.0
2007-10-30,35.763623,64408099.0,0.0
2007-10-31,36.093831,64408099.0,0.0
2007-11-01,35.483328,64408099.0,0.0
2007-11-02,35.40705,64408099.0,0.0
2007-11-05,35.354231,63408099.0,-35354231.0
2007-11-06,35.494253,63408099.0,0.0
2007-11-07,34.794962,66208099.0,97425893.6
2007-11-08,35.023541,64208099.0,-70047082.0
2007-11-09,34.887493,65708099.0,52331239.5
2007-11-12,35.039947,65658099.0,-1751997.3499999999
2007-11-13,35.553317,65758099.0,3555331.7
2007-11-14,35.462478,65408099.0,-12411867.299999999
2007-11-15,35.373577,65558099.0,5306036.55
2007-11-16,35.599587,65558099.0,0.0
2007-11-19,35.258474,65758099.0,7051694.8
2007-11-20,35.387683,65758099.0,0.0
2007-11-21,34.799054,65758099.0,0.0
2007-11-23,35.296944,70058099.0,151776859.20000002
2007-11-26,34.917232,70058099.0,0.0
2007-11-27,35.6566,69908099.0,-5348490.0
2007-11-28,36.262938,70108099.0,7252587.6
2007-11-29,36.35854,70108099.0,0.0
2007-11-30,36.479301,72408099.0,83902392.3
2007-12-03,36.248326,72408099.0,0.0
2007-12-04,36.135998,72408099.0,0.0
2007-12-05,36.591263,72808099.0,14636505.2
2007-12-06,36.778444,71908099.0,-33100599.6
2007-12-07,36.704494,72458099.0,20187471.7
2007-12-10,36.76022,73208099.0,27570164.999999996
2007-12-11,36.20234,73208099.0,0.0
2007-12-12,36.256583,73658099.0,16315462.35
2007-12-13,36.165236,73658099.0,0.0
2007-12-14,35.824553,72308099.0,-48363146.550000004
2007-12-17,35.442274,72308099.0,0.0
2007-12-18,35.68416,72308099.0,0.0
2007-12-19,35.533915,72308099.0,0.0
2007-12-20,35.680965,74308099.0,71361930.0
2007-12-21,35.942192,72108099.0,-79072822.39999999
2007-12-24,35.981726,71758099.0,-12593604.100000001
2007-12-26,35.951897,69258099.0,-89879742.5
2007-12-27,35.546179,69258099.0,0.0
2007-12-28,35.558316,69408099.0,5333747.399999999
2007-12-31,35.247356,69408099.0,0.0
2008-01-02,34.963446,68758099.0,-22726239.9
2008-01-03,35.18316,67258099.0,-52774740.0
2008-01-04,34.786772,67358840.0,3504454.198052
2008-01-07,35.538499,67558840.0,7107699.800000001
2008-01-08,35.824635,68708840.0,41198330.25
2008-01-09,36.394241,68708840.0,0.0
2008-01-10,36.438686,70908840.0,80165109.19999999
2008-01-11,36.457701,70408840.0,-18228850.5
2008-01-14,36.284946,70558840.0,5442741.899999999
2008-01-15,35.706989,71408840.0,30350940.65
2008-01-16,35.950835,71758840.0,12582792.25
2008-01-17,35.247841,71758840.0,0.0
2008-01-18,34.684466,71858840.0,3468446.6
2008-01-22,33.592652,71658840.0,-6718530.4
2008-01-23,33.453913,73058840.0,46835478.2
2008-01-24,33.442869,73458840.0,13377147.600000001
2008-01-25,32.894694,73058840.0,-13157877.6
2008-01-28,33.396587,73058840.0,0.0
2008-01-29,33.498056,73308840.0,8374514.0
2008-01-30,33.225546,73508840.0,6645109.2
2008-01-31,33.536247,73158840.0,-11737686.450000001
2008-02-01,33.867794,73158840.0,0.0
2008-02-04,33.991224,72958840.0,-6798244.800000001
2008-02-05,33.318021,72958840.0,0.0
2008-02-06,33.374943,72958840.0,0.0
2008-02-07,33.413233,72958840.0,0.0
2008-02-08,33.052266,71958840.0,-33052266.000000004
2008-02-11,33.032557,71958840.0,0.0
2008-02-12,33.434939,71958840.0,0.0
2008-02-13,33.631374,72708840.0,25223530.5
2008-02-14,33.196128,72708840.0,0.0
2008-02-15,33.343809,72708840.0,0.0
2008-02-19,33.523216,72808840.0,3352321.5999999996
2008-02-20,33.5013,73008840.0,6700260.0
2008-02-21,33.135621,73208840.0,6627124.2
2008-02-22,33.154334,73408840.0,6630866.8
2008-02-25,33.669274,72358840.0,-35352737.7
2008-02-26,33.781115,72558840.0,6756223.0
2008-02-27,33.528,72058840.0,-16764000.0
2008-02-28,33.260909,73058840.0,33260908.999999996
2008-02-29,32.776378,73258840.0,6555275.600000001
2008-03-03,32.796307,73158840.0,-3279630.6999999997
2008-03-04,32.782848,73158840.0,0.0
2008-03-05,32.801176,72708840.0,-14760529.2
2008-03-06,32.110768,72808840.0,3211076.8
2008-03-07,31.76026,72058840.0,-23820195.0
2008-03-10,31.376594,70058840.0,-62753188.0
2008-03-11,31.305881,70158840.0,3130588.1
2008-03-12,31.183091,70408840.0,7795772.75
2008-03-13,31.297835,71208840.0,25038268.0
2008-03-14,30.706783,71308840.0,3070678.3000000003
2008-03-17,30.63705,72308840.0,30637050.0
2008-03-18,31.35112,71358840.0,-29783564.0
2008-03-19,31.193433,72808840.0,45230477.85
2008-03-20,31.305158,69808840.0,-93915474.0
2008-03-24,31.492516,73108840.0,103925302.8
2008-03-25,31.519147,73458840.0,11031701.45
2008-03-26,31.375442,73158840.0,-9412632.6
2008-03-27,31.345413,72858840.0,-9403623.9
2008-03-28,31.180015,73308840.0,14031006.75
2008-03-31,30.998447,73808840.0,15499223.5
2008-04-01,31.739887,73808840.0,0.0
2008-04-02,31.467418,73758840.0,-1573370.9
2008-04-03,31.471362,73759686.0,26624.772252
2008-04-04,31.787085,73759686.0,0.0
2008-04-07,31.92611,73759686.0,0.0
2008-04-08,31.837659,76009686.0,71634732.75
2008-04-09,31.668373,73509686.0,-79170932.5
2008-04-10,31.942228,74259686.0,23956671.0
2008-04-11,31.478748,74259686.0,0.0
2008-04-14,31.416215,74509686.0,7854053.75
2008-04-15,31.361389,74509686.0,0.0
2008-04-16,31.549101,74509686.0,0.0
2008-04-17,31.294033,74509686.0,0.0
2008-04-18,31.674982,74509686.0,0.0
2008-04-21,31.510791,74859686.0,11028776.85
2008-04-22,31.092735,74759686.0,-3109273.5
2008-04-23,31.455241,75059686.0,9436572.3
2008-04-24,31.500546,75059686.0,0.0
2008-04-25,31.816714,75059686.0,0.0
2008-04-28,31.908897,75959686.0,28718007.3
2008-04-29,31.630757,74959686.0,-31630757.0
2008-04-30,31.488505,74859686.0,-3148850.5
2008-05-01,32.045745,74859686.0,0.0
2008-05-02,32.072447,78509686.0,117064431.54999998
2008-05-05,31.956184,78509686.0,0.0
2008-05-06,31.945953,78509686.0,0.0
2008-05-07,31.513046,75109686.0,-107144356.39999999
2008-05-08,31.611462,73409686.0,-53739485.4
2008-05-09,31.428911,73409686.0,0.0
2008-05-12,31.64176,73409686.0,0.0
2008-05-13,31.470236,73209686.0,-6294047.2
2008-05-14,31.628268,73459686.0,7907067.0
2008-05-15,31.591362,73459686.0,0.0
2008-05-16,31.645859,73459686.0,0.0
2008-05-19,31.759848,74059686.0,19055908.8
2008-05-20,31.735078,73209686.0,-26974816.3
2008-05-21,31.555159,73609686.0,12622063.6
2008-05-22,31.776876,73609686.0,0.0
2008-05-23,31.39838,73209686.0,-12559352.0
2008-05-27,31.617902,73209686.0,0.0
2008-05-28,31.562875,73209686.0,0.0
2008-05-29,32.032578,73709686.0,16016289.0
2008-05-30,32.103014,73709686.0,0.0
2008-06-02,31.76,75859686.0,68284000.0
2008-06-03,31.859872,76109686.0,7964968.0
2008-06-04,31.968247,76409686.0,9590474.1
2008-06-05,32.22694,76409686.0,0.0
2008-06-06,31.394721,76409686.0,0.0
2008-06-09,31.244745,76109686.0,-9373423.5
2008-06-10,31.05986,76109686.0,0.0
2008-06-11,30.612091,76109686.0,0.0
2008-06-12,30.741371,75859686.0,-7685342.75
2008-06-13,31.124926,75859686.0,0.0
2008-06-16,30.982667,75509686.0,-10843933.45
2008-06-17,30.853934,75509686.0,0.0
2008-06-18,30.591721,75509686.0,0.0
2008-06-19,30.753962,73509686.0,-61507924.0
2008-06-20,30.174808,68409686.0,-153891520.79999998
2008-06-23,30.270754,69959686.0,46919668.7
2008-06-24,30.379426,69959686.0,0.0
2008-06-25,30.635028,70459686.0,15317514.0
2008-06-26,29.99021,70659686.0,5998042.0
2008-06-27,30.168586,71009686.0,10559005.1
2008-06-30,30.463966,70909686.0,-3046396.6
2008-07-01,30.622636,71059686.0,4593395.4
2008-07-02,30.497956,72509686.0,44222036.199999996
2008-07-03,30.534723,65009686.0,-229010422.5
2008-07-07,30.389721,65360568.0,10663206.083922
2008-07-08,31.273645,65110568.0,-7818411.25
2008-07-09,31.165105,65960568.0,26490339.25
2008-07-10,31.303286,67360568.0,43824600.4
2008-07-11,30.937517,69860568.0,77343792.5
2008-07-14,30.888789,69960568.0,3088878.9
2008-07-15,31.277122,70160568.0,6255424.399999999
2008-07-16,31.50413,73410568.0,102388422.5
2008-07-17,31.742938,72810568.0,-19045762.8
2008-07-18,31.58189,72810568.0,0.0
2008-07-21,31.195868,72710568.0,-3119586.8000000003
2008-07-22,31.492562,70710568.0,-62985124.0
2008-07-23,31.835168,70810568.0,3183516.8
2008-07-24,31.784979,70810568.0,0.0
2008-07-25,31.987577,70860568.0,1599378.85
2008-07-28,31.679833,70960568.0,3167983.3
2008-07-29,31.905283,69960568.0,-31905283.0
2008-07-30,31.880387,70110568.0,4782058.05
2008-07-31,31.991364,70010568.0,-3199136.4
2008-08-01,31.673654,70110568.0,3167365.4
2008-08-04,32.070244,70260568.0,4810536.600000001
2008-08-05,32.885227,70260568.0,0.0
2008-08-06,32.981214,71710568.0,47822760.300000004
2008-08-07,32.558577,71210568.0,-16279288.5
2008-08-08,33.341764,70710568.0,-16670881.999999998
2008-08-11,33.376605,69410568.0,-43389586.5
2008-08-12,33.285751,70660568.0,41607188.75
2008-08-13,33.159136,72810568.0,71292142.39999999
2008-08-14,33.303158,74060568.0,41628947.50000001
2008-08-15,33.611537,77060568.0,100834611.0
2008-08-18,33.272745,77360568.0,9981823.5
2008-08-19,33.035291,77360568.0,0.0
2008-08-20,32.872817,77460568.0,3287281.6999999997
2008-08-21,32.955645,77660568.0,6591128.999999999
2008-08-22,33.274555,77860568.0,6654911.0
2008-08-25,32.750615,77960568.0,3275061.5000000005
2008-08-26,32.764758,77760568.0,-6552951.600000001
2008-08-27,32.746544,77760568.0,0.0
2008-08-28,33.022801,77760568.0,0.0
2008-08-29,32.63648,77560568.0,-6527296.0
2008-09-02,32.672715,79010568.0,47375436.74999999
2008-09-03,32.711517,78160568.0,-27804789.45
2008-09-04,31.886882,77960568.0,-6377376.4
2008-09-05,31.729173,77410568.0,-17451045.15
2008-09-08,32.38258,77510568.0,3238257.9999999995
2008-09-09,31.83733,79160568.0,52531594.5
2008-09-10,31.889306,80310568.0,36672701.9
2008-09-11,32.320253,80610568.0,9696075.9
2008-09-12,32.251613,80710568.0,3225161.3
2008-09-15,31.612292,81210568.0,15806146.0
2008-09-16,31.650261,81260568.0,1582513.05
2008-09-17,30.609369,80110568.0,-35200774.35
2008-09-18,31.247725,80560568.0,14061476.25
2008-09-19,31.289881,74160568.0,-200255238.4
2008-09-22,30.500012,76910568.0,83875033.0
2008-09-23,30.353096,77660568.0,22764822.0
2008-09-24,30.520659,78310568.0,19838428.349999998
2008-09-25,31.010966,78310568.0,0.0
2008-09-26,31.124483,77810568.0,-15562241.5
2008-09-29,29.315023,78710568.0,26383520.7
2008-09-30,30.43293,78410568.0,-9129879.0
2008-10-01,30.437487,78110568.0,-9131246.1
2008-10-02,29.960488,76911464.0,-35925741.002752
2008-10-03,29.770008,76811464.0,-2977000.8000000003
2008-10-06,28.386064,76411464.0,-11354425.6
2008-10-07,27.39732,77311464.0,24657588.0
2008-10-08,27.044182,76661464.0,-17578718.3
2008-10-09,25.120864,77061464.0,10048345.6
2008-10-10,24.294726,80461464.0,82602068.4
2008-10-13,27.315105,79811464.0,-17754818.25
2008-10-14,27.298604,79211464.0,-16379162.4
2008-10-15,25.454446,78311464.0,-22909001.400000002
2008-10-16,26.39234,81061464.0,72578935.0
2008-10-17,26.406638,79461464.0,-42250620.800000004
2008-10-20,27.476153,79561464.0,2747615.3
2008-10-21,27.063008,81411464.0,50066564.8
2008-10-22,25.771432,79261464.0,-55408578.800000004
2008-10-23,26.173601,80661464.0,36643041.4
2008-10-24,25.481458,80161464.0,-12740729.0
2008-10-27,24.64069,79411464.0,-18480517.5
2008-10-28,26.497787,79561464.0,3974668.05
2008-10-29,25.884631,81061464.0,38826946.5
2008-10-30,26.482189,81211464.0,3972328.35
2008-10-31,26.833771,83161464.0,52325853.449999996
2008-11-03,27.015424,82211464.0,-25664652.8
2008-11-04,27.446737,82461464.0,6861684.25
2008-11-05,26.523199,81961464.0,-13261599.5
2008-11-06,25.711202,81861464.0,-2571120.2
2008-11-07,26.445478,82111464.0,6611369.5
2008-11-10,26.316316,82111464.0,0.0
2008-11-11,25.916632,82111464.0,0.0
2008-11-12,25.010892,79511464.0,-65028319.199999996
2008-11-13,26.53635,80361464.0,22555897.5
2008-11-14,25.627307,80411464.0,1281365.3499999999
2008-11-17,25.065683,80411464.0,0.0
2008-11-18,25.275787,90411464.0,252757870.0
2008-11-19,24.103643,91111464.0,16872550.1
2008-11-20,22.570301,88111464.0,-67710903.0
2008-11-21,23.537481,87861464.0,-5884370.25
2008-11-24,24.283277,88061464.0,4856655.399999999
2008-11-25,24.411124,87911464.0,-3661668.6
2008-11-26,24.707224,88911464.0,24707224.0
2008-11-28,25.004293,89761464.0,21253649.05
2008-12-01,23.467621,89761464.0,0.0
2008-12-02,24.256086,89861464.0,2425608.6
2008-12-03,24.904809,88661464.0,-29885770.8
2008-12-04,24.33308,89611464.0,23116426.0
2008-12-05,25.187796,89361464.0,-6296949.0
2008-12-08,25.447935,89361464.0,0.0
2008-12-09,24.882756,89361464.0,0.0
2008-12-10,25.032203,89061464.0,-7509660.899999999
2008-12-11,25.072844,89061464.0,0.0
2008-12-12,25.165582,91661464.0,65430513.2
2008-12-15,25.056037,92611464.0,23803235.15
2008-12-16,26.12328,89811464.0,-73145184.0
2008-12-17,25.90681,88011464.0,-46632258.0
2008-12-18,26.039631,83861464.0,-108064468.65
2008-12-19,26.092714,82911464.0,-24788078.3
2008-12-22,25.919599,78461464.0,-115342215.55000001
2008-12-23,25.809813,78461464.0,0.0
2008-12-24,25.827478,77961464.0,-12913739.0
2008-12-26,25.869769,77961464.0,0.0
2008-12-29,25.732336,77961464.0,0.0
2008-12-30,26.370341,77961464.0,0.0
2008-12-31,26.55858,77561464.0,-10623432.0
2009-01-02,27.146176,77762661.0,5461729.172672
2009-01-05,26.900315,78312661.0,14795173.25
2009-01-06,26.518218,78312661.0,0.0
2009-01-07,26.26311,78412661.0,2626311.0
2009-01-08,26.406147,78312661.0,-2640614.7
2009-01-09,26.165736,78312661.0,0.0
2009-01-12,25.838841,79312661.0,25838841.0
2009-01-13,26.06226,79312661.0,0.0
2009-01-14,25.668447,79212661.0,-2566844.7
2009-01-15,25.854738,78962661.0,-6463684.5
2009-01-16,26.118273,78962661.0,0.0
2009-01-20,25.449418,80312661.0,34356714.300000004
2009-01-21,26.007106,80912661.0,15604263.6
2009-01-22,26.069567,81112661.0,5213913.399999999
2009-01-23,26.094349,79112661.0,-52188698.0
2009-01-26,26.027801,78112661.0,-26027801.0
2009-01-27,26.541359,74212661.0,-103511300.1
2009-01-28,26.872734,74512661.0,8061820.2
2009-01-29,26.538342,71812661.0,-71653523.4
2009-01-30,26.218712,72712661.0,23596840.8
2009-02-02,26.469206,72712661.0,0.0
2009-02-03,27.112533,72712661.0,0.0
2009-02-04,26.918522,72862661.0,4037778.3
2009-02-05,27.165103,73062661.0,5433020.6
2009-02-06,27.412347,73062661.0,0.0
2009-02-09,27.33253,73062661.0,0.0
2009-02-10,26.436502,74062661.0,26436502.0
2009-02-11,26.765325,75312661.0,33456656.25
2009-02-12,27.028251,75312661.0,0.0
2009-02-13,26.784047,76412661.0,29462451.700000003
2009-02-17,26.24297,75912661.0,-13121485.0
2009-02-18,26.220848,74412661.0,-39331272.0
2009-02-19,26.165665,74412661.0,0.0
2009-02-20,25.904515,74412661.0,0.0
2009-02-23,25.245581,74412661.0,0.0
2009-02-24,25.735646,75812661.0,36029904.4
2009-02-25,25.225171,75662661.0,-3783775.65
2009-02-26,23.947351,77162661.0,35921026.5
2009-02-27,22.964178,75812661.0,-31001640.3
2009-03-02,22.000523,73812661.0,-44001046.0
2009-03-03,21.959815,75462661.0,36233694.75
2009-03-04,22.545048,75662661.0,4509009.600000001
2009-03-05,21.826682,77262661.0,34922691.2
2009-03-06,22.065198,77212661.0,-1103259.9
2009-03-09,21.868199,77312661.0,2186819.9
2009-03-10,22.704409,77312661.0,0.0
2009-03-11,22.251902,81112661.0,84557227.60000001
2009-03-12,23.399102,81112661.0,0.0
2009-03-13,24.178582,80312661.0,-19342865.599999998
2009-03-16,23.876097,78312661.0,-47752194.0
2009-03-17,24.293534,82412661.0,99603489.4
2009-03-18,24.299463,82412661.0,0.0
2009-03-19,23.692846,81262661.0,-27246772.9
2009-03-20,23.589096,79112661.0,-50716556.400000006
2009-03-23,24.507964,83762661.0,113962032.60000001
2009-03-24,24.105853,84612661.0,20489975.05
2009-03-25,24.259099,86412661.0,43666378.199999996
2009-03-26,24.590495,86562661.0,3688574.25
2009-03-27,24.35131,87262661.0,17045917.0
2009-03-30,24.179828,87562661.0,7253948.4
2009-03-31,24.305839,89462661.0,46181094.1
2009-04-01,24.26085,92462661.0,72782550.0
2009-04-02,24.305658,90363833.0,-51013395.568824
2009-04-03,23.919237,93213833.0,68169825.45
2009-04-06,24.066468,93213833.0,0.0
2009-04-07,23.881882,93363833.0,3582282.3000000003
2009-04-08,24.076324,94963833.0,38522118.4
2009-04-09,24.223227,94063833.0,-21800904.3
2009-04-13,24.318309,91763833.0,-55932110.699999996
2009-04-14,24.252748,90913833.0,-20614835.8
2009-04-15,24.4125,90363833.0,-13426875.0
2009-04-16,24.501642,89613833.0,-18376231.5
2009-04-17,24.730465,89613833.0,0.0
2009-04-20,24.246189,88913833.0,-16972332.3
2009-04-21,24.037836,88913833.0,0.0
2009-04-22,23.723628,90213833.0,30840716.400000002
2009-04-23,23.761686,90213833.0,0.0
2009-04-24,23.810583,91213833.0,23810583.0
2009-04-27,24.029227,91213833.0,0.0
2009-04-28,24.06018,91263833.0,1203009.0
2009-04-29,24.211252,91013833.0,-6052813.0
2009-04-30,24.158558,87463833.0,-85762880.89999999
2009-05-01,24.127553,87463833.0,0.0
2009-05-04,24.598398,87113833.0,-8609439.3
2009-05-05,24.792811,85513833.0,-39668497.6
2009-05-06,24.665271,85163833.0,-8632844.85
2009-05-07,25.269001,85213833.0,1263450.05
2009-05-08,25.487583,85213833.0,0.0
2009-05-11,25.199533,85813833.0,15119719.799999999
2009-05-12,25.549008,85813833.0,0.0
2009-05-13,25.529429,85813833.0,0.0
2009-05-14,25.56271,85913833.0,2556271.0
2009-05-15,25.264183,85913833.0,0.0
2009-05-18,25.551811,88713833.0,71545070.8
2009-05-19,25.401134,90263833.0,39371757.699999996
2009-05-20,25.488109,90263833.0,0.0
2009-05-21,25.188134,90263833.0,0.0
2009-05-22,25.166465,90263833.0,0.0
2009-05-26,25.547447,90263833.0,0.0
2009-05-27,25.275775,90263833.0,0.0
2009-05-28,25.413262,90263833.0,0.0
2009-05-29,25.805803,90113833.0,-3870870.45
2009-06-01,25.924005,90213833.0,2592400.5
2009-06-02,26.205332,90213833.0,0.0
2009-06-03,26.087187,90563833.0,9130515.45
2009-06-04,25.782929,89463833.0,-28361221.9
2009-06-05,25.720622,86963833.0,-64301555.0
2009-06-08,25.458498,84213833.0,-70010869.5
2009-06-09,25.396244,84713833.0,12698122.0
2009-06-10,25.304066,81963833.0,-69586181.5
2009-06-11,25.540832,84963833.0,76622496.0
2009-06-12,25.664853,85813833.0,21815125.05
2009-06-15,24.937412,85213833.0,-14962447.2
2009-06-16,24.987787,82563833.0,-66217635.550000004
2009-06-17,25.497017,66863833.0,-400303166.9
2009-06-18,26.061981,66863833.0,0.0
2009-06-19,26.068471,62463833.0,-114701272.39999999
2009-06-22,25.551586,65913833.0,88152971.7
2009-06-23,25.543507,69163833.0,83016397.75
2009-06-24,25.696837,72063833.0,74520827.3
2009-06-25,26.395614,73613833.0,40913201.699999996
2009-06-26,26.416112,74363833.0,19812084.0
2009-06-29,26.537787,73113833.0,-33172233.750000004
2009-06-30,26.349114,72063833.0,-27666569.7
2009-07-01,26.365115,72063833.0,0.0
2009-07-02,25.747657,68764658.0,-84946026.282975
2009-07-06,25.945384,68764658.0,0.0
2009-07-07,25.885136,68414658.0,-9059797.6
2009-07-08,26.078737,68664658.0,6519684.25
2009-07-09,25.814119,68664658.0,0.0
2009-07-10,25.686877,68414658.0,-6421719.25
2009-07-13,26.096941,68464658.0,1304847.05
2009-07-14,26.188714,69064658.0,15713228.4
2009-07-15,26.410793,69364658.0,7923237.9
2009-07-16,26.62648,69364658.0,0.0
2009-07-17,26.506109,70664658.0,34457941.699999996
2009-07-20,26.622949,72264658.0,42596718.4
2009-07-21,27.016812,70964658.0,-35121855.6
2009-07-22,26.849598,71464658.0,13424799.0
2009-07-23,27.475273,72514658.0,28849036.650000002
2009-07-24,27.899579,74264658.0,48824263.25
2009-07-27,27.908382,76264658.0,55816764.0
2009-07-28,27.970124,76564658.0,8391037.2
2009-07-29,28.046749,76864658.0,8414024.7
2009-07-30,28.084677,75114658.0,-49148184.75
2009-07-31,27.91472,76114658.0,27914720.0
2009-08-03,28.064269,76164658.0,1403213.45
2009-08-04,28.063479,75964658.0,-5612695.8
2009-08-05,27.740677,75214658.0,-20805507.75
2009-08-06,27.463925,74914658.0,-8239177.5
2009-08-07,27.692448,74714658.0,-5538489.6
2009-08-10,27.898004,74614658.0,-2789800.4
2009-08-11,27.825958,74614658.0,0.0
2009-08-12,27.932189,73514658.0,-30725407.900000002
2009-08-13,27.948491,73514658.0,0.0
2009-08-14,27.873335,71564658.0,-54353003.25
2009-08-17,27.863783,71614658.0,1393189.1500000001
2009-08-18,27.838968,72814658.0,33406761.6
2009-08-19,28.175666,69914658.0,-81709431.4
2009-08-20,28.349701,69914658.0,0.0
2009-08-21,28.70719,69914658.0,0.0
2009-08-24,28.810837,69364658.0,-15845960.35
2009-08-25,28.914467,68714658.0,-18794403.55
2009-08-26,28.840169,68914658.0,5768033.8
2009-08-27,28.8994,68914658.0,0.0
2009-08-28,28.638934,69564658.0,18615307.099999998
2009-08-31,28.574361,69564658.0,0.0
2009-09-01,28.203301,69614658.0,1410165.05
2009-09-02,28.19448,70214658.0,16916688.0
2009-09-03,28.177359,70464658.0,7044339.75
2009-09-04,28.533149,71514658.0,29959806.450000003
2009-09-08,28.430351,71914658.0,11372140.4
2009-09-09,28.707307,70864658.0,-30142672.35
2009-09-10,28.895871,71514658.0,18782316.15
2009-09-11,28.880083,71514658.0,0.0
2009-09-14,29.044266,71364658.0,-4356639.9
2009-09-15,28.810483,71764658.0,11524193.200000001
2009-09-16,28.990109,72364658.0,17394065.4
2009-09-17,28.992085,72364658.0,0.0
2009-09-18,28.830949,66314658.0,-174427241.45
2009-09-21,29.015709,69864658.0,103005766.95
2009-09-22,28.91899,69914658.0,1445949.5
2009-09-23,28.605881,69864658.0,-1430294.05
2009-09-24,28.507118,70364658.0,14253559.0
2009-09-25,28.468894,70364658.0,0.0
2009-09-28,28.879023,69114658.0,-36098778.75
2009-09-29,28.847265,68114658.0,-28847265.0
2009-09-30,28.724994,68914658.0,22979995.2
2009-10-01,28.251311,68915324.0,18815.373126000002
2009-10-02,28.170179,69315324.0,11268071.6
2009-10-05,28.314427,69015324.0,-8494328.1
2009-10-06,28.534973,69015324.0,0.0
2009-10-07,28.612298,69665324.0,18597993.7
2009-10-08,28.595264,69665324.0,0.0
2009-10-09,28.882271,73365324.0,106864402.7
2009-10-12,29.010481,72815324.0,-15955764.549999999
2009-10-13,28.732857,72565324.0,-7183214.25
2009-10-14,29.142548,71315324.0,-36428185.0
2009-10-15,29.321836,74265324.0,86499416.2
2009-10-16,29.209458,72415324.0,-54037497.300000004
2009-10-19,29.498923,72515324.0,2949892.3000000003
2009-10-20,29.203135,71915324.0,-17521881.0
2009-10-21,28.813425,72265324.0,10084698.75
2009-10-22,29.032919,69215324.0,-88550402.95
2009-10-23,28.726031,69615324.0,11490412.4
2009-10-26,28.413107,69615324.0,0.0
2009-10-27,28.574776,68365324.0,-35718470.0
2009-10-28,28.21163,68115324.0,-7052907.5
2009-10-29,28.492242,68615324.0,14246121.0
2009-10-30,28.06738,68615324.0,0.0
2009-11-02,28.224798,69315324.0,19757358.6
2009-11-03,28.20823,69315324.0,0.0
2009-11-04,28.593496,70115324.0,22874796.799999997
2009-11-05,29.052434,70715324.0,17431460.400000002
2009-11-06,29.172059,72015324.0,37923676.7
2009-11-09,29.673158,72015324.0,0.0
2009-11-10,29.829067,72315324.0,8948720.1
2009-11-11,29.875524,71965324.0,-10456433.4
2009-11-12,29.712454,72265324.0,8913736.200000001
2009-11-13,29.761628,72265324.0,0.0
2009-11-16,30.181868,72265324.0,0.0
2009-11-17,30.208609,72265324.0,0.0
2009-11-18,30.319973,71915324.0,-10611990.55
2009-11-19,30.159242,72815324.0,27143317.8
2009-11-20,30.354733,73665324.0,25801523.05
2009-11-23,30.680742,74065324.0,12272296.799999999
2009-11-24,30.917334,74815324.0,23188000.5
2009-11-25,31.081791,74815324.0,0.0
2009-11-27,30.760359,76265324.0,44602520.550000004
2009-11-30,30.673493,77215324.0,29139818.35
2009-12-01,31.061712,77315324.0,3106171.2
2009-12-02,31.156097,78215324.0,28040487.3
2009-12-03,30.979841,79165324.0,29430848.95
2009-12-04,31.00411,83415324.0,131767467.5
2009-12-07,30.957219,84965324.0,47983689.449999996
2009-12-08,30.732645,84465324.0,-15366322.5
2009-12-09,30.914313,84865324.0,12365725.2
2009-12-10,31.27762,84565324.0,-9383286.0
2009-12-11,31.288108,84265324.0,-9386432.4
2009-12-14,31.572996,84215324.0,-1578649.8
2009-12-15,31.55043,85015324.0,25240344.0
2009-12-16,31.425625,85215324.0,6285125.0
2009-12-17,31.13057,86415324.0,37356684.0
2009-12-18,31.038454,77465324.0,-277794163.3
2009-12-21,31.382141,85865324.0,263609984.4
2009-12-22,31.492505,90065324.0,132268521.0
2009-12-23,31.471931,90315324.0,7867982.75
2009-12-24,31.458381,90215324.0,-3145838.1
2009-12-28,31.589104,89765324.0,-14215096.799999999
2009-12-29,31.553577,93615324.0,121481271.45
2009-12-30,31.528962,94065324.0,14188032.9
2009-12-31,31.165934,94065324.0,0.0
2010-01-04,31.59982,93965324.0,-3159982.0
2010-01-05,31.420182,98765324.0,150816873.6
2010-01-06,31.574094,97865324.0,-28416684.599999998
2010-01-07,31.692272,97565324.0,-9507681.6
2010-01-08,31.785652,95015324.0,-81053412.6
2010-01-11,31.914754,95015324.0,0.0
2010-01-12,31.71886,95015324.0,0.0
2010-01-13,32.142677,93065324.0,-62678220.15
2010-01-14,32.406914,93065324.0,0.0
2010-01-15,32.269028,93215324.0,4840354.2
2010-01-19,32.926211,97915324.0,154753191.70000002
2010-01-20,32.748745,95165324.0,-90059048.75
2010-01-21,32.031308,94165324.0,-32031308.000000004
2010-01-22,31.652135,91915324.0,-71217303.75
2010-01-25,31.638202,92315324.0,12655280.8
2010-01-26,31.498042,91815324.0,-15749021.0
2010-01-27,31.681691,92465324.0,20593099.150000002
2010-01-28,31.464747,92015324.0,-14159136.15
2010-01-29,31.317234,87665324.0,-136229967.9
2010-02-01,31.456432,88665324.0,31456432.0
2010-02-02,32.056321,88665324.0,0.0
2010-02-03,31.724249,90815324.0,68207135.35
2010-02-04,30.885456,91365324.0,16987000.8
2010-02-05,30.814215,90215324.0,-35436347.25
2010-02-08,30.698749,89565324.0,-19954186.849999998
2010-02-09,30.893152,93315324.0,115849320.0
2010-02-10,30.735789,92965324.0,-10757526.15
2010-02-11,30.940779,93615324.0,20111506.349999998
2010-02-12,30.856201,93615324.0,0.0
2010-02-16,31.124023,93565324.0,-1556201.1500000001
2010-02-17,31.37775,87665324.0,-185128725.0
2010-02-18,31.520448,87215324.0,-14184201.6
2010-02-19,31.505955,87765324.0,17328275.25
2010-02-22,31.484672,88365324.0,18890803.2
2010-02-23,31.136041,88365324.0,0.0
2010-02-24,31.371246,86665324.0,-53331118.199999996
2010-02-25,31.357185,86465324.0,-6271437.0
2010-02-26,31.401656,86515324.0,1570082.8
2010-03-01,31.705172,89515324.0,95115516.0
2010-03-02,31.830255,89515324.0,0.0
2010-03-03,31.687606,90015324.0,15843803.0
2010-03-04,31.613087,95965324.0,188097867.65
2010-03-05,31.994588,93765324.0,-70388093.6
2010-03-08,31.86072,94565324.0,25488576.0
2010-03-09,31.81941,94015324.0,-17500675.5
2010-03-10,31.84776,93265324.0,-23885820.0
2010-03-11,32.009798,92215324.0,-33610287.900000006
2010-03-12,31.887247,92765324.0,17537985.849999998
2010-03-15,32.043926,86965324.0,-185854770.79999998
2010-03-16,32.115045,86965324.0,0.0
2010-03-17,32.154168,88665324.0,54662085.599999994
2010-03-18,32.365603,92665324.0,129462412.0
2010-03-19,32.267086,92815324.0,4840062.899999999
2010-03-22,32.457505,92965324.0,4868625.75
2010-03-23,32.577025,94215324.0,40721281.25
2010-03-24,32.296174,92765324.0,-46829452.300000004
2010-03-25,32.129679,92265324.0,-16064839.500000002
2010-03-26,31.919794,94615324.0,75011515.9
2010-03-29,32.20668,91615324.0,-96620040.0
2010-03-30,32.241834,91765324.0,4836275.1
2010-03-31,32.130382,92915324.0,36949939.3
2010-04-01,32.307916,92465324.0,-14538562.2
2010-04-05,32.218818,92465324.0,0.0
2010-04-06,32.162633,91665324.0,-25730106.4
2010-04-07,32.033207,91915324.0,8008301.749999999
2010-04-08,31.964157,90865324.0,-33562364.85
2010-04-09,32.08943,89415324.0,-46529673.5
2010-04-12,32.023143,89415324.0,0.0
2010-04-13,32.047541,90515324.0,35252295.1
2010-04-14,31.906618,89615324.0,-28715956.200000003
2010-04-15,31.822999,89315324.0,-9546899.7
2010-04-16,31.641851,88215324.0,-34806036.1
2010-04-19,31.889254,82065324.0,-196118912.1
2010-04-20,31.971593,82415324.0,11190057.549999999
2010-04-21,31.419741,80265324.0,-67552443.14999999
2010-04-22,31.013215,82015324.0,54273126.25
2010-04-23,31.359552,81565324.0,-14111798.4
2010-04-26,31.013112,80065324.0,-46519668.0
2010-04-27,30.669152,78415324.0,-50604100.8
2010-04-28,30.872734,79065324.0,20067277.1
2010-04-29,31.282119,78465324.0,-18769271.400000002
2010-04-30,30.889179,77915324.0,-16989048.45
2010-05-03,31.066036,77165324.0,-23299527.0
2010-05-04,30.832506,80665324.0,107913771.0
2010-05-05,30.935127,86065324.0,167049685.8
2010-05-06,30.137483,87515324.0,43699350.35
2010-05-07,29.727271,86915324.0,-17836362.599999998
2010-05-10,30.532982,86965324.0,1526649.1
2010-05-11,30.48048,86065324.0,-27432432.0
2010-05-12,30.709386,85415324.0,-19961100.9
2010-05-13,30.417169,82315324.0,-94293223.9
2010-05-14,29.94766,81715324.0,-17968596.0
2010-05-17,29.975339,78465324.0,-97419851.75
2010-05-18,29.746048,79465324.0,29746048.0
2010-05-19,29.706891,78865324.0,-17824134.599999998
2010-05-20,28.717469,79515324.0,18666354.85
2010-05-21,28.794492,83365324.0,110858794.2
2010-05-24,28.728486,80215324.0,-90494730.9
2010-05-25,28.586249,79615324.0,-17151749.4
2010-05-26,28.425467,83965324.0,123650781.45
2010-05-27,29.008586,85015324.0,30459015.3
2010-05-28,28.827033,83565324.0,-41799197.85
2010-06-01,28.528184,82715324.0,-24248956.4
2010-06-02,29.199095,79765324.0,-86137330.25
2010-06-03,29.335037,83265324.0,102672629.5
2010-06-04,28.463355,82615324.0,-18501180.75
2010-06-07,28.457609,81365324.0,-35572011.25
2010-06-08,28.502478,81815324.0,12826115.1
2010-06-09,28.348936,82565324.0,21261702.0
2010-06-10,28.919188,82565324.0,0.0
2010-06-11,29.182927,83015324.0,13132317.15
2010-06-14,29.23099,83915324.0,26307891.0
2010-06-15,29.722871,81165324.0,-81737895.25
2010-06-16,29.810537,81915324.0,22357902.75
2010-06-17,29.842895,83515324.0,47748632.0
2010-06-18,29.589595,81915324.0,-47343352.0
2010-06-21,29.46672,83065324.0,33886728.0
2010-06-22,29.203448,81165324.0,-55486551.2
2010-06-23,29.130205,81865324.0,20391143.5
2010-06-24,28.895045,90365324.0,245607882.5
2010-06-25,28.945727,92615324.0,65127885.75
2010-06-28,28.955601,95365324.0,79627902.75
2010-06-29,28.411631,96165324.0,22729304.8
2010-06-30,28.189317,93215324.0,-83158485.14999999
2010-07-01,27.951722,89915324.0,-92240682.6
2010-07-02,28.033752,86565324.0,-93913069.2
2010-07-06,28.169761,84765324.0,-50705569.800000004
2010-07-07,28.729547,85215324.0,12928296.15
2010-07-08,28.989128,85565324.0,10146194.8
2010-07-09,29.036164,85565324.0,0.0
2010-07-12,28.990318,85565324.0,0.0
2010-07-13,29.197025,84815324.0,-21897768.75
2010-07-14,29.212138,83265324.0,-45278813.9
2010-07-15,29.315554,83265324.0,0.0
2010-07-16,28.667956,83265324.0,0.0
2010-07-19,28.798859,81365324.0,-54717832.1
2010-07-20,28.732129,81365324.0,0.0
2010-07-21,28.296855,82965324.0,45274968.0
2010-07-22,28.434426,86515324.0,100942212.3
2010-07-23,28.458725,89565324.0,86799111.25
2010-07-26,28.871079,90765324.0,34645294.800000004
2010-07-27,28.87594,93915324.0,90959211.0
2010-07-28,28.477494,95815324.0,54107238.6
2010-07-29,28.473808,95065324.0,-21355356.0
2010-07-30,28.55068,96615324.0,44253554.0
2010-08-02,29.107916,95015324.0,-46572665.6
2010-08-03,29.333525,97915324.0,85067222.5
2010-08-04,29.631539,97765324.0,-4444730.85
2010-08-05,29.609231,97715324.0,-1480461.55
2010-08-06,29.71856,97715324.0,0.0
2010-08-09,29.790774,96815324.0,-26811696.599999998
2010-08-10,29.857717,97165324.0,10450200.950000001
2010-08-11,29.082189,97415324.0,7270547.25
2010-08-12,29.19909,94265324.0,-91977133.5
2010-08-13,29.079774,94265324.0,0.0
2010-08-16,28.963769,94915324.0,18826449.849999998
2010-08-17,29.334858,94815324.0,-2933485.8000000003
2010-08-18,29.299954,96015324.0,35159944.8
2010-08-19,28.812968,96015324.0,0.0
2010-08-20,28.69141,94365324.0,-47340826.5
2010-08-23,28.786864,93015324.0,-38862266.4
2010-08-24,28.201603,92065324.0,-26791522.849999998
2010-08-25,28.469995,88415324.0,-103915481.75
2010-08-26,28.239306,87415324.0,-28239306.0
2010-08-27,28.547876,87415324.0,0.0
2010-08-30,28.23157,89265324.0,52228404.5
2010-08-31,28.114597,88665324.0,-16868758.2
2010-09-01,28.751524,88115324.0,-15813338.2
2010-09-02,28.910659,88065324.0,-1445532.95
2010-09-03,29.175042,98515324.0,304879188.90000004
2010-09-07,29.00519,97865324.0,-18853373.5
2010-09-08,29.149224,97565324.0,-8744767.2
2010-09-09,29.484402,96915324.0,-19164861.3
2010-09-10,29.762906,89915324.0,-208340342.0
2010-09-13,29.812968,90715324.0,23850374.400000002
2010-09-14,29.923645,92215324.0,44885467.5
2010-09-15,30.175197,92765324.0,16596358.35
2010-09-16,30.084316,88165324.0,-138387853.6
2010-09-17,29.937775,86265324.0,-56881772.5
2010-09-20,30.343605,89765324.0,106202617.5
2010-09-21,30.372056,89815324.0,1518602.8
2010-09-22,30.405229,89715324.0,-3040522.9
2010-09-23,30.247781,87815324.0,-57470783.9
2010-09-24,30.663509,89265324.0,44462088.050000004
2010-09-27,30.421254,90115324.0,25858065.900000002
2010-09-28,30.68434,90515324.0,12273736.0
2010-09-29,30.593282,90815324.0,9177984.6
2010-09-30,30.493752,91815324.0,30493752.0
2010-10-01,30.506707,88465324.0,-102197468.45
2010-10-04,30.212157,88115324.0,-10574254.950000001
2010-10-05,30.762997,87365324.0,-23072247.75
2010-10-06,30.654147,87615324.0,7663536.75
2010-10-07,30.681516,86615324.0,-30681516.0
2010-10-08,30.77166,86565324.0,-1538583.0
2010-10-11,30.788529,86465324.0,-3078852.9
2010-10-12,30.861085,86465324.0,0.0
2010-10-13,31.084384,86815324.0,10879534.4
2010-10-14,31.037674,86615324.0,-6207534.8
2010-10-15,31.156367,86615324.0,0.0
2010-10-18,31.422019,85565324.0,-32993119.95
2010-10-19,30.872614,83015324.0,-78725165.7
2010-10-20,31.127172,83015324.0,0.0
2010-10-21,31.228993,83665324.0,20298845.45
2010-10-22,31.251782,84665324.0,31251782.0
2010-10-25,31.399661,85515324.0,26689711.849999998
2010-10-26,31.302876,86815324.0,40693738.800000004
2010-10-27,31.150862,88315324.0,46726293.0
2010-10-28,31.295187,88215324.0,-3129518.6999999997
2010-10-29,31.149209,87815324.0,-12459683.6
2010-11-01,31.207686,87815324.0,0.0
2010-11-02,31.453722,88815324.0,31453722.0
2010-11-03,31.486433,89115324.0,9445929.9
2010-11-04,31.651226,88615324.0,-15825613.0
2010-11-05,31.482304,89065324.0,14167036.799999999
2010-11-08,31.390753,88515324.0,-17264914.15
2010-11-09,31.247919,87015324.0,-46871878.5
2010-11-10,31.257079,87765324.0,23442809.25
2010-11-11,31.315152,86965324.0,-25052121.6
2010-11-12,30.9619,86965324.0,0.0
2010-11-15,30.904302,86965324.0,0.0
2010-11-16,30.50647,87415324.0,13727911.5
2010-11-17,30.544455,86765324.0,-19853895.75
2010-11-18,30.958368,88765324.0,61916736.0
2010-11-19,30.994109,88765324.0,0.0
2010-11-22,30.995141,89715324.0,29445383.95
2010-11-23,30.580608,88515324.0,-36696729.6
2010-11-24,30.831413,88965324.0,13874135.850000001
2010-11-26,30.632175,88565324.0,-12252870.0
2010-11-29,30.531907,91565324.0,91595721.0
2010-11-30,30.283706,90715324.0,-25741150.099999998
2010-12-01,30.854721,90415324.0,-9256416.3
2010-12-02,31.062293,90865324.0,13978031.85
2010-12-03,31.098554,92865324.0,62197108.0
2010-12-06,30.890445,92915324.0,1544522.25
2010-12-07,30.888672,89915324.0,-92666016.0
2010-12-08,30.933554,89265324.0,-20106810.1
2010-12-09,31.004719,88515324.0,-23253539.25
2010-12-10,31.287546,88515324.0,0.0
2010-12-13,31.339296,89165324.0,20370542.400000002
2010-12-14,31.664321,86515324.0,-83910450.65
2010-12-15,31.550579,86365324.0,-4732586.85
2010-12-16,31.777099,86015324.0,-11121984.65
2010-12-17,31.629282,86565324.0,17396105.1
2010-12-20,31.64923,87665324.0,34814153.0
2010-12-21,31.601742,87415324.0,-7900435.5
2010-12-22,31.660555,86615324.0,-25328444.0
2010-12-23,31.658855,86615324.0,0.0
2010-12-27,31.573542,85665324.0,-29994864.9
2010-12-28,31.583093,85465324.0,-6316618.600000001
2010-12-29,31.603429,84065324.0,-44244800.6
2010-12-30,31.517251,85415324.0,42548288.85
2010-12-31,31.475905,85965324.0,17311747.75
2011-01-03,31.802514,87465324.0,47703771.0
2011-01-04,31.913441,85615324.0,-59039865.85
2011-01-05,31.97762,85615324.0,0.0
2011-01-06,32.098209,84865324.0,-24073656.749999996
2011-01-07,32.070536,84965324.0,3207053.5999999996
2011-01-10,31.957716,85015324.0,1597885.8
2011-01-11,32.145376,85015324.0,0.0
2011-01-12,32.311541,85415324.0,12924616.399999999
2011-01-13,32.13987,85415324.0,0.0
2011-01-14,32.17287,85565324.0,4825930.500000001
2011-01-18,32.29684,84615324.0,-30681998.000000004
2011-01-19,32.094427,86015324.0,44932197.800000004
2011-01-20,32.159168,85215324.0,-25727334.400000002
2011-01-21,32.180989,86265324.0,33790038.449999996
2011-01-24,32.169495,87865324.0,51471192.0
2011-01-25,32.157411,88615324.0,24118058.250000004
2011-01-26,32.084562,88265324.0,-11229596.7
2011-01-27,32.184679,87965324.0,-9655403.700000001
2011-01-28,31.613533,87415324.0,-17387443.15
2011-01-31,31.657624,88465324.0,33240505.2
2011-02-01,32.233159,87565324.0,-29009843.1
2011-02-02,32.14848,87965324.0,12859392.0
2011-02-03,32.184013,88415324.0,14482805.85
2011-02-04,32.343347,88715324.0,9703004.1
2011-02-07,32.297959,88815324.0,3229795.9
2011-02-08,32.379046,85015324.0,-123040374.80000001
2011-02-09,32.311836,85015324.0,0.0
2011-02-10,32.342178,85515324.0,16171088.999999998
2011-02-11,32.37156,85815324.0,9711468.0
2011-02-14,32.473748,85815324.0,0.0
2011-02-15,32.449919,86365324.0,17847455.45
2011-02-16,32.618581,86365324.0,0.0
2011-02-17,32.723722,86365324.0,0.0
2011-02-18,32.802749,84365324.0,-65605498.0
2011-02-22,32.307561,83815324.0,-17769158.55
2011-02-23,31.996696,79415324.0,-140785462.4
2011-02-24,32.111544,80015324.0,19266926.400000002
2011-02-25,32.349139,79365324.0,-21026940.35
2011-02-28,32.638553,80365324.0,32638553.0
2011-03-01,32.41846,87265324.0,223687374.00000003
2011-03-02,32.511039,90215324.0,95907565.05
2011-03-03,33.156532,86065324.0,-137599607.79999998
2011-03-04,33.133324,87515324.0,48043319.800000004
2011-03-07,32.849663,88715324.0,39419595.6
2011-03-08,33.071964,89465324.0,24803973.0
2011-03-09,33.119473,89665324.0,6623894.6
2011-03-10,32.590136,89415324.0,-8147534.0
2011-03-11,32.708779,90515324.0,35979656.9
2011-03-14,32.546419,90515324.0,0.0
2011-03-15,32.181706,89215324.0,-41836217.8
2011-03-16,31.600645,90565324.0,42660870.75
2011-03-17,31.978386,85865324.0,-150298414.2
2011-03-18,32.046133,88715324.0,91331479.05
2011-03-21,32.239279,85365324.0,-108001584.65
2011-03-22,32.232859,86365324.0,32232858.999999996
2011-03-23,32.202294,86115324.0,-8050573.500000001
2011-03-24,32.578906,85715324.0,-13031562.400000002
2011-03-25,32.664213,89015324.0,107791902.89999999
2011-03-28,32.653348,89215324.0,6530669.600000001
2011-03-29,32.866679,88765324.0,-14790005.549999999
2011-03-30,33.112307,90965324.0,72847075.4
2011-03-31,33.100748,88965324.0,-66201496.00000001
2011-04-01,33.293991,89165324.0,6658798.199999999
2011-04-04,33.483749,89365324.0,6696749.800000001
2011-04-05,33.322032,94165324.0,159945753.6
2011-04-06,33.387239,95515324.0,45072772.65
2011-04-07,33.335666,98515324.0,100006998.00000001
2011-04-08,33.353876,98465324.0,-1667693.8
2011-04-11,33.510241,93915324.0,-152471596.55
2011-04-12,33.464282,95865324.0,65255349.89999999
2011-04-13,33.452269,96115324.0,8363067.25
2011-04-14,33.604792,93115324.0,-100814376.00000001
2011-04-15,33.914407,94915324.0,61045932.599999994
2011-04-18,33.515467,97415324.0,83788667.5
2011-04-19,33.834655,97365324.0,-1691732.75
2011-04-20,34.139525,98315324.0,32432548.75
2011-04-21,34.253122,97765324.0,-18839217.099999998
2011-04-25,34.301197,97765324.0,0.0
2011-04-26,34.683053,98665324.0,31214747.7
2011-04-27,35.08235,95215324.0,-121034107.5
2011-04-28,35.262532,95915324.0,24683772.4
2011-04-29,35.247223,95365324.0,-19385972.65
2011-05-02,35.605496,101865324.0,231435724.0
2011-05-03,35.504773,110115324.0,292914377.25
2011-05-04,35.478453,110415324.0,10643535.9
2011-05-05,35.253834,113765324.0,118100343.89999999
2011-05-06,35.464834,115165324.0,49650767.6
2011-05-09,35.681027,115915324.0,26760770.25
2011-05-10,35.889147,119565324.0,130995386.55000001
2011-05-11,35.829641,121515324.0,69867799.95
2011-05-12,36.155185,123015324.0,54232777.50000001
2011-05-13,36.088304,124815324.0,64958947.2
2011-05-16,36.124627,127415324.0,93924030.19999999
2011-05-17,36.138057,128415324.0,36138057.0
2011-05-18,36.420626,129115324.0,25494438.2
2011-05-19,36.345201,128765324.0,-12720820.350000001
2011-05-20,36.046903,118815324.0,-358666684.85
2011-05-23,35.693067,116815324.0,-71386134.0
2011-05-24,35.569277,103715324.0,-465957528.7
2011-05-25,35.620852,105765324.0,73022746.6
2011-05-26,35.646508,105465324.0,-10693952.399999999
2011-05-27,35.676396,106815324.0,48163134.599999994
2011-05-31,36.099411,106415324.0,-14439764.400000002
2011-06-01,35.6044,110065324.0,129956060.0
2011-06-02,35.533476,108665324.0,-49746866.4
2011-06-03,35.20069,108665324.0,0.0
2011-06-06,34.978149,109415324.0,26233611.75
2011-06-07,35.060586,109615324.0,7012117.2
2011-06-08,35.089837,112415324.0,98251543.60000001
2011-06-09,35.436307,113865324.0,51382645.15
2011-06-10,34.807987,116115324.0,78317970.75
2011-06-13,34.964916,114465324.0,-57692111.400000006
2011-06-14,35.28146,115165324.0,24697022.000000004
2011-06-15,34.809444,116115324.0,33068971.8
2011-06-16,34.861604,114115324.0,-69723208.0
2011-06-17,34.765514,114415324.0,10429654.200000001
2011-06-20,35.123328,114965324.0,19317830.400000002
2011-06-21,35.338281,117665324.0,95413358.7
2011-06-22,35.118978,117615324.0,-1755948.9
2011-06-23,35.090704,116065324.0,-54390591.2
2011-06-24,34.654798,116565324.0,17327399.0
2011-06-27,34.848606,116615324.0,1742430.2999999998
2011-06-28,35.362618,118615324.0,70725236.0
2011-06-29,35.397273,119265324.0,23008227.45
2011-06-30,35.513535,119265324.0,0.0
2011-07-01,35.965035,117815324.0,-52149300.75
2011-07-05,35.851248,119415324.0,57361996.8
2011-07-06,35.954487,119415324.0,0.0
2011-07-07,35.927656,119665324.0,8981914.0
2011-07-08,35.781899,117065324.0,-93032937.4
2011-07-11,35.275297,116765324.0,-10582589.100000001
2011-07-12,35.294345,115615324.0,-40588496.75
2011-07-13,35.412463,116865324.0,44265578.75
2011-07-14,35.369222,117265324.0,14147688.8
2011-07-15,35.198961,119215324.0,68637973.94999999
2011-07-18,34.921346,119215324.0,0.0
2011-07-19,35.238771,118165324.0,-37000709.55
2011-07-20,35.117238,118965324.0,28093790.4
2011-07-21,35.644434,118015324.0,-33862212.3
2011-07-22,35.593283,120315324.0,81864550.9
2011-07-25,35.211618,118865324.0,-51056846.1
2011-07-26,34.930327,118565324.0,-10479098.1
2011-07-27,34.323695,115765324.0,-96106346.0
2011-07-28,34.276886,113365324.0,-82264526.39999999
2011-07-29,34.132145,112165324.0,-40958574.0
2011-08-01,33.548467,116615324.0,149290678.15
2011-08-02,32.772923,111265324.0,-175335138.04999998
2011-08-03,32.850588,112415324.0,37778176.2
2011-08-04,31.596251,115015324.0,82150252.6
2011-08-05,31.834728,115415324.0,12733891.2
2011-08-08,30.164186,120965324.0,167411232.3
2011-08-09,31.302566,115865324.0,-159643086.6
2011-08-10,29.991079,115965324.0,2999107.9
2011-08-11,31.395905,112865324.0,-97327305.5
2011-08-12,31.641597,109965324.0,-91760631.3
2011-08-15,32.222869,109665324.0,-9666860.700000001
2011-08-16,32.147304,101015324.0,-278074179.59999996
2011-08-17,32.165018,99765324.0,-40206272.50000001
2011-08-18,31.091241,102615324.0,88610036.85
2011-08-19,31.000228,103715324.0,34100250.8
2011-08-22,31.043803,104065324.0,10865331.05
2011-08-23,32.019378,104565324.0,16009689.000000002
2011-08-24,32.389275,105165324.0,19433565.0
2011-08-25,31.835878,105515324.0,11142557.3
2011-08-26,32.248674,104065324.0,-46760577.300000004
2011-08-29,33.072646,104065324.0,0.0
2011-08-30,33.189318,103665324.0,-13275727.2
2011-08-31,33.403507,101665324.0,-66807013.99999999
2011-09-01,33.157578,100165324.0,-49736367.0
2011-09-02,32.428416,99765324.0,-12971366.399999999
2011-09-06,32.507479,99415324.0,-11377617.649999999
2011-09-07,33.30576,118865324.0,647797032.0
2011-09-08,32.934655,121115324.0,74102973.75
2011-09-09,31.967791,122515324.0,44754907.4
2011-09-12,32.086935,124015324.0,48130402.49999999
2011-09-13,32.409867,124815324.0,25927893.599999998
2011-09-14,32.715043,123065324.0,-57251325.25
2011-09-15,33.022788,124315324.0,41278485.0
2011-09-16,32.995354,123765324.0,-18147444.7
2011-09-19,32.700151,123615324.0,-4905022.649999999
2011-09-20,32.985165,124815324.0,39582198.0
2011-09-21,32.131056,126365324.0,49803136.800000004
2011-09-22,31.452345,126765324.0,12580938.0
2011-09-23,31.510431,125315324.0,-45690124.95
2011-09-26,32.012277,126015324.0,22408593.9
2011-09-27,32.480005,127015324.0,32480005.0
2011-09-28,31.921546,127515324.0,15960773.0
2011-09-29,32.154801,129015324.0,48232201.5
2011-09-30,31.744232,128315324.0,-22220962.4
2011-10-03,30.735242,129465324.0,35345528.3
2011-10-04,31.038231,110365324.0,-592830212.1
2011-10-05,31.543438,109165324.0,-37852125.6
2011-10-06,31.899491,113115324.0,126002989.45
2011-10-07,31.854442,112215324.0,-28668997.8
2011-10-10,32.652383,109215324.0,-97957149.0
2011-10-11,32.538826,109915324.0,22777178.2
2011-10-12,32.614916,107915324.0,-65229832.0
2011-10-13,32.59656,108465324.0,17928108.0
2011-10-14,32.880885,106915324.0,-50965371.75
2011-10-17,32.326847,106965324.0,1616342.35
2011-10-18,32.580086,106015324.0,-30951081.700000003
2011-10-19,32.467157,105365324.0,-21103652.05
2011-10-20,32.489472,105665324.0,9746841.6
2011-10-21,33.103773,103765324.0,-62897168.699999996
2011-10-24,33.571948,103565324.0,-6714389.6
2011-10-25,32.907729,121765324.0,598920667.8000001
2011-10-26,33.385108,127415324.0,188625860.20000002
2011-10-27,34.129718,126515324.0,-30716746.199999996
2011-10-28,34.228925,122265324.0,-145472931.25
2011-10-31,33.566392,121815324.0,-15104876.4
2011-11-01,32.900336,122265324.0,14805151.200000001
2011-11-02,33.106305,126315324.0,134080535.25
2011-11-03,33.494493,125765324.0,-18421971.15
2011-11-04,33.225607,129465324.0,122934745.89999999
2011-11-07,33.615635,129915324.0,15127035.749999998
2011-11-08,33.969113,130815324.0,30572201.7
2011-11-09,33.029172,131615324.0,26423337.6
2011-11-10,33.488038,129165324.0,-82045693.10000001
2011-11-11,34.053019,129815324.0,22134462.349999998
2011-11-14,33.824303,132665324.0,96399263.55
2011-11-15,33.892088,132665324.0,0.0
2011-11-16,33.29513,131465324.0,-39954156.0
2011-11-17,32.913251,127415324.0,-133298666.55000001
2011-11-18,32.84438,126615324.0,-26275504.0
2011-11-21,32.215682,127565324.0,30604897.900000002
2011-11-22,32.289073,127265324.0,-9686721.9
2011-11-23,31.791848,126715324.0,-17485516.400000002
2011-11-25,31.68302,127215324.0,15841510.0
2011-11-28,32.541285,126915324.0,-9762385.5
2011-11-29,32.684587,129465324.0,83345696.85
2011-11-30,33.902182,129465324.0,0.0
2011-12-01,33.931703,131065324.0,54290724.8
2011-12-02,33.508005,130515324.0,-18429402.75
2011-12-05,33.568198,129665324.0,-28532968.3
2011-12-06,33.72252,111115324.0,-625552746.0
2011-12-07,33.933235,109165324.0,-66169808.25000001
2011-12-08,33.337257,112165324.0,100011771.0
2011-12-09,33.797018,108915324.0,-109840308.5
2011-12-12,33.404501,108915324.0,0.0
2011-12-13,33.386436,109365324.0,15023896.200000001
2011-12-14,33.311292,109365324.0,0.0
2011-12-15,33.682904,109715324.0,11789016.4
2011-12-16,33.498345,109915324.0,6699669.0
2011-12-19,33.39813,108615324.0,-43417569.0
2011-12-20,34.102912,102115324.0,-221668928.00000003
2011-12-21,34.352544,102615324.0,17176272.0
2011-12-22,34.557278,101765324.0,-29373686.299999997
2011-12-23,34.830911,102315324.0,19157001.05
2011-12-27,34.869584,101315324.0,-34869584.0
2011-12-28,34.458524,101015324.0,-10337557.2
2011-12-29,34.785825,100315324.0,-24350077.5
2011-12-30,34.679311,98065324.0,-78028449.75
2012-01-03,35.161797,98065324.0,0.0
2012-01-04,34.99,104015324.0,208190500.0
2012-01-05,35.070488,104515324.0,17535244.0
2012-01-06,35.101105,110215324.0,200076298.49999997
2012-01-09,35.179983,109915324.0,-10553994.9
2012-01-10,35.486746,113565324.0,129526622.89999999
2012-01-11,35.503237,115415324.0,65680988.449999996
2012-01-12,35.579247,115265324.0,-5336887.050000001
2012-01-13,35.434765,115265324.0,0.0
2012-01-17,35.670386,115065324.0,-7134077.2
2012-01-18,35.853349,114565324.0,-17926674.5
2012-01-19,35.858976,112965324.0,-57374361.599999994
2012-01-20,35.873352,112965324.0,0.0
2012-01-23,35.698549,113415324.0,16064347.05
2012-01-24,35.720113,112115324.0,-46436146.9
2012-01-25,35.966339,111615324.0,-17983169.5
2012-01-26,35.815418,111365324.0,-8953854.5
2012-01-27,35.821804,110715324.0,-23284172.6
2012-01-30,35.784356,110715324.0,0.0
2012-01-31,35.774639,112815324.0,75126741.9
2012-02-01,36.16679,113015324.0,7233358.0
2012-02-02,36.015264,109665324.0,-120651134.4
2012-02-03,36.207035,109315324.0,-12672462.25
2012-02-06,36.051657,108815324.0,-18025828.5
2012-02-07,36.154703,109315324.0,18077351.5
2012-02-08,36.110318,108015324.0,-46943413.4
2012-02-09,35.953435,108115324.0,3595343.5
2012-02-10,35.850881,108215324.0,3585088.1
2012-02-13,36.091319,108015324.0,-7218263.8
2012-02-14,36.211964,107215324.0,-28969571.200000003
2012-02-15,36.126631,107215324.0,0.0
2012-02-16,36.364363,106365324.0,-30909708.549999997
2012-02-17,36.22474,106965324.0,21734844.0
2012-02-21,35.988881,107515324.0,19793884.55
2012-02-22,35.993092,106615324.0,-32393782.799999997
2012-02-23,36.013264,108265324.0,59421885.6
2012-02-24,36.186484,108315324.0,1809324.2
2012-02-27,36.22125,107065324.0,-45276562.5
2012-02-28,36.403545,110465324.0,123772053.0
2012-02-29,36.21903,110715324.0,9054757.5
2012-03-01,36.382042,109515324.0,-43658450.4
2012-03-02,36.316338,109515324.0,0.0
2012-03-05,36.255049,111115324.0,58008078.4
2012-03-06,35.74998,106915324.0,-150149916.0
2012-03-07,35.88898,106415324.0,-17944490.0
2012-03-08,36.324313,105915324.0,-18162156.5
2012-03-09,36.473352,105665324.0,-9118338.0
2012-03-12,36.446405,104865324.0,-29157124.0
2012-03-13,36.985384,107365324.0,92463460.00000001
2012-03-14,36.97884,108715324.0,49921434.0
2012-03-15,37.046052,108715324.0,0.0
2012-03-16,36.831392,110165324.0,53405518.4
2012-03-19,36.83437,108165324.0,-73668740.0
2012-03-20,36.664545,108815324.0,23831954.249999996
2012-03-21,36.622464,109165324.0,12817862.4
2012-03-22,36.524165,108615324.0,-20088290.750000004
2012-03-23,36.606881,107915324.0,-25624816.7
2012-03-26,37.23565,107915324.0,0.0
2012-03-27,37.339773,109965324.0,76546534.65
2012-03-28,37.248938,110265324.0,11174681.4
2012-03-29,37.336155,109465324.0,-29868924.0
2012-03-30,37.615979,109465324.0,0.0
2012-04-02,37.764402,110915324.0,54758382.9
2012-04-03,37.778541,111565324.0,24556051.65
2012-04-04,37.506209,111015324.0,-20628414.95
2012-04-05,37.523481,110065324.0,-35647306.949999996
2012-04-09,37.031355,110015324.0,-1851567.75
2012-04-10,36.612244,109665324.0,-12814285.399999999
2012-04-11,36.742911,110815324.0,42254347.65
2012-04-12,36.953506,110465324.0,-12933727.1
2012-04-13,36.596231,109365324.0,-40255854.1
2012-04-16,36.597959,108615324.0,-27448469.250000004
2012-04-17,37.122102,109065324.0,16704945.899999999
2012-04-18,37.026096,108715324.0,-12959133.600000001
2012-04-19,37.099,110365324.0,61213349.99999999
2012-04-20,37.291017,110265324.0,-3729101.6999999997
2012-04-23,36.998281,112015324.0,64746991.75
2012-04-24,37.131482,111315324.0,-25992037.4
2012-04-25,37.515589,110615324.0,-26260912.3
2012-04-26,37.486295,115215324.0,172436957.0
2012-04-27,37.546317,116665324.0,54442159.650000006
2012-04-30,37.514774,116965324.0,11254432.200000001
2012-05-01,37.627896,117065324.0,3762789.6
2012-05-02,37.58495,115215324.0,-69532157.5
2012-05-03,37.435354,115315324.0,3743535.3999999994
2012-05-04,36.950987,115315324.0,0.0
2012-05-07,37.023185,115365324.0,1851159.25
2012-05-08,37.077869,114465324.0,-33370082.1
2012-05-09,36.777361,114215324.0,-9194340.25
2012-05-10,37.057921,114365324.0,5558688.15
2012-05-11,37.018584,115565324.0,44422300.8
2012-05-14,36.867933,115565324.0,0.0
2012-05-15,36.668632,116965324.0,51336084.800000004
2012-05-16,36.73138,119015324.0,75299329.0
2012-05-17,36.370289,119365324.0,12729601.15
2012-05-18,36.073509,119965324.0,21644105.400000002
2012-05-21,36.417626,119215324.0,-27313219.5
2012-05-22,36.354316,121315324.0,76344063.6
2012-05-23,36.134356,122415324.0,39747791.599999994
2012-05-24,36.460506,120565324.0,-67451936.10000001
2012-05-25,36.415571,120065324.0,-18207785.5
2012-05-29,36.549473,121015324.0,34721999.35
2012-05-30,36.278599,118165324.0,-103394007.15
2012-05-31,36.145473,117915324.0,-9036368.25
2012-06-01,35.506075,116915324.0,-35506075.0
2012-06-04,35.630773,114865324.0,-73043084.64999999
2012-06-05,35.818761,111315324.0,-127156601.55000001
2012-06-06,36.323402,111515324.0,7264680.4
2012-06-07,36.331144,111515324.0,0.0
2012-06-08,36.59873,111615324.0,3659873.0000000005
2012-06-11,36.277712,112565324.0,34463826.4
2012-06-12,36.590764,109715324.0,-104283677.4
2012-06-13,36.578692,109915324.0,7315738.399999999
2012-06-14,37.074629,113865324.0,146444784.55
2012-06-15,37.102665,117565324.0,137279860.5
2012-06-18,37.274748,118315324.0,27956061.0
2012-06-19,37.637848,119965324.0,62102449.199999996
2012-06-20,37.548363,121715324.0,65709635.25
2012-06-21,37.020022,117965324.0,-138825082.5
2012-06-22,37.40914,118465324.0,18704570.0
2012-06-25,36.954913,119965324.0,55432369.5
2012-06-26,37.064496,122015324.0,75982216.8
2012-06-27,37.463135,124115324.0,78672583.5
2012-06-28,37.337581,127265324.0,117613380.15
2012-06-29,38.023007,122765324.0,-171103531.5
2012-07-02,38.137055,122365324.0,-15254821.999999998
2012-07-03,38.121141,123365324.0,38121141.0
2012-07-05,37.908322,123615324.0,9477080.5
2012-07-06,37.63294,123615324.0,0.0
2012-07-09,37.867256,122965324.0,-24613716.4
2012-07-10,37.636467,120665324.0,-86563874.10000001
2012-07-11,37.61439,122665324.0,75228780.0
2012-07-12,37.700194,123915324.0,47125242.50000001
2012-07-13,38.140073,123915324.0,0.0
2012-07-16,38.187604,124415324.0,19093802.0
2012-07-17,38.689142,125265324.0,32885770.699999996
2012-07-18,38.769097,128365324.0,120184200.7
2012-07-19,38.758175,127715324.0,-25192813.75
2012-07-20,38.215057,127065324.0,-24839787.05
2012-07-23,37.813649,127965324.0,34032284.1
2012-07-24,37.391451,128315324.0,13087007.850000001
2012-07-25,37.528051,127965324.0,-13134817.85
2012-07-26,37.91656,127965324.0,0.0
2012-07-27,38.843279,127365324.0,-23305967.400000002
2012-07-30,38.642731,128015324.0,25117775.15
2012-07-31,38.393762,127065324.0,-36474073.900000006
2012-08-01,38.39891,127115324.0,1919945.5
2012-08-02,38.028369,127115324.0,0.0
2012-08-03,38.502926,127115324.0,0.0
2012-08-06,38.480983,127815324.0,26936688.1
2012-08-07,38.433476,127165324.0,-24981759.4
2012-08-08,38.563313,126565324.0,-23137987.8
2012-08-09,38.537879,126565324.0,0.0
2012-08-10,38.709007,126215324.0,-13548152.45
2012-08-13,38.584531,126215324.0,0.0
2012-08-14,38.701034,125765324.0,-17415465.3
2012-08-15,38.80677,125615324.0,-5821015.5
2012-08-16,38.68699,125615324.0,0.0
2012-08-17,38.479125,125515324.0,-3847912.5000000005
2012-08-20,38.575963,123115324.0,-92582311.2
2012-08-21,38.454134,122715324.0,-15381653.600000001
2012-08-22,38.455736,121465324.0,-48069670.0
2012-08-23,38.407403,120365324.0,-42248143.300000004
2012-08-24,38.765498,119865324.0,-19382749.0
2012-08-27,38.765383,119865324.0,0.0
2012-08-28,38.705224,121515324.0,63863619.6
2012-08-29,38.83987,121215324.0,-11651961.0
2012-08-30,38.701062,121315324.0,3870106.2
2012-08-31,38.805629,122215324.0,34925066.1
2012-09-04,38.908854,122215324.0,0.0
2012-09-05,38.916204,123515324.0,50591065.2
2012-09-06,39.557391,124215324.0,27690173.700000003
2012-09-07,39.545505,124865324.0,25704578.25
2012-09-10,39.38829,125215324.0,13785901.5
2012-09-11,39.391546,125215324.0,0.0
2012-09-12,39.404704,125865324.0,25613057.6
2012-09-13,39.840373,125865324.0,0.0
2012-09-14,39.695493,124615324.0,-49619366.25
2012-09-17,39.893092,120665324.0,-157577713.4
2012-09-18,40.014464,120315324.0,-14005062.399999999
2012-09-19,40.065721,120515324.0,8013144.200000001
2012-09-20,40.226857,118965324.0,-62351628.35
2012-09-21,40.216972,118315324.0,-26141031.8
2012-09-24,40.280519,120465324.0,86603115.85
2012-09-25,40.261536,122215324.0,70457688.0
2012-09-26,40.053536,122465324.0,10013384.0
2012-09-27,40.301082,124715324.0,90677434.5
2012-09-28,40.126988,125165324.0,18057144.599999998
2012-10-01,40.364264,126115324.0,38346050.8
2012-10-02,40.56779,126815324.0,28397453.0
2012-10-03,40.863902,129865324.0,124634901.10000001
2012-10-04,41.127544,131115324.0,51409430.0
2012-10-05,41.180611,132615324.0,61770916.5
2012-10-08,41.128187,131065324.0,-63748689.849999994
2012-10-09,40.628939,132465324.0,56880514.6
2012-10-10,40.328748,131665324.0,-32262998.4
2012-10-11,40.37667,131315324.0,-14131834.499999998
2012-10-12,40.331908,131815324.0,20165954.0
2012-10-15,40.880029,131815324.0,0.0
2012-10-16,41.311016,136065324.0,175571818.0
2012-10-17,41.318886,137265324.0,49582663.199999996
2012-10-18,41.329578,137265324.0,0.0
2012-10-19,40.646858,138265324.0,40646858.0
2012-10-22,40.654777,137815324.0,-18294649.650000002
2012-10-23,40.083519,136565324.0,-50104398.75
2012-10-24,40.132965,135365324.0,-48159558.0
2012-10-25,40.466048,135365324.0,0.0
2012-10-26,40.307552,135165324.0,-8061510.4
2012-10-29,40.307359,135165324.0,0.0
2012-10-30,40.307165,135165324.0,0.0
2012-10-31,40.012831,135165324.0,0.0
2012-11-01,40.350246,136765324.0,64560393.599999994
2012-11-02,40.106016,136765324.0,0.0
2012-11-05,40.168155,136765324.0,0.0
2012-11-06,40.236121,137665324.0,36212508.9
2012-11-07,39.508559,137265324.0,-15803423.6
2012-11-08,39.054824,136315324.0,-37102082.800000004
2012-11-09,39.184137,136365324.0,1959206.85
2012-11-12,39.355268,137465324.0,43290794.800000004
2012-11-13,39.205381,141565324.0,160742062.10000002
2012-11-14,38.750355,142265324.0,27125248.5
2012-11-15,38.660111,142265324.0,0.0
2012-11-16,38.94173,142265324.0,0.0
2012-11-19,39.351408,142465324.0,7870281.6
2012-11-20,39.562188,144365324.0,75168157.2
2012-11-21,39.575149,146665324.0,91022842.7
2012-11-23,40.031279,146665324.0,0.0
2012-11-26,39.841563,146665324.0,0.0
2012-11-27,39.611302,146365324.0,-11883390.600000001
2012-11-28,39.923951,138865324.0,-299429632.5
2012-11-29,40.176685,138115324.0,-30132513.75
2012-11-30,40.234651,139615324.0,60351976.5
2012-12-03,40.143203,140115324.0,20071601.5
2012-12-04,40.219774,143615324.0,140769209.0
2012-12-05,40.372872,144415324.0,32298297.6
2012-12-06,40.370451,145765324.0,54500108.85
2012-12-07,40.484689,145765324.0,0.0
2012-12-10,40.642438,145765324.0,0.0
2012-12-11,41.063673,144815324.0,-39010489.35
2012-12-12,41.00219,145615324.0,32801752.0
2012-12-13,40.664438,146265324.0,26431884.7
2012-12-14,40.515447,145565324.0,-28360812.900000002
2012-12-17,40.815348,143715324.0,-75508393.8
2012-12-18,41.145147,142915324.0,-32916117.6
2012-12-19,40.6992,143165324.0,10174800.0
2012-12-20,40.755827,141265324.0,-77436071.3
2012-12-21,40.203949,140915324.0,-14071382.15
2012-12-24,40.080799,140715324.0,-8016159.8
2012-12-26,39.912089,140015324.0,-27938462.3
2012-12-27,39.871656,139215324.0,-31897324.8
2012-12-28,39.454401,139515324.0,11836320.299999999
2012-12-31,39.930773,139515324.0,0.0
2013-01-02,40.681622,135515324.0,-162726488.0
2013-01-03,40.719341,135515324.0,0.0
2013-01-04,40.906008,134965324.0,-22498304.4
2013-01-07,41.044695,134965324.0,0.0
2013-01-08,41.043387,135565324.0,24626032.200000003
2013-01-09,41.486211,134215324.0,-56006384.849999994
2013-01-10,41.797245,134415324.0,8359448.999999999
2013-01-11,41.729371,133265324.0,-47988776.65
2013-01-14,41.820142,133265324.0,0.0
2013-01-15,41.755902,133765324.0,20877951.0
2013-01-16,41.700667,134415324.0,27105433.55
2013-01-17,42.044974,134765324.0,14715740.9
2013-01-18,42.199642,135065324.0,12659892.6
2013-01-22,42.318308,135465324.0,16927323.2
2013-01-23,42.251869,135765324.0,12675560.7
2013-01-24,42.538138,136915324.0,48918858.699999996
2013-01-25,42.859653,141315324.0,188582473.20000002
2013-01-28,42.693769,141065324.0,-10673442.25
2013-01-29,43.165242,139965324.0,-47481766.199999996
2013-01-30,43.047355,139465324.0,-21523677.5
2013-01-31,42.892968,139065324.0,-17157187.200000003
2013-02-01,43.249232,137865324.0,-51899078.4
2013-02-04,42.757472,138565324.0,29930230.4
2013-02-05,43.266453,137765324.0,-34613162.4
2013-02-06,43.241105,138015324.0,10810276.25
2013-02-07,43.086418,137015324.0,-43086418.0
2013-02-08,43.385449,136415324.0,-26031269.400000002
2013-02-11,43.309481,137015324.0,25985688.599999998
2013-02-12,43.243805,137015324.0,0.0
2013-02-13,43.230505,137365324.0,15130676.75
2013-02-14,43.308721,137365324.0,0.0
2013-02-15,43.401864,137365324.0,0.0
2013-02-19,43.684332,140065324.0,117947696.39999999
2013-02-20,43.394444,141015324.0,41224721.8
2013-02-21,43.206893,140715324.0,-12962067.9
2013-02-22,43.403578,140765324.0,2170178.9000000004
2013-02-25,42.880496,142765324.0,85760992.0
2013-02-26,42.999006,143315324.0,23649453.3
2013-02-27,43.494716,144215324.0,39145244.4
2013-02-28,43.438413,145165324.0,41266492.349999994
2013-03-01,43.763648,145415324.0,10940912.0
2013-03-04,44.021121,144915324.0,-22010560.5
2013-03-05,44.414126,145315324.0,17765650.400000002
2013-03-06,44.498576,146365324.0,46723504.8
2013-03-07,44.444166,146715324.0,15555458.100000001
2013-03-08,44.556245,147515324.0,35644996.0
2013-03-11,44.766852,147565324.0,2238342.6
2013-03-12,44.948036,149365324.0,80906464.8
2013-03-13,44.968353,148615324.0,-33726264.75
2013-03-14,45.049432,148865324.0,11262358.0
2013-03-15,44.714876,150015324.0,51422107.4
2013-03-18,44.456005,151465324.0,64461207.25
2013-03-19,44.457494,152165324.0,31120245.799999997
2013-03-20,44.84352,151965324.0,-8968704.0
2013-03-21,44.601839,153065324.0,49062022.9
2013-03-22,44.926298,154865324.0,80867336.4
2013-03-25,44.778635,155265324.0,17911454.0
2013-03-26,45.332934,154215324.0,-47599580.7
2013-03-27,45.556179,153815324.0,-18222471.6
2013-03-28,46.001183,155165324.0,62101597.05
2013-04-01,46.096952,155415324.0,11524238.0
2013-04-02,46.750923,156115324.0,32725646.1
2013-04-03,46.484455,155415324.0,-32539118.499999996
2013-04-04,46.668689,154915324.0,-23334344.5
2013-04-05,46.381185,156365324.0,67252718.25
2013-04-08,46.450331,156815324.0,20902648.95
2013-04-09,46.612511,157265324.0,20975629.95
2013-04-10,47.390249,158015324.0,35542686.75
2013-04-11,47.855086,158465324.0,21534788.7
2013-04-12,47.917637,159265324.0,38334109.6
2013-04-15,47.030349,158515324.0,-35272761.75
2013-04-16,47.724801,157715324.0,-38179840.8
2013-04-17,47.51489,160865324.0,149671903.5
2013-04-18,46.924452,166965324.0,286239157.2
2013-04-19,47.62967,166015324.0,-45248186.5
2013-04-22,47.890187,166315324.0,14367056.1
2013-04-23,48.180919,166565324.0,12045229.75
2013-04-24,47.370232,166915324.0,16579581.200000001
2013-04-25,47.552246,168215324.0,61817919.8
2013-04-26,47.536496,169015324.0,38029196.8
2013-04-29,47.708527,168215324.0,-38166821.599999994
2013-04-30,47.324448,168465324.0,11831112.0
2013-05-01,46.857567,168565324.0,4685756.7
2013-05-02,47.359066,166715324.0,-87614272.1
2013-05-03,47.674755,165915324.0,-38139804.0
2013-05-06,47.37436,165915324.0,0.0
2013-05-07,47.504717,160215324.0,-270776886.9
2013-05-08,47.665867,151315324.0,-424226216.3
2013-05-09,47.714363,142165324.0,-436586421.45
2013-05-10,48.23108,143265324.0,53054188.0
2013-05-13,48.572818,143665324.0,19429127.2
2013-05-14,49.064254,146815324.0,154552400.1
2013-05-15,49.329467,148015324.0,59195360.4
2013-05-16,48.824573,145865324.0,-104972831.95
2013-05-17,49.09879,144215324.0,-81013003.5
2013-05-20,48.77759,144515324.0,14633276.999999998
2013-05-21,49.280891,143365324.0,-56673024.65
2013-05-22,49.263425,145365324.0,98526850.0
2013-05-23,49.250387,149815324.0,219164222.15
2013-05-24,49.139797,149315324.0,-24569898.5
2013-05-28,49.583099,147615324.0,-84291268.3
2013-05-29,48.839337,149365324.0,85468839.75
2013-05-30,49.174407,144465324.0,-240954594.3
2013-05-31,48.111929,146565324.0,101035050.9
2013-06-03,48.372276,143215324.0,-162047124.6
2013-06-04,48.037659,143715324.0,24018829.5
2013-06-05,47.385325,138665324.0,-239295891.25
2013-06-06,48.06027,137965324.0,-33642189.0
2013-06-07,48.517316,141765324.0,184365800.8
2013-06-10,48.585523,143265324.0,72878284.5
2013-06-11,48.368489,140615324.0,-128176495.85
2013-06-12,47.886612,140565324.0,-2394330.6
2013-06-13,48.61724,140865324.0,14585172.0
2013-06-14,48.542702,140115324.0,-36407026.5
2013-06-17,48.653319,139715324.0,-19461327.6
2013-06-18,49.068237,139715324.0,0.0
2013-06-19,48.288404,139015324.0,-33801882.8
2013-06-20,47.05654,138815324.0,-9411308.0
2013-06-21,47.246515,139665324.0,40159537.75
2013-06-24,46.889946,143915324.0,199282270.5
2013-06-25,47.085506,145465324.0,72982534.3
2013-06-26,47.797745,144365324.0,-52577519.5
2013-06-27,47.968893,147265324.0,139109789.70000002
2013-06-28,47.564441,147765324.0,23782220.5
2013-07-01,47.771363,147965324.0,9554272.6
2013-07-02,47.64307,140765324.0,-343030104.0
2013-07-03,47.581754,139815324.0,-45202666.3
2013-07-05,48.206377,139815324.0,0.0
2013-07-08,48.478554,139115324.0,-33934987.800000004
2013-07-09,48.608797,137815324.0,-63191436.1
2013-07-10,48.945755,139315324.0,73418632.5
2013-07-11,49.573285,139565324.0,12393321.25
2013-07-12,49.911209,141215324.0,82353494.85
2013-07-15,49.911468,142315324.0,54902614.8
2013-07-16,49.654533,142315324.0,0.0
2013-07-17,49.756427,143315324.0,49756427.0
2013-07-18,49.895407,142115324.0,-59874488.4
2013-07-19,50.575434,144415324.0,116323498.2
2013-07-22,50.80035,144565324.0,7620052.5
2013-07-23,50.625268,146215324.0,83531692.2
2013-07-24,50.561072,143165324.0,-154211269.6
2013-07-25,50.800861,143665324.0,25400430.5
2013-07-26,51.133648,142515324.0,-58803695.2
2013-07-29,50.981608,143415324.0,45883447.2
2013-07-30,50.973443,144065324.0,33132737.950000003
2013-07-31,51.012289,144665324.0,30607373.400000002
2013-08-01,51.325763,144965324.0,15397728.9
2013-08-02,51.363575,146065324.0,56499932.5
2013-08-05,51.278873,146815324.0,38459154.75
2013-08-06,51.050539,145815324.0,-51050539.0
2013-08-07,51.068822,146115324.0,15320646.6
2013-08-08,51.106365,145515324.0,-30663818.999999996
2013-08-09,50.928716,146315324.0,40742972.800000004
2013-08-12,50.712436,146065324.0,-12678109.0
2013-08-13,50.865999,147015324.0,48322699.050000004
2013-08-14,50.482199,146415324.0,-30289319.400000002
2013-08-15,49.659876,145315324.0,-54625863.599999994
2013-08-16,49.390235,143565324.0,-86432911.25
2013-08-19,49.507994,142965324.0,-29704796.4
2013-08-20,49.609799,146615324.0,181075766.35
2013-08-21,49.360553,146815324.0,9872110.600000001
2013-08-22,49.650037,145715324.0,-54615040.699999996
2013-08-23,49.793646,145965324.0,12448411.5
2013-08-26,49.860702,145565324.0,-19944280.8
2013-08-27,49.02384,146265324.0,34316688.0
2013-08-28,49.235893,145765324.0,-24617946.5
2013-08-29,49.392873,146565324.0,39514298.4
2013-08-30,49.247485,146915324.0,17236619.75
2013-09-03,49.543631,146365324.0,-27248997.049999997
2013-09-04,50.10203,144765324.0,-80163248.0
2013-09-05,50.185595,146215324.0,72769112.75
2013-09-06,50.19123,146215324.0,0.0
2013-09-09,50.512733,145965324.0,-12628183.25
2013-09-10,50.819501,145265324.0,-35573650.7
2013-09-11,51.181392,144265324.0,-51181392.0
2013-09-12,51.093265,145665324.0,71530571.0
2013-09-13,51.217293,146065324.0,20486917.2
2013-09-16,51.640499,146415324.0,18074174.65
2013-09-17,51.682921,147515324.0,56851213.1
2013-09-18,52.031951,148315324.0,41625560.8
2013-09-19,51.856071,148215324.0,-5185607.1
2013-09-20,51.535242,148465324.0,12883810.5
2013-09-23,51.1765,148215324.0,-12794125.0
2013-09-24,50.928391,148015324.0,-10185678.2
2013-09-25,50.520504,148015324.0,0.0
2013-09-26,50.690145,148465324.0,22810565.25
2013-09-27,50.720071,148715324.0,12680017.75
2013-09-30,50.584364,147615324.0,-55642800.4
2013-10-01,51.229679,147865324.0,12807419.75
2013-10-02,51.134468,148015324.0,7670170.2
2013-10-03,50.644981,148365324.0,17725743.35
2013-10-04,51.219387,148315324.0,-2560969.35
2013-10-07,50.666035,147815324.0,-25333017.5
2013-10-08,49.911264,148015324.0,9982252.8
2013-10-09,49.831054,147315324.0,-34881737.800000004
2013-10-10,51.009842,148165324.0,43358365.699999996
2013-10-11,51.234503,148715324.0,28178976.65
2013-10-14,51.571378,149615324.0,46414240.2
2013-10-15,51.297903,151365324.0,89771330.25
2013-10-16,52.32175,150615324.0,-39241312.5
2013-10-17,52.773597,150115324.0,-26386798.5
2013-10-18,52.580881,149965324.0,-7887132.149999999
2013-10-21,52.294796,151315324.0,70597974.6
2013-10-22,52.767846,151315324.0,0.0
2013-10-23,52.687159,151965324.0,34246653.35
2013-10-24,52.680345,151765324.0,-10536069.0
2013-10-25,52.751996,150665324.0,-58027195.6
2013-10-28,52.901902,150515324.0,-7935285.3
2013-10-29,53.251295,150915324.0,21300518.0
2013-10-30,52.971187,150115324.0,-42376949.6
2013-10-31,52.742396,149915324.0,-10548479.2
2013-11-01,53.09518,149665324.0,-13273795.0
2013-11-04,53.150456,151465324.0,95670820.8
2013-11-05,52.988735,151515324.0,2649436.75
2013-11-06,52.853598,152815324.0,68709677.39999999
2013-11-07,52.382014,152815324.0,0.0
2013-11-08,53.174103,153015324.0,10634820.6
2013-11-11,53.283227,153215324.0,10656645.399999999
2013-11-12,53.262638,155365324.0,114514671.7
2013-11-13,53.558783,155215324.0,-8033817.45
2013-11-14,54.007219,155565324.0,18902526.65
2013-11-15,54.31328,156265324.0,38019296.0
2013-11-18,54.082688,155715324.0,-29745478.4
2013-11-19,54.13323,156115324.0,21653292.0
2013-11-20,54.273994,156415324.0,16282198.200000001
2013-11-21,54.529576,156665324.0,13632394.0
2013-11-22,55.241076,157315324.0,35906699.4
2013-11-25,55.469009,158715324.0,77656612.6
2013-11-26,55.274084,159265324.0,30400746.2
2013-11-27,55.291931,159615324.0,19352175.849999998
2013-11-29,55.224225,159415324.0,-11044845.0
2013-12-02,55.281553,159115324.0,-16584465.9
2013-12-03,54.827276,160215324.0,60310003.599999994
2013-12-04,54.611914,159815324.0,-21844765.599999998
2013-12-05,54.467151,159815324.0,0.0
2013-12-06,55.219609,160815324.0,55219609.0
2013-12-09,55.323217,161965324.0,63621699.55
2013-12-10,55.082693,162365324.0,22033077.2
2013-12-11,54.191156,161865324.0,-27095578.0
2013-12-12,53.788722,158065324.0,-204397143.6
2013-12-13,53.807864,158765324.0,37665504.800000004
2013-12-16,53.926707,158515324.0,-13481676.75
2013-12-17,53.6903,156465324.0,-110065115.0
2013-12-18,54.968675,155965324.0,-27484337.5
2013-12-19,54.848041,155615324.0,-19196814.35
2013-12-20,54.870406,154515324.0,-60357446.6
2013-12-23,55.094544,151715324.0,-154264723.2
2013-12-24,55.050862,153265324.0,85328836.10000001
2013-12-26,55.417862,152765324.0,-27708931.0
2013-12-27,55.353033,152165324.0,-33211819.8
2013-12-30,55.458503,153265324.0,61004353.3
2013-12-31,55.447902,153515324.0,13861975.5
2014-01-02,55.140449,154565324.0,57897471.449999996
2014-01-03,55.251874,155165324.0,33151124.400000002
2014-01-06,55.044236,155415324.0,13761059.0
2014-01-07,55.601983,157615324.0,122324362.6
2014-01-08,56.095704,156965324.0,-36462207.6
2014-01-09,56.506444,156265324.0,-39554510.800000004
2014-01-10,56.741095,156115324.0,-8511164.25
2014-01-13,56.308915,155365324.0,-42231686.25
2014-01-14,57.028958,155565324.0,11405791.600000001
2014-01-15,56.949117,155515324.0,-2847455.85
2014-01-16,57.07887,153315324.0,-125573514.0
2014-01-17,57.047173,151965324.0,-77013683.55
2014-01-21,57.347568,151815324.0,-8602135.200000001
2014-01-22,57.391549,151115324.0,-40174084.3
2014-01-23,56.979697,151065324.0,-2848984.85
2014-01-24,55.66012,151165324.0,5566012.0
2014-01-27,55.221544,148965324.0,-121487396.8
2014-01-28,55.937243,151865324.0,162218004.70000002
2014-01-29,55.443473,152665324.0,44354778.4
2014-01-30,56.435793,155065324.0,135445903.2
2014-01-31,55.978051,155965324.0,50380245.9
2014-02-03,54.842589,156765324.0,43874071.199999996
2014-02-04,55.399472,157815324.0,58169445.6
2014-02-05,55.090989,157465324.0,-19281846.15
2014-02-06,55.365679,155615324.0,-102426506.15
2014-02-07,56.33928,155115324.0,-28169640.0
2014-02-10,56.835362,155865324.0,42626521.5
2014-02-11,57.587793,155865324.0,0.0
2014-02-12,57.548945,156015324.0,8632341.75
2014-02-13,57.997223,156965324.0,55097361.85
2014-02-14,58.200579,159815324.0,165871650.15
2014-02-18,58.719208,164065324.0,249556634.0
2014-02-19,58.36951,165065324.0,58369510.0
2014-02-20,58.902287,165165324.0,5890228.7
2014-02-21,58.804348,164715324.0,-26461956.599999998
2014-02-24,59.246809,164565324.0,-8887021.35
2014-02-25,59.104616,165615324.0,62059846.8
2014-02-26,59.095468,166265324.0,38412054.199999996
2014-02-27,59.398444,165465324.0,-47518755.199999996
2014-02-28,59.41196,165215324.0,-14852990.0
2014-03-03,59.001584,167615324.0,141603801.6
2014-03-04,60.109372,167565324.0,-3005468.6
2014-03-05,60.00202,167915324.0,21000707.0
2014-03-06,59.605296,172115324.0,250342243.20000002
2014-03-07,59.481313,170465324.0,-98144166.45
2014-03-10,59.711415,169615324.0,-50754702.75
2014-03-11,59.556408,170415324.0,47645126.4
2014-03-12,59.558406,167915324.0,-148896015.0
2014-03-13,58.767564,168915324.0,58767564.0
2014-03-14,58.465428,170615324.0,99391227.60000001
2014-03-17,58.996121,170665324.0,2949806.0500000003
2014-03-18,59.686838,172115324.0,86545915.10000001
2014-03-19,59.473214,173415324.0,77315178.2
2014-03-20,59.464696,172965324.0,-26759113.200000003
2014-03-21,58.340846,172865324.0,-5834084.6
2014-03-24,57.516733,168815324.0,-232942768.65
2014-03-25,57.989979,165615324.0,-185567932.79999998
2014-03-26,58.019099,165165324.0,-26108594.549999997
2014-03-27,57.95004,164965324.0,-11590008.0
2014-03-28,57.724727,163115324.0,-106790744.95
2014-03-31,58.458063,160365324.0,-160759673.25
2014-04-01,58.864811,162515324.0,126559343.65
2014-04-02,59.094383,165815324.0,195011463.9
2014-04-03,58.93626,166565324.0,44202195.0
2014-04-04,58.027272,168115324.0,89942271.60000001
2014-04-07,57.412938,174965324.0,393278625.29999995
2014-04-08,56.956091,173965324.0,-56956091.0
2014-04-09,58.165264,173565324.0,-23266105.6
2014-04-10,56.301458,176465324.0,163274228.2
2014-04-11,55.722739,175665324.0,-44578191.199999996
2014-04-14,56.007015,174565324.0,-61607716.5
2014-04-15,56.609655,174965324.0,22643862.0
2014-04-16,56.91557,174165324.0,-45532456.0
2014-04-17,56.905579,165115324.0,-514995489.95000005
2014-04-18,56.905579,161865324.0,-184943131.75
2014-04-21,57.589443,161865324.0,0.0
2014-04-22,58.190036,162265324.0,23276014.4
2014-04-23,57.908732,161915324.0,-20268056.2
2014-04-24,57.800434,162865324.0,54910412.300000004
2014-04-25,57.375666,163865324.0,57375666.0
2014-04-28,57.712379,164065324.0,11542475.799999999
2014-04-29,58.066379,164565324.0,29033189.5
2014-04-30,58.147337,165515324.0,55239970.15
2014-05-01,58.240397,163665324.0,-107744734.45
2014-05-02,57.795645,162365324.0,-75134338.5
2014-05-05,58.118557,161765324.0,-34871134.2
2014-05-06,57.594329,161565324.0,-11518865.8
2014-05-07,57.772862,161365324.0,-11554572.4
2014-05-08,57.466234,160915324.0,-25859805.3
2014-05-09,57.800852,160915324.0,0.0
2014-05-12,58.403541,160415324.0,-29201770.5
2014-05-13,58.516562,160665324.0,14629140.5
2014-05-14,58.532604,160915324.0,14633151.0
2014-05-15,57.935262,160915324.0,0.0
2014-05-16,58.139576,159115324.0,-104651236.8
2014-05-19,58.510177,159615324.0,29255088.5
2014-05-20,58.147315,159315324.0,-17444194.5
2014-05-21,58.610397,157915324.0,-82054555.8
2014-05-22,58.956983,158265324.0,20634944.05
2014-05-23,59.00581,158265324.0,0.0
2014-05-27,59.338652,158565324.0,17801595.6
2014-05-28,59.170703,158265324.0,-17751210.900000002
2014-05-29,59.623363,158265324.0,0.0
2014-05-30,59.775912,158365324.0,5977591.2
2014-06-02,59.876714,159215324.0,50895206.9
2014-06-03,59.988656,159065324.0,-8998298.4
2014-06-04,60.132589,160465324.0,84185624.60000001
2014-06-05,60.228456,159715324.0,-45171342.0
2014-06-06,60.171537,160215324.0,30085768.5
2014-06-09,59.881113,159565324.0,-38922723.45
2014-06-10,60.004374,160115324.0,33002405.7
2014-06-11,59.976744,160915324.0,47981395.199999996
2014-06-12,59.68541,159715324.0,-71622492.0
2014-06-13,59.671854,159815324.0,5967185.4
2014-06-16,59.74742,158315324.0,-89621130.0
2014-06-17,59.704366,156015324.0,-137320041.8
2014-06-18,60.189888,155715324.0,-18056966.400000002
2014-06-19,60.383206,155915324.0,12076641.200000001
2014-06-20,60.666617,155765324.0,-9099992.55
2014-06-23,60.474517,156615324.0,51403339.449999996
2014-06-24,60.487021,156265324.0,-21170457.349999998
2014-06-25,61.143885,156515324.0,15285971.25
2014-06-26,61.183144,167465324.0,669955426.8
2014-06-27,61.060236,165015324.0,-149597578.20000002
2014-06-30,60.836631,166765324.0,106464104.25
2014-07-01,61.627001,165815324.0,-58545650.95
2014-07-02,62.058681,163665324.0,-133426164.15
2014-07-03,62.31075,161415324.0,-140199187.5
2014-07-07,61.843449,161415324.0,0.0
2014-07-08,61.278349,161415324.0,0.0
2014-07-09,61.510058,161065324.0,-21528520.3
2014-07-10,61.493876,159665324.0,-86091426.4
2014-07-11,61.607751,157965324.0,-104733176.7
2014-07-14,61.82821,158465324.0,30914105.0
2014-07-15,61.275859,158165324.0,-18382757.7
2014-07-16,61.095851,156615324.0,-94698569.05000001
2014-07-17,60.427168,157265324.0,39277659.2
2014-07-18,61.408203,157815324.0,33774511.65
2014-07-21,61.166153,157365324.0,-27524768.85
2014-07-22,61.670159,161665324.0,265181683.7
2014-07-23,62.174261,161015324.0,-40413269.65
2014-07-24,62.071439,159165324.0,-114832162.14999999
2014-07-25,61.844456,158415324.0,-46383342.0
2014-07-28,61.909924,157965324.0,-27859465.799999997
2014-07-29,61.904087,161765324.0,235235530.6
2014-07-30,62.168377,159665324.0,-130553591.7
2014-07-31,60.911719,157965324.0,-103549922.3
2014-08-01,60.898666,155015324.0,-179651064.7
2014-08-04,61.188997,158315324.0,201923690.1
2014-08-05,60.64416,161865324.0,215286768.0
2014-08-06,60.567376,165865324.0,242269504.0
2014-08-07,59.846613,171665324.0,347110355.4
2014-08-08,60.528456,168965324.0,-163426831.2
2014-08-11,60.527849,170165324.0,72633418.8
2014-08-12,60.459078,169615324.0,-33252492.9
2014-08-13,61.164016,169415324.0,-12232803.2
2014-08-14,61.886321,170015324.0,37131792.6
2014-08-15,61.955634,170715324.0,43368943.800000004
2014-08-18,62.430178,169965324.0,-46822633.5
2014-08-19,62.840763,169615324.0,-21994267.05
2014-08-20,62.850893,170165324.0,34567991.15
2014-08-21,62.920984,170165324.0,0.0
2014-08-22,62.975207,170515324.0,22041322.45
2014-08-25,63.42583,169915324.0,-38055498.0
2014-08-26,63.685152,169765324.0,-9552772.8
2014-08-27,63.686297,169965324.0,12737259.4
2014-08-28,63.603535,169965324.0,0.0
2014-08-29,63.86486,170415324.0,28739187.0
2014-09-02,63.876893,170715324.0,19163067.900000002
2014-09-03,64.13976,171165324.0,28862891.999999996
2014-09-04,63.81652,171315324.0,9572478.0
2014-09-05,64.186446,172815324.0,96279669.0
2014-09-08,64.220788,173065324.0,16055197.0
2014-09-09,64.025013,172065324.0,-64025013.0
2014-09-10,64.457748,172465324.0,25783099.2
2014-09-11,64.285585,171965324.0,-32142792.5
2014-09-12,63.83897,172265324.0,19151691.0
2014-09-15,63.632526,171415324.0,-54087647.1
2014-09-16,64.488813,173915324.0,161222032.49999997
2014-09-17,64.543304,174065324.0,9681495.600000001
2014-09-18,65.048531,174015324.0,-3252426.55
2014-09-19,64.881344,173515324.0,-32440672.0
2014-09-22,64.515268,173415324.0,-6451526.800000001
2014-09-23,64.148824,173665324.0,16037206.000000002
2014-09-24,65.230739,173565324.0,-6523073.9
2014-09-25,64.198281,174265324.0,44938796.699999996
2014-09-26,64.399707,174615324.0,22539897.450000003
2014-09-29,64.286823,174265324.0,-22500388.05
2014-09-30,63.90451,174115324.0,-9585676.5
2014-10-01,63.270598,174665324.0,34798828.9
2014-10-02,63.129409,175165324.0,31564704.5
2014-10-03,64.377655,174865324.0,-19313296.5
2014-10-06,64.121488,177265324.0,153891571.2
2014-10-07,63.112705,109515324.0,-4275885763.75
2014-10-08,64.699141,177265324.0,4383366802.75
2014-10-09,63.414431,176665324.0,-38048658.6
2014-10-10,62.979699,177765324.0,69277668.89999999
2014-10-13,61.474449,177715324.0,-3073722.45
2014-10-14,61.009767,177415324.0,-18302930.099999998
2014-10-15,60.524874,175715324.0,-102892285.8
2014-10-16,60.225004,176765324.0,63236254.199999996
2014-10-17,61.191897,167915324.0,-541548288.4499999
2014-10-20,61.921258,165465324.0,-151707082.1
2014-10-21,63.562275,167465324.0,127124550.0
2014-10-22,63.215139,169065324.0,101144222.4
2014-10-23,64.316055,168765324.0,-19294816.5
2014-10-24,65.204153,168665324.0,-6520415.300000001
2014-10-27,65.284072,169965324.0,84869293.6
2014-10-28,65.761702,171965324.0,131523404.0
2014-10-29,65.780185,171865324.0,-6578018.5
2014-10-30,66.968957,173065324.0,80362748.4
2014-10-31,67.311266,173515324.0,30290069.700000003
2014-11-03,67.331171,175815324.0,154861693.29999998
2014-11-04,67.386713,176315324.0,33693356.5
2014-11-05,67.302195,177315324.0,67302195.0
2014-11-06,67.686731,177515324.0,13537346.2
2014-11-07,67.043399,178865324.0,90508588.64999999
2014-11-10,67.720279,176015324.0,-193002795.15
2014-11-11,67.958171,177015324.0,67958171.0
2014-11-12,67.866554,179515324.0,169666384.99999997
2014-11-13,67.79974,179515324.0,0.0
2014-11-14,67.240126,179515324.0,0.0
2014-11-17,67.576689,177915324.0,-108122702.4
2014-11-18,68.649502,178665324.0,51487126.5
2014-11-19,68.283441,181865324.0,218507011.2
2014-11-20,68.008919,181865324.0,0.0
2014-11-21,68.327429,182915324.0,71743800.44999999
2014-11-24,68.648627,181765324.0,-78945921.05000001
2014-11-25,68.69828,180515324.0,-85872850.0
2014-11-26,69.18084,181315324.0,55344672.0
2014-11-28,69.58308,181315324.0,0.0
2014-12-01,69.445293,181315324.0,0.0
2014-12-02,70.205902,182615324.0,91267672.6
2014-12-03,70.332929,180165324.0,-172315676.04999998
2014-12-04,70.24595,181365324.0,84295139.99999999
2014-12-05,70.783466,181365324.0,0.0
2014-12-08,71.014694,181315324.0,-3550734.7
2014-12-09,70.749765,181865324.0,38912370.75
2014-12-10,69.632624,182815324.0,66150992.800000004
2014-12-11,69.854939,181765324.0,-73347685.95
2014-12-12,68.724077,181765324.0,0.0
2014-12-15,68.200253,181415324.0,-23870088.55
2014-12-16,67.328055,180165324.0,-84160068.75000001
2014-12-17,68.602635,181565324.0,96043689.00000001
2014-12-18,70.493538,182465324.0,63444184.2
2014-12-19,70.520972,184765324.0,162198235.6
2014-12-22,69.7088,184715324.0,-3485440.0
2014-12-23,68.181102,181665324.0,-207952361.1
2014-12-24,68.631753,174865324.0,-466695920.40000004
2014-12-26,69.149459,175615324.0,51862094.24999999
2014-12-29,69.335249,175965324.0,24267337.150000002
2014-12-30,69.085144,175315324.0,-44905343.6
2014-12-31,68.409912,175615324.0,20522973.6
2015-01-02,68.677451,173565324.0,-140788774.55
2015-01-05,68.255398,173315324.0,-17063849.5
2015-01-06,68.074365,173615324.0,20422309.5
2015-01-07,69.62351,171965324.0,-114878791.5
2015-01-08,70.821521,174815324.0,201841334.85000002
2015-01-09,70.249694,186115324.0,793821542.2
2015-01-12,70.198184,185215324.0,-63178365.6
2015-01-13,69.896151,184165324.0,-73390958.55
2015-01-14,69.828706,185665324.0,104743059.0
2015-01-15,69.084309,183915324.0,-120897540.75000001
2015-01-16,70.406284,183015324.0,-63365655.6
2015-01-20,70.355916,183515324.0,35177958.0
2015-01-21,70.439881,181865324.0,-116225803.65
2015-01-22,71.333951,182165324.0,21400185.3
2015-01-23,70.998713,183665324.0,106498069.5
2015-01-26,71.315258,187565324.0,278129506.2
2015-01-27,70.786183,188915324.0,95561347.05
2015-01-28,69.752796,187815324.0,-76728075.60000001
2015-01-29,70.335464,187915324.0,7033546.4
2015-01-30,69.258588,187765324.0,-10388788.200000001
2015-02-02,69.685087,186965324.0,-55748069.599999994
2015-02-03,70.137973,184965324.0,-140275946.0
2015-02-04,69.246724,184215324.0,-51935043.0
2015-02-05,70.382593,180965324.0,-228743427.25
2015-02-06,69.791036,181515324.0,38385069.800000004
2015-02-09,69.005015,182465324.0,65554764.25
2015-02-10,70.097928,180465324.0,-140195856.0
2015-02-11,70.197379,181365324.0,63177641.1
2015-02-12,70.434068,182665324.0,91564288.39999999
2015-02-13,70.784117,182815324.0,10617617.549999999
2015-02-17,71.232872,182465324.0,-24931505.2
2015-02-18,71.349536,182115324.0,-24972337.6
2015-02-19,71.414619,181265324.0,-60702426.15
2015-02-20,72.198428,183865324.0,187715912.8
2015-02-23,72.4528,183715324.0,-10867920.0
2015-02-24,72.408053,182015324.0,-123093690.1
2015-02-25,72.416726,182265324.0,18104181.5
2015-02-26,72.596613,182565324.0,21778983.900000002
2015-02-27,72.266332,183615324.0,75879648.60000001
2015-03-02,72.880239,182365324.0,-91100298.75
2015-03-03,72.258667,183365324.0,72258667.0
2015-03-04,72.54569,181915324.0,-105191250.49999999
2015-03-05,72.829421,183465324.0,112885602.55
2015-03-06,71.446423,184715324.0,89308028.75
2015-03-09,71.834261,182965324.0,-125709956.75
2015-03-10,71.016383,183265324.0,21304914.900000002
2015-03-11,70.998554,182865324.0,-28399421.599999998
2015-03-12,71.935788,183265324.0,28774315.2
2015-03-13,71.825902,183565324.0,21547770.6
2015-03-16,73.393382,184115324.0,40366360.1
2015-03-17,73.195708,183515324.0,-43917424.8
2015-03-18,74.138872,185015324.0,111208308.00000001
2015-03-19,74.53342,186365324.0,100620117.00000001
2015-03-20,74.913837,187515324.0,86150912.55
2015-03-23,74.700533,190815324.0,246511758.89999998
2015-03-24,74.053895,191215324.0,29621558.0
2015-03-25,72.693102,188915324.0,-167194134.6
2015-03-26,72.505862,189615324.0,50754103.4
2015-03-27,73.047932,192315324.0,197229416.4
2015-03-30,73.77343,194865324.0,188122246.5
2015-03-31,72.708569,196265324.0,101791996.6
2015-04-01,71.822436,194815324.0,-104142532.19999999
2015-04-02,71.985641,195915324.0,79184205.1
2015-04-06,72.083577,192365324.0,-255896698.35000002
2015-04-07,72.267277,191465324.0,-65040549.300000004
2015-04-08,72.878628,192315324.0,61946833.800000004
2015-04-09,73.440986,193715324.0,102817380.39999999
2015-04-10,74.059392,193415324.0,-22217817.6
2015-04-13,73.633321,194665324.0,92041651.25
2015-04-14,73.767928,193665324.0,-73767928.0
2015-04-15,73.963397,193765324.0,7396339.7
2015-04-16,73.921279,193115324.0,-48048831.35
2015-04-17,73.32974,192965324.0,-10999461.0
2015-04-20,73.72344,190965324.0,-147446880.0
2015-04-21,74.217227,191315324.0,25976029.45
2015-04-22,74.327491,190615324.0,-52029243.699999996
2015-04-23,74.615871,191565324.0,70885077.45
2015-04-24,74.374501,189015324.0,-189654977.54999998
2015-04-27,73.06375,190515324.0,109595625.0
2015-04-28,73.346801,187515324.0,-220040403.0
2015-04-29,72.757014,187265324.0,-18189253.5
2015-04-30,71.708347,185515324.0,-125489607.25
2015-05-01,72.671568,183865324.0,-119908087.19999999
2015-05-04,73.099385,183265324.0,-43859631.0
2015-05-05,72.239938,182865324.0,-28895975.2
2015-05-06,71.943364,182715324.0,-10791504.6
2015-05-07,72.282868,183565324.0,61440437.8
2015-05-08,73.450237,187915324.0,319508530.95
2015-05-11,73.432482,186515324.0,-102805474.8
2015-05-12,73.083664,189415324.0,211942625.6
2015-05-13,73.067279,189565324.0,10960091.85
2015-05-14,74.104594,190215324.0,48167986.1
2015-05-15,74.255911,191315324.0,81681502.1
2015-05-18,74.661874,190615324.0,-52263311.8
2015-05-19,75.015853,190615324.0,0.0
2015-05-20,75.121698,190715324.0,7512169.8
2015-05-21,75.145407,192515324.0,135261732.60000002
2015-05-22,74.953606,193315324.0,59962884.8
2015-05-26,74.230744,193015324.0,-22269223.2
2015-05-27,75.07037,191015324.0,-150140740.0
2015-05-28,75.128578,193465324.0,184065016.10000002
2015-05-29,74.958037,193565324.0,7495803.7
2015-06-01,75.215277,192715324.0,-63932985.45
2015-06-02,74.776822,192765324.0,3738841.0999999996
2015-06-03,74.843803,192965324.0,14968760.6
2015-06-04,74.351644,192615324.0,-26023075.4
2015-06-05,74.321746,192065324.0,-40876960.300000004
2015-06-08,73.993343,191915324.0,-11099001.45
2015-06-09,74.017525,192415324.0,37008762.5
2015-06-10,74.870734,191915324.0,-37435367.0
2015-06-11,75.299286,192665324.0,56474464.5
2015-06-12,74.45971,192315324.0,-26060898.5
2015-06-15,74.492945,193115324.0,59594356.00000001
2015-06-16,74.859899,193365324.0,18714974.75
2015-06-17,74.944575,192815324.0,-41219516.25
2015-06-18,76.045104,194365324.0,117869911.19999999
2015-06-19,75.690214,196115324.0,132457874.5
2015-06-22,76.268229,196965324.0,64827994.650000006
2015-06-23,76.421421,200915324.0,301864612.95
2015-06-24,75.677909,201965324.0,79461804.45
2015-06-25,76.058478,200715324.0,-95073097.49999999
2015-06-26,75.942992,202465324.0,132900236.0
2015-06-29,74.171331,202365324.0,-7417133.1
2015-06-30,74.479007,205715324.0,249504673.45
2015-07-01,75.133352,205065324.0,-48836678.800000004
2015-07-02,74.891718,204465324.0,-44935030.8
2015-07-06,74.801791,204365324.0,-7480179.1
2015-07-07,75.109996,203715324.0,-48821497.4
2015-07-08,73.897441,204315324.0,44338464.6
2015-07-09,74.275391,204815324.0,37137695.5
2015-07-10,75.263457,205365324.0,41394901.35
2015-07-13,75.909935,206265324.0,68318941.5
2015-07-14,76.656164,207665324.0,107318629.60000001
2015-07-15,76.722667,208915324.0,95903333.75
2015-07-16,77.105943,209715324.0,61684754.4
2015-07-17,76.971444,209865324.0,11545716.600000001
2015-07-20,77.199105,211815324.0,150538254.75
2015-07-21,76.906983,212615324.0,61525586.4
2015-07-22,77.028293,212115324.0,-38514146.5
2015-07-23,76.766042,211915324.0,-15353208.4
2015-07-24,74.829081,212265324.0,26190178.35
2015-07-27,74.730851,211515324.0,-56048138.25
2015-07-28,76.113431,210865324.0,-49473730.150000006
2015-07-29,76.287836,211565324.0,53401485.199999996
2015-07-30,76.147501,212915324.0,102799126.35000001
2015-07-31,76.530811,214915324.0,153061622.0
2015-08-03,76.538564,213565324.0,-103327061.39999999
2015-08-04,76.489578,213665324.0,7648957.8
2015-08-05,77.088536,212865324.0,-61670828.800000004
2015-08-06,75.470039,212865324.0,0.0
2015-08-07,75.289619,210765324.0,-158108199.9
2015-08-10,75.894945,210715324.0,-3794747.2500000005
2015-08-11,75.28776,211465324.0,56465820.00000001
2015-08-12,75.319764,210465324.0,-75319764.0
2015-08-13,75.162325,209265324.0,-90194790.0
2015-08-14,75.350639,208715324.0,-41442851.45
2015-08-17,76.129469,208015324.0,-53290628.3
2015-08-18,76.022552,209215324.0,91227062.4
2015-08-19,75.700588,209215324.0,0.0
2015-08-20,73.967683,209315324.0,7396768.3
2015-08-21,71.691562,207065324.0,-161306014.5
2015-08-24,68.867909,205115324.0,-134292422.54999998
2015-08-25,67.901912,203665324.0,-98457772.39999999
2015-08-26,70.802241,201065324.0,-184085826.6
2015-08-27,72.150478,199465324.0,-115440764.80000001
2015-08-28,71.848304,199465324.0,0.0
2015-08-31,70.527585,200215324.0,52895688.75
2015-09-01,68.68045,201915324.0,116756764.99999999
2015-09-02,70.035631,201315324.0,-42021378.599999994
2015-09-03,69.593759,201315324.0,0.0
2015-09-04,68.691274,200865324.0,-30911073.300000004
2015-09-08,70.654588,200215324.0,-45925482.2
2015-09-09,69.509219,200015324.0,-13901843.8
2015-09-10,70.143745,199915324.0,-7014374.5
2015-09-11,70.663319,205215324.0,374515590.7
2015-09-14,70.429699,205915324.0,49300789.3
2015-09-15,71.389794,205065324.0,-60681324.9
2015-09-16,71.636801,204715324.0,-25072880.35
2015-09-17,72.25369,203215324.0,-108380535.00000001
2015-09-18,70.941498,206165324.0,209277419.1
2015-09-21,69.964584,207915324.0,122438022.0
2015-09-22,69.535696,200965324.0,-483273087.2
2015-09-23,69.460522,206715324.0,399398001.5
2015-09-24,68.731261,205965324.0,-51548445.75
2015-09-25,66.875211,197615324.0,-558408011.8499999
2015-09-28,64.314146,192665324.0,-318355022.7
2015-09-29,64.891488,180065324.0,-817632748.8
2015-09-30,66.298658,193865324.0,914921480.4000001
2015-10-01,66.885761,194165324.0,20065728.3
2015-10-02,68.280446,195265324.0,75108490.6
2015-10-05,68.497612,197115324.0,126720582.2
2015-10-06,66.906955,196265324.0,-56870911.75
2015-10-07,67.87966,193365324.0,-196851014.0
2015-10-08,68.137292,195365324.0,136274584.0
2015-10-09,68.43337,193765324.0,-109493392.0
2015-10-12,68.598342,191615324.0,-147486435.3
2015-10-13,67.787887,193515324.0,128796985.3
2015-10-14,67.620604,191315324.0,-148765328.8
2015-10-15,69.087499,191315324.0,0.0
2015-10-16,69.775693,193065324.0,122107462.75
2015-10-19,69.966243,194515324.0,101451052.35000001
2015-10-20,68.904547,193365324.0,-79240229.05
2015-10-21,68.302721,191515324.0,-126360033.85000001
2015-10-22,67.913123,191765324.0,16978280.75
2015-10-23,69.266713,190915324.0,-58876706.05
2015-10-26,69.616002,197165324.0,435100012.49999994
2015-10-27,70.8257,197915324.0,53119275.0
2015-10-28,71.504962,202265324.0,311046584.70000005
2015-10-29,71.790305,198215324.0,-290750735.25
2015-10-30,71.394543,197615324.0,-42836725.8
2015-11-02,72.816845,197965324.0,25485895.75
2015-11-03,72.576339,201015324.0,221357833.95000002
2015-11-04,72.295959,196415324.0,-332561411.4
2015-11-05,72.035686,195115324.0,-93646391.8
2015-11-06,71.779678,194565324.0,-39478822.900000006
2015-11-09,71.203181,194765324.0,14240636.2
2015-11-10,71.647406,192265324.0,-179118515.0
2015-11-11,70.992851,192015324.0,-17748212.75
2015-11-12,69.753724,192265324.0,17438431.0
2015-11-13,69.557399,189265324.0,-208672197.0
2015-11-16,70.421163,191965324.0,190137140.10000002
2015-11-17,70.704602,192065324.0,7070460.199999999
2015-11-18,72.11484,192215324.0,10817226.0
2015-11-19,70.925158,192565324.0,24823805.299999997
2015-11-20,71.511216,194665324.0,150173553.60000002
2015-11-23,71.371411,193265324.0,-99919975.39999999
2015-11-24,71.535808,192215324.0,-75112598.4
2015-11-25,71.925915,194115324.0,136659238.5
2015-11-27,72.051107,193115324.0,-72051107.0
2015-11-30,71.089924,192665324.0,-31990465.799999997
2015-12-01,72.320402,192015324.0,-47008261.300000004
2015-12-02,71.681343,192865324.0,60929141.55
2015-12-03,70.102584,193915324.0,73607713.19999999
2015-12-04,71.797745,191665324.0,-161544926.25
2015-12-07,71.383098,190115324.0,-110643801.9
2015-12-08,71.516882,192815324.0,193095581.39999998
2015-12-09,70.818555,191565324.0,-88523193.75
2015-12-10,71.367316,190065324.0,-107050974.0
2015-12-11,70.300415,188815324.0,-87875518.75
2015-12-14,70.738042,188915324.0,7073804.199999999
2015-12-15,71.660734,188665324.0,-17915183.5
2015-12-16,72.589809,191515324.0,206880955.65
2015-12-17,71.793809,192465324.0,68204118.55
2015-12-18,70.492856,194165324.0,119837855.2
2015-12-21,71.09997,195065324.0,63989973.0
2015-12-22,71.616688,192815324.0,-161137548.0
2015-12-23,72.382481,193265324.0,32572116.45
2015-12-24,72.455809,193065324.0,-14491161.8
2015-12-28,72.125641,193065324.0,0.0
2015-12-29,73.007371,192665324.0,-29202948.400000002
2015-12-30,72.697818,193365324.0,50888472.6
2015-12-31,72.047606,192215324.0,-82854746.9
2016-01-04,70.681664,192265324.0,3534083.1999999997
2016-01-05,71.07593,191265324.0,-71075930.0
2016-01-06,70.483392,189765324.0,-105725087.99999999
2016-01-07,69.04429,191665324.0,131184151.0
2016-01-08,68.054237,191065324.0,-40832542.2
2016-01-11,67.241557,189615324.0,-97500257.65
2016-01-12,68.03647,187465324.0,-146278410.5
2016-01-13,66.075007,189965324.0,165187517.5
2016-01-14,67.837478,190015324.0,3391873.9000000004
2016-01-15,66.895907,194015324.0,267583627.99999997
2016-01-19,66.834568,192265324.0,-116960494.00000001
2016-01-20,66.975452,192765324.0,33487726.000000004
2016-01-21,66.803738,195565324.0,187050466.39999998
2016-01-22,67.83497,196065324.0,33917485.0
2016-01-25,67.196536,197815324.0,117593937.99999999
2016-01-26,67.717798,197715324.0,-6771779.8
2016-01-27,66.96849,196415324.0,-87059037.0
2016-01-28,65.44366,195615324.0,-52354927.99999999
2016-01-29,66.58204,195165324.0,-29961918.000000004
2016-02-01,66.610175,195815324.0,43296613.75
2016-02-02,65.643625,194515324.0,-85336712.5
2016-02-03,66.009206,193215324.0,-85811967.80000001
2016-02-04,65.704002,192465324.0,-49278001.5
2016-02-05,64.423206,191515324.0,-61202045.699999996
2016-02-08,63.511274,185515324.0,-381067644.0
2016-02-09,63.975834,183015324.0,-159939585.0
2016-02-10,64.581275,181765324.0,-80726593.75
2016-02-11,63.503498,182815324.0,66678672.9
2016-02-12,64.403573,182265324.0,-35421965.15
2016-02-16,65.581273,181415324.0,-55744082.05
2016-02-17,66.44543,181615324.0,13289086.0
2016-02-18,65.987457,181565324.0,-3299372.85
2016-02-19,65.966388,181565324.0,0.0
2016-02-22,66.864805,181865324.0,20059441.5
2016-02-23,66.359214,183765324.0,126082506.6
2016-02-24,66.583154,183115324.0,-43279050.099999994
2016-02-25,67.444056,184465324.0,91049475.60000001
2016-02-26,67.310646,184665324.0,13462129.200000001
2016-02-29,66.251692,184915324.0,16562923.000000002
2016-03-01,67.667808,184615324.0,-20300342.4
2016-03-02,67.767033,185465324.0,57601978.05
2016-03-03,67.535397,186665324.0,81042476.4
2016-03-04,67.430009,185565324.0,-74173009.89999999
2016-03-07,67.967625,183965324.0,-108748200.0
2016-03-08,67.100067,185515324.0,104005103.85
2016-03-09,67.230185,181165324.0,-292451304.75
2016-03-10,67.268215,177215324.0,-265709449.25
2016-03-11,68.602677,178415324.0,82323212.4
2016-03-14,68.333392,179015324.0,41000035.2
2016-03-15,67.231141,179165324.0,10084671.149999999
2016-03-16,67.03521,175265324.0,-261437319.00000003
2016-03-17,66.33028,173115324.0,-142610102.0
2016-03-18,66.968533,172115324.0,-66968532.99999999
2016-03-21,67.266118,169015324.0,-208524965.8
2016-03-22,67.876982,170115324.0,74664680.2
2016-03-23,67.458192,171265324.0,77576920.8
2016-03-24,67.397207,172515324.0,84246508.75
2016-03-28,67.204795,171465324.0,-70565034.75
2016-03-29,67.993371,170365324.0,-74792708.1
2016-03-30,67.964409,170815324.0,30583984.05
2016-03-31,67.809878,169865324.0,-64419384.1
2016-04-01,68.664655,172115324.0,154495473.75
2016-04-04,69.370492,173215324.0,76307541.2
2016-04-05,68.495209,174615324.0,95893292.60000001
2016-04-06,70.301909,176615324.0,140603818.0
2016-04-07,69.553086,177765324.0,79986048.89999999
2016-04-08,69.252629,176065324.0,-117729469.3
2016-04-11,68.782802,174965324.0,-75661082.2
2016-04-12,69.350965,176815324.0,128299285.25
2016-04-13,69.98481,175765324.0,-73484050.5
2016-04-14,70.063277,176665324.0,63056949.3
2016-04-15,70.035193,175815324.0,-59529914.050000004
2016-04-18,70.662045,175065324.0,-52996533.75000001
2016-04-19,70.875977,176565324.0,106313965.50000001
2016-04-20,71.304275,176765324.0,14260855.0
2016-04-21,71.698469,177515324.0,53773851.75
2016-04-22,71.870925,177815324.0,21561277.5
2016-04-25,71.603078,178265324.0,32221385.099999998
2016-04-26,71.291359,177615324.0,-46339383.35
2016-04-27,71.209071,179065324.0,103253152.94999999
2016-04-28,70.810127,180015324.0,67269620.64999999
2016-04-29,69.780265,182865324.0,198873755.25
2016-05-02,70.184292,181565324.0,-91239579.6
2016-05-03,69.977175,179765324.0,-125958915.0
2016-05-04,69.308104,178715324.0,-72773509.2
2016-05-05,69.610664,176865324.0,-128779728.4
2016-05-06,69.177702,176415324.0,-31129965.9
2016-05-09,69.966204,175215324.0,-83959444.80000001
2016-05-10,70.547227,177215324.0,141094454.0
2016-05-11,69.717563,177515324.0,20915268.9
2016-05-12,69.307584,176465324.0,-72772963.2
2016-05-13,69.194839,175715324.0,-51896129.25
2016-05-16,70.134007,172615324.0,-217415421.7
2016-05-17,69.39637,172915324.0,20818911.0
2016-05-18,69.634838,169365324.0,-247203674.9
2016-05-19,69.077977,170815324.0,100163066.65
2016-05-20,69.696812,169865324.0,-66211971.39999999
2016-05-23,69.375587,172065324.0,152626291.39999998
2016-05-24,70.39264,171565324.0,-35196320.0
2016-05-25,70.84166,173315324.0,123972905.00000001
2016-05-26,70.847295,175215324.0,134609860.5
2016-05-27,71.205272,175565324.0,24921845.2
2016-05-31,71.303957,175565324.0,0.0
2016-06-01,71.581727,175015324.0,-39369949.85
2016-06-02,72.521247,176265324.0,90651558.75
2016-06-03,72.289122,177315324.0,75903578.10000001
2016-06-06,72.690862,180315324.0,218072586.0
2016-06-07,72.204857,181415324.0,79425342.7
2016-06-08,72.557498,182415324.0,72557498.0
2016-06-09,72.384597,182465324.0,3619229.85
2016-06-10,71.72788,180965324.0,-107591820.0
2016-06-13,71.24138,179915324.0,-74803449.0
2016-06-14,71.32531,179865324.0,-3566265.5
2016-06-15,70.846762,179565324.0,-21254028.599999998
2016-06-16,71.090153,179265324.0,-21327045.9
2016-06-17,70.029677,178965324.0,-21008903.1
2016-06-20,70.454681,177915324.0,-73977415.05
2016-06-21,70.254475,177115324.0,-56203580.0
2016-06-22,70.480171,176665324.0,-31716076.95
2016-06-23,71.363007,176565324.0,-7136300.699999999
2016-06-24,69.361685,177315324.0,52021263.74999999
2016-06-27,68.386299,177715324.0,27354519.599999998
2016-06-28,69.74443,175815324.0,-132514416.99999999
2016-06-29,71.063335,173665324.0,-152786170.25
2016-06-30,71.738104,173515324.0,-10760715.600000001
2016-07-01,72.147039,173915324.0,28858815.6
2016-07-05,72.114957,174615324.0,50480469.900000006
2016-07-06,72.957184,177465324.0,207927974.4
2016-07-07,72.793063,172465324.0,-363965315.0
2016-07-08,73.579151,174765324.0,169232047.29999998
2016-07-11,73.458792,178565324.0,279143409.6
2016-07-12,73.802732,178865324.0,22140819.6
2016-07-13,73.845234,179515324.0,47999402.1
2016-07-14,74.130877,179015324.0,-37065438.5
2016-07-15,74.088257,181265324.0,166698578.25
2016-07-18,74.0891,180665324.0,-44453460.0
2016-07-19,73.963844,183965324.0,244080685.2
2016-07-20,74.587037,182515324.0,-108151203.64999999
2016-07-21,74.855098,179565324.0,-220822539.1
2016-07-22,75.011351,182715324.0,236285755.65
2016-07-25,74.896099,178515324.0,-314563615.8
2016-07-26,74.77337,177565324.0,-71034701.5
2016-07-27,75.080584,176665324.0,-67572525.60000001
2016-07-28,75.042936,177115324.0,33769321.199999996
2016-07-29,75.238061,176665324.0,-33857127.45
2016-08-01,75.675756,176015324.0,-49189241.400000006
2016-08-02,75.369693,175165324.0,-64064239.05
2016-08-03,75.240303,173315324.0,-139194560.54999998
2016-08-04,75.073642,172215324.0,-82581006.2
2016-08-05,75.261097,171465324.0,-56445822.75000001
2016-08-08,74.624907,170365324.0,-82087397.69999999
2016-08-09,74.807606,170315324.0,-3740380.3000000003
2016-08-10,74.523489,175465324.0,383795968.34999996
2016-08-11,74.950722,176465324.0,74950722.0
2016-08-12,74.801852,176915324.0,33660833.4
2016-08-15,74.916181,177615324.0,52441326.699999996
2016-08-16,74.248372,176865324.0,-55686279.0
2016-08-17,74.419004,176065324.0,-59535203.2
2016-08-18,74.423954,176865324.0,59539163.199999996
2016-08-19,74.385628,177165324.0,22315688.4
2016-08-22,74.487342,176465324.0,-52141139.4
2016-08-23,74.571853,173765324.0,-201344003.10000002
2016-08-24,73.377363,175315324.0,113734912.65
2016-08-25,72.789763,173865324.0,-105545156.35
2016-08-26,73.042728,173315324.0,-40173500.4
2016-08-29,73.237202,174915324.0,117179523.19999999
2016-08-30,72.932867,176315324.0,102106013.8
2016-08-31,72.751684,176265324.0,-3637584.1999999997
2016-09-01,72.604334,175665324.0,-43562600.4
2016-09-02,72.639319,175215324.0,-32687693.55
2016-09-06,72.923929,174765324.0,-32815768.05
2016-09-07,72.890244,176165324.0,102046341.6
2016-09-08,72.976932,174565324.0,-116763091.2
2016-09-09,71.487936,176165324.0,114380697.60000001
2016-09-12,72.61198,174365324.0,-130701564.0
2016-09-13,71.571119,171865324.0,-178927797.5
2016-09-14,71.529742,172265324.0,28611896.8
2016-09-15,72.327325,172415324.0,10849098.75
2016-09-16,72.123151,172415324.0,0.0
2016-09-19,71.827116,173765324.0,96966606.60000001
2016-09-20,72.098084,175715324.0,140591263.8
2016-09-21,72.820917,172615324.0,-225744842.7
2016-09-22,73.373581,174115324.0,110060371.5
2016-09-23,73.119254,174315324.0,14623850.799999999
2016-09-26,72.224167,175815324.0,108336250.49999999
2016-09-27,72.772611,179165324.0,243788246.85
2016-09-28,72.687162,175565324.0,-261673783.2
2016-09-29,71.358095,173715324.0,-132012475.75000001
2016-09-30,72.088665,172665324.0,-75693098.25
2016-10-03,71.976184,172665324.0,0.0
2016-10-04,71.884633,174415324.0,125798107.74999999
2016-10-05,72.121141,174265324.0,-10818171.149999999
2016-10-06,71.842598,177965324.0,265817612.6
2016-10-07,71.908317,179965324.0,143816634.0
2016-10-10,72.196046,177165324.0,-202148928.79999998
2016-10-11,70.398363,178815324.0,116157298.95
2016-10-12,70.035488,178215324.0,-42021292.8
2016-10-13,70.07863,177265324.0,-66574698.50000001
2016-10-14,69.600674,173065324.0,-292322830.8
2016-10-17,69.457148,174665324.0,111131436.80000001
2016-10-18,70.20281,172865324.0,-126365058.0
2016-10-19,69.968661,173115324.0,17492165.25
2016-10-20,70.319355,172315324.0,-56255484.0
2016-10-21,69.701118,172315324.0,0.0
2016-10-24,69.603747,171315324.0,-69603747.0
2016-10-25,69.387788,170665324.0,-45102062.2
2016-10-26,68.90821,168765324.0,-130925599.0
2016-10-27,69.26502,168765324.0,0.0
2016-10-28,67.752243,168865324.0,6775224.300000001
2016-10-31,67.380527,169115324.0,16845131.75
2016-11-01,67.055667,167465324.0,-110641850.55
2016-11-02,66.733126,166515324.0,-63396469.699999996
2016-11-03,66.043181,165315324.0,-79251817.2
2016-11-04,66.543118,165265324.0,-3327155.9000000004
2016-11-07,68.160543,168415324.0,214705710.45000002
2016-11-08,68.349538,172115324.0,252893290.6
2016-11-09,70.698835,173515324.0,98978369.0
2016-11-10,71.553762,189165324.0,1119816375.3000002
2016-11-11,70.483842,192815324.0,257266023.29999998
2016-11-14,70.281679,190465324.0,-165161945.65
2016-11-15,70.472305,189965324.0,-35236152.5
2016-11-16,70.135966,189565324.0,-28054386.4
2016-11-17,70.446795,190515324.0,66924455.24999999
2016-11-18,69.702019,194765324.0,296233580.75000006
2016-11-21,69.909248,197515324.0,192250432.0
2016-11-22,68.948586,197465324.0,-3447429.3000000003
2016-11-23,69.208615,194665324.0,-193784121.99999997
2016-11-25,69.490001,195565324.0,62541000.900000006
2016-11-28,68.900156,196615324.0,72345163.8
2016-11-29,69.354067,195815324.0,-55483253.6
2016-11-30,68.719054,197015324.0,82462864.8
2016-12-01,68.208166,197665324.0,44335307.900000006
2016-12-02,68.416781,196515324.0,-78679298.15
2016-12-05,68.303348,199315324.0,191249374.4
2016-12-06,68.466771,199765324.0,30810046.95
2016-12-07,67.907169,200065324.0,20372150.7
2016-12-08,68.01744,198865324.0,-81620927.99999999
2016-12-09,68.851943,195565324.0,-227211411.9
2016-12-12,69.19922,195965324.0,27679688.0
2016-12-13,69.713429,194615324.0,-94113129.15
2016-12-14,69.416937,192765324.0,-128421333.45
2016-12-15,69.821405,195265324.0,174553512.5
2016-12-16,69.621415,195215324.0,-3481070.75
2016-12-19,69.259636,193265324.0,-135056290.2
2016-12-20,69.227953,193965324.0,48459567.1
2016-12-21,68.82982,194065324.0,6882982.0
2016-12-22,68.942665,194515324.0,31024199.250000004
2016-12-23,69.484523,194815324.0,20845356.9
2016-12-27,69.578786,195715324.0,62620907.39999999
2016-12-28,69.086377,195315324.0,-27634550.8
2016-12-29,69.160327,195565324.0,17290081.75
2016-12-30,68.906481,195915324.0,24117268.35
2017-01-03,69.863877,195965324.0,3493193.85
2017-01-04,70.366254,197515324.0,109067693.7
2017-01-05,70.707227,199465324.0,137879092.65
2017-01-06,70.929294,199865324.0,28371717.599999998
2017-01-09,71.245433,201365324.0,106868149.50000001
2017-01-10,71.484053,202015324.0,46464634.45
2017-01-11,70.779484,203265324.0,88474355.0
2017-01-12,70.833566,200665324.0,-184167271.60000002
2017-01-13,70.906106,202815324.0,152448127.89999998
2017-01-17,70.590519,203115324.0,21177155.7
2017-01-18,70.505218,202165324.0,-66979957.1
2017-01-19,70.068714,202615324.0,31530921.3
2017-01-20,69.861391,201865324.0,-52396043.25
2017-01-23,69.551493,200165324.0,-118237538.1
2017-01-24,69.099533,197965324.0,-152018972.6
2017-01-25,69.694567,193615324.0,-303171366.45000005
2017-01-26,69.192673,193415324.0,-13838534.6
2017-01-27,69.747011,192765324.0,-45335557.15
2017-01-30,69.457619,192965324.0,13891523.799999999
2017-01-31,70.430817,193315324.0,24650785.950000003
2017-02-01,70.984454,197365324.0,287487038.7
2017-02-02,71.071736,198965324.0,113714777.60000001
2017-02-03,71.489658,201565324.0,185873110.8
2017-02-06,71.457644,204965324.0,242955989.6
2017-02-07,71.518468,208615324.0,261042408.2
2017-02-08,71.428356,212215324.0,257142081.59999996
2017-02-09,71.74273,212565324.0,25109955.499999996
2017-02-10,71.825927,213665324.0,79008519.69999999
2017-02-13,72.32082,213865324.0,14464164.0
2017-02-14,72.845973,213515324.0,-25496090.55
2017-02-15,73.692543,212165324.0,-99484933.05
2017-02-16,73.586556,212165324.0,0.0
2017-02-17,73.662237,213415324.0,92077796.25
2017-02-21,74.006712,214515324.0,81407383.19999999
2017-02-22,73.901462,213115324.0,-103462046.8
2017-02-23,74.443915,212765324.0,-26055370.25
2017-02-24,74.824537,213465324.0,52377175.900000006
2017-02-27,75.117544,213815324.0,26291140.4
2017-02-28,74.939822,213515324.0,-22481946.6
2017-03-01,75.719486,214465324.0,71933511.7
2017-03-02,75.544054,214815324.0,26440418.900000002
2017-03-03,75.845322,214765324.0,-3792266.0999999996
2017-03-06,75.506998,215165324.0,30202799.2
2017-03-07,75.001344,216615324.0,108751948.80000001
2017-03-08,75.254294,217415324.0,60203435.2
2017-03-09,75.702068,217765324.0,26495723.8
2017-03-10,75.97594,219465324.0,129159097.99999999
2017-03-13,75.896708,218315324.0,-87281214.2
2017-03-14,75.669647,217865324.0,-34051341.15
2017-03-15,76.559431,216915324.0,-72731459.45
2017-03-16,75.872666,218315324.0,106221732.39999999
2017-03-17,75.19539,216615324.0,-127832163.0
2017-03-20,75.035559,215115324.0,-112553338.50000001
2017-03-21,74.446285,215865324.0,55834713.75
2017-03-22,74.51825,214965324.0,-67066424.99999999
2017-03-23,74.246878,213765324.0,-89096253.6
2017-03-24,74.227864,217215324.0,256086130.79999998
2017-03-27,74.496505,217815324.0,44697903.0
2017-03-28,74.538677,214565324.0,-242250700.25000003
2017-03-29,74.540241,213265324.0,-96902313.3
2017-03-30,74.542753,212715324.0,-40998514.150000006
2017-03-31,74.344043,213015324.0,22303212.9
2017-04-03,74.413235,212915324.0,-7441323.5
2017-04-04,74.378675,214265324.0,100411211.25
2017-04-05,74.148613,214215324.0,-3707430.65
2017-04-06,74.248742,213915324.0,-22274622.599999998
2017-04-07,74.380043,213915324.0,0.0
2017-04-10,74.2651,214115324.0,14853020.0
2017-04-11,74.175247,215115324.0,74175247.0
2017-04-12,74.193931,214865324.0,-18548482.75
2017-04-13,73.99653,214815324.0,-3699826.5000000005
2017-04-17,74.221587,214715324.0,-7422158.7
2017-04-18,73.469754,215415324.0,51428827.8
2017-04-19,73.665375,213465324.0,-143647481.25
2017-04-20,74.0722,212515324.0,-70368590.0
2017-04-21,73.70468,212715324.0,14740936.0
2017-04-24,74.402821,212865324.0,11160423.15
2017-04-25,74.746828,211615324.0,-93433534.99999999
2017-04-26,75.122973,212215324.0,45073783.800000004
2017-04-27,75.320922,213065324.0,64022783.699999996
2017-04-28,75.498721,213415324.0,26424552.35
2017-05-01,75.612003,212765324.0,-49147801.95
2017-05-02,75.847113,213165324.0,30338845.199999996
2017-05-03,75.557461,212965324.0,-15111492.200000001
2017-05-04,75.998172,212965324.0,0.0
2017-05-05,75.953146,212615324.0,-26583601.1
2017-05-08,75.518557,212715324.0,7551855.7
2017-05-09,75.576313,213315324.0,45345787.8
2017-05-10,75.371749,214215324.0,67834574.1
2017-05-11,75.432116,214465324.0,18858029.0
2017-05-12,75.288421,216465324.0,150576842.0
2017-05-15,75.752466,216665324.0,15150493.2
2017-05-16,75.461456,217365324.0,52823019.199999996
2017-05-17,74.507332,217665324.0,22352199.6
2017-05-18,74.817331,217115324.0,-41149532.05
2017-05-19,75.027656,215165324.0,-146303929.2
2017-05-22,75.201673,212365324.0,-210564684.4
2017-05-23,75.463632,212365324.0,0.0
2017-05-24,75.648693,213765324.0,105908170.19999999
2017-05-25,76.047456,214165324.0,30418982.4
2017-05-26,75.880831,213365324.0,-60704664.8
2017-05-30,75.767942,213115324.0,-18941985.5
2017-05-31,76.091293,213015324.0,-7609129.299999999
2017-06-01,76.99387,212665324.0,-26947854.5
2017-06-02,77.438288,212315324.0,-27103400.8
2017-06-05,77.210715,213165324.0,65629107.74999999
2017-06-06,76.987492,212815324.0,-26945622.2
2017-06-07,77.20749,212365324.0,-34743370.5
2017-06-08,77.045443,212215324.0,-11556816.450000001
2017-06-09,77.525424,211515324.0,-54267796.8
2017-06-12,77.42176,213715324.0,170327872.0
2017-06-13,77.557801,214165324.0,34901010.449999996
2017-06-14,77.932021,214615324.0,35069409.45
2017-06-15,77.871098,214415324.0,-15574219.600000001
2017-06-16,77.671813,214415324.0,0.0
2017-06-19,78.50742,212665324.0,-137387985.0
2017-06-20,78.767382,214015324.0,106335965.7
2017-06-21,79.737292,216215324.0,175422042.4
2017-06-22,80.574011,216315324.0,8057401.1
2017-06-23,80.501695,218515324.0,177103729.0
2017-06-26,80.373736,218115324.0,-32149494.4
2017-06-27,79.635458,218265324.0,11945318.7
2017-06-28,80.064589,220765324.0,200161472.5
2017-06-29,79.355003,221065324.0,23806500.9
2017-06-30,79.269175,221665324.0,47561505.0
2017-07-03,79.387115,221215324.0,-35724201.75
2017-07-05,79.850532,221165324.0,-3992526.6
2017-07-06,78.824278,224015324.0,224649192.3
2017-07-07,79.269248,224315324.0,23780774.400000002
2017-07-10,79.042647,225065324.0,59281985.25
2017-07-11,78.986834,225165324.0,7898683.4
2017-07-12,79.539062,225465324.0,23861718.6
2017-07-13,79.608218,224615324.0,-67666985.3
2017-07-14,80.111448,224115324.0,-40055724.0
2017-07-17,79.870479,221915324.0,-175715053.8
2017-07-18,79.905553,222115324.0,15981110.6
2017-07-19,80.541452,221215324.0,-72487306.80000001
2017-07-20,81.029412,223915324.0,218779412.39999998
2017-07-21,80.978811,224215324.0,24293643.299999997
2017-07-24,80.904243,223915324.0,-24271272.9
2017-07-25,80.359802,223815324.0,-8035980.2
2017-07-26,80.114549,223515324.0,-24034364.7
2017-07-27,79.564178,223315324.0,-15912835.6
2017-07-28,79.970211,223515324.0,15994042.200000001
2017-07-31,79.869882,223965324.0,35941446.9
2017-08-01,79.691662,223865324.0,-7969166.199999999
2017-08-02,79.564697,223465324.0,-31825878.799999997
2017-08-03,79.702069,222615324.0,-67746758.64999999
2017-08-04,79.521875,224715324.0,166995937.5
2017-08-07,79.65105,225315324.0,47790630.0
2017-08-08,79.268519,225015324.0,-23780555.7
2017-08-09,79.391424,225565324.0,43665283.2
2017-08-10,78.375408,225565324.0,0.0
2017-08-11,78.616564,225165324.0,-31446625.599999998
2017-08-14,79.125343,226165324.0,79125343.0
2017-08-15,79.133073,225715324.0,-35609882.85
2017-08-16,79.33186,224515324.0,-95198232.0
2017-08-17,78.333502,224815324.0,23500050.599999998
2017-08-18,78.009667,223215324.0,-124815467.19999999
2017-08-21,78.365411,222465324.0,-58774058.24999999
2017-08-22,79.276026,218315324.0,-328995507.90000004
2017-08-23,78.710503,218065324.0,-19677625.75
2017-08-24,78.934292,217415324.0,-51307289.8
2017-08-25,78.90188,216515324.0,-71011692.0
2017-08-28,79.372413,215615324.0,-71435171.69999999
2017-08-29,79.504436,215565324.0,-3975221.8
2017-08-30,79.958885,215065324.0,-39979442.5
2017-08-31,81.310724,215165324.0,8131072.399999999
2017-09-01,81.240131,215465324.0,24372039.3
2017-09-05,80.884696,216565324.0,88973165.60000001
2017-09-06,81.247385,216015324.0,-44686061.75
2017-09-07,82.159936,217765324.0,143779888.0
2017-09-08,82.503659,219365324.0,132005854.39999999
2017-09-11,83.177831,219015324.0,-29112240.849999998
2017-09-12,83.35213,219265324.0,20838032.5
2017-09-13,83.051521,219365324.0,8305152.1
2017-09-14,83.138757,220565324.0,99766508.39999999
2017-09-15,82.594719,221315324.0,61946039.25
2017-09-18,82.552057,219565324.0,-144466099.75
2017-09-19,81.899721,222165324.0,212939274.6
2017-09-20,82.018145,223415324.0,102522681.25
2017-09-21,81.559754,227065324.0,297693102.09999996
2017-09-22,81.622348,225215324.0,-151001343.8
2017-09-25,81.349759,226365324.0,93552222.85000001
2017-09-26,81.208154,219965324.0,-519732185.59999996
2017-09-27,81.162278,218965324.0,-81162278.0
2017-09-28,81.287003,218665324.0,-24386100.9
2017-09-29,81.764733,218415324.0,-20441183.25
2017-10-02,82.546488,216615324.0,-148583678.4
2017-10-03,82.561643,215715324.0,-74305478.7
2017-10-04,82.928118,216215324.0,41464059.0
2017-10-05,82.980872,216065324.0,-12447130.8
2017-10-06,82.921252,213815324.0,-186572817.0
2017-10-09,82.357771,214065324.0,20589442.75
2017-10-10,82.535936,214515324.0,37141171.2
2017-10-11,82.741468,214565324.0,4137073.4
2017-10-12,82.636087,213265324.0,-107426913.10000001
2017-10-13,82.388396,213415324.0,12358259.4
2017-10-16,82.069307,211915324.0,-123103960.49999999
2017-10-17,83.146634,212515324.0,49887980.400000006
2017-10-18,83.275428,214215324.0,141568227.6
2017-10-19,83.779039,212765324.0,-121479606.55
2017-10-20,83.876307,213265324.0,41938153.5
2017-10-23,83.656729,213515324.0,20914182.25
2017-10-24,83.098858,214115324.0,49859314.800000004
2017-10-25,83.004824,213015324.0,-91305306.4
2017-10-26,82.154482,211765324.0,-102693102.5
2017-10-27,82.138366,212965324.0,98566039.2
2017-10-30,81.261425,213715324.0,60946068.75
2017-10-31,81.130364,213315324.0,-32452145.6
2017-11-01,81.291946,212465324.0,-69098154.1
2017-11-02,80.948993,212265324.0,-16189798.6
2017-11-03,81.585757,211615324.0,-53030742.05
2017-11-06,81.313212,212565324.0,77247551.39999999
2017-11-07,81.529081,212365324.0,-16305816.200000001
2017-11-08,81.709397,212015324.0,-28598288.95
2017-11-09,81.729954,211215324.0,-65383963.2
2017-11-10,81.190014,210665324.0,-44654507.7
2017-11-13,81.275406,210515324.0,-12191310.9
2017-11-14,80.942955,210615324.0,8094295.5
2017-11-15,80.71932,211815324.0,96863184.0
2017-11-16,81.567798,213765324.0,159057206.1
2017-11-17,81.249346,213715324.0,-4062467.3000000003
2017-11-20,80.907805,212865324.0,-68771634.25
2017-11-21,81.609841,211965324.0,-73448856.9
2017-11-22,81.582687,209765324.0,-179481911.4
2017-11-24,81.756725,209165324.0,-49054035.0
2017-11-27,81.828483,209465324.0,24548544.900000002
2017-11-28,82.413622,209865324.0,32965448.8
2017-11-29,82.839339,208665324.0,-99407206.8
2017-11-30,83.481594,208715324.0,4174079.7
2017-12-01,83.324567,208715324.0,0.0
2017-12-04,82.308248,209365324.0,53500361.2
2017-12-05,82.151192,207965324.0,-115011668.8
2017-12-06,82.06076,205465324.0,-205151900.0
2017-12-07,82.087616,203815324.0,-135444566.4
2017-12-08,82.999311,204415324.0,49799586.6
2017-12-11,83.344665,205665324.0,104180831.25000001
2017-12-12,83.671062,204115324.0,-129690146.10000001
2017-12-13,83.927838,205065324.0,79731446.1
2017-12-14,83.101015,205465324.0,33240406.0
2017-12-15,83.733921,205465324.0,0.0
2017-12-18,83.71605,205865324.0,33486420.0
2017-12-19,83.621572,206515324.0,54354021.8
2017-12-20,83.381909,205665324.0,-70874622.64999999
2017-12-21,83.168073,206015324.0,29108825.55
2017-12-22,82.895721,204115324.0,-157501869.89999998
2017-12-26,82.942125,202815324.0,-107824762.5
2017-12-27,83.095236,201665324.0,-95559521.4
2017-12-28,83.194322,200665324.0,-83194322.0
2017-12-29,82.594721,200015324.0,-53686568.650000006
2018-01-02,83.605918,200015324.0,0.0
2018-01-03,84.420066,201315324.0,109746085.80000001
2018-01-04,84.522571,202365324.0,88748699.55
2018-01-05,85.288346,203415324.0,89552763.3
2018-01-08,84.960357,204115324.0,59472249.9
2018-01-09,85.897729,203465324.0,-55833523.85
2018-01-10,85.791469,203815324.0,30027014.150000002
2018-01-11,86.171328,200765324.0,-262822550.4
2018-01-12,86.821062,201315324.0,47751584.1
2018-01-16,87.222118,199865324.0,-126472071.1
2018-01-17,88.07957,200215324.0,30827849.5
2018-01-18,88.098693,199215324.0,-88098693.0
2018-01-19,88.442191,200865324.0,145929615.14999998
2018-01-22,89.024714,201265324.0,35609885.6
2018-01-23,88.567567,195765324.0,-487121618.5
2018-01-24,88.832543,194765324.0,-88832543.0
2018-01-25,89.60751,194665324.0,-8960751.0
2018-01-26,91.54823,195815324.0,105280464.5
2018-01-29,91.303565,196365324.0,50216960.75
2018-01-30,89.358382,198265324.0,169780925.8
2018-01-31,88.070437,198965324.0,61649305.9
2018-02-01,88.147745,198415324.0,-48481259.75
2018-02-02,86.959722,197365324.0,-91307708.1
2018-02-05,83.015429,196415324.0,-78864657.55
2018-02-06,83.95611,199015324.0,218285886.0
2018-02-07,83.889569,191465324.0,-633366245.9499999
2018-02-08,80.913913,190315324.0,-93050999.94999999
2018-02-09,82.083115,195165324.0,398103107.75000006
2018-02-12,82.8731,194715324.0,-37292895.0
2018-02-13,82.914878,192865324.0,-153392524.3
2018-02-14,83.850998,193065324.0,16770199.600000001
2018-02-15,84.806568,191215324.0,-156892150.8
2018-02-16,85.392084,190065324.0,-98200896.6
2018-02-20,84.485404,189165324.0,-76036863.60000001
2018-02-21,84.10778,188065324.0,-92518558.0
2018-02-22,83.981409,186265324.0,-151166536.2
2018-02-23,85.306061,187015324.0,63979545.75
2018-02-26,86.394024,187515324.0,43197012.0
2018-02-27,85.532955,187215324.0,-25659886.5
2018-02-28,84.136193,187415324.0,16827238.6
2018-03-01,82.843921,186615324.0,-66275136.8
2018-03-02,83.672586,187315324.0,58570810.199999996
2018-03-05,84.380765,188465324.0,97037879.75
2018-03-06,84.274072,187365324.0,-92701479.2
2018-03-07,84.689483,186365324.0,-84689483.0
2018-03-08,85.281529,185815324.0,-46904840.95
2018-03-09,86.515325,188415324.0,224939845.0
2018-03-12,86.127166,187615324.0,-68901732.8
2018-03-13,86.262036,188365324.0,64696526.99999999
2018-03-14,85.798639,188565324.0,17159727.799999997
2018-03-15,85.699954,190665324.0,179969903.4
2018-03-16,85.456722,191115324.0,38455524.9
2018-03-19,84.009386,191865324.0,63007039.50000001
2018-03-20,84.104598,190565324.0,-109335977.39999999
2018-03-21,83.762859,188715324.0,-154961289.15
2018-03-22,81.362891,188615324.0,-8136289.100000001
2018-03-23,79.678492,188915324.0,23903547.6
2018-03-26,81.316477,187815324.0,-89448124.7
2018-03-27,80.384687,188465324.0,52250046.55
2018-03-28,80.79034,188115324.0,-28276619.0
2018-03-29,81.242246,188515324.0,32496898.4
2018-04-02,79.56122,187465324.0,-83539281.0
2018-04-03,80.767389,185765324.0,-137304561.29999998
2018-04-04,81.892532,185965324.0,16378506.4
2018-04-05,81.85847,185715324.0,-20464617.5
2018-04-06,79.9018,184465324.0,-99877250.0
2018-04-09,80.645933,185365324.0,72581339.7
2018-04-10,82.042273,187065324.0,139471864.1
2018-04-11,81.340385,187215324.0,12201057.75
2018-04-12,81.913157,188265324.0,86008814.85
2018-04-13,81.84977,186415324.0,-151422074.5
2018-04-16,82.506397,186215324.0,-16501279.400000002
2018-04-17,83.182996,186115324.0,-8318299.600000001
2018-04-18,83.219272,186015324.0,-8321927.2
2018-04-19,82.548926,187615324.0,132078281.6
2018-04-20,82.092355,187215324.0,-32836942.0
2018-04-23,82.426459,186365324.0,-70062490.14999999
2018-04-24,81.777758,182415324.0,-323022144.1
2018-04-25,82.147296,183415324.0,82147296.0
2018-04-26,83.162464,184865324.0,120585572.8
2018-04-27,83.527134,185115324.0,20881783.5
2018-04-30,82.223626,185815324.0,57556538.199999996
2018-05-01,82.247254,185815324.0,0.0
2018-05-02,81.089757,185615324.0,-16217951.4
2018-05-03,80.38359,183765324.0,-148709641.5
2018-05-04,80.988159,182715324.0,-85037566.95
2018-05-07,80.901217,182215324.0,-40450608.5
2018-05-08,80.270386,182115324.0,-8027038.600000001
2018-05-09,80.761644,180965324.0,-92875890.60000001
2018-05-10,81.843283,182915324.0,159594401.85
2018-05-11,83.043149,182665324.0,-20760787.25
2018-05-14,83.58091,182515324.0,-12537136.5
2018-05-15,82.501185,184415324.0,156752251.5
2018-05-16,82.976279,183565324.0,-70529837.15
2018-05-17,82.998043,182615324.0,-78848140.85
2018-05-18,83.224058,182965324.0,29128420.3
2018-05-21,83.317573,183165324.0,16663514.6
2018-05-22,83.088003,182715324.0,-37389601.35
2018-05-23,83.365211,183365324.0,54187387.15
2018-05-24,83.0873,182915324.0,-37389285.0
2018-05-25,83.008696,182615324.0,-24902608.8
2018-05-29,82.127871,183165324.0,45170329.05
2018-05-30,83.253182,187665324.0,374639319.0
2018-05-31,82.397835,184565324.0,-255433288.5
2018-06-01,83.367107,183415324.0,-95872173.05000001
2018-06-04,83.68262,183965324.0,46025441.0
2018-06-05,83.556892,186615324.0,221425763.8
2018-06-06,84.534367,187165324.0,46493901.85
2018-06-07,84.48297,187015324.0,-12672445.5
2018-06-08,85.072957,186765324.0,-21268239.25
2018-06-11,85.157838,186915324.0,12773675.7
2018-06-12,85.131937,187465324.0,46822565.349999994
2018-06-13,85.109749,186515324.0,-80854261.55
2018-06-14,85.560391,188065324.0,132618606.05
2018-06-15,85.48268,186615324.0,-123949886.0
2018-06-18,84.640391,187715324.0,93104430.1
2018-06-19,84.844303,189265324.0,131508669.64999999
2018-06-20,85.017333,186515324.0,-233797665.74999997
2018-06-21,84.565131,187315324.0,67652104.8
2018-06-22,84.919793,186515324.0,-67935834.4
2018-06-25,84.153314,184115324.0,-201967953.6
2018-06-26,83.914507,182515324.0,-134263211.2
2018-06-27,83.140443,181815324.0,-58198310.1
2018-06-28,83.287497,180715324.0,-91616246.7
2018-06-29,83.416049,180465324.0,-20854012.25
2018-07-02,83.72035,180465324.0,0.0
2018-07-03,83.894289,181515324.0,88089003.45
2018-07-05,84.80549,182165324.0,55123568.50000001
2018-07-06,86.030089,182765324.0,51618053.400000006
2018-07-09,86.591018,184715324.0,168852485.10000002
2018-07-10,86.948071,186665324.0,169548738.45
2018-07-11,86.258985,187665324.0,86258985.0
2018-07-12,87.252427,188815324.0,100340291.05
2018-07-13,87.450717,189415324.0,52470430.199999996
2018-07-16,86.850622,190515324.0,95535684.2
2018-07-17,87.317688,190815324.0,26195306.400000002
2018-07-18,87.387836,190865324.0,4369391.8
2018-07-19,86.908012,190065324.0,-69526409.6
2018-07-20,86.731687,190515324.0,39029259.15
2018-07-23,86.939182,189765324.0,-65204386.5
2018-07-24,87.74261,189765324.0,0.0
2018-07-25,88.74665,189365324.0,-35498660.0
2018-07-26,88.572164,191265324.0,168287111.6
2018-07-27,87.939162,191515324.0,21984790.5
2018-07-30,88.023984,191765324.0,22005996.0
2018-07-31,88.914298,191015324.0,-66685723.5
2018-08-01,88.957645,191365324.0,31135175.75
2018-08-02,89.266847,192665324.0,116046901.1
2018-08-03,89.833231,194115324.0,130258184.95
2018-08-06,89.959539,194965324.0,76465608.15
2018-08-07,89.948377,194465324.0,-44974188.5
2018-08-08,90.091701,194965324.0,45045850.5
2018-08-09,89.999729,194165324.0,-71999783.2
2018-08-10,89.648204,195315324.0,103095434.60000001
2018-08-13,89.6559,195315324.0,0.0
2018-08-14,90.071068,195115324.0,-18014213.599999998
2018-08-15,89.930465,195965324.0,76440895.25
2018-08-16,90.780744,196365324.0,36312297.6
2018-08-17,91.1194,195815324.0,-50115670.0
2018-08-20,91.40417,195315324.0,-45702085.0
2018-08-21,91.390247,195115324.0,-18278049.400000002
2018-08-22,91.489468,196065324.0,86914994.60000001
2018-08-23,91.399237,195215324.0,-77689351.45
2018-08-24,91.811228,195565324.0,32133929.8
2018-08-27,92.182577,196065324.0,46091288.5
2018-08-28,92.268808,196615324.0,50747844.400000006
2018-08-29,92.871009,196315324.0,-27861302.7
2018-08-30,92.774001,196615324.0,27832200.3
2018-08-31,92.779321,197315324.0,64945524.699999996
2018-09-04,92.104871,197215324.0,-9210487.1
2018-09-05,92.353406,197165324.0,-4617670.300000001
2018-09-06,92.376902,197565324.0,36950760.8
2018-09-07,92.520712,198165324.0,55512427.2
2018-09-10,92.23538,197865324.0,-27670614.000000004
2018-09-11,92.212206,197665324.0,-18442441.2
2018-09-12,92.715884,196765324.0,-83444295.60000001
2018-09-13,93.785233,200165324.0,318869792.2
2018-09-14,93.511093,202765324.0,243128841.8
2018-09-17,93.200633,201965324.0,-74560506.39999999
2018-09-18,93.693287,201665324.0,-28107986.099999998
2018-09-19,93.589203,201365324.0,-28076760.9
2018-09-20,94.457723,202765324.0,132240812.2
2018-09-21,94.269234,202915324.0,14140385.1
2018-09-24,94.419627,203115324.0,18883925.400000002
2018-09-25,94.153926,205765324.0,249507903.9
2018-09-26,94.345375,204265324.0,-141518062.5
2018-09-27,94.791025,210315324.0,573485701.25
2018-09-28,95.111048,206165324.0,-394710849.2
2018-10-01,95.622353,206415324.0,23905588.25
2018-10-02,95.530869,207015324.0,57318521.4
2018-10-03,95.309308,206965324.0,-4765465.4
2018-10-04,94.429332,205765324.0,-113315198.4
2018-10-05,94.348007,204215324.0,-146239410.85
2018-10-08,94.189566,204915324.0,65932696.2
2018-10-09,94.412727,207415324.0,236031817.5
2018-10-10,92.17534,208615324.0,110610408.0
2018-10-11,89.721813,203615324.0,-448609065.0
2018-10-12,91.095336,200765324.0,-259621707.60000002
2018-10-15,90.393733,198765324.0,-180787466.0
2018-10-16,93.008576,200915324.0,199968438.4
2018-10-17,93.450319,202565324.0,154193026.35
2018-10-18,92.383375,204615324.0,189385918.75
2018-10-19,91.503855,202815324.0,-164706939.0
2018-10-22,90.759784,202165324.0,-58993859.599999994
2018-10-23,90.29427,200865324.0,-117382551.0
2018-10-24,87.327357,201265324.0,34930942.800000004
2018-10-25,88.405576,203015324.0,154709758.0
2018-10-26,87.455235,204215324.0,104946282.0
2018-10-29,87.611081,204165324.0,-4380554.05
2018-10-30,88.578922,203815324.0,-31002622.700000003
2018-10-31,88.748153,203115324.0,-62123707.1
2018-11-01,89.905533,203465324.0,31466936.55
2018-11-02,89.315857,201265324.0,-196494885.39999998
2018-11-05,90.060132,199465324.0,-162108237.6
2018-11-06,90.527218,199965324.0,45263609.0
2018-11-07,93.184858,200465324.0,46592429.0
2018-11-08,93.25153,203365324.0,270429437.0
2018-11-09,92.950991,203715324.0,32532846.85
2018-11-12,91.672203,203815324.0,9167220.299999999
2018-11-13,91.04926,204565324.0,68286945.0
2018-11-14,90.28528,209065324.0,406283760.0
2018-11-15,91.16638,205165324.0,-355548882.0
2018-11-16,92.022822,204915324.0,-23005705.5
2018-11-19,90.856903,205115324.0,18171380.6
2018-11-20,89.977251,205315324.0,17995450.2
2018-11-21,89.52086,205065324.0,-22380215.0
2018-11-23,89.62539,204515324.0,-49293964.5
2018-11-26,90.529961,204715324.0,18105992.2
2018-11-27,91.423287,204115324.0,-54853972.2
2018-11-28,93.661456,204715324.0,56196873.6
2018-11-29,93.945747,207115324.0,225469792.79999998
2018-11-30,94.987533,209465324.0,223220702.55
2018-12-03,95.398726,211265324.0,171717706.79999998
2018-12-04,93.21616,211265324.0,0.0
2018-12-06,92.929136,212765324.0,139393704.0
2018-12-07,90.60589,209915324.0,-258226786.5
2018-12-10,90.901933,209765324.0,-13635289.95
2018-12-11,91.174647,211565324.0,164114364.6
2018-12-12,91.955123,213815324.0,206899026.75
2018-12-13,92.046608,222365324.0,786998498.4000001
2018-12-14,88.993357,220415324.0,-173537046.15
2018-12-17,87.125238,216015324.0,-383351047.2
2018-12-18,86.434194,215215324.0,-69147355.2
2018-12-19,85.337401,216515324.0,110938621.3
2018-12-20,84.252484,216265324.0,-21063121.0
2018-12-21,82.683571,216715324.0,37207606.95
2018-12-24,80.630776,213465324.0,-262050022.0
2018-12-26,84.284213,213465324.0,0.0
2018-12-27,85.206014,212315324.0,-97986916.1
2018-12-28,85.247581,209065324.0,-277054638.25
2018-12-31,86.43037,208065324.0,-86430370.0
2019-01-02,85.265315,208115324.0,4263265.75
2019-01-03,83.397653,207115324.0,-83397653.0
2019-01-04,85.894821,208665324.0,133136972.54999998
2019-01-07,86.245404,208165324.0,-43122702.0
2019-01-08,87.05859,209765324.0,139293744.0
2019-01-09,87.33421,211765324.0,174668420.0
2019-01-10,87.544876,211215324.0,-48149681.800000004
2019-01-11,87.830258,210265324.0,-83438745.1
2019-01-14,86.871033,212615324.0,204146927.54999998
2019-01-15,88.379469,210115324.0,-220948672.5
2019-01-16,88.244893,209915324.0,-17648978.6
2019-01-17,89.038175,209865324.0,-4451908.75
2019-01-18,90.08872,209315324.0,-49548796.0
2019-01-22,89.444631,209515324.0,17888926.2
2019-01-23,89.557248,209865324.0,31345036.8
2019-01-24,88.8008,209865324.0,0.0
2019-01-25,88.925175,210065324.0,17785035.0
2019-01-28,87.914127,210215324.0,13187119.049999999
2019-01-29,88.325277,210565324.0,30913846.95
2019-01-30,89.528477,209515324.0,-94004900.85
2019-01-31,90.594037,214615324.0,462029588.7
2019-02-01,90.794894,209315324.0,-481212938.2
2019-02-04,90.483831,210015324.0,63338681.699999996
2019-02-05,90.410797,209915324.0,-9041079.700000001
2019-02-06,90.74019,209915324.0,0.0
2019-02-07,89.783792,210165324.0,22445948.0
2019-02-08,89.946515,210665324.0,44973257.5
2019-02-11,89.828086,210665324.0,0.0
2019-02-12,91.032604,210665324.0,0.0
2019-02-13,91.255323,210815324.0,13688298.450000001
2019-02-14,91.5151,212115324.0,118969630.0
2019-02-15,92.857783,211265324.0,-78929115.55
2019-02-19,92.627514,210865324.0,-37051005.6
2019-02-20,92.508326,211565324.0,64755828.199999996
2019-02-21,91.696691,211415324.0,-13754503.65
2019-02-22,92.549568,210765324.0,-60157219.199999996
2019-02-25,92.656388,216715324.0,551305508.6
2019-02-26,92.364892,211615324.0,-471060949.2
2019-02-27,91.914758,211965324.0,32170165.3
2019-02-28,91.646902,209815324.0,-197040839.29999998
2019-03-01,92.938081,209615324.0,-18587616.2
2019-03-04,91.69848,207465324.0,-197151732.0
2019-03-05,91.634105,204665324.0,-256575494.0
2019-03-06,90.286851,204315324.0,-31600397.849999998
2019-03-07,89.576864,206665324.0,210505630.4
2019-03-08,89.380114,215065324.0,750792957.6
2019-03-11,90.424951,207715324.0,-664623389.8499999
2019-03-12,91.028396,207915324.0,18205679.2
2019-03-13,92.036539,209565324.0,151860289.35
2019-03-14,91.863213,217515324.0,730312543.35
2019-03-15,91.980734,211115324.0,-588676697.6
2019-03-18,91.841223,208615324.0,-229603057.5
2019-03-19,92.56023,211015324.0,222144552.0
2019-03-20,91.939303,212565324.0,142505919.65
2019-03-21,92.274871,212865324.0,27682461.3
2019-03-22,90.616207,212365324.0,-45308103.5
2019-03-25,90.552867,211415324.0,-86025223.65
2019-03-26,91.170679,213065324.0,150431620.35000002
2019-03-27,90.431495,213515324.0,40694172.75
2019-03-28,90.680759,213765324.0,22670189.75
2019-03-29,91.751544,213215324.0,-50463349.199999996
2019-04-01,91.905625,211815324.0,-128667875.0
2019-04-02,91.68647,208715324.0,-284228057.0
2019-04-03,91.574576,207815324.0,-82417118.39999999
2019-04-04,91.371318,207465324.0,-31979961.3
2019-04-05,92.012969,206665324.0,-73610375.2
2019-04-08,91.996767,207565324.0,82797090.30000001
2019-04-09,91.638122,206865324.0,-64146685.4
2019-04-10,91.759673,207115324.0,22939918.25
2019-04-11,90.651249,206865324.0,-22662812.25
2019-04-12,89.829826,207915324.0,94321317.3
2019-04-15,90.138778,204115324.0,-342527356.40000004
2019-04-16,88.318645,202715324.0,-123646103.0
2019-04-17,85.779024,201265324.0,-124379584.80000001
2019-04-18,85.895149,203065324.0,154611268.20000002
2019-04-22,85.968717,211015324.0,683451300.15
2019-04-23,87.335337,206965324.0,-353708114.84999996
2019-04-24,87.21547,205815324.0,-100297790.5
2019-04-25,88.200477,204815324.0,-88200477.0
2019-04-26,89.048095,205615324.0,71238476.0
2019-04-29,88.860952,205515324.0,-8886095.2
2019-04-30,89.347324,204665324.0,-75945225.4
2019-05-01,89.083257,203465324.0,-106899908.4
2019-05-02,89.505,205515324.0,183485250.0
2019-05-03,90.18322,198665324.0,-617755057.0
2019-05-06,90.707571,199915324.0,113384463.75
2019-05-07,88.943808,203265324.0,297961756.8
2019-05-08,89.049911,203115324.0,-13357486.649999999
2019-05-09,88.918777,203915324.0,71135021.60000001
2019-05-10,88.857203,204015324.0,8885720.3
2019-05-13,87.316883,203315324.0,-61121818.1
2019-05-14,87.672177,203665324.0,30685261.950000003
2019-05-15,87.907322,203265324.0,-35162928.8
2019-05-16,88.605997,210815324.0,668975277.35
2019-05-17,88.458566,205715324.0,-451138686.6
2019-05-20,88.42551,208565324.0,252012703.5
2019-05-21,89.150489,206965324.0,-142640782.39999998
2019-05-22,89.714638,205615324.0,-121114761.3
2019-05-23,89.384784,203915324.0,-151954132.79999998
2019-05-24,89.560369,206415324.0,223900922.5
2019-05-28,88.302872,201165324.0,-463590077.99999994
2019-05-29,87.462762,195065324.0,-533522848.2
2019-05-30,87.918668,195015324.0,-4395933.399999999
2019-05-31,87.238858,195815324.0,69791086.39999999
2019-06-03,87.502643,194815324.0,-87502643.0
2019-06-04,88.971557,195865324.0,93420134.85000001
2019-06-05,89.569731,193565324.0,-206010381.3
2019-06-06,89.860184,197015324.0,310017634.8
2019-06-07,91.006562,198515324.0,136509843.0
2019-06-10,91.288333,198415324.0,-9128833.299999999
2019-06-11,91.062513,198565324.0,13659376.95
2019-06-12,91.527623,196865324.0,-155596959.10000002
2019-06-13,91.446282,202565324.0,521243807.4
2019-06-14,91.24584,202265324.0,-27373752.0
2019-06-17,91.671629,196615324.0,-517944703.84999996
2019-06-18,92.424508,196415324.0,-18484901.6
2019-06-19,93.306813,196215324.0,-18661362.6
2019-06-20,93.681016,197415324.0,112417219.2
2019-06-21,93.690087,196215324.0,-112428104.4
2019-06-24,93.223791,197565324.0,125852117.85000001
2019-06-25,92.841401,197165324.0,-37136560.4
2019-06-26,91.685326,198915324.0,160449320.5
2019-06-27,92.267111,199315324.0,36906844.4
2019-06-28,92.609669,198365324.0,-87979185.55
2019-07-01,93.139391,198515324.0,13970908.65
2019-07-02,93.53614,196515324.0,-187072280.0
2019-07-03,94.402143,195265324.0,-118002678.75
2019-07-05,93.736365,195265324.0,0.0
2019-07-08,93.039099,193865324.0,-130254738.6
2019-07-09,93.141073,196965324.0,288737326.3
2019-07-10,93.477826,195365324.0,-149564521.6
2019-07-11,93.4958,194765324.0,-56097480.0
2019-07-12,92.453253,191865324.0,-268114433.70000002
2019-07-15,92.644605,191865324.0,0.0
2019-07-16,92.179796,190115324.0,-161314643.0
2019-07-17,92.196424,192565324.0,225881238.79999998
2019-07-18,92.698993,191715324.0,-78794144.05
2019-07-19,91.716011,190965324.0,-68787008.25
2019-07-22,91.576158,188915324.0,-187731123.9
2019-07-23,92.1395,188915324.0,0.0
2019-07-24,92.18665,195515324.0,608431890.0
2019-07-25,91.679011,190465324.0,-462979005.55
2019-07-26,92.059507,189265324.0,-110471408.39999999
2019-07-29,92.433433,188015324.0,-115541791.24999999
2019-07-30,92.037611,188515324.0,46018805.5
2019-07-31,91.129999,188865324.0,31895499.65
2019-08-01,91.274538,190015324.0,104965718.7
2019-08-02,91.071659,190115324.0,9107165.9
2019-08-05,88.947941,190565324.0,40026573.45
2019-08-06,90.072571,190565324.0,0.0
2019-08-07,90.044783,192515324.0,175587326.85
2019-08-08,91.281231,191015324.0,-136921846.5
2019-08-09,91.445041,189515324.0,-137167561.5
2019-08-12,90.535018,188065324.0,-131275776.1
2019-08-13,91.697371,188415324.0,32094079.85
2019-08-14,89.14726,194365324.0,530426197.0
2019-08-15,89.455698,189965324.0,-393605071.2
2019-08-16,90.520681,189265324.0,-63364476.699999996
2019-08-19,91.409654,187915324.0,-123403032.9
2019-08-20,90.626462,189665324.0,158596308.5
2019-08-21,91.303107,189665324.0,0.0
2019-08-22,90.858137,189615324.0,-4542906.85
2019-08-23,88.754503,188815324.0,-71003602.4
2019-08-26,89.680445,190965324.0,192812956.75
2019-08-27,89.189907,187565324.0,-303245683.8
2019-08-28,89.817778,187515324.0,-4490888.9
2019-08-29,90.511091,186265324.0,-113138863.74999999
2019-08-30,90.666366,186765324.0,45333183.0
2019-09-03,90.096441,186115324.0,-58562686.65
2019-09-04,90.109556,185215324.0,-81098600.39999999
2019-09-05,90.985372,182915324.0,-209266355.6
2019-09-06,91.272896,182915324.0,0.0
2019-09-09,90.443219,183465324.0,49743770.45
2019-09-10,90.706097,183765324.0,27211829.1
2019-09-11,91.619713,183365324.0,-36647885.2
2019-09-12,91.531727,192665324.0,851245061.1
2019-09-13,91.532837,190765324.0,-173912390.3
2019-09-16,91.322402,186665324.0,-374421848.2
2019-09-17,91.453786,186815324.0,13718067.899999999
2019-09-18,91.458349,187315324.0,45729174.5
2019-09-19,91.8874,187015324.0,-27566220.0
2019-09-20,92.059156,187315324.0,27617746.8
2019-09-23,91.497711,187965324.0,59473512.15
2019-09-24,90.670897,188415324.0,40801903.65
2019-09-25,90.234813,187215324.0,-108281775.60000001
2019-09-26,89.690161,185815324.0,-125566225.4
2019-09-27,89.321531,184365324.0,-129516219.94999999
2019-09-30,90.125049,185615324.0,112656311.25
2019-10-01,89.258885,186615324.0,89258885.0
2019-10-02,87.903855,186915324.0,26371156.499999996
2019-10-03,88.741743,185965324.0,-84304655.85
2019-10-04,90.147486,186115324.0,13522122.9
2019-10-07,89.761015,186115324.0,0.0
2019-10-08,88.121825,185615324.0,-44060912.5
2019-10-09,88.724095,185665324.0,4436204.75
2019-10-10,89.178848,187165324.0,133768272.0
2019-10-11,89.947637,187915324.0,67460727.75
2019-10-14,89.917136,188865324.0,85421279.2
2019-10-15,91.495143,188865324.0,0.0
2019-10-16,91.386662,189115324.0,22846665.5
2019-10-17,92.077558,190365324.0,115096947.5
2019-10-18,91.767435,190215324.0,-13765115.25
2019-10-21,91.70101,190665324.0,41265454.5
2019-10-22,91.858835,190415324.0,-22964708.75
2019-10-23,92.45011,190415324.0,0.0
2019-10-24,91.900108,190265324.0,-13785016.200000001
2019-10-25,92.075893,190565324.0,27622767.9
2019-10-28,93.028933,190365324.0,-18605786.599999998
2019-10-29,94.104364,190615324.0,23526091.0
2019-10-30,94.833855,190565324.0,-4741692.75
2019-10-31,94.70898,190515324.0,-4735449.0
2019-11-01,94.865932,191265324.0,71149449.0
2019-11-04,94.539389,189715324.0,-146536052.95
2019-11-05,93.695989,188915324.0,-74956791.2
2019-11-06,94.220052,191115324.0,207284114.39999998
2019-11-07,94.407032,194565324.0,325704260.4
2019-11-08,95.157428,188865324.0,-542397339.6
2019-11-11,94.764454,190365324.0,142146681.0
2019-11-12,95.31821,189315324.0,-100084120.5
2019-11-13,95.422302,192565324.0,310122481.5
2019-11-14,95.390411,190915324.0,-157394178.15
2019-11-15,97.494609,189565324.0,-131617722.14999999
2019-11-18,97.126926,188565324.0,-97126926.0
2019-11-19,97.760711,188265324.0,-29328213.3
2019-11-20,97.675957,189465324.0,117211148.39999999
2019-11-21,97.898129,186865324.0,-254535135.4
2019-11-22,98.287328,186915324.0,4914366.4
2019-11-25,99.399527,191665324.0,472147753.25
2019-11-26,99.331532,190215324.0,-144030721.4
2019-11-27,99.808142,191715324.0,149712213.0
2019-11-29,99.464128,192865324.0,114383747.2
2019-12-02,99.027062,192715324.0,-14854059.3
2019-12-03,98.821317,192615324.0,-9882131.7
2019-12-04,99.726899,194265324.0,164549383.35
2019-12-05,99.758384,195265324.0,99758384.0
2019-12-06,100.398003,194215324.0,-105417903.15
2019-12-09,99.720962,193315324.0,-89748865.8
2019-12-10,99.86598,192565324.0,-74899485.0
2019-12-11,100.031229,193415324.0,85026544.64999999
2019-12-12,100.932576,193765324.0,35326401.6
2019-12-13,100.861047,194165324.0,40344418.8
2019-12-16,101.950204,194415324.0,25487551.0
2019-12-17,101.861568,194065324.0,-35651548.800000004
2019-12-18,101.984414,193415324.0,-66289869.1
2019-12-19,102.378346,193915324.0,51189173.0
2019-12-20,102.748095,194765324.0,87335880.75
2019-12-23,103.081855,195215324.0,46386834.75
2019-12-24,102.979161,195265324.0,5148958.05
2019-12-26,102.882714,195915324.0,66873764.1
2019-12-27,102.947595,196615324.0,72063316.5
2019-12-30,101.619006,197815324.0,121942807.2
2019-12-31,101.925744,196915324.0,-91733169.6
2020-01-02,102.146182,197365324.0,45965781.9
2020-01-03,101.278192,196965324.0,-40511276.800000004
2020-01-06,101.873004,197715324.0,76404753.0
2020-01-07,101.6273,198365324.0,66057745.0
2020-01-08,102.280179,199415324.0,107394187.95
2020-01-09,102.760065,199465324.0,5138003.25
2020-01-10,102.801226,200565324.0,113081348.6
2020-01-13,102.440217,200465324.0,-10244021.700000001
2020-01-14,103.063528,199265324.0,-123676233.60000001
2020-01-15,103.936488,199365324.0,10393648.799999999
2020-01-16,104.481459,199965324.0,62688875.4
2020-01-17,104.542931,199565324.0,-41817172.4
2020-01-21,104.586593,197515324.0,-214402515.64999998
2020-01-22,104.726998,197115324.0,-41890799.199999996
2020-01-23,104.209191,197365324.0,26052297.75
2020-01-24,102.46429,199065324.0,174189293.0
2020-01-27,101.689628,196415324.0,-269477514.2
2020-01-28,102.175485,196365324.0,-5108774.25
2020-01-29,101.891397,196865324.0,50945698.5
2020-01-30,101.158986,199965324.0,313592856.6
2020-01-31,99.155597,196515324.0,-342086809.65
2020-02-03,100.069951,196365324.0,-15010492.65
2020-02-04,101.76318,196865324.0,50881590.0
2020-02-05,103.759101,198315324.0,150450696.45
2020-02-06,103.87299,202015324.0,384330063.0
2020-02-07,103.03468,200665324.0,-139096818.0
2020-02-10,103.55982,200315324.0,-36245937.0
2020-02-11,104.195039,199765324.0,-57307271.449999996
2020-02-12,104.340635,200715324.0,99123603.25
2020-02-13,103.826807,201165324.0,46722063.15
2020-02-14,103.963088,200865324.0,-31188926.4
2020-02-18,103.580834,200365324.0,-51790417.0
2020-02-19,104.049537,200465324.0,10404953.7
2020-02-20,103.404888,200615324.0,15510733.2
2020-02-21,103.436489,198265324.0,-243075749.14999998
2020-02-24,100.139703,200465324.0,220307346.6
2020-02-25,97.19639,198865324.0,-155514224.0
2020-02-26,97.097069,198515324.0,-33983974.15
2020-02-27,93.87921,199715324.0,112655052.0
2020-02-28,92.567737,199965324.0,23141934.25
2020-03-02,97.014322,201565324.0,155222915.20000002
2020-03-03,94.555754,202465324.0,85100178.6
2020-03-04,100.027619,202765324.0,30008285.7
2020-03-05,97.641517,204065324.0,126933972.1
2020-03-06,97.137111,204565324.0,48568555.5
2020-03-09,92.123187,205665324.0,101335505.7
2020-03-10,95.304331,207265324.0,152486929.6
2020-03-11,91.594195,208565324.0,119072453.5
2020-03-12,84.83711,207465324.0,-93320821.0
2020-03-13,90.803653,210565324.0,281491324.3
2020-03-16,81.75274,211065324.0,40876370.0
2020-03-17,86.846168,215865324.0,416861606.40000004
2020-03-18,83.901647,216065324.0,16780329.4
2020-03-19,82.34094,216915324.0,69989799.0
2020-03-20,78.9927,212565324.0,-343618245.0
2020-03-23,74.704986,210315324.0,-168086218.5
2020-03-24,80.36463,208665324.0,-132601639.50000001
2020-03-25,81.380373,210065324.0,113932522.2
2020-03-26,87.076755,210015324.0,-4353837.75
2020-03-27,84.978668,209315324.0,-59485067.6
2020-03-30,88.948214,209015324.0,-26684464.2
2020-03-31,88.601991,209515324.0,44300995.5
2020-04-01,85.189518,211065324.0,132043752.9
2020-04-02,87.586149,213415324.0,205827450.15
2020-04-03,86.745844,213565324.0,13011876.600000001
2020-04-06,91.416529,212815324.0,-68562396.75
2020-04-07,90.565811,212615324.0,-18113162.2
2020-04-08,94.363513,210865324.0,-165136147.75
2020-04-09,94.886802,230615324.0,1874014339.5
2020-04-13,93.957202,231915324.0,122144362.6
2020-04-14,97.119269,231165324.0,-72839451.75
2020-04-15,96.618104,233715324.0,246376165.20000002
2020-04-16,98.73745,235765324.0,202411772.5
2020-04-17,100.771851,235515324.0,-25192962.75
2020-04-20,99.98868,238315324.0,279968304.0
2020-04-21,96.858795,240565324.0,217932288.75
2020-04-22,98.424181,240065324.0,-49212090.5
2020-04-23,98.896192,242165324.0,207682003.2
2020-04-24,100.316221,246365324.0,421328128.2
2020-04-27,101.630764,247465324.0,111793840.4
2020-04-28,99.475163,249165324.0,169107777.1
2020-04-29,100.207974,248265324.0,-90187176.6
2020-04-30,99.769285,247115324.0,-114734677.75
2020-05-01,97.702311,245665324.0,-141668350.95
2020-05-04,97.773063,246365324.0,68441144.1
2020-05-05,99.868837,247315324.0,94875395.15
2020-05-06,98.892247,247915324.0,59335348.199999996
2020-05-07,98.904275,252165324.0,420343168.75
2020-05-08,99.434569,250465324.0,-169038767.29999998
2020-05-11,101.120795,249215324.0,-126400993.75
2020-05-12,99.617458,252265324.0,303833246.9
2020-05-13,98.526534,258865324.0,650275124.4
2020-05-14,99.59983,261315324.0,244019583.5
2020-05-15,100.348631,260915324.0,-40139452.4
2020-05-18,101.285615,265315324.0,445656706.00000006
2020-05-19,100.062519,264615324.0,-70043763.3
2020-05-20,100.185031,263915324.0,-70129521.7
2020-05-21,99.372933,261665324.0,-223589099.25
2020-05-22,99.631298,259315324.0,-234133550.3
2020-05-26,99.438612,259365324.0,4971930.600000001
2020-05-27,100.48024,260065324.0,70336168.0
2020-05-28,101.742746,258165324.0,-193311217.4
2020-05-29,103.034129,257765324.0,-41213651.599999994
2020-06-01,101.999583,260315324.0,260098936.65
2020-06-02,102.617918,260815324.0,51308959.0
2020-06-03,102.413005,261115324.0,30723901.5
2020-06-04,101.593884,259415324.0,-172709602.8
2020-06-05,103.272691,258965324.0,-46472710.949999996
2020-06-08,103.937184,257765324.0,-124724620.8
2020-06-09,102.821171,258515324.0,77115878.25
2020-06-10,102.679238,256965324.0,-159152818.9
2020-06-11,96.935398,258015324.0,101782167.9
2020-06-12,97.651731,241815324.0,-1581958042.2
2020-06-15,97.829862,236815324.0,-489149310.0
2020-06-16,100.205613,234465324.0,-235483190.55
2020-06-17,100.126827,232865324.0,-160202923.20000002
2020-06-18,99.825499,231115324.0,-174694623.25
2020-06-19,100.7233,230615324.0,-50361650.0
2020-06-22,99.936735,230765324.0,14990510.25
2020-06-23,100.372041,231715324.0,95353438.95
2020-06-24,97.709314,232665324.0,92823848.30000001
2020-06-25,98.736048,231865324.0,-78988838.39999999
2020-06-26,97.533154,230465324.0,-136546415.6
2020-06-29,98.369073,233415324.0,290188765.35
2020-06-30,100.149462,231915324.0,-150224193.0
2020-07-01,100.858604,231665324.0,-25214651.0
2020-07-02,101.597781,231715324.0,5079889.05
2020-07-06,102.616871,231415324.0,-30785061.3
2020-07-07,101.739791,230365324.0,-106826780.55
2020-07-08,101.756575,230115324.0,-25439143.75
2020-07-09,100.924729,229915324.0,-20184945.8
2020-07-10,100.702632,227465324.0,-246721448.39999998
2020-07-13,101.233719,226765324.0,-70863603.3
2020-07-14,103.282947,228365324.0,165252715.2
2020-07-15,104.639751,225365324.0,-313919253.0
2020-07-16,104.46385,226265324.0,94017465.0
2020-07-17,105.884771,226465324.0,21176954.2
2020-07-20,105.873963,226765324.0,31762188.900000002
2020-07-21,105.815208,226665324.0,-10581520.8
2020-07-22,106.729486,227315324.0,69374165.89999999
2020-07-23,106.295041,227415324.0,10629504.1
2020-07-24,105.116931,227415324.0,0.0
2020-07-27,105.875084,227165324.0,-26468771.0
2020-07-28,105.724531,227015324.0,-15858679.65
2020-07-29,106.864267,227265324.0,26716066.75
2020-07-30,106.101987,229215324.0,206898874.64999998
2020-07-31,105.519507,227365324.0,-195211087.95000002
2020-08-03,106.614655,226765324.0,-63968793.0
2020-08-04,106.134332,225215324.0,-164508214.6
2020-08-05,106.654121,225315324.0,10665412.1
2020-08-06,106.042791,225815324.0,53021395.5
2020-08-07,106.415937,225915324.0,10641593.7
2020-08-10,106.0542,225515324.0,-42421680.0
2020-08-11,105.367898,225165324.0,-36878764.3
2020-08-12,107.174397,223515324.0,-176837755.05
2020-08-13,107.014633,224165324.0,69559511.45
2020-08-14,106.809833,223465324.0,-74766883.1
2020-08-17,107.432013,223015324.0,-48344405.85
2020-08-18,107.39432,224065324.0,112764036.0
2020-08-19,107.018099,224865324.0,85614479.2
2020-08-20,106.709301,225115324.0,26677325.25
2020-08-21,106.80185,225115324.0,0.0
2020-08-24,106.300342,225065324.0,-5315017.1
2020-08-25,107.041973,224915324.0,-16056295.95
2020-08-26,106.911997,226315324.0,149676795.8
2020-08-27,107.746619,228215324.0,204718576.1
2020-08-28,107.965839,228465324.0,26991459.75
2020-08-31,108.313593,228465324.0,0.0
2020-09-01,107.256213,228215324.0,-26814053.25
2020-09-02,109.489239,229615324.0,153284934.6
2020-09-03,106.494713,230915324.0,138443126.9
2020-09-04,105.719065,229265324.0,-174436457.25
2020-09-08,103.95793,228715324.0,-57176861.5
2020-09-09,105.802228,228615324.0,-10580222.8
2020-09-10,104.165604,228265324.0,-36457961.4
2020-09-11,104.596403,227165324.0,-115056043.3
2020-09-14,106.0696,226915324.0,-26517400.0
2020-09-15,106.240293,227165324.0,26560073.25
2020-09-16,106.002302,227965324.0,84801841.6
2020-09-17,105.676803,227715324.0,-26419200.75
2020-09-18,105.540666,228065324.0,36939233.1
2020-09-21,103.184899,226865324.0,-123821878.8
2020-09-22,102.990861,226565324.0,-30897258.299999997
2020-09-23,101.88256,226215324.0,-35658896.0
2020-09-24,101.371248,224315324.0,-192605371.2
2020-09-25,103.044753,223815324.0,-51522376.5
2020-09-28,103.888396,223115324.0,-72721877.2
2020-09-29,103.815944,224315324.0,124579132.8
2020-09-30,105.557538,224665324.0,36945138.3
2020-10-01,105.089516,226165324.0,157634274.0
2020-10-02,104.134727,226465324.0,31240418.099999998
2020-10-05,106.31204,226365324.0,-10631204.0
2020-10-06,104.922365,225915324.0,-47215064.25
2020-10-07,106.902511,225365324.0,-58796381.050000004
2020-10-08,107.406114,223115324.0,-241663756.5
2020-10-09,108.350868,223715324.0,65010520.800000004
2020-10-12,109.079063,222165324.0,-169072547.65
2020-10-13,108.295803,222115324.0,-5414790.15
2020-10-14,107.618177,227365324.0,564995429.25
2020-10-15,106.842049,222465324.0,-523526040.1
2020-10-16,107.930576,221865324.0,-64758345.6
2020-10-19,106.161965,221415324.0,-47772884.25
2020-10-20,106.302269,220965324.0,-47836021.05
2020-10-21,105.82254,220965324.0,0.0
2020-10-22,107.390334,220465324.0,-53695167.0
2020-10-23,107.807904,220415324.0,-5390395.199999999
2020-10-26,106.614425,220665324.0,26653606.25
2020-10-27,105.881849,221115324.0,47646832.050000004
2020-10-28,102.474886,220565324.0,-56361187.3
2020-10-29,101.744356,220465324.0,-10174435.6
2020-10-30,101.671296,220715324.0,25417824.0
2020-11-02,103.519188,220215324.0,-51759594.0
2020-11-03,105.007449,218615324.0,-168011918.39999998
2020-11-04,109.665679,219465324.0,93215827.14999999
2020-11-05,109.923492,224115324.0,511144237.79999995
2020-11-06,110.091377,224665324.0,60550257.349999994
2020-11-09,110.8913,224515324.0,-16633695.0
2020-11-10,111.284743,225915324.0,155798640.20000002
2020-11-11,111.100364,223565324.0,-261085855.4
2020-11-12,110.669565,224165324.0,66401739.0
2020-11-13,112.13569,224815324.0,72888198.5
2020-11-16,111.918148,224815324.0,0.0
2020-11-17,111.097611,223765324.0,-116652491.55
2020-11-18,109.143199,223365324.0,-43657279.6
2020-11-19,108.991759,220615324.0,-299727337.25
2020-11-20,108.776394,220815324.0,21755278.8
2020-11-23,108.520058,222565324.0,189910101.5
2020-11-24,108.827262,222915324.0,38089541.7
2020-11-25,108.368086,222865324.0,-5418404.3
2020-11-27,109.397863,222565324.0,-32819358.9
2020-11-30,109.710841,223965324.0,153595177.4
2020-12-01,110.593856,226215324.0,248836176.0
2020-12-02,111.478928,226715324.0,55739464.0
2020-12-03,111.295776,224115324.0,-289369017.6
2020-12-04,112.542596,222265324.0,-208203802.6
2020-12-07,111.846942,222915324.0,72700512.3
2020-12-08,112.65976,223715324.0,90127808.0
2020-12-09,112.342167,225615324.0,213450117.3
2020-12-10,112.121322,225365324.0,-28030330.5
2020-12-11,111.655138,224815324.0,-61410325.9
2020-12-14,110.849265,224715324.0,-11084926.5
2020-12-15,112.027517,224365324.0,-39209630.95
2020-12-16,111.65459,224115324.0,-27913647.5
2020-12-17,112.904633,224165324.0,5645231.65
2020-12-18,112.935569,224415324.0,28233892.25
2020-12-21,111.407771,223715324.0,-77985439.7
2020-12-22,111.04468,224815324.0,122149148.0
2020-12-23,111.132995,225165324.0,38896548.25
2020-12-24,111.402651,225465324.0,33420795.3
2020-12-28,111.701042,225465324.0,0.0
2020-12-29,112.188658,226215324.0,84141493.5
2020-12-30,112.196719,226015324.0,-22439343.8
2020-12-31,113.507556,226315324.0,34052266.8
2021-01-04,112.898339,225815324.0,-56449169.5
2021-01-05,113.65128,226865324.0,119333844.0
2021-01-06,115.250762,226265324.0,-69150457.2
2021-01-07,116.766767,225515324.0,-87575075.25
2021-01-08,117.317792,223315324.0,-258099142.4
2021-01-11,117.90931,223315324.0,0.0
2021-01-12,116.647667,222765324.0,-64156216.85
2021-01-13,116.940328,222165324.0,-70164196.8
2021-01-14,116.573962,222565324.0,46629584.8
2021-01-15,116.944753,222765324.0,23388950.6
2021-01-19,117.847291,222665324.0,-11784729.1
2021-01-20,118.523929,223865324.0,142228714.79999998
2021-01-21,117.948153,224315324.0,53076668.85
2021-01-22,117.619865,224015324.0,-35285959.5
2021-01-25,118.386128,224765324.0,88789596.0
2021-01-26,117.918152,224515324.0,-29479538.0
2021-01-27,114.324497,225065324.0,62878473.349999994
2021-01-28,116.067252,225165324.0,11606725.2
2021-01-29,115.108424,222915324.0,-258993954.0
2021-02-01,115.471584,220215324.0,-311773276.79999995
2021-02-02,115.792212,221415324.0,138950654.4
2021-02-03,114.98218,220015324.0,-160975052.0
2021-02-04,115.3926,217515324.0,-288481500.0
2021-02-05,115.682232,214915324.0,-300773803.2
2021-02-08,115.848666,213815324.0,-127433532.6
2021-02-09,115.992393,211965324.0,-214585927.05
2021-02-10,116.18692,214065324.0,243992532.0
2021-02-11,116.421404,213065324.0,-116421404.0
2021-02-12,117.292855,214565324.0,175939282.5
2021-02-16,116.098043,215765324.0,139317651.6
2021-02-17,116.508535,211715324.0,-471859566.75
2021-02-18,115.752542,210765324.0,-109964914.9
2021-02-19,114.426041,210615324.0,-17163906.15
2021-02-22,114.154711,211815324.0,136985653.20000002
2021-02-23,113.979926,212365324.0,62688959.300000004
2021-02-24,114.726833,213465324.0,126199516.3
2021-02-25,113.593581,213865324.0,45437432.4
2021-02-26,112.676665,213415324.0,-50704499.25
2021-03-01,114.054001,213365324.0,-5702700.05
2021-03-02,113.772524,214115324.0,85329393.0
2021-03-03,112.264919,213265324.0,-95425181.15
2021-03-04,110.773678,211015324.0,-249240775.5
2021-03-05,113.008293,211265324.0,28252073.25
2021-03-08,112.68951,211665324.0,45075804.0
2021-03-09,113.404703,212465324.0,90723762.39999999
2021-03-10,113.649878,212815324.0,39777457.3
2021-03-11,114.35876,213215324.0,45743504.0
2021-03-12,114.613978,211715324.0,-171920967.0
2021-03-15,115.362481,211715324.0,0.0
2021-03-16,115.32153,211715324.0,0.0
2021-03-17,114.852602,212315324.0,68911561.2
2021-03-18,114.634569,212315324.0,0.0
2021-03-19,115.045175,212715324.0,46018070.0
2021-03-22,115.683857,213715324.0,115683857.0
2021-03-23,114.491351,214665324.0,108766783.44999999
2021-03-24,114.424384,214715324.0,5721219.2
2021-03-25,114.804587,211965324.0,-315712614.25
2021-03-26,117.072257,210665324.0,-152193934.1
2021-03-29,117.536307,211165324.0,58768153.5
2021-03-30,116.48013,210515324.0,-75712084.5
2021-03-31,116.675003,210815324.0,35002500.9
2021-04-01,116.421596,210915324.0,11642159.6
2021-04-05,117.190466,210915324.0,0.0
2021-04-06,116.774073,210515324.0,-46709629.2
2021-04-07,116.491513,211065324.0,64070332.15
2021-04-08,116.624134,209915324.0,-134117754.1
2021-04-09,117.979532,210115324.0,23595906.400000002
2021-04-12,118.036845,209965324.0,-17705526.75
2021-04-13,118.558898,208465324.0,-177838347.0
2021-04-14,118.498866,213165324.0,556944670.2
2021-04-15,120.560855,209365324.0,-458131249.0
2021-04-16,121.45759,209765324.0,48583036.0
2021-04-19,121.444375,210915324.0,139661031.25
2021-04-20,121.965322,211415324.0,60982661.0
2021-04-21,123.350462,211615324.0,24670092.4
2021-04-22,122.841853,213315324.0,208831150.1
2021-04-23,123.62729,212115324.0,-148352748.0
2021-04-26,123.191585,211965324.0,-18478737.75
2021-04-27,122.567206,210915324.0,-128695566.3
2021-04-28,122.139754,210815324.0,-12213975.4
2021-04-29,121.667207,211465324.0,79083684.55
2021-04-30,121.274965,211215324.0,-30318741.25
2021-05-03,122.689078,211465324.0,30672269.5
2021-05-04,122.735622,213265324.0,220924119.60000002
2021-05-05,123.013651,218315324.0,621218937.55
2021-05-06,123.16312,217515324.0,-98530496.0
2021-05-07,124.04533,219165324.0,204674794.5
2021-05-10,124.166968,222015324.0,353875858.8
2021-05-11,122.95687,221765324.0,-30739217.5
2021-05-12,121.725055,224315324.0,310398890.25
2021-05-13,122.897797,222115324.0,-270375153.4
2021-05-14,123.394781,222965324.0,104885563.85
2021-05-17,123.189896,223215324.0,30797474.0
2021-05-18,123.248067,222565324.0,-80111243.55
2021-05-19,123.071447,223715324.0,141532164.05
2021-05-20,124.348904,224765324.0,130566349.2
2021-05-21,124.310078,223565324.0,-149172093.6
2021-05-24,124.455542,224515324.0,118232764.89999999
2021-05-25,124.079598,224765324.0,31019899.5
2021-05-26,123.384285,223065324.0,-209753284.5
2021-05-27,123.18544,224265324.0,147822528.0
2021-05-28,123.552989,223765324.0,-61776494.5
2021-06-01,121.527186,224315324.0,66839952.3
2021-06-02,121.261186,223715324.0,-72756711.6
2021-06-03,121.746747,224915324.0,146096096.4
2021-06-04,122.13367,223365324.0,-189307188.5
2021-06-07,122.550222,222865324.0,-61275111.0
2021-06-08,122.117081,220715324.0,-262551724.15
2021-06-09,123.340358,220315324.0,-49336143.199999996
2021-06-10,125.415164,221665324.0,169310471.4
2021-06-11,124.503426,223115324.0,180529967.70000002
2021-06-14,124.672057,223615324.0,62336028.5
2021-06-15,124.644014,223115324.0,-62322007.0
2021-06-16,124.165769,222515324.0,-74499461.39999999
2021-06-17,125.145499,221015324.0,-187718248.5
2021-06-18,123.661391,220965324.0,-6183069.55
2021-06-21,124.769688,219815324.0,-143485141.2
2021-06-22,125.028934,220915324.0,137531827.4
2021-06-23,124.452128,221965324.0,130674734.4
2021-06-24,125.112291,221415324.0,-68811760.05
2021-06-25,125.686661,220715324.0,-87980662.7
2021-06-28,125.896619,220165324.0,-69243140.45
2021-06-29,125.990109,220815324.0,81893570.85000001
2021-06-30,125.938437,221415324.0,75563062.2
2021-07-01,127.13201,224015324.0,330543226.0
2021-07-02,128.225999,222865324.0,-147459898.85
2021-07-06,128.114927,225065324.0,281852839.4
2021-07-07,128.901651,225815324.0,96676238.24999999
2021-07-08,128.291821,231365324.0,712019606.55
2021-07-09,128.751352,235065324.0,476380002.4
2021-07-12,128.980985,234765324.0,-38694295.5
2021-07-13,128.843494,233865324.0,-115959144.6
2021-07-14,128.663282,237415324.0,456754651.1
2021-07-15,128.335243,234765324.0,-340088393.95
2021-07-16,128.617189,235765324.0,128617189.0
2021-07-19,127.238981,236765324.0,127238981.0
2021-07-20,128.76791,240315324.0,457126080.5
2021-07-21,129.031749,240265324.0,-6451587.449999999
2021-07-22,129.905178,240115324.0,-19485776.7
2021-07-23,131.42934,240415324.0,39428802.0
2021-07-26,130.610505,241815324.0,182854706.99999997
2021-07-27,131.181937,242515324.0,91827355.9
2021-07-28,131.684192,244215324.0,223863126.4
2021-07-29,131.985849,244465324.0,32996462.25
2021-07-30,132.083704,243465324.0,-132083704.00000001
2021-08-02,132.307804,244015324.0,72769292.2
2021-08-03,134.172081,244615324.0,80503248.6
2021-08-04,133.611013,246815324.0,293944228.6
2021-08-05,133.109196,246765324.0,-6655459.8
2021-08-06,132.968767,246315324.0,-59835945.150000006
2021-08-09,133.468173,245865324.0,-60060677.85
2021-08-10,133.14844,244165324.0,-226352348.0
2021-08-11,131.860314,243215324.0,-125267298.29999998
2021-08-12,132.888268,240265324.0,-392020390.6
2021-08-13,133.686569,240815324.0,73527612.94999999
2021-08-16,135.21752,242415324.0,216348032.0
2021-08-17,136.72855,243865324.0,198256397.50000003
2021-08-18,134.733992,244465324.0,80840395.2
2021-08-19,135.388121,244265324.0,-27077624.200000003
2021-08-20,136.079523,245315324.0,142883499.15
2021-08-23,136.129696,245415324.0,13612969.6
2021-08-24,135.661781,246365324.0,128878691.94999999
2021-08-25,135.315746,246765324.0,54126298.4
2021-08-26,134.776231,247765324.0,134776231.0
2021-08-27,134.554535,248015324.0,33638633.75
2021-08-30,135.372859,248515324.0,67686429.5
2021-08-31,135.204436,249415324.0,121683992.39999999
2021-09-01,135.232989,248565324.0,-114948040.65
2021-09-02,136.694072,249415324.0,116189961.2
2021-09-03,136.838036,248865324.0,-75260919.8
2021-09-07,136.071494,248865324.0,0.0
2021-09-08,135.972011,247915324.0,-129173410.45
2021-09-09,134.390033,247765324.0,-20158504.95
2021-09-10,133.167713,251365324.0,479403766.79999995
2021-09-13,132.356173,248715324.0,-350743858.45000005
2021-09-14,132.269016,249215324.0,66134508.0
2021-09-15,133.174857,248915324.0,-39952457.1
2021-09-16,132.845161,248915324.0,0.0
2021-09-17,132.940886,249015324.0,13294088.600000001
2021-09-20,131.183667,247365324.0,-216453050.55
2021-09-21,131.372453,247715324.0,45980358.550000004
2021-09-22,131.487884,247265324.0,-59169547.800000004
2021-09-23,132.525119,246865324.0,-53010047.599999994
2021-09-24,131.967289,246115324.0,-98975466.75
2021-09-27,130.085096,246065324.0,-6504254.8
2021-09-28,127.874822,243365324.0,-345262019.4
2021-09-29,128.870294,241415324.0,-251297073.3
2021-09-30,127.255944,241615324.0,25451188.8
2021-10-01,127.341277,238565324.0,-388390894.85
2021-10-04,125.45215,239015324.0,56453467.5
2021-10-05,126.177519,237915324.0,-138795270.9
2021-10-06,125.979919,232315324.0,-705487546.4
2021-10-07,127.528475,233765324.0,184916288.75
2021-10-08,126.922407,232465324.0,-164999129.1
2021-10-11,125.971429,233415324.0,119672857.55
2021-10-12,125.374615,233365324.0,-6268730.75
2021-10-13,125.481491,235215324.0,232140758.35000002
2021-10-14,127.352381,235315324.0,12735238.1
2021-10-15,127.982196,235465324.0,19197329.4
2021-10-18,127.063542,234715324.0,-95297656.5
2021-10-19,128.723615,231915324.0,-360426122.0
2021-10-20,130.58639,233315324.0,182820946.0
2021-10-21,131.175698,232215324.0,-144293267.8
2021-10-22,131.665419,233715324.0,197498128.50000003
2021-10-25,131.786489,234215324.0,65893244.49999999
2021-10-26,132.484795,235965324.0,231848391.24999997
2021-10-27,131.411292,237265324.0,170834679.6
2021-10-28,132.543423,236815324.0,-59644540.349999994
2021-10-29,133.796779,237965324.0,153866295.85
2021-11-01,133.615493,240465324.0,334038732.49999994
2021-11-02,134.453124,239365324.0,-147898436.4
2021-11-03,135.300581,242065324.0,365311568.7
2021-11-04,134.337019,243665324.0,214939230.4
2021-11-05,132.956718,244565324.0,119661046.2
2021-11-08,133.661504,246465324.0,253956857.60000002
2021-11-09,133.163957,246465324.0,0.0
2021-11-10,133.514541,245365324.0,-146865995.10000002
2021-11-11,133.206928,245565324.0,26641385.6
2021-11-12,133.791,245515324.0,-6689550.0
2021-11-15,132.961491,246115324.0,79776894.6
2021-11-16,133.470888,247015324.0,120123799.2
2021-11-17,133.687402,247615324.0,80212441.19999999
2021-11-18,133.764943,246015324.0,-214023908.79999998
2021-11-19,132.903782,247415324.0,186065294.8
2021-11-22,132.361293,247265324.0,-19854193.95
2021-11-23,132.47786,246915324.0,-46367251.0
2021-11-24,132.424871,244665324.0,-297955959.75
2021-11-26,131.832319,244715324.0,6591615.95
2021-11-29,132.328711,246615324.0,251424550.9
2021-11-30,129.785359,246515324.0,-12978535.9
2021-12-01,129.539262,245465324.0,-136016225.1
2021-12-02,130.063947,244965324.0,-65031973.50000001
2021-12-03,130.428175,244615324.0,-45649861.25
2021-12-06,131.106742,245565324.0,124551404.89999999
2021-12-07,132.741708,245665324.0,13274170.799999999
2021-12-08,133.724423,245515324.0,-20058663.45
2021-12-09,134.057251,247615324.0,281520227.1
2021-12-10,134.549065,248315324.0,94184345.50000001
2021-12-13,135.792269,246715324.0,-217267630.4
2021-12-14,135.213823,247115324.0,54085529.199999996
2021-12-15,138.050879,247265324.0,20707631.85
2021-12-16,138.845748,247165324.0,-13884574.799999999
2021-12-17,137.911185,249265324.0,289613488.5
2021-12-20,136.511489,250015324.0,102383616.75000001
2021-12-21,137.107046,254615324.0,630692411.6
2021-12-22,138.709301,255665324.0,145644766.05
2021-12-23,139.272818,253865324.0,-250691072.4
2021-12-27,140.731091,255965324.0,295535291.09999996
2021-12-28,140.33577,253915324.0,-287688328.5
2021-12-29,141.1768,253415324.0,-70588400.0
2021-12-30,141.41375,253265324.0,-21212062.5
2021-12-31,140.859183,254165324.0,126773264.7
2022-01-03,139.482664,253015324.0,-160405063.6
2022-01-04,137.55556,257565324.0,625877798.0000001
2022-01-05,136.581986,257815324.0,34145496.5
2022-01-06,134.962797,259615324.0,242933034.6
2022-01-07,134.349507,262465324.0,382896094.95
2022-01-10,135.743009,263315324.0,115381557.65
2022-01-11,136.77469,263365324.0,6838734.5
2022-01-12,136.41769,261665324.0,-231910073.0
2022-01-13,134.282454,261515324.0,-20142368.1
2022-01-14,134.055297,261815324.0,40216589.1
2022-01-18,132.200377,262315324.0,66100188.5
2022-01-19,131.620839,262065324.0,-32905209.749999996
2022-01-20,130.87417,261115324.0,-124330461.5
2022-01-21,129.485697,262165324.0,135959981.85
2022-01-24,129.012171,262265324.0,12901217.1
2022-01-25,128.158976,263115324.0,108935129.6
2022-01-26,127.590095,262515324.0,-76554057.0
2022-01-27,127.826328,260565324.0,-249261339.6
2022-01-28,130.474008,258315324.0,-293566518.0
2022-01-31,131.343224,260965324.0,348059543.59999996
2022-02-01,131.714363,261365324.0,52685745.199999996
2022-02-02,133.359182,259115324.0,-300058159.5
2022-02-03,132.756949,260865324.0,232324660.75
2022-02-04,132.217941,260315324.0,-72719867.55
2022-02-07,132.04725,260815324.0,66023624.99999999
2022-02-08,133.088669,262215324.0,186324136.60000002
2022-02-09,134.172009,262365324.0,20125801.35
2022-02-10,132.065323,261765324.0,-79239193.8
2022-02-11,130.303545,261915324.0,19545531.750000004
2022-02-14,128.93642,261515324.0,-51574568.0
2022-02-15,130.40361,261115324.0,-52161443.99999999
2022-02-16,130.575368,261265324.0,19586305.2
2022-02-17,128.497919,260865324.0,-51399167.6
2022-02-18,127.522515,259765324.0,-140274766.5
2022-02-22,127.197258,259465324.0,-38159177.4
2022-02-23,126.552131,258815324.0,-82258885.15
2022-02-24,127.135492,257615324.0,-152562590.4
2022-02-25,130.978675,257865324.0,32744668.750000004
2022-02-28,129.997639,259165324.0,168996930.7
2022-03-01,129.241084,259165324.0,0.0
2022-03-02,131.228344,258065324.0,-144351178.4
2022-03-03,131.866935,259915324.0,243953829.75000003
2022-03-04,132.514363,259765324.0,-19877154.45
2022-03-07,130.249138,260815324.0,136761594.89999998
2022-03-08,127.512024,261415324.0,76507214.39999999
2022-03-09,129.94114,261115324.0,-38982342.0
2022-03-10,129.904675,262765324.0,214342713.75
2022-03-11,128.914031,262715324.0,-6445701.55
2022-03-14,129.861912,262815324.0,12986191.2
2022-03-15,132.362318,263265324.0,59563043.099999994
2022-03-16,133.981966,266265324.0,401945898.0
2022-03-17,136.127806,265915324.0,-47644732.099999994
2022-03-18,137.011705,266815324.0,123310534.5
2022-03-21,136.422996,268215324.0,190992194.4
2022-03-22,136.443983,270015324.0,245599169.4
2022-03-23,134.032621,270565324.0,73717941.55
2022-03-24,135.595152,271315324.0,101696364.00000001
2022-03-25,136.29484,272015324.0,95406388.0
2022-03-28,137.297572,272365324.0,48054150.2
2022-03-29,138.055656,272465324.0,13805565.6
2022-03-30,138.368995,271515324.0,-131450545.25000001
2022-03-31,136.767919,270965324.0,-75222355.45
2022-04-01,138.003373,270765324.0,-27600674.6
2022-04-04,136.974742,269615324.0,-157520953.29999998
2022-04-05,137.222903,272815324.0,439113289.6
2022-04-06,139.343152,273215324.0,55737260.800000004
2022-04-07,141.922706,278265324.0,716709665.3000001
2022-04-08,142.741135,275565324.0,-385401064.50000006
2022-04-11,139.938476,272465324.0,-433809275.6
2022-04-12,138.615078,274515324.0,284160909.90000004
2022-04-13,139.294772,276665324.0,299483759.8
2022-04-14,138.649324,279465324.0,388218107.20000005
2022-04-18,137.103293,280165324.0,95972305.10000001
2022-04-19,138.374101,282215324.0,283666907.05
2022-04-20,140.231617,282865324.0,91150551.05
2022-04-21,138.70293,281415324.0,-201119248.5
2022-04-22,133.680986,281765324.0,46788345.099999994
2022-04-25,134.566673,280565324.0,-161480007.60000002
2022-04-26,132.01604,280615324.0,6600802.0
2022-04-27,131.861431,282765324.0,283502076.65000004
2022-04-28,133.637808,283765324.0,133637808.0
2022-04-29,130.337936,283165324.0,-78202761.60000001
2022-05-02,129.453169,282365324.0,-103562535.2
2022-05-03,129.887154,282365324.0,0.0
2022-05-04,132.73408,282215324.0,-19910112.0
2022-05-05,130.138158,282765324.0,71575986.9
2022-05-06,129.75275,282715324.0,-6487637.5
2022-05-09,126.427607,282765324.0,6321380.35
2022-05-10,126.845975,282715324.0,-6342298.75
2022-05-11,126.036913,283815324.0,138640604.3
2022-05-12,127.257355,286365324.0,324506255.25
2022-05-13,128.616343,285265324.0,-141477977.3
2022-05-16,129.531096,285815324.0,71242102.8
2022-05-17,131.31394,286865324.0,137879637.0
2022-05-18,127.911329,287615324.0,95933496.75
2022-05-19,128.188031,288015324.0,51275212.4
2022-05-20,129.799555,287865324.0,-19469933.25
2022-05-23,130.923197,287465324.0,-52369278.8
2022-05-24,131.256249,289515324.0,269075310.45
2022-05-25,131.232829,292165324.0,347766996.85
2022-05-26,131.776345,292865324.0,92243441.5
2022-05-27,134.033315,295065324.0,294873293.0
2022-05-31,132.197503,298615324.0,469301135.65000004
2022-06-01,130.319318,299165324.0,71675624.9
2022-06-02,131.335047,298565324.0,-78801028.2
2022-06-03,129.840945,300015324.0,188269370.25
2022-06-06,129.836937,299715324.0,-38951081.1
2022-06-07,131.534619,299165324.0,-72344040.45
2022-06-08,130.514523,299015324.0,-19577178.45
2022-06-09,127.541788,298965324.0,-6377089.399999999
2022-06-10,125.462444,299165324.0,25092488.8
2022-06-13,121.698562,300815324.0,200802627.29999998
2022-06-14,120.478608,304765324.0,475890501.59999996
2022-06-15,121.708852,299565324.0,-632886030.4
2022-06-16,119.904584,299015324.0,-65947521.2
2022-06-17,119.92697,298615324.0,-47970788.0
2022-06-21,122.575509,295815324.0,-343211425.2
2022-06-22,124.317497,295465324.0,-43511123.95
2022-06-23,127.096367,294215324.0,-158870458.75
2022-06-24,129.166018,294165324.0,-6458300.9
2022-06-27,129.668946,292665324.0,-194503419.0
2022-06-28,127.421006,292315324.0,-44597352.1
2022-06-29,128.540756,290615324.0,-218519285.2
2022-06-30,128.145627,292415324.0,230662128.6
2022-07-01,129.699892,293515324.0,142669881.20000002
2022-07-05,128.939119,294165324.0,83810427.35000001
2022-07-06,129.785984,294615324.0,58403692.800000004
2022-07-07,130.386855,294165324.0,-58674084.75
2022-07-08,130.732719,294465324.0,39219815.7
2022-07-11,130.43008,295065324.0,78258048.0
2022-07-12,128.702587,295765324.0,90091810.89999999
2022-07-13,127.497652,295915324.0,19124647.8
2022-07-14,127.116271,297165324.0,158895338.75
2022-07-15,130.217192,298865324.0,221369226.4
2022-07-18,127.425126,301165324.0,293077789.8
2022-07-19,129.720273,301065324.0,-12972027.299999999
2022-07-20,128.352415,300915324.0,-19252862.25
2022-07-21,130.30124,301215324.0,39090372.0
2022-07-22,129.798624,299865324.0,-175228142.39999998
2022-07-25,130.510683,300615324.0,97883012.25
2022-07-26,131.226286,300715324.0,13122628.6
2022-07-27,132.074349,300365324.0,-46226022.150000006
2022-07-28,132.853845,301115324.0,99640383.75
2022-07-29,132.386963,301665324.0,72812829.65
2022-08-01,131.424893,301015324.0,-85426180.45
2022-08-02,130.93931,302115324.0,144033241.0
2022-08-03,132.146245,302015324.0,-13214624.5
2022-08-04,131.494885,303065324.0,138069629.25
2022-08-05,131.455626,303515324.0,59155031.699999996
2022-08-08,131.751242,301515324.0,-263502483.99999997
2022-08-09,131.363479,301565324.0,6568173.95
2022-08-10,132.829811,302015324.0,59773414.95
2022-08-11,131.883314,301015324.0,-131883314.00000001
2022-08-12,133.633536,300265324.0,-100225152.0
2022-08-15,134.284834,300915324.0,87285142.1
2022-08-16,133.92899,300465324.0,-60268045.5
2022-08-17,133.118628,301965324.0,199677942.0
2022-08-18,132.542734,302365324.0,53017093.6
2022-08-19,132.904755,302615324.0,33226188.75
2022-08-22,131.150273,302965324.0,45902595.55
2022-08-23,129.336898,303015324.0,6466844.899999999
2022-08-24,129.488371,302615324.0,-51795348.4
2022-08-25,130.910578,303015324.0,52364231.199999996
2022-08-26,127.258989,303015324.0,0.0
2022-08-29,126.364472,302665324.0,-44227565.2
2022-08-30,125.533265,301665324.0,-125533265.0
2022-08-31,124.745766,301765324.0,12474576.6
2022-09-01,126.802642,302515324.0,95101981.5
2022-09-02,124.986436,302115324.0,-49994574.4
2022-09-06,125.023129,301165324.0,-118771972.55
2022-09-07,127.101744,301215324.0,6355087.2
2022-09-08,129.362322,300815324.0,-51744928.800000004
2022-09-09,130.470927,300515324.0,-39141278.099999994
2022-09-12,131.308132,299915324.0,-78784879.2
2022-09-13,127.026574,299965324.0,6351328.7
2022-09-14,127.108417,299515324.0,-57198787.65
2022-09-15,127.801767,300615324.0,140581943.7
2022-09-16,127.456475,300365324.0,-31864118.75
2022-09-19,126.262673,300665324.0,37878801.9
2022-09-20,124.802881,300765324.0,12480288.1
2022-09-21,122.701297,299715324.0,-128836361.85
2022-09-22,123.356234,300165324.0,55510305.3
2022-09-23,122.69422,299965324.0,-24538844.0
2022-09-26,121.458979,301815324.0,224699111.15
2022-09-27,121.198049,301665324.0,-18179707.349999998
2022-09-28,123.856038,299315324.0,-291061689.3
2022-09-29,122.734409,298315324.0,-122734409.0
2022-09-30,121.01812,296615324.0,-205730804.0
2022-10-03,123.600308,295865324.0,-92700231.0
2022-10-04,126.472504,295765324.0,-12647250.4
2022-10-05,126.89058,295365324.0,-50756232.0
2022-10-06,125.272892,298015324.0,331973163.8
2022-10-07,122.621175,297915324.0,-12262117.5
2022-10-10,121.828235,296465324.0,-176650940.75
2022-10-11,122.537615,295065324.0,-171552661.0
2022-10-12,121.890211,295415324.0,42661573.85
2022-10-13,124.722337,296715324.0,162139038.1
2022-10-14,123.685197,296965324.0,30921299.25
2022-10-17,125.827164,296465324.0,-62913582.0
2022-10-18,126.537245,296515324.0,6326862.25
2022-10-19,124.791465,297015324.0,62395732.5
2022-10-20,123.797673,297115324.0,12379767.3
2022-10-21,126.523827,297115324.0,0.0
2022-10-24,128.934542,298515324.0,180508358.79999998
2022-10-25,129.939682,298965324.0,58472856.9
2022-10-26,131.390788,299765324.0,105112630.39999999
2022-10-27,130.636657,301215324.0,189423152.65
2022-10-28,132.831988,301165324.0,-6641599.399999999
2022-10-31,132.732746,300165324.0,-132732745.99999999
2022-11-01,132.811946,301865324.0,225780308.20000002
2022-11-02,130.568807,302515324.0,84869724.55
2022-11-03,130.059394,302365324.0,-19508909.099999998
2022-11-04,130.792032,303615324.0,163490040.0
2022-11-07,132.171687,304265324.0,85911596.55
2022-11-08,132.834789,304615324.0,46492176.15
2022-11-09,131.43953,303265324.0,-177443365.5
2022-11-10,134.838305,304565324.0,175289796.5
2022-11-11,133.114481,305115324.0,73212964.55000001
2022-11-14,133.181183,304165324.0,-126522123.85000001
2022-11-15,133.087902,304815324.0,86507136.30000001
2022-11-16,132.94663,304765324.0,-6647331.5
2022-11-17,132.890073,305665324.0,119601065.7
2022-11-18,134.479903,305765324.0,13447990.3
2022-11-21,134.620947,305665324.0,-13462094.7
2022-11-22,135.810875,308615324.0,400642081.25
2022-11-23,136.276086,308665324.0,6813804.3
2022-11-25,137.120923,309165324.0,68560461.5
2022-11-28,136.095422,309515324.0,47633397.7
2022-11-29,135.779528,309615324.0,13577952.8
2022-11-30,139.097836,310065324.0,62594026.2
2022-12-01,139.433206,311315324.0,174291507.50000003
2022-12-02,139.791941,309415324.0,-265604687.9
2022-12-05,138.423175,307465324.0,-269925191.25
2022-12-06,137.396153,306615324.0,-116786730.05
2022-12-07,138.556234,306515324.0,-13855623.399999999
2022-12-08,139.796872,306665324.0,20969530.8
2022-12-09,138.00729,309315324.0,365719318.50000006
2022-12-12,139.434199,309315324.0,0.0
2022-12-13,139.818571,309865324.0,76900214.05
2022-12-14,140.096041,308815324.0,-147100843.05
2022-12-15,137.499234,307415324.0,-192498927.6
2022-12-16,135.568786,308215324.0,108455028.8
2022-12-19,134.526943,309215324.0,134526943.0
2022-12-20,134.47125,309865324.0,87406312.5
2022-12-21,136.225227,309715324.0,-20433784.049999997
2022-12-22,136.009834,310215324.0,68004917.0
2022-12-23,136.122208,309865324.0,-47642772.8
2022-12-27,135.760669,309665324.0,-27152133.8
2022-12-28,134.896846,311315324.0,222579795.9
2022-12-29,136.321648,311065324.0,-34080412.0
2022-12-30,135.883733,309615324.0,-197031412.85000002
2023-01-03,135.491868,309265324.0,-47422153.800000004
2023-01-04,135.828901,309165324.0,-13582890.1
2023-01-05,134.461538,309515324.0,47061538.3
2023-01-06,135.654011,309765324.0,33913502.75
2023-01-09,133.40525,308965324.0,-106724200.0
2023-01-10,134.517148,308515324.0,-60532716.599999994
2023-01-11,135.289378,306965324.0,-209698535.9
2023-01-12,134.854995,307315324.0,47199248.25
2023-01-13,135.490146,307215324.0,-13549014.600000001
2023-01-17,134.81693,306815324.0,-53926772.00000001
2023-01-18,132.908555,307015324.0,26581711.0
2023-01-19,133.2443,307615324.0,79946580.0
2023-01-20,133.997233,310165324.0,341692944.15
2023-01-23,134.378043,308565324.0,-215004868.79999998
2023-01-24,133.510855,307215324.0,-180239654.25
2023-01-25,133.524186,307215324.0,0.0
2023-01-26,133.794851,307365324.0,20069227.65
2023-01-27,132.869149,306465324.0,-119582234.1
2023-01-30,131.639317,306115324.0,-46073760.95
2023-01-31,133.339392,306665324.0,73336665.60000001
2023-02-01,133.982562,306565324.0,-13398256.2
2023-02-02,133.074228,306065324.0,-66537114.0
2023-02-03,132.729783,305165324.0,-119456804.7
2023-02-06,131.939692,304365324.0,-105551753.60000001
2023-02-07,132.787817,305115324.0,99590862.74999999
2023-02-08,132.381493,304965324.0,-19857223.95
2023-02-09,131.247763,304965324.0,0.0
2023-02-10,132.472767,305515324.0,72860021.85000001
2023-02-13,133.568905,305465324.0,-6678445.25
2023-02-14,132.818315,306115324.0,86331904.75000001
2023-02-15,132.138315,306565324.0,59462241.75
2023-02-16,130.796811,307315324.0,98097608.25
2023-02-17,132.041549,306165324.0,-151847781.35
2023-02-21,130.244979,307065324.0,117220481.1
2023-02-22,129.823702,307315324.0,32455925.5
2023-02-23,130.173814,307315324.0,0.0
2023-02-24,128.528329,306465324.0,-109249079.65
2023-02-27,128.132702,305665324.0,-102506161.6
2023-02-28,127.206077,305715324.0,6360303.85
2023-03-01,126.975521,305365324.0,-44441432.35
2023-03-02,127.708338,305365324.0,0.0
2023-03-03,129.186731,303765324.0,-206698769.60000002
2023-03-06,129.10678,302215324.0,-200115508.99999997
2023-03-07,127.03618,301615324.0,-76221708.0
2023-03-08,126.330109,300965324.0,-82114570.85
2023-03-09,125.045923,300665324.0,-37513776.9
2023-03-10,124.168163,301115324.0,55875673.35
2023-03-13,125.301183,300865324.0,-31325295.75
2023-03-14,126.481245,300265324.0,-75888747.0
2023-03-15,126.264039,301865324.0,202022462.4
2023-03-16,127.474692,302015324.0,19121203.8
2023-03-17,125.863909,301265324.0,-94397931.75
2023-03-20,126.978586,302365324.0,139676444.6
2023-03-21,127.730956,299765324.0,-332100485.6
2023-03-22,125.822662,300215324.0,56620197.9
2023-03-23,125.62284,298565324.0,-207277686.0
2023-03-24,127.265496,298415324.0,-19089824.4
2023-03-27,127.784282,298865324.0,57502926.9
2023-03-28,127.062316,298615324.0,-31765579.0
2023-03-29,127.365688,299765324.0,146470541.20000002
2023-03-30,128.077734,298515324.0,-160097167.5
2023-03-31,129.516885,297815324.0,-90661819.5
2023-04-03,130.913402,297065324.0,-98185051.5
2023-04-04,130.944002,297065324.0,0.0
2023-04-05,133.206411,298165324.0,146527052.1
2023-04-06,133.539257,296865324.0,-173601034.1
2023-04-10,133.48926,296765324.0,-13348926.0
2023-04-11,133.884311,298015324.0,167355388.75
2023-04-12,133.904615,296315324.0,-227637845.5
2023-04-13,135.64192,295665324.0,-88167248.0
2023-04-14,134.576245,295765324.0,13457624.5
2023-04-17,134.43787,296365324.0,80662722.0
2023-04-18,133.559293,297265324.0,120203363.7
2023-04-19,133.93679,299115324.0,247783061.5
2023-04-20,133.382544,299615324.0,66691272.0
2023-04-21,134.283797,298765324.0,-114141227.44999999
2023-04-24,135.030275,298915324.0,20254541.25
2023-04-25,133.613643,299315324.0,53445457.199999996
2023-04-26,131.738513,299515324.0,26347702.6
2023-04-27,132.409292,298515324.0,-132409292.0
2023-04-28,133.486499,297615324.0,-120137849.10000001
2023-05-01,134.267185,298215324.0,80560311.0
2023-05-02,133.613792,299715324.0,200420687.99999997
2023-05-03,133.465379,302565324.0,380376330.15000004
2023-05-04,132.389191,303515324.0,125769731.45
2023-05-05,133.606208,303265324.0,-33401552.000000004
2023-05-08,133.314816,304215324.0,126649075.2
2023-05-09,132.396069,304215324.0,0.0
2023-05-10,132.754755,305265324.0,139392492.75
2023-05-11,132.373183,305415324.0,19855977.450000003
2023-05-12,132.154505,304815324.0,-79292703.0
2023-05-15,131.938844,304415324.0,-52775537.599999994
2023-05-16,130.865034,304465324.0,6543251.7
2023-05-17,131.023182,304915324.0,58960431.9
2023-05-18,130.705263,306015324.0,143775789.3
2023-05-19,131.298731,306965324.0,124733794.45
2023-05-22,131.43725,307365324.0,52574900.0
2023-05-23,129.961438,307815324.0,58482647.099999994
2023-05-24,129.106494,307565324.0,-32276623.5
2023-05-25,127.767888,307015324.0,-70272338.4
2023-05-26,127.546116,307415324.0,51018446.4
2023-05-30,126.692078,308165324.0,95019058.5
2023-05-31,127.766783,307765324.0,-51106713.2
2023-06-01,128.624797,308365324.0,77174878.2
2023-06-02,130.336702,310165324.0,234606063.6
2023-06-05,130.835874,310615324.0,58876143.3
2023-06-06,129.698595,310615324.0,0.0
2023-06-07,129.161528,310015324.0,-77496916.8
2023-06-08,130.012128,310365324.0,45504244.8
2023-06-09,130.26231,310765324.0,52104924.00000001
2023-06-12,130.857517,311465324.0,91600261.9
2023-06-13,131.549087,310815324.0,-85506906.55
2023-06-14,130.156018,313265324.0,318882244.09999996
2023-06-15,132.217669,310415324.0,-376820356.65
2023-06-16,132.206822,310365324.0,-6610341.1
2023-06-20,131.470707,309065324.0,-170911919.1
2023-06-21,131.551537,308915324.0,-19732730.55
2023-06-22,132.426837,308165324.0,-99320127.75
2023-06-23,132.002496,308015324.0,-19800374.400000002
2023-06-26,131.213178,307915324.0,-13121317.8
2023-06-27,130.950969,307915324.0,0.0
2023-06-28,130.489345,307865324.0,-6524467.249999999
2023-06-29,131.346638,309065324.0,157615965.60000002
2023-06-30,132.766256,308515324.0,-73021440.8
2023-07-03,131.680071,309615324.0,144848078.1
2023-07-05,131.612412,310215324.0,78967447.2
2023-07-06,130.505741,310815324.0,78303444.6
2023-07-07,128.987555,309965324.0,-109639421.74999999
2023-07-10,130.029755,309465324.0,-65014877.5
2023-07-11,130.03469,308615324.0,-110529486.50000001
2023-07-12,129.677911,307965324.0,-84290642.14999999
2023-07-13,129.752836,305115324.0,-369795582.6
2023-07-14,131.696707,305065324.0,-6584835.350000001
2023-07-17,131.127629,308215324.0,413052031.35
2023-07-18,132.043125,306665324.0,-204666843.75
2023-07-19,132.6944,304815324.0,-245484640.0
2023-07-20,134.901237,304415324.0,-53960494.800000004
2023-07-21,136.263423,303815324.0,-81758053.8
2023-07-24,135.946755,302765324.0,-142744092.75
2023-07-25,135.86259,301365324.0,-190207626.00000003
2023-07-26,135.755675,300015324.0,-183270161.25
2023-07-27,134.780029,301015324.0,134780029.0
2023-07-28,135.174152,298815324.0,-297383134.4
2023-07-31,134.103985,298765324.0,-6705199.25
2023-08-01,133.419102,299465324.0,93393371.4
2023-08-02,133.495739,298715324.0,-100121804.24999999
2023-08-03,132.833355,297015324.0,-225816703.50000003
2023-08-04,132.350931,301515324.0,595579189.5
2023-08-07,133.914049,302565324.0,140609751.45000002
2023-08-08,134.960837,302665324.0,13496083.7
2023-08-09,134.887981,303415324.0,101165985.75
2023-08-10,134.831098,304415324.0,134831098.0
2023-08-11,135.59647,304315324.0,-13559647.000000002
2023-08-14,136.065672,298465324.0,-795984181.2
2023-08-15,135.577555,299465324.0,135577555.0
2023-08-16,134.528707,300565324.0,147981577.7
2023-08-17,133.534567,300615324.0,6676728.350000001
2023-08-18,133.521192,300815324.0,26704238.400000002
2023-08-21,133.647319,301515324.0,93553123.30000001
2023-08-22,133.155864,302515324.0,133155864.00000001
2023-08-23,133.550925,303615324.0,146906017.5
2023-08-24,132.552599,303565324.0,-6627629.949999999
2023-08-25,133.427467,307065324.0,466996134.5
2023-08-28,133.73763,302265324.0,-641940624.0
2023-08-29,134.844054,304315324.0,276430310.7
2023-08-30,134.803836,303365324.0,-128063644.19999999
2023-08-31,133.190274,302765324.0,-79914164.39999999
2023-09-01,133.500609,301765324.0,-133500609.0
2023-09-05,132.254299,304165324.0,317410317.6
2023-09-06,131.45271,303715324.0,-59153719.5
2023-09-07,132.090151,301165324.0,-336829885.04999995
2023-09-08,132.077284,303415324.0,297173889.0
2023-09-11,132.972211,297415324.0,-797833265.9999999
2023-09-12,132.750565,297165324.0,-33187641.25
2023-09-13,132.781518,297615324.0,59751683.1
2023-09-14,133.196975,297415324.0,-26639395.0
2023-09-15,132.216967,297515324.0,13221696.700000001
2023-09-18,131.440498,298965324.0,190588722.1
2023-09-19,131.56535,298315324.0,-85517477.5
2023-09-20,131.598058,298615324.0,39479417.400000006
2023-09-21,130.410948,298165324.0,-58684926.599999994
2023-09-22,130.159139,297115324.0,-136667095.95000002
2023-09-25,130.859229,297015324.0,-13085922.9
2023-09-26,129.730825,295965324.0,-136217366.25
2023-09-27,129.089796,295465324.0,-64544898.0
2023-09-28,129.716798,294215324.0,-162145997.5
2023-09-29,128.724844,294565324.0,45053695.4
2023-10-02,128.590833,292915324.0,-212174874.45000002
2023-10-03,127.421755,293815324.0,114679579.5
2023-10-04,127.998237,294815324.0,127998237.0
2023-10-05,128.664661,292815324.0,-257329322.0
2023-10-06,129.96466,293215324.0,51985864.0
2023-10-09,130.428315,293015324.0,-26085663.0
2023-10-10,131.070754,293165324.0,19660613.099999998
2023-10-11,130.518266,293715324.0,71785046.30000001
2023-10-12,129.399058,294215324.0,64699529.0
2023-10-13,130.188023,293865324.0,-45565808.05
2023-10-16,131.164342,294315324.0,59023953.9
2023-10-17,130.993491,294515324.0,26198698.200000003
2023-10-18,129.821714,293915324.0,-77893028.39999999
2023-10-19,128.595073,294015324.0,12859507.3
2023-10-20,128.085589,292065324.0,-249766898.55
2023-10-23,127.280447,290615324.0,-184556648.15
2023-10-24,127.646509,291665324.0,134028834.44999999
2023-10-25,126.503012,291015324.0,-82226957.8
2023-10-26,125.270069,291515324.0,62635034.5
2023-10-27,123.135349,290715324.0,-98508279.2
2023-10-30,123.807114,291665324.0,117616758.3
2023-10-31,124.587505,288465324.0,-398680016.0
2023-11-01,124.817777,285765324.0,-337007997.90000004
2023-11-02,126.768734,286415324.0,82399677.1
2023-11-03,127.415708,285965324.0,-57337068.6
2023-11-06,128.256979,285965324.0,0.0
2023-11-07,128.317864,285415324.0,-70574825.19999999
2023-11-08,128.139991,285615324.0,25627998.200000003
2023-11-09,125.515691,289765324.0,520890117.65000004
2023-11-10,126.266138,284165324.0,-707090372.8
2023-11-13,126.977463,283915324.0,-31744365.75
2023-11-14,127.886496,283915324.0,0.0
2023-11-15,127.969645,285265324.0,172759020.75
2023-11-16,128.488384,285865324.0,77093030.39999999
2023-11-17,128.243212,285665324.0,-25648642.4
2023-11-20,128.987464,290015324.0,561095468.4
2023-11-21,129.76924,286115324.0,-506100036.0
2023-11-22,130.470905,284865324.0,-163088631.24999997
2023-11-24,131.135509,283915324.0,-124578733.55000001
2023-11-27,130.304908,283965324.0,6515245.4
2023-11-28,129.650773,282165324.0,-233371391.39999998
2023-11-29,129.675722,282265324.0,12967572.200000001
2023-11-30,131.300178,282465324.0,26260035.599999998
2023-12-01,131.81557,287115324.0,612942400.5
2023-12-04,132.088186,282415324.0,-620814474.2
2023-12-05,131.886204,283165324.0,98914653.0
2023-12-06,131.96676,283365324.0,26393352.0
2023-12-07,131.871126,282215324.0,-151651794.9
2023-12-08,132.106465,282265324.0,6605323.249999999
2023-12-11,132.913793,282765324.0,66456896.5
2023-12-12,133.529663,281015324.0,-233676910.25
2023-12-13,135.959664,280815324.0,-27191932.8
2023-12-14,135.29882,284615324.0,514135516.0
2023-12-15,134.152348,279465324.0,-690884592.1999999
2023-12-18,133.805997,279115324.0,-46832098.949999996
2023-12-19,134.724883,279765324.0,87571173.95
2023-12-20,132.759247,280315324.0,73017585.85
2023-12-21,134.351741,278315324.0,-268703482.0
2023-12-22,135.004067,277715324.0,-81002440.19999999
2023-12-26,135.298191,277315324.0,-54119276.4
2023-12-27,135.925818,277065324.0,-33981454.5
2023-12-28,136.268485,277015324.0,-6813424.25
2023-12-29,136.315821,276165324.0,-115868447.85
2024-01-02,138.714294,275965324.0,-27742858.8
2024-01-03,138.526876,278415324.0,339390846.2
2024-01-04,139.202382,280115324.0,236644049.4
2024-01-05,139.166628,281365324.0,173958285.0
2024-01-08,140.333544,281265324.0,-14033354.399999999
2024-01-09,140.39073,282665324.0,196547022.0
2024-01-10,140.973099,282115324.0,-77535204.44999999
2024-01-11,140.839623,280915324.0,-169007547.6
2024-01-12,140.499678,281165324.0,35124919.5
2024-01-16,139.726557,281365324.0,27945311.400000002
2024-01-17,139.389443,282515324.0,160297859.45
2024-01-18,139.410542,283015324.0,69705271.0
2024-01-19,139.522461,283415324.0,55808984.4
2024-01-22,140.050804,283015324.0,-56020321.6
2024-01-23,139.976409,281665324.0,-188968152.14999998
2024-01-24,138.707744,281515324.0,-20806161.599999998
2024-01-25,138.457324,284765324.0,449986303.0
2024-01-26,139.264876,280865324.0,-543133016.4
2024-01-29,140.214517,280065324.0,-112171613.6
2024-01-30,140.560668,280315324.0,35140167.0
2024-01-31,140.404561,279865324.0,-63182052.45
2024-02-01,142.177603,281615324.0,248810805.25
2024-02-02,142.008814,281565324.0,-7100440.7
2024-02-05,142.447393,282615324.0,149569762.65
2024-02-06,143.988008,283465324.0,122389806.80000001
2024-02-07,144.361807,283765324.0,43308542.1
2024-02-08,144.116001,282165324.0,-230585601.60000002
2024-02-09,144.036596,282115324.0,-7201829.8
2024-02-12,144.176758,282265324.0,21626513.7
2024-02-13,142.927767,282915324.0,92903048.55
2024-02-14,144.106012,282265324.0,-93668907.8
2024-02-15,145.148431,281115324.0,-166920695.64999998
2024-02-16,145.637666,280765324.0,-50973183.1
2024-02-20,145.055469,280315324.0,-65274961.05
2024-02-21,145.435835,280515324.0,29087167.0
2024-02-22,147.186855,280165324.0,-51515399.25
2024-02-23,147.839446,279765324.0,-59135778.400000006
2024-02-26,147.095334,279865324.0,14709533.4
2024-02-27,146.695115,280015324.0,22004267.249999996
2024-02-28,145.948945,280265324.0,36487236.25
2024-02-29,144.897924,280615324.0,50714273.4
2024-03-01,146.301315,280515324.0,-14630131.499999998
2024-03-04,146.107556,280915324.0,58443022.4
2024-03-05,144.958764,283465324.0,369644848.2
2024-03-06,145.984532,283615324.0,21897679.8
2024-03-07,146.716234,283315324.0,-44014870.199999996
2024-03-08,146.419234,286865324.0,519788280.7
2024-03-11,146.342141,281815324.0,-739027812.05
2024-03-12,147.043634,282715324.0,132339270.6
2024-03-13,146.447498,282665324.0,-7322374.899999999
2024-03-14,145.906458,286015324.0,488786634.29999995
2024-03-15,145.395554,281065324.0,-719707992.3000001
2024-03-18,144.840212,280615324.0,-65178095.400000006
2024-03-19,145.806612,280915324.0,43741983.6
2024-03-20,145.46743,281565324.0,94553829.5
2024-03-21,145.658574,281165324.0,-58263429.599999994
2024-03-22,145.453688,280515324.0,-94544897.2
2024-03-25,145.223512,279665324.0,-123439985.2
2024-03-26,145.716297,279315324.0,-51000703.949999996
2024-03-27,147.630327,280015324.0,103341228.89999999
2024-03-28,147.79738,279565324.0,-66508821.0
2024-04-01,146.50439,278165324.0,-205106146.0
2024-04-02,144.133189,278215324.0,7206659.449999999
2024-04-03,143.988018,278165324.0,-7199400.9
2024-04-04,142.006856,277715324.0,-63903085.2
2024-04-05,143.297635,277865324.0,21494645.250000004
2024-04-08,142.75083,277265324.0,-85650498.0
2024-04-09,143.301623,276015324.0,-179127028.75
2024-04-10,141.659378,273315324.0,-382480320.6
2024-04-11,140.964924,273115324.0,-28192984.8
2024-04-12,138.928238,272265324.0,-118089002.3
2024-04-15,138.662106,273815324.0,214926264.29999998
2024-04-16,138.69166,272515324.0,-180299158.00000003
2024-04-17,138.446704,271615324.0,-124602033.60000001
2024-04-18,138.486015,271565324.0,-6924300.75
2024-04-19,138.947191,271765324.0,27789438.2
2024-04-22,139.489474,271365324.0,-55795789.6
2024-04-23,141.222723,271865324.0,70611361.5
2024-04-24,140.868085,271615324.0,-35217021.25
2024-04-25,139.990546,270115324.0,-209985819.0
2024-04-26,139.978622,270315324.0,27995724.4
2024-04-29,140.442917,270615324.0,42132875.1
2024-04-30,140.286673,270415324.0,-28057334.6
2024-05-01,140.641656,270265324.0,-21096248.400000002
2024-05-02,140.481673,270615324.0,49168585.55
2024-05-03,140.797667,269065324.0,-218236383.85
2024-05-06,141.415964,269965324.0,127274367.60000001
2024-05-07,142.560674,269965324.0,0.0
2024-05-08,142.086159,269815324.0,-21312923.85
2024-05-09,143.274819,273665324.0,551608053.15
2024-05-10,143.591304,270015324.0,-524108259.6
2024-05-13,143.453874,270165324.0,21518081.1
2024-05-14,144.076758,270115324.0,-7203837.9
2024-05-15,146.171422,269865324.0,-36542855.5
2024-05-16,146.051339,269465324.0,-58420535.6
2024-05-17,146.283401,269815324.0,51199190.35
2024-05-20,145.932739,273715324.0,569137682.1
2024-05-21,146.189819,270165324.0,-518973857.45
2024-05-22,146.486385,270165324.0,0.0
2024-05-23,144.91249,268465324.0,-246351232.99999997
2024-05-24,144.458256,269315324.0,122789517.60000001
2024-05-28,142.661579,269115324.0,-28532315.799999997
2024-05-29,141.526546,269265324.0,21228981.9
2024-05-30,141.629507,268665324.0,-84977704.19999999
2024-05-31,143.618284,267215324.0,-208246511.79999998
2024-06-03,144.676469,266965324.0,-36169117.25
2024-06-04,145.166974,268865324.0,275817250.6
2024-06-05,145.790047,269665324.0,116632037.6
2024-06-06,146.264902,270715324.0,153578147.1
2024-06-07,146.41885,270315324.0,-58567540.0
2024-06-10,146.872412,270565324.0,36718103.0
2024-06-11,146.366246,270115324.0,-65864810.699999996
2024-06-12,146.071311,270565324.0,65732089.95
2024-06-13,146.009104,270415324.0,-21901365.6
2024-06-14,145.886591,270365324.0,-7294329.550000001
2024-06-17,145.698609,273365324.0,437095827.0
2024-06-18,145.86567,270065324.0,-481356711.0
2024-06-20,146.39642,269615324.0,-65878389.0
2024-06-21,146.832765,268915324.0,-102782935.5
2024-06-24,147.063627,268765324.0,-22059544.05
2024-06-25,146.613449,269815324.0,153944121.45
2024-06-26,146.093282,269165324.0,-94960633.3
2024-06-27,145.845678,268115324.0,-153137961.9
2024-06-28,145.773377,268115324.0,0.0
2024-07-01,144.962251,267065324.0,-152210363.55
2024-07-02,144.39147,268365324.0,187708911.0
2024-07-03,143.341121,268415324.0,7167056.049999999
2024-07-05,144.412524,267865324.0,-79426888.19999999
2024-07-08,144.277052,269515324.0,238057135.79999998
2024-07-09,144.894276,268065324.0,-210096700.2
2024-07-10,146.307838,268665324.0,87784702.8
2024-07-11,147.36063,269765324.0,162096692.99999997
2024-07-12,148.224359,271265324.0,222336538.5
2024-07-15,147.689358,271965324.0,103382550.6
2024-07-16,149.818215,272165324.0,29963643.0
2024-07-17,150.540195,273715324.0,233337302.25000003
2024-07-18,147.101858,272315324.0,-205942601.2
2024-07-19,147.835193,272165324.0,-22175278.95
2024-07-22,148.694742,271615324.0,-81782108.1
2024-07-23,148.643929,271515324.0,-14864392.900000002
2024-07-24,149.85162,271615324.0,14985162.0
2024-07-25,148.996806,271765324.0,22349520.9
2024-07-26,149.904496,272615324.0,127418821.6
2024-07-29,150.042375,272865324.0,37510593.75
2024-07-30,150.202063,270265324.0,-390525363.8
2024-07-31,149.619567,271765324.0,224429350.49999997
2024-08-01,151.196727,272465324.0,105837708.9
2024-08-02,150.879882,273165324.0,105615917.4
2024-08-05,146.821505,275015324.0,271619784.25
2024-08-06,147.53151,274065324.0,-140154934.5
2024-08-07,145.95645,270615324.0,-503549752.49999994
2024-08-08,149.253845,268715324.0,-283582305.5
2024-08-09,149.938202,268065324.0,-97459831.3
2024-08-12,149.353906,268565324.0,74676953.0
2024-08-13,151.185242,268415324.0,-22677786.299999997
2024-08-14,151.86029,268465324.0,7593014.5
2024-08-15,152.795671,268465324.0,0.0
2024-08-16,152.876537,269515324.0,160520363.85000002
2024-08-19,153.829907,269765324.0,38457476.75
2024-08-20,154.396251,270365324.0,92637750.60000001
2024-08-21,154.743185,270365324.0,0.0
2024-08-22,154.708068,269265324.0,-170178874.79999998
2024-08-23,155.512047,269915324.0,101082830.55
2024-08-26,155.332995,269315324.0,-93199797.0
2024-08-27,155.572944,268915324.0,-62229177.6
2024-08-28,155.756766,269415324.0,77878383.0
2024-08-29,156.088158,269765324.0,54630855.3
2024-08-30,157.226482,270215324.0,70751916.9
2024-09-03,156.889539,267765324.0,-384379370.55
2024-09-04,156.678252,267915324.0,23501737.799999997
2024-09-05,154.506057,269415324.0,231759085.5
2024-09-06,153.886878,270465324.0,161581221.9
2024-09-09,155.026011,270815324.0,54259103.85
2024-09-10,155.728279,271965324.0,179087520.85
2024-09-11,155.340535,270715324.0,-194175668.75
2024-09-12,155.822062,270765324.0,7791103.1
2024-09-13,156.14985,271215324.0,70267432.5
2024-09-16,157.180784,275665324.0,699454488.8
2024-09-17,155.591449,275515324.0,-23338717.35
2024-09-18,155.343237,271265324.0,-660208757.25
2024-09-19,155.87864,271365324.0,15587863.999999998
2024-09-20,155.349324,271015324.0,-54372263.4
2024-09-23,154.385105,270815324.0,-30877021.000000004
2024-09-24,154.04333,271715324.0,138638997.0
2024-09-25,152.601252,272165324.0,68670563.39999999
2024-09-26,153.092675,271015324.0,-176056576.25000003
2024-09-27,153.060522,272515324.0,229590783.0
2024-09-30,154.005363,272315324.0,-30801072.599999998
2024-10-01,153.232748,271615324.0,-107262923.6
2024-10-02,152.919494,270665324.0,-145273519.29999998
2024-10-03,151.540051,270615324.0,-7577002.55
2024-10-04,151.695463,270515324.0,-15169546.299999999
2024-10-07,150.956981,271265324.0,113217735.75000001
2024-10-08,151.775243,270465324.0,-121420194.39999999
2024-10-09,153.325645,270765324.0,45997693.5
2024-10-10,152.785371,271665324.0,137506833.9
2024-10-11,153.903793,271965324.0,46171137.9
2024-10-14,154.690056,271065324.0,-139221050.4
2024-10-15,152.8692,270765324.0,-45860760.0
2024-10-16,153.293274,271515324.0,114969955.5
2024-10-17,152.398834,269815324.0,-259078017.79999998
2024-10-18,153.130343,270015324.0,30626068.6
2024-10-21,151.334608,271965324.0,295102485.6
2024-10-22,151.097125,271715324.0,-37774281.25
2024-10-23,150.401842,271865324.0,22560276.299999997
2024-10-24,149.387237,270365324.0,-224080855.5
2024-10-25,148.597111,270915324.0,81728411.05000001
2024-10-28,148.786645,270515324.0,-59514658.0
2024-10-29,148.358933,270515324.0,0.0
2024-10-30,148.080507,271165324.0,96252329.55000001
2024-10-31,146.886001,271065324.0,-14688600.1
2024-11-01,147.75673,269665324.0,-206859422.0
2024-11-04,146.74768,268465324.0,-176097216.0
2024-11-05,147.847322,268765324.0,44354196.599999994
2024-11-06,148.072121,269615324.0,125861302.85000001
2024-11-07,149.024293,269015324.0,-89414575.8
2024-11-08,150.132722,269515324.0,75066361.0
2024-11-11,149.243986,269615324.0,14924398.600000001
2024-11-12,147.245841,271415324.0,265042513.8
2024-11-13,146.802051,270265324.0,-168822358.65
2024-11-14,144.547783,269665324.0,-86728669.80000001
2024-11-15,141.861112,271565324.0,269536112.8
2024-11-18,141.894714,270765324.0,-113515771.19999999
2024-11-19,141.221726,271165324.0,56488690.4
2024-11-20,142.887267,271265324.0,14288726.700000001
2024-11-21,144.073028,269715324.0,-223313193.39999998
2024-11-22,144.19762,268965324.0,-108148215.0
2024-11-25,145.486292,268515324.0,-65468831.4
2024-11-26,146.220103,268865324.0,51177036.05
2024-11-27,146.907143,268015324.0,-124871071.55
2024-11-29,147.290646,268415324.0,58916258.400000006
2024-12-02,147.100594,267965324.0,-66195267.3
2024-12-03,146.828885,267215324.0,-110121663.75000001
2024-12-04,146.732114,267365324.0,22009817.099999998
2024-12-05,145.092234,267665324.0,43527670.199999996
2024-12-06,144.304421,267965324.0,43291326.3
2024-12-09,144.685091,267965324.0,0.0
2024-12-10,144.020399,268015324.0,7201019.95
2024-12-11,142.148183,266415324.0,-227437092.79999998
2024-12-12,140.977779,265765324.0,-91635556.35
2024-12-13,141.015348,266665324.0,126913813.19999999
2024-12-16,139.315286,270415324.0,522432322.49999994
2024-12-17,139.240568,265565324.0,-675316754.8
2024-12-18,137.336941,266215324.0,89269011.64999999
2024-12-19,136.33162,265765324.0,-61349228.99999999
2024-12-20,137.98153,265765324.0,0.0
2024-12-23,138.783995,265215324.0,-76331197.25
2024-12-24,139.348358,264565324.0,-90576432.69999999
2024-12-26,139.572462,264515324.0,-6978623.1
2024-12-27,138.888141,265065324.0,76388477.55
2024-12-30,137.205,264015324.0,-144065250.0
2024-12-31,137.541777,264615324.0,82525066.2
2025-01-02,137.564882,264315324.0,-41269464.6
2025-01-03,138.953808,264565324.0,34738452.0
2025-01-06,138.927871,264865324.0,41678361.300000004
2025-01-07,139.735828,266615324.0,244537699.0
2025-01-08,140.477504,269215324.0,365241510.40000004
2025-01-10,139.670022,268615324.0,-83802013.19999999
2025-01-13,141.444104,268065324.0,-77794257.2
2025-01-14,140.113655,269815324.0,245198896.25
2025-01-15,140.559634,268765324.0,-147587615.7
2025-01-16,141.150282,265815324.0,-416393331.90000004
2025-01-17,140.199079,265365324.0,-63089585.550000004
2025-01-21,142.515356,264765324.0,-85509213.6
2025-01-22,142.155217,266765324.0,284310434.0
2025-01-23,144.090015,266165324.0,-86454009.0
2025-01-24,144.350046,269815324.0,526877667.9
2025-01-27,147.505293,265115324.0,-693274877.1
2025-01-28,146.526793,265265324.0,21979018.95
2025-01-29,145.692088,265365324.0,14569208.8
2025-01-30,147.372811,266565324.0,176847373.20000002
2025-01-31,146.854292,266915324.0,51399002.199999996
2025-02-03,147.437104,267515324.0,88462262.4
2025-02-04,147.041279,267315324.0,-29408255.8
2025-02-05,148.53893,264415324.0,-430762897.0
2025-02-06,147.148396,264065324.0,-51501938.599999994
2025-02-07,146.397176,261315324.0,-402592234.0
2025-02-10,146.314359,258365324.0,-431627359.05
2025-02-11,145.993672,259265324.0,131394304.8
2025-02-12,145.830089,259465324.0,29166017.799999997
2025-02-13,146.409354,259565324.0,14640935.4
2025-02-14,144.849969,260315324.0,108637476.74999999
2025-02-18,144.557188,260665324.0,50595015.8
2025-02-19,146.369314,256315324.0,-636706515.9
2025-02-20,147.183054,257665324.0,198697122.9
2025-02-21,146.487543,261215324.0,520030777.65
2025-02-24,147.588978,260665324.0,-81173937.9
2025-02-25,148.848789,260515324.0,-22327318.35
2025-02-26,147.830242,262815324.0,340009556.6
2025-02-27,147.2264,263365324.0,80974520.0
2025-02-28,149.027679,263415324.0,7451383.95
2025-03-03,149.557051,266865324.0,515971825.95
2025-03-04,148.174754,262515324.0,-644560179.9
2025-03-05,149.672526,262315324.0,-29934505.2
2025-03-06,149.260626,263765324.0,216427907.7
2025-03-07,149.298665,263065324.0,-104509065.5
2025-03-10,147.741076,263865324.0,118192860.8
2025-03-11,146.082895,264665324.0,116866316.0
2025-03-12,144.60057,263965324.0,-101220399.0
2025-03-13,143.869475,263965324.0,0.0
2025-03-14,144.989353,263815324.0,-21748402.95
2025-03-17,146.68972,267865324.0,594093366.0
2025-03-18,146.863133,264565324.0,-484648338.90000004
2025-03-19,146.884638,264265324.0,-44065391.4
2025-03-20,147.049241,264515324.0,36762310.25
2025-03-21,146.60356,264665324.0,21990533.999999996
2025-03-24,147.152965,263665324.0,-147152965.0
2025-03-25,145.252154,263015324.0,-94413900.1
2025-03-26,144.722198,263615324.0,86833318.8
2025-03-27,144.990596,262615324.0,-144990596.0
2025-03-28,144.622649,264065324.0,209702841.04999998
2025-03-31,145.93253,263265324.0,-116746024.00000001
2025-04-01,143.393358,263715324.0,64527011.1
2025-04-02,144.292906,263315324.0,-57717162.4
2025-04-03,143.148137,263065324.0,-35787034.25
2025-04-04,135.319886,263915324.0,115021903.1
2025-04-07,134.514126,261065324.0,-383365259.1
2025-04-08,133.092044,260465324.0,-79855226.39999999
2025-04-09,138.854869,259415324.0,-145797612.45000002
2025-04-10,134.998658,258765324.0,-87749127.7
2025-04-11,136.955786,257915324.0,-116412418.1
2025-04-14,138.568733,258715324.0,110854986.4
2025-04-15,137.720044,258565324.0,-20658006.6
2025-04-16,136.342376,258465324.0,-13634237.6
2025-04-17,135.474448,258915324.0,60963501.6
2025-04-21,132.599851,258015324.0,-119339865.9
2025-04-22,135.006655,258065324.0,6750332.75
2025-04-23,135.728113,258365324.0,40718433.900000006
2025-04-24,137.402882,258615324.0,34350720.5
2025-04-25,138.096167,258765324.0,20714425.05
2025-04-28,138.610678,259215324.0,62374805.1
2025-04-29,139.283533,259115324.0,-13928353.3
2025-04-30,140.522205,260215324.0,154574425.50000003
2025-05-01,136.607222,260965324.0,102455416.5
2025-05-02,138.538037,261815324.0,117757331.45
2025-05-05,138.057481,262115324.0,41417244.3
2025-05-06,134.260501,262115324.0,0.0
2025-05-07,135.346191,260965324.0,-155648119.65
2025-05-08,134.112893,260965324.0,0.0
2025-05-09,132.70905,264615324.0,484388032.49999994
2025-05-12,135.923062,260565324.0,-550488401.0999999
2025-05-13,131.896594,262665324.0,276982847.4
2025-05-14,128.862717,261515324.0,-148192124.55
2025-05-15,130.502894,261515324.0,0.0
2025-05-16,133.126331,263365324.0,246283712.35
2025-05-19,134.399355,262515324.0,-114239451.75000001
2025-05-20,134.766538,261315324.0,-161719845.6
2025-05-21,131.573677,260315324.0,-131573677.0
2025-05-22,130.576711,259465324.0,-110990204.35
2025-05-23,130.291476,260765324.0,169378918.79999998
2025-05-27,132.186535,260315324.0,-59483940.75
2025-05-28,131.43117,260565324.0,32857792.500000004
2025-05-29,132.397877,259765324.0,-105918301.6
2025-05-30,132.735966,260015324.0,33183991.499999996
2025-06-02,132.747382,258415324.0,-212395811.2
2025-06-03,133.005265,257815324.0,-79803159.0
2025-06-04,133.290838,257515324.0,-39987251.400000006
2025-06-05,133.181044,257465324.0,-6659052.200000001
2025-06-06,134.409687,257915324.0,60484359.15
2025-06-09,134.208748,257365324.0,-73814811.4
2025-06-10,135.680008,256865324.0,-67840004.0
2025-06-11,135.730994,257215324.0,47505847.900000006
2025-06-12,136.834254,255565324.0,-225776519.09999996
2025-06-13,136.131024,255965324.0,54452409.6
2025-06-16,135.698442,255715324.0,-33924610.5
2025-06-17,133.485356,255915324.0,26697071.2
2025-06-18,133.243154,254565324.0,-179878257.9
2025-06-20,132.632217,253915324.0,-86210941.05
2025-06-23,132.146472,253415324.0,-66073235.99999999
2025-06-24,133.721811,253765324.0,46802633.85
2025-06-25,133.840858,254465324.0,93688600.6
2025-06-26,134.158954,254115324.0,-46955633.9
2025-06-27,133.963704,254465324.0,46887296.400000006
2025-06-30,134.811418,254815324.0,47183996.300000004
2025-07-01,136.691841,254265324.0,-75180512.55000001
2025-07-02,135.368291,256215324.0,263968167.45
2025-07-03,135.554585,255265324.0,-128776855.75
2025-07-07,134.37699,254415324.0,-114220441.5
2025-07-08,134.953897,252415324.0,-269907794.0
2025-07-09,135.53081,253165324.0,101648107.5
2025-07-10,136.379193,252415324.0,-102284394.74999999
2025-07-11,135.185811,251365324.0,-141945101.55
2025-07-14,135.055932,248765324.0,-351145423.20000005
2025-07-15,132.623751,250065324.0,172410876.3
2025-07-16,134.238755,245815324.0,-570514708.75
2025-07-17,132.650771,247015324.0,159180925.2
2025-07-18,131.857087,247065324.0,6592854.350000001
2025-07-21,131.051168,247165324.0,13105116.799999999
2025-07-22,133.556145,247165324.0,0.0
2025-07-23,136.267464,248965324.0,245281435.2
2025-07-24,135.695188,250265324.0,176403744.4
2025-07-25,136.436065,249815324.0,-61396229.25000001
2025-07-28,135.307199,249815324.0,0.0
2025-07-29,134.376623,248765324.0,-141095454.15
2025-07-30,134.154234,247915324.0,-114031098.9
2025-07-31,130.418825,248815324.0,117376942.5
2025-08-01,131.177916,245665324.0,-413210435.40000004
2025-08-04,133.021642,245865324.0,26604328.400000002
2025-08-05,132.506764,246465324.0,79504058.4
2025-08-06,130.49815,246415324.0,-6524907.500000001
2025-08-07,128.988194,246265324.0,-19348229.099999998
2025-08-08,130.15113,244615324.0,-214749364.5
2025-08-11,130.239033,245365324.0,97679274.75
2025-08-12,131.200887,245565324.0,26240177.4
2025-08-13,133.275946,243965324.0,-213241513.6
2025-08-14,133.943514,244215324.0,33485878.5
2025-08-15,136.189731,241915324.0,-313236381.3
2025-08-18,135.885365,242265324.0,47559877.75
2025-08-19,136.721686,242915324.0,88869095.9
2025-08-20,137.538465,243965324.0,144415388.25
2025-08-21,137.034101,243915324.0,-6851705.05
2025-08-22,138.189565,244415324.0,69094782.5
2025-08-25,136.205029,244465324.0,6810251.45
2025-08-26,137.03999,245165324.0,95927992.99999999
2025-08-27,136.99244,246065324.0,123293195.99999999
2025-08-28,136.419777,246615324.0,75030877.35000001
2025-08-29,137.417417,247165324.0,75579579.35
2025-09-02,137.513833,247565324.0,55005533.2
2025-09-03,136.955092,247015324.0,-75325300.60000001
2025-09-04,137.463992,247915324.0,123717592.8
2025-09-05,137.905117,248865324.0,131009861.14999999
2025-09-08,137.755707,249515324.0,89541209.55
2025-09-09,138.576715,249565324.0,6928835.75
2025-09-10,137.330295,250565324.0,137330295.0
2025-09-11,139.698428,249615324.0,-132713506.60000001
2025-09-12,138.124351,250165324.0,75968393.05
2025-09-15,136.876818,250065324.0,-13687681.799999999
2025-09-16,136.918801,248715324.0,-184840381.35
2025-09-17,137.240775,246565324.0,-295067666.25
2025-09-18,137.485595,246715324.0,20622839.25
2025-09-19,137.28146,246565324.0,-20592219.0
2025-09-22,136.600681,244565324.0,-273201362.0
2025-09-23,136.928632,244565324.0,0.0
2025-09-24,136.435485,245565324.0,136435485.0
2025-09-25,134.155559,244965324.0,-80493335.4
2025-09-26,135.502123,243515324.0,-196478078.35000002
2025-09-29,135.888354,244115324.0,81533012.39999999
2025-09-30,139.225304,244315324.0,27845060.799999997
2025-10-01,143.411836,247115324.0,401553140.8
2025-10-02,143.138281,248115324.0,143138281.0
2025-10-03,144.787243,248665324.0,79632983.64999999
2025-10-06,144.093429,249265324.0,86456057.39999999
2025-10-07,144.203251,249665324.0,57681300.4
2025-10-08,144.459512,249765324.0,14445951.2
2025-10-09,144.231397,250465324.0,100961977.89999999
2025-10-10,142.087847,250565324.0,14208784.700000001
2025-10-13,141.96433,250465324.0,-14196432.999999998
2025-10-14,142.345217,251415324.0,135227956.15
2025-10-15,142.494826,251865324.0,64122671.699999996
2025-10-16,142.336238,251715324.0,-21350435.700000003
2025-10-17,143.238612,252315324.0,85943167.19999999
2025-10-20,144.771072,251815324.0,-72385536.0
2025-10-21,145.073454,250715324.0,-159580799.4
2025-10-22,145.963744,252315324.0,233541990.39999998
2025-10-23,146.03221,252865324.0,80317715.5
2025-10-24,145.995909,252665324.0,-29199181.8
2025-10-27,146.402543,252515324.0,-21960381.450000003
2025-10-28,145.402632,251915324.0,-87241579.2
2025-10-29,143.995079,251915324.0,0.0
2025-10-30,144.317465,253065324.0,165965084.75
2025-10-31,144.196656,253065324.0,0.0
2025-11-03,144.377239,250865324.0,-317629925.8
2025-11-04,144.951579,251865324.0,144951579.0
2025-11-05,145.593554,251965324.0,14559355.4
2025-11-06,145.86942,250915324.0,-153162891.0
2025-11-07,146.115766,252265324.0,197256284.10000002
2025-11-10,147.277645,252415324.0,22091646.75
2025-11-11,150.702733,252515324.0,15070273.299999999
2025-11-12,152.754617,253965324.0,221494194.65
2025-11-13,152.726004,255415324.0,221452705.79999998
2025-11-14,151.803029,256665324.0,189753786.25
2025-11-17,151.716638,257765324.0,166888301.79999998
2025-11-18,152.541896,258765324.0,152541896.0
2025-11-19,152.323773,257615324.0,-175172338.95
2025-11-20,151.379362,257715324.0,15137936.2
2025-11-21,154.610921,257065324.0,-100497098.64999999
2025-11-24,155.33916,259265324.0,341746152.0
2025-11-25,158.782045,260065324.0,127025636.00000001
2025-11-26,158.386167,259715324.0,-55435158.45
2025-11-28,157.601218,259115324.0,-94560730.8
2025-12-01,155.254177,259715324.0,93152506.2
2025-12-02,154.35021,260065324.0,54022573.5
2025-12-03,155.063039,261665324.0,248100862.4
2025-12-04,153.9383,261765324.0,15393830.0
2025-12-05,153.314797,261715324.0,-7665739.85
2025-12-08,151.437098,261615324.0,-15143709.799999999
2025-12-09,149.950894,260615324.0,-149950894.0
2025-12-10,152.119277,261865324.0,190149096.25
2025-12-11,153.564204,262565324.0,107494942.8
2025-12-12,154.029248,262165324.0,-61611699.199999996
2025-12-15,156.084998,261915324.0,-39021249.5
2025-12-16,154.090864,260815324.0,-169499950.4
2025-12-17,153.758069,260265324.0,-84566937.95
2025-12-18,153.88659,259265324.0,-153886590.0
2025-12-19,154.968118,259915324.0,100729276.7
2025-12-22,155.333304,258115324.0,-279599947.2
2025-12-23,155.030302,256915324.0,-186036362.4
2025-12-24,155.768878,256715324.0,-31153775.6
2025-12-26,156.007471,256515324.0,-31201494.200000003
2025-12-29,155.778674,256915324.0,62311469.6
2025-12-30,155.649802,256565324.0,-54477430.699999996
2025-12-31,154.782067,256565324.0,0.0
2026-01-02,155.496175,256465324.0,-15549617.5
2026-01-05,155.014035,257615324.0,178266140.25
2026-01-06,158.046224,257965324.0,55316178.4
2026-01-07,159.646576,261865324.0,622621646.4000001
2026-01-08,158.188614,263365324.0,237282921.0
2026-01-09,157.276667,263515324.0,23591500.05
2026-01-12,157.383566,264065324.0,86560961.3
2026-01-13,156.757095,264465324.0,62702838.0
2026-01-14,157.857258,263965324.0,-78928629.0
2026-01-15,156.969033,264215324.0,39242258.25
2026-01-16,155.7276,265715324.0,233591400.0
2026-01-20,155.414477,265265324.0,-69936514.65
2026-01-21,158.216763,266315324.0,166127601.14999998
2026-01-22,158.292789,266415324.0,15829278.9
2026-01-23,157.467657,265765324.0,-102353977.05
2026-01-26,158.115753,265065324.0,-110681027.10000001
2026-01-27,155.492774,264965324.0,-15549277.4
2026-01-28,154.290851,264915324.0,-7714542.55
2026-01-29,153.867805,264565324.0,-53853731.75
2026-01-30,154.747639,264815324.0,38686909.75
2026-02-02,155.691211,264715324.0,-15569121.100000001
2026-02-03,154.125131,265365324.0,100181335.15
2026-02-04,156.01281,266565324.0,187215372.0
2026-02-05,154.92159,267015324.0,69714715.5
2026-02-06,157.697414,267915324.0,141927672.6
2026-02-09,156.337346,267515324.0,-62534938.4
2026-02-10,155.359494,267015324.0,-77679747.0
2026-02-11,156.290743,266765324.0,-39072685.75
2026-02-12,156.031887,264965324.0,-280857396.6
2026-02-13,157.68342,264315324.0,-102494223.00000001
2026-02-17,157.378845,265665324.0,212461440.75000003
2026-02-18,157.704907,265965324.0,47311472.099999994
2026-02-19,157.267664,265465324.0,-78633832.0
2026-02-20,156.768162,265115324.0,-54868856.699999996
2026-02-23,158.5722,264715324.0,-63428880.00000001
2026-02-24,157.812718,265515324.0,126250174.39999999
2026-02-25,157.779444,266015324.0,78889722.0
2026-02-26,157.420083,267015324.0,157420083.0
2026-02-27,160.210293,269115324.0,336441615.3
2026-03-02,158.597631,267965324.0,-182387275.65
2026-03-03,156.791088,267365324.0,-94074652.8
2026-03-04,157.090915,265215324.0,-337745467.25
2026-03-05,153.992296,265715324.0,76996148.0
2026-03-06,152.793931,263915324.0,-275029075.79999995
2026-03-09,154.296894,263165324.0,-115722670.5
2026-03-10,153.191314,262815324.0,-53616959.9
2026-03-11,152.890805,262265324.0,-84089942.75
2026-03-12,150.202479,262115324.0,-22530371.85
2026-03-13,149.813719,261315324.0,-119850975.19999999
2026-03-16,150.992615,261015324.0,-45297784.5
2026-03-17,149.601016,262265324.0,187001269.99999997
2026-03-18,147.191844,262315324.0,7359592.2
2026-03-19,146.614467,263465324.0,168606637.04999998
2026-03-20,145.312932,263365324.0,-14531293.2
2026-03-23,144.764393,264865324.0,217146589.50000003
2026-03-24,144.817448,266165324.0,188262682.4
2026-03-25,146.236171,264465324.0,-248601490.70000002
2026-03-26,145.742962,265365324.0,131168665.80000001
2026-03-27,143.289481,263565324.0,-257921065.79999998
2026-03-30,143.805008,263665324.0,14380500.799999999
2026-03-31,146.607054,263315324.0,-51312468.9
2026-04-01,147.780028,264465324.0,169947032.2
2026-04-02,146.812863,263565324.0,-132131576.69999999
2026-04-06,146.263075,263365324.0,-29252614.999999996
2026-04-07,146.597096,262915324.0,-65968693.199999996
2026-04-08,149.61478,261965324.0,-142134041.0
2026-04-09,149.330615,261115324.0,-126931022.75
2026-04-10,147.343953,261615324.0,73671976.5
2026-04-13,148.024171,261465324.0,-22203625.65
2026-04-14,148.75967,261615324.0,22313950.5
2026-04-15,147.799867,265265324.0,539469514.5500001
2026-04-16,146.656726,262765324.0,-366641815.0
2026-04-17,148.789983,262265324.0,-74394991.5
2026-04-20,147.411359,261865324.0,-58964543.6
2026-04-21,145.915846,265615324.0,547184422.5
2026-04-22,146.356332,264815324.0,-117085065.60000001
2026-04-23,146.227929,263765324.0,-153539325.45
2026-04-24,144.217169,264365324.0,86530301.4
2026-04-27,143.438556,263065324.0,-186470122.8
2026-04-28,143.785867,263315324.0,35946466.75
2026-04-29,142.790516,262115324.0,-171348619.2
2026-04-30,145.937849,259565324.0,-372141514.95
2026-05-01,145.173322,260665324.0,159690654.20000002
2026-05-04,144.753433,260315324.0,-50663701.55
2026-05-05,145.308414,259065324.0,-181635517.5
2026-05-06,145.429755,257265324.0,-261773559.0
2026-05-07,144.734567,257665324.0,57893826.8
2026-05-08,143.561886,258965324.0,186630451.79999998
2026-05-11,143.013745,255965324.0,-429041235.0
2026-05-12,145.779818,256315324.0,51022936.300000004
2026-05-13,146.698096,255515324.0,-117358476.8
2026-05-14,146.586719,259065324.0,520382852.4499999
2026-05-15,145.074155,259865324.0,116059323.99999999
2026-05-18,145.682975,257165324.0,-393344032.5
2026-05-19,147.265121,256115324.0,-154628377.04999998
2026-05-20,147.169192,258015324.0,279621464.8
2026-05-21,148.111864,257815324.0,-29622372.8
2026-05-22,149.879012,256665324.0,-172360863.79999998
2026-05-26,148.437735,260715324.0,601172826.75
2026-05-27,148.764324,257215324.0,-520675133.99999994
2026-05-28,150.862066,256265324.0,-143318962.7
2026-05-29,149.544471,255765324.0,-74772235.5
2026-06-01,147.795774,251615324.0,-613352462.1
2026-06-02,146.336067,252115324.0,73168033.5
2026-06-03,147.350575,255165324.0,449419253.75
2026-06-04,152.013182,254915324.0,-38003295.5
2026-06-05,153.004728,256465324.0,237157328.4
2026-06-08,152.663256,254515324.0,-297693349.2
2026-06-09,154.606425,254465324.0,-7730321.25
2026-06-10,152.843846,254815324.0,53495346.1
2026-06-11,154.068384,255315324.0,77034192.0
2026-06-12,153.826662,255815324.0,76913331.0
2026-06-15,152.893249,255865324.0,7644662.45
2026-06-16,152.867958,255665324.0,-30573591.599999998
2026-06-17,150.720809,255215324.0,-67824364.05
2026-06-18,149.435878,254765324.0,-67246145.1
2026-06-22,150.073552,251165324.0,-540264787.2
2026-06-23,152.123346,252765324.0,243397353.6
2026-06-24,153.324215,252265324.0,-76662107.5
2026-06-25,155.602779,254515324.0,350106252.75
2026-06-26,160.552731,255565324.0,168580367.54999998
2026-06-29,160.810602,254665324.0,-144729541.79999998
2026-06-30,158.735142,255765324.0,174608656.2
2026-07-01,159.564652,256415324.0,103717023.8
2026-07-02,163.904319,257165324.0,122928239.24999999
2026-07-06,161.990671,259065324.0,307782274.9
2026-07-07,164.503327,258615324.0,-74026497.15
2026-07-08,162.342015,256965324.0,-267864324.75
2026-07-09,162.201809,256765324.0,-32440361.8
2026-07-10,160.881333,258015324.0,201101666.25000003
2026-07-13,161.280407,257165324.0,-137088345.95
2026-07-14,158.204797,257215324.0,7910239.850000001
2026-07-15,158.319284,256715324.0,-79159642.0
2026-07-16,161.81669,258765324.0,331724214.5
2026-07-17,161.111439,259515324.0,120833579.25
2026-07-20,159.258098,260415324.0,143332288.2
2026-07-21,160.269845,260415324.0,0.0
2026-07-22,159.368775,261615324.0,191242530.0
2026-07-23,161.44635,258065324.0,-573134542.5
2026-07-24,162.551361,261715324.0,593312467.6500001
2026-07-27,163.393978,257965324.0,-612727417.5
2026-07-28,167.197534,257515324.0,-75238890.3
2026-07-29,166.182982,257065324.0,-74782341.9
2026-07-30,163.44062,257565324.0,81720310.0
2026-07-31,162.536052,256865324.0,-113775236.4
2026-08-03,162.250729,257115324.0,40562682.25
2026-08-04,162.02752,258415324.0,210635776.0
2026-08-05,164.19313,260465324.0,336595916.5
2026-08-06,164.417698,261465324.0,164417698.0
2026-08-07,165.702293,261215324.0,-41425573.25
2026-08-10,168.47888,261565324.0,58967608.0
2026-08-11,168.037884,261265324.0,-50411365.199999996
2026-08-12,168.421026,260465324.0,-134736820.8
2026-08-13,168.337578,260515324.0,8416878.9
2026-08-14,167.361158,261315324.0,133888926.39999999
2026-08-17,167.002216,261465324.0,25050332.400000002
2026-08-18,169.655371,260565324.0,-152689833.9
2026-08-19,175.624038,261215324.0,114155624.7
2026-08-20,172.300341,259765324.0,-249835494.45000002
2026-08-21,174.608954,258915324.0,-148417610.9
2026-08-24,174.647141,255965324.0,-515209065.95
2026-08-25,175.307076,257315324.0,236664552.6
2026-08-26,173.532764,256865324.0,-78089743.8
2026-08-27,171.628199,257215324.0,60069869.65
2026-08-28,171.198367,258165324.0,162638448.64999998
2026-08-31,170.480183,257565324.0,-102288109.80000001
2026-09-01,171.616559,259315324.0,300328978.25
2026-09-02,172.964806,259665324.0,60537682.1
2026-09-03,173.296137,260165324.0,86648068.5
2026-09-04,171.492645,259515324.0,-111470219.25
2026-09-08,167.125284,259415324.0,-16712528.399999999
2026-09-09,166.521741,259715324.0,49956522.3
2026-09-10,165.64917,259515324.0,-33129834.0
2026-09-11,165.417085,260465324.0,157146230.75
2026-09-14,167.716534,259815324.0,-109015747.1
2026-09-15,167.668624,259765324.0,-8383431.199999999
2026-09-16,167.733415,258865324.0,-150960073.5
2026-09-17,168.805737,258565324.0,-50641721.1
2026-09-18,168.473549,258215324.0,-58965742.15
2026-09-21,168.963513,253365324.0,-819473038.0500001
2026-09-22,169.867569,255015324.0,280281488.85
2026-09-23,168.75821,256415324.0,236261494.0
2026-09-24,169.849853,256615324.0,33969970.6
2026-09-25,170.70321,257265324.0,110957086.50000001
2026-09-28,171.205099,257615324.0,59921784.65
2026-09-29,170.662697,257015324.0,-102397618.2
2026-09-30,168.311132,257815324.0,134648905.6
2026-10-01,166.125598,257215324.0,-99675358.8
2026-10-02,166.093797,257765324.0,91351588.35
2026-10-05,167.342105,258015324.0,41835526.25
2026-10-06,167.080441,258015324.0,0.0
2026-10-07,168.84565,257515324.0,-84422825.0
