date,nav,shares,flow
2006-05-31,23.877241,46954018.0,
2006-06-01,24.009448,46954018.0,0.0
2006-06-02,23.968431,46954018.0,0.0
2006-06-05,23.635273,46954018.0,0.0
2006-06-06,23.683968,46954018.0,0.0
2006-06-07,23.635552,46704018.0,-5908888.0
2006-06-08,23.778419,47004018.0,7133525.7
2006-06-09,23.770469,47004018.0,0.0
2006-06-12,23.644959,48204018.0,28373950.8
2006-06-13,23.554354,48204018.0,0.0
2006-06-14,23.660461,48204018.0,0.0
2006-06-15,23.861485,48204018.0,0.0
2006-06-16,23.734774,48554018.0,8307170.9
2006-06-19,23.639786,47554018.0,-23639786.0
2006-06-20,23.829777,47554018.0,0.0
2006-06-21,23.924128,47554018.0,0.0
2006-06-22,23.884902,48054018.0,11942451.0
2006-06-23,23.780275,48054018.0,0.0
2006-06-26,23.92165,48304018.0,5980412.5
2006-06-27,23.81369,48704018.0,9525476.0
2006-06-28,23.912839,49404018.0,16738987.3
2006-06-29,24.287369,50104018.0,17001158.3
2006-06-30,24.152685,50104018.0,0.0
2006-07-03,24.274968,48254018.0,-44908690.800000004
2006-07-05,24.110047,48254018.0,0.0
2006-07-06,24.388029,48254018.0,0.0
2006-07-07,24.346414,48704018.0,10955886.299999999
2006-07-10,24.505669,48704018.0,0.0
2006-07-11,24.648908,48704018.0,0.0
2006-07-12,24.420345,49854018.0,28083396.75
2006-07-13,24.224493,50454018.0,14534695.799999999
2006-07-14,24.01518,52454018.0,48030360.0
2006-07-17,24.061659,52454018.0,0.0
2006-07-18,24.150499,52804018.0,8452674.65
2006-07-19,24.457098,53054018.0,6114274.5
2006-07-20,24.504105,53054018.0,0.0
2006-07-21,24.398031,53604018.0,13418917.049999999
2006-07-24,24.60128,53604018.0,0.0
2006-07-25,24.721938,53604018.0,0.0
2006-07-26,24.592599,53804018.0,4918519.8
2006-07-27,24.46253,55304018.0,36693795.0
2006-07-28,24.688255,54004018.0,-32094731.500000004
2006-07-31,24.560796,54404018.0,9824318.4
2006-08-01,24.425651,56404018.0,48851302.0
2006-08-02,24.647658,56404658.0,15774.50112
2006-08-03,24.71443,56404658.0,0.0
2006-08-04,24.727092,56804658.0,9890836.799999999
2006-08-07,24.669568,56804658.0,0.0
2006-08-08,24.775771,56804658.0,0.0
2006-08-09,24.632868,58304658.0,36949302.0
2006-08-10,24.892201,57754658.0,-13690710.55
2006-08-11,24.841858,57754658.0,0.0
2006-08-14,24.899894,57754658.0,0.0
2006-08-15,25.050426,57754658.0,0.0
2006-08-16,25.048882,58254658.0,12524441.0
2006-08-17,25.031116,57354658.0,-22528004.400000002
2006-08-18,25.193492,57204658.0,-3779023.8
2006-08-21,25.191662,57204658.0,0.0
2006-08-22,25.191288,57204658.0,0.0
2006-08-23,25.142099,57204658.0,0.0
2006-08-24,25.226837,57204658.0,0.0
2006-08-25,25.204189,57804658.0,15122513.4
2006-08-28,25.335805,57804658.0,0.0
2006-08-29,25.429848,57804658.0,0.0
2006-08-30,25.485433,58954658.0,29308247.95
2006-08-31,25.477813,58954658.0,0.0
2006-09-01,25.620249,58954658.0,0.0
2006-09-05,25.53749,57954658.0,-25537490.0
2006-09-06,25.50673,58954658.0,25506730.0
2006-09-07,25.397408,58404658.0,-13968574.399999999
2006-09-08,25.543194,58104658.0,-7662958.2
2006-09-11,25.707711,57304658.0,-20566168.8
2006-09-12,25.726625,57304658.0,0.0
2006-09-13,25.575148,56754658.0,-14066331.399999999
2006-09-14,25.659555,55754658.0,-25659555.0
2006-09-15,25.556948,56254658.0,12778474.0
2006-09-18,25.462644,56954658.0,17823850.8
2006-09-19,25.541432,56954658.0,0.0
2006-09-20,25.681211,57204658.0,6420302.75
2006-09-21,25.456875,57204658.0,0.0
2006-09-22,25.471781,57704658.0,12735890.5
2006-09-25,25.279305,57704658.0,0.0
2006-09-26,25.377025,57704658.0,0.0
2006-09-27,25.494625,57704658.0,0.0
2006-09-28,25.464288,58405429.0,17844634.566048
2006-09-29,25.340676,58405429.0,0.0
2006-10-02,25.204273,58405429.0,0.0
2006-10-03,25.226263,58405429.0,0.0
2006-10-04,25.478282,59105429.0,17834797.4
2006-10-05,25.421607,59205429.0,2542160.7
2006-10-06,25.283346,59705429.0,12641673.0
2006-10-09,25.32605,59705429.0,0.0
2006-10-10,25.253684,60905429.0,30304420.8
2006-10-11,25.299141,61055429.0,3794871.15
2006-10-12,25.360854,58805429.0,-57061921.5
2006-10-13,25.309501,58805429.0,0.0
2006-10-16,25.331049,58805429.0,0.0
2006-10-17,25.266858,58605429.0,-5053371.6
2006-10-18,25.396203,58605429.0,0.0
2006-10-19,25.43809,58605429.0,0.0
2006-10-20,25.524081,59005429.0,10209632.4
2006-10-23,25.789428,59455429.0,11605242.6
2006-10-24,25.716447,59455429.0,0.0
2006-10-25,25.887841,59555429.0,2588784.1
2006-10-26,26.017769,59955429.0,10407107.6
2006-10-27,25.909539,60255429.0,7772861.699999999
2006-10-30,25.870104,60255429.0,0.0
2006-10-31,25.846749,60805429.0,14215711.95
2006-11-01,25.658211,61555429.0,19243658.25
2006-11-02,25.608237,61155429.0,-10243294.799999999
2006-11-03,25.438331,61155429.0,0.0
2006-11-06,25.579,61155429.0,0.0
2006-11-07,25.582784,61155429.0,0.0
2006-11-08,25.679168,61155429.0,0.0
2006-11-09,25.515444,61155429.0,0.0
2006-11-10,25.531386,61155429.0,0.0
2006-11-13,25.438862,60005429.0,-29254691.3
2006-11-14,25.578057,58955429.0,-26856959.85
2006-11-15,25.662529,58955429.0,0.0
2006-11-16,25.832357,58655429.0,-7749707.1
2006-11-17,25.871139,58755429.0,2587113.9
2006-11-20,25.819344,58755429.0,0.0
2006-11-21,25.735049,59705429.0,24448296.55
2006-11-22,25.812465,59705429.0,0.0
2006-11-24,25.720966,59705429.0,0.0
2006-11-27,25.418179,59705429.0,0.0
2006-11-28,25.533608,56455429.0,-82984226.0
2006-11-29,25.709412,56155429.0,-7712823.600000001
2006-11-30,25.624295,56155429.0,0.0
2006-12-01,25.554583,56155429.0,0.0
2006-12-04,25.884959,56155429.0,0.0
2006-12-05,26.026726,56155429.0,0.0
2006-12-06,26.063262,56905429.0,19547446.5
2006-12-07,26.031362,56905429.0,0.0
2006-12-08,26.062566,56905429.0,0.0
2006-12-11,26.075324,57055429.0,3911298.5999999996
2006-12-12,26.068573,57055429.0,0.0
2006-12-13,26.039575,57105429.0,1301978.75
2006-12-14,26.157583,56105429.0,-26157583.0
2006-12-15,26.074115,56255429.0,3911117.25
2006-12-18,26.068285,56855429.0,15640971.0
2006-12-19,26.111715,56855429.0,0.0
2006-12-20,26.05921,56855429.0,0.0
2006-12-21,26.07693,56855429.0,0.0
2006-12-22,26.041278,56855429.0,0.0
2006-12-26,26.141381,56855429.0,0.0
2006-12-27,26.230764,56855429.0,0.0
2006-12-28,26.240064,56856140.0,18656.685504
2006-12-29,26.131648,56856140.0,0.0
2007-01-03,26.267895,57056140.0,5253579.0
2007-01-04,26.298623,57456140.0,10519449.2
2007-01-05,26.128294,57456140.0,0.0
2007-01-08,26.200416,57456140.0,0.0
2007-01-09,26.226762,57456140.0,0.0
2007-01-10,26.36571,57806140.0,9227998.5
2007-01-11,26.5258,57806140.0,0.0
2007-01-12,26.507149,58206140.0,10602859.6
2007-01-16,26.579945,58506140.0,7973983.5
2007-01-17,26.591417,59406140.0,23932275.3
2007-01-18,26.593454,60106140.0,18615417.8
2007-01-19,26.626961,61106140.0,26626961.0
2007-01-22,26.584842,61106140.0,0.0
2007-01-23,26.626303,59606140.0,-39939454.5
2007-01-24,26.699724,60006140.0,10679889.6
2007-01-25,26.528908,60006140.0,0.0
2007-01-26,26.492649,60406140.0,10597059.6
2007-01-29,26.509363,60406140.0,0.0
2007-01-30,26.512885,60406140.0,0.0
2007-01-31,26.632383,60406140.0,0.0
2007-02-01,26.81407,60406140.0,0.0
2007-02-02,26.769132,60406140.0,0.0
2007-02-05,26.720158,60406140.0,0.0
2007-02-06,26.669115,58256140.0,-57338597.25
2007-02-07,26.618681,58056140.0,-5323736.2
2007-02-08,26.538522,57306140.0,-19903891.5
2007-02-09,26.489934,57306140.0,0.0
2007-02-12,26.451397,57306140.0,0.0
2007-02-13,26.623431,57306140.0,0.0
2007-02-14,26.699549,57306140.0,0.0
2007-02-15,26.84833,57306140.0,0.0
2007-02-16,26.896575,56906140.0,-10758630.0
2007-02-20,27.035195,56906140.0,0.0
2007-02-21,26.907353,56906140.0,0.0
2007-02-22,26.791733,56906140.0,0.0
2007-02-23,26.763609,56906140.0,0.0
2007-02-26,26.78253,56806140.0,-2678253.0
2007-02-27,25.91299,56806140.0,0.0
2007-02-28,26.230739,57056140.0,6557684.75
2007-03-01,26.168017,57056140.0,0.0
2007-03-02,25.909832,57256140.0,5181966.4
2007-03-05,25.772724,57256140.0,0.0
2007-03-06,26.050198,57256140.0,0.0
2007-03-07,25.944079,57356140.0,2594407.9
2007-03-08,26.141471,57956140.0,15684882.6
2007-03-09,26.187021,57956140.0,0.0
2007-03-12,26.216605,57956140.0,0.0
2007-03-13,25.804783,58156140.0,5160956.600000001
2007-03-14,25.880639,58256140.0,2588063.9
2007-03-15,26.08868,58256140.0,0.0
2007-03-16,25.905348,57906140.0,-9066871.8
2007-03-19,26.073704,60906140.0,78221112.0
2007-03-20,26.283212,60956140.0,1314160.5999999999
2007-03-21,26.573456,61206140.0,6643364.0
2007-03-22,26.664026,61206140.0,0.0
2007-03-23,26.660352,61206140.0,0.0
2007-03-26,26.650913,61206140.0,0.0
2007-03-27,26.47933,61656140.0,11915698.5
2007-03-28,26.441092,62106140.0,11898491.4
2007-03-29,26.528113,62306949.0,5327083.843417
2007-03-30,26.589387,62306949.0,0.0
2007-04-02,26.718371,62556949.0,6679592.75
2007-04-03,26.887992,62556949.0,0.0
2007-04-04,26.97605,62556949.0,0.0
2007-04-05,27.051655,62856949.0,8115496.5
2007-04-09,27.076716,63856949.0,27076716.0
2007-04-10,27.097527,63856949.0,0.0
2007-04-11,26.934032,64456949.0,16160419.2
2007-04-12,27.065407,64456949.0,0.0
2007-04-13,27.085555,65156949.0,18959888.5
2007-04-16,27.212708,65256949.0,2721270.8
2007-04-17,27.328905,65506949.0,6832226.25
2007-04-18,27.277713,65506949.0,0.0
2007-04-19,27.335646,65506949.0,0.0
2007-04-20,27.553227,63306949.0,-60617099.4
2007-04-23,27.49487,63306949.0,0.0
2007-04-24,27.576602,63306949.0,0.0
2007-04-25,27.671374,64306949.0,27671374.0
2007-04-26,27.537318,64306949.0,0.0
2007-04-27,27.469754,64306949.0,0.0
2007-04-30,27.411664,64306949.0,0.0
2007-05-01,27.339819,64306949.0,0.0
2007-05-02,27.382861,64306949.0,0.0
2007-05-03,27.352354,64306949.0,0.0
2007-05-04,27.381936,64306949.0,0.0
2007-05-07,27.411771,64306949.0,0.0
2007-05-08,27.300814,64306949.0,0.0
2007-05-09,27.346172,64306949.0,0.0
2007-05-10,27.071559,64306949.0,0.0
2007-05-11,27.140799,62906949.0,-37997118.6
2007-05-14,27.151346,62906949.0,0.0
2007-05-15,27.225272,62906949.0,0.0
2007-05-16,27.521777,63356949.0,12384799.65
2007-05-17,27.465682,62956949.0,-10986272.8
2007-05-18,27.614767,62556949.0,-11045906.8
2007-05-21,27.489851,62556949.0,0.0
2007-05-22,27.492308,62556949.0,0.0
2007-05-23,27.474637,61056949.0,-41211955.5
2007-05-24,27.380711,62206949.0,31487817.650000002
2007-05-25,27.522743,62206949.0,0.0
2007-05-29,27.655945,62206949.0,0.0
2007-05-30,27.761635,62206949.0,0.0
2007-05-31,27.744406,62206949.0,0.0
2007-06-01,28.000701,62206949.0,0.0
2007-06-04,27.972539,62206949.0,0.0
2007-06-05,27.795465,62806949.0,16677279.0
2007-06-06,27.652538,62806949.0,0.0
2007-06-07,27.32077,62806949.0,0.0
2007-06-08,27.543428,62806949.0,0.0
2007-06-11,27.547448,62806949.0,0.0
2007-06-12,27.284695,60756949.0,-55933624.75
2007-06-13,27.577406,60756949.0,0.0
2007-06-14,27.558002,60706949.0,-1377900.0999999999
2007-06-15,27.463304,57656949.0,-83763077.2
2007-06-18,27.377112,59706949.0,56123079.6
2007-06-19,27.243266,59706949.0,0.0
2007-06-20,27.064914,59906949.0,5412982.800000001
2007-06-21,27.258683,59906949.0,0.0
2007-06-22,26.948338,59906949.0,0.0
2007-06-25,26.915113,59906949.0,0.0
2007-06-26,26.870788,60006949.0,2687078.8000000003
2007-06-27,27.093615,60006949.0,0.0
2007-06-28,27.073331,60157986.0,4089074.694247
2007-06-29,27.070982,60157986.0,0.0
2007-07-02,27.284295,60157986.0,0.0
2007-07-03,27.27855,60157986.0,0.0
2007-07-05,27.247684,60357986.0,5449536.8
2007-07-06,27.308393,61957986.0,43693428.8
2007-07-09,27.342772,61957986.0,0.0
2007-07-10,27.020244,61757986.0,-5404048.800000001
2007-07-11,27.15299,62707986.0,25795340.5
2007-07-12,27.600602,62707986.0,0.0
2007-07-13,27.665671,62707986.0,0.0
2007-07-16,27.619962,62707986.0,0.0
2007-07-17,27.45883,61957986.0,-20594122.5
2007-07-18,27.437414,61957986.0,0.0
2007-07-19,27.553676,61957986.0,0.0
2007-07-20,27.266264,61957986.0,0.0
2007-07-23,27.470252,61957986.0,0.0
2007-07-24,27.126098,61957986.0,0.0
2007-07-25,27.210068,61957986.0,0.0
2007-07-26,26.733526,61957986.0,0.0
2007-07-27,26.448267,61957986.0,0.0
2007-07-30,26.598323,61957986.0,0.0
2007-07-31,26.366888,62957986.0,26366888.0
2007-08-01,26.643521,63007986.0,1332176.05
2007-08-02,26.783281,63107986.0,2678328.1
2007-08-03,26.445501,63107986.0,0.0
2007-08-06,27.263653,63757986.0,17721374.45
2007-08-07,27.385014,65607986.0,50662275.900000006
2007-08-08,27.59387,67457986.0,51048659.5
2007-08-09,27.005255,68507986.0,28355517.75
2007-08-10,27.012424,68507986.0,0.0
2007-08-13,26.940403,68357986.0,-4041060.45
2007-08-14,26.553799,68357986.0,0.0
2007-08-15,26.345161,66657986.0,-44786773.7
2007-08-16,26.387204,66657986.0,0.0
2007-08-17,26.796582,66807986.0,4019487.3000000003
2007-08-20,26.71907,68207986.0,37406698.0
2007-08-21,26.711863,67607986.0,-16027117.8
2007-08-22,26.917904,67607986.0,0.0
2007-08-23,26.885301,67307986.0,-8065590.3
2007-08-24,27.140781,67407986.0,2714078.1
2007-08-27,27.013789,65907986.0,-40520683.5
2007-08-28,26.606081,65807986.0,-2660608.1
2007-08-29,26.988296,66107986.0,8096488.8
2007-08-30,26.834451,66107986.0,0.0
2007-08-31,27.02298,66107986.0,0.0
2007-09-04,27.114003,65507986.0,-16268401.8
2007-09-05,26.805463,65507986.0,0.0
2007-09-06,26.962585,65507986.0,0.0
2007-09-07,26.677086,65207986.0,-8003125.8
2007-09-10,26.731291,65207986.0,0.0
2007-09-11,27.100636,65707986.0,13550318.0
2007-09-12,27.184269,69107986.0,92426514.60000001
2007-09-13,27.268161,69107986.0,0.0
2007-09-14,27.315314,71107986.0,54630628.0
2007-09-17,27.215105,71507986.0,10886042.0
2007-09-18,27.698368,71507986.0,0.0
2007-09-19,27.83079,71957986.0,12523855.5
2007-09-20,27.719353,71957986.0,0.0
2007-09-21,27.630829,68957986.0,-82892487.0
2007-09-24,27.591714,71357986.0,66220113.6
2007-09-25,27.587497,71057986.0,-8276249.1
2007-09-26,27.826164,74807986.0,104348115.0
2007-09-27,27.927242,74807986.0,0.0
2007-09-28,27.944857,74807986.0,0.0
2007-10-01,27.851206,74807986.0,0.0
2007-10-02,27.902194,74857986.0,1395109.7000000002
2007-10-03,27.79221,76107986.0,34740262.5
2007-10-04,27.855777,76109124.0,31699.874226
2007-10-05,27.936934,73109124.0,-83810802.0
2007-10-08,27.877787,65609124.0,-209083402.5
2007-10-09,27.987426,63759124.0,-51776738.1
2007-10-10,28.082383,64459124.0,19657668.1
2007-10-11,28.116388,64459124.0,0.0
2007-10-12,28.261234,67509124.0,86196763.7
2007-10-15,28.066336,68809124.0,36486236.8
2007-10-16,28.009163,68809124.0,0.0
2007-10-17,28.071173,70609124.0,50528111.400000006
2007-10-18,28.089988,71509124.0,25280989.200000003
2007-10-19,27.720416,74959124.0,95635435.2
2007-10-22,27.942526,74209124.0,-20956894.5
2007-10-23,27.964938,74109124.0,-2796493.8
2007-10-24,28.010461,72959124.0,-32212030.15
2007-10-25,28.124905,70959124.0,-56249810.0
2007-10-26,28.32564,70959124.0,0.0
2007-10-29,28.416107,71059124.0,2841610.7
2007-10-30,28.196928,70559124.0,-14098464.0
2007-10-31,28.405894,70859124.0,8521768.2
2007-11-01,27.862207,70059124.0,-22289765.6
2007-11-02,27.993556,70059124.0,0.0
2007-11-05,28.046456,61309124.0,-245406490.0
2007-11-06,28.236049,61609124.0,8470814.700000001
2007-11-07,27.85719,61709124.0,2785719.0
2007-11-08,28.146505,61709124.0,0.0
2007-11-09,27.904651,61709124.0,0.0
2007-11-12,27.858258,61709124.0,0.0
2007-11-13,28.408929,61709124.0,0.0
2007-11-14,28.399949,61709124.0,0.0
2007-11-15,28.332641,61859124.0,4249896.149999999
2007-11-16,28.635358,63859124.0,57270716.0
2007-11-19,28.399477,66159124.0,65318797.1
2007-11-20,28.574277,66159124.0,0.0
2007-11-21,28.235,66159124.0,0.0
2007-11-23,28.533951,67159124.0,28533951.0
2007-11-26,28.19207,67159124.0,0.0
2007-11-27,28.582277,67159124.0,0.0
2007-11-28,29.014782,67709124.0,15958130.1
2007-11-29,29.052891,69209124.0,43579336.5
2007-11-30,29.194593,71209124.0,58389186.0
2007-12-03,29.064635,71209124.0,0.0
2007-12-04,29.015905,72659124.0,42073062.25
2007-12-05,29.215778,74209124.0,45284455.9
2007-12-06,29.419069,74309124.0,2941906.9
2007-12-07,29.417977,77809124.0,102962919.5
2007-12-10,29.524487,78509124.0,20667140.900000002
2007-12-11,29.107457,78509124.0,0.0
2007-12-12,29.276551,79159124.0,19029758.150000002
2007-12-13,29.272535,79159124.0,0.0
2007-12-14,28.995216,77659124.0,-43492824.0
2007-12-17,28.768564,78359124.0,20137994.8
2007-12-18,28.816265,78359124.0,0.0
2007-12-19,28.86328,77659124.0,-20204296.0
2007-12-20,28.928306,77659124.0,0.0
2007-12-21,29.141,76509124.0,-33512149.999999996
2007-12-24,29.274508,76609124.0,2927450.8000000003
2007-12-26,29.227995,76609124.0,0.0
2007-12-27,28.950204,76959124.0,10132571.4
2007-12-28,29.046786,76459124.0,-14523393.0
2007-12-31,28.760411,76009124.0,-12942184.950000001
2008-01-02,28.341843,76309124.0,8502552.9
2008-01-03,28.223934,74009124.0,-64915048.2
2008-01-04,28.050909,72810384.0,-33625746.65466
2008-01-07,28.516799,74210384.0,39923518.6
2008-01-08,28.390136,74610384.0,11356054.399999999
2008-01-09,28.598335,77910384.0,94374505.5
2008-01-10,28.809622,77910384.0,0.0
2008-01-11,28.236248,79110384.0,33883497.6
2008-01-14,28.166021,80060384.0,26757719.95
2008-01-15,27.810254,78910384.0,-31981792.1
2008-01-16,27.821328,78660384.0,-6955332.0
2008-01-17,27.439371,79960384.0,35671182.300000004
2008-01-18,27.165041,79460384.0,-13582520.5
2008-01-22,26.816496,79460384.0,0.0
2008-01-23,27.133951,78360384.0,-29847346.1
2008-01-24,27.022487,78710384.0,9457870.450000001
2008-01-25,26.667621,78710384.0,0.0
2008-01-28,26.980527,78710384.0,0.0
2008-01-29,26.981798,77710384.0,-26981798.0
2008-01-30,26.859099,77810384.0,2685909.9
2008-01-31,27.247588,77810384.0,0.0
2008-02-01,27.527284,77810384.0,0.0
2008-02-04,27.315287,77810384.0,0.0
2008-02-05,26.800995,77810384.0,0.0
2008-02-06,26.742696,79110384.0,34765504.8
2008-02-07,27.090001,79110384.0,0.0
2008-02-08,26.866396,79210384.0,2686639.6
2008-02-11,27.135229,79210384.0,0.0
2008-02-12,27.408162,80210384.0,27408162.0
2008-02-13,27.511629,81460384.0,34389536.25
2008-02-14,27.249931,81560384.0,2724993.1
2008-02-15,27.368548,81660384.0,2736854.8000000003
2008-02-19,27.380304,81760384.0,2738030.4
2008-02-20,27.425528,82160384.0,10970211.2
2008-02-21,27.31197,82560384.0,10924788.0
2008-02-22,27.486376,82560384.0,0.0
2008-02-25,27.667416,81910384.0,-17983820.4
2008-02-26,27.878568,82010384.0,2787856.8000000003
2008-02-27,27.815185,82360384.0,9735314.75
2008-02-28,27.666905,82360384.0,0.0
2008-02-29,27.202848,82360384.0,0.0
2008-03-03,27.313742,82060384.0,-8194122.600000001
2008-03-04,27.375642,82060384.0,0.0
2008-03-05,27.454855,81660384.0,-10981942.0
2008-03-06,27.178933,81660384.0,0.0
2008-03-07,27.046471,81660384.0,0.0
2008-03-10,26.960931,81660384.0,0.0
2008-03-11,27.460196,81660384.0,0.0
2008-03-12,27.399274,82410384.0,20549455.5
2008-03-13,27.410518,84060384.0,45227354.7
2008-03-14,26.98129,83060384.0,-26981290.0
2008-03-17,26.85808,85560384.0,67145200.0
2008-03-18,27.519993,85410384.0,-4127998.9499999997
2008-03-19,27.336291,86310384.0,24602661.9
2008-03-20,27.615512,83910384.0,-66277228.8
2008-03-24,27.906992,86910384.0,83720976.0
2008-03-25,27.990688,87360384.0,12595809.6
2008-03-26,27.908075,87360384.0,0.0
2008-03-27,27.841027,87360384.0,0.0
2008-03-28,27.8661,87360384.0,0.0
2008-03-31,27.910768,88460384.0,30701844.8
2008-04-01,28.36824,88460384.0,0.0
2008-04-02,28.178011,88560384.0,2817801.1
2008-04-03,28.176795,89561575.0,28210353.562845
2008-04-04,28.224945,89961575.0,11289978.0
2008-04-07,28.193107,89961575.0,0.0
2008-04-08,28.127893,89961575.0,0.0
2008-04-09,27.896071,90161575.0,5579214.2
2008-04-10,27.971335,89461575.0,-19579934.5
2008-04-11,27.759282,89461575.0,0.0
2008-04-14,27.774646,89461575.0,0.0
2008-04-15,27.917113,89561575.0,2791711.3000000003
2008-04-16,28.066515,91361575.0,50519727.0
2008-04-17,27.984697,91361575.0,0.0
2008-04-18,28.025315,91211575.0,-4203797.25
2008-04-21,28.105906,91811575.0,16863543.6
2008-04-22,27.866967,92411575.0,16720180.2
2008-04-23,28.098455,90911575.0,-42147682.5
2008-04-24,28.067395,90561575.0,-9823588.25
2008-04-25,27.950962,90561575.0,0.0
2008-04-28,28.034738,88961575.0,-44855580.800000004
2008-04-29,28.152772,89161575.0,5630554.399999999
2008-04-30,27.985873,89311575.0,4197880.95
2008-05-01,28.172003,85111575.0,-118322412.6
2008-05-02,28.134832,87861575.0,77370788.0
2008-05-05,28.129605,87561575.0,-8438881.5
2008-05-06,28.176365,86061575.0,-42264547.5
2008-05-07,27.942727,84061575.0,-55885454.0
2008-05-08,28.018075,82061575.0,-56036150.0
2008-05-09,27.803691,82061575.0,0.0
2008-05-12,28.068142,80261575.0,-50522655.6
2008-05-13,28.062832,80261575.0,0.0
2008-05-14,28.237169,79061575.0,-33884602.800000004
2008-05-15,28.446444,79561575.0,14223222.0
2008-05-16,28.490382,79561575.0,0.0
2008-05-19,28.431173,82061575.0,71077932.5
2008-05-20,28.204557,82061575.0,0.0
2008-05-21,27.936374,82261575.0,5587274.8
2008-05-22,28.211615,83661575.0,39496261.0
2008-05-23,28.089281,84261575.0,16853568.6
2008-05-27,28.228358,82861575.0,-39519701.2
2008-05-28,28.130473,82861575.0,0.0
2008-05-29,28.42992,82861575.0,0.0
2008-05-30,28.462767,82561575.0,-8538830.1
2008-06-02,28.226863,82211575.0,-9879402.05
2008-06-03,28.165649,81311575.0,-25349084.099999998
2008-06-04,28.329581,82861575.0,43910850.550000004
2008-06-05,28.650044,84111575.0,35812555.0
2008-06-06,27.938995,86211575.0,58671889.5
2008-06-09,28.005525,86311575.0,2800552.5
2008-06-10,28.170224,86011575.0,-8451067.200000001
2008-06-11,27.897124,87511575.0,41845686.0
2008-06-12,28.061518,87411575.0,-2806151.8
2008-06-13,28.120408,87711575.0,8436122.4
2008-06-16,27.83125,88911575.0,33397500.0
2008-06-17,27.690547,87161575.0,-48458457.25
2008-06-18,27.397108,87261575.0,2739710.8
2008-06-19,27.503155,86961575.0,-8250946.5
2008-06-20,27.039727,82311575.0,-125734730.55
2008-06-23,26.974912,86161575.0,103853411.2
2008-06-24,27.057866,86161575.0,0.0
2008-06-25,27.375932,86161575.0,0.0
2008-06-26,26.803605,86211575.0,1340180.25
2008-06-27,26.500228,85861575.0,-9275079.8
2008-06-30,26.517918,85661575.0,-5303583.600000001
2008-07-01,26.677101,85811575.0,4001565.15
2008-07-02,26.6013,86061575.0,6650325.0
2008-07-03,26.785899,82661575.0,-91072056.60000001
2008-07-07,26.804947,82962663.0,8070647.882336
2008-07-08,27.234837,83162663.0,5446967.399999999
2008-07-09,27.098744,88212663.0,136848657.2
2008-07-10,27.107503,87662663.0,-14909126.65
2008-07-11,26.983857,85162663.0,-67459642.5
2008-07-14,27.013178,85462663.0,8103953.4
2008-07-15,27.002376,85312663.0,-4050356.4000000004
2008-07-16,27.257759,82112663.0,-87224828.8
2008-07-17,27.172558,82962663.0,23096674.299999997
2008-07-18,26.995485,82962663.0,0.0
2008-07-21,26.817831,82812663.0,-4022674.6500000004
2008-07-22,27.317454,80812663.0,-54634908.0
2008-07-23,27.406688,80812663.0,0.0
2008-07-24,27.138563,80812663.0,0.0
2008-07-25,27.113881,80662663.0,-4067082.15
2008-07-28,26.900254,79562663.0,-29590279.4
2008-07-29,27.467967,80062663.0,13733983.5
2008-07-30,27.790787,81562663.0,41686180.5
2008-07-31,27.410239,79312663.0,-61673037.75
2008-08-01,27.360565,81012663.0,46512960.5
2008-08-04,27.670693,80812663.0,-5534138.6
2008-08-05,28.276305,80962663.0,4241445.75
2008-08-06,28.374846,80962663.0,0.0
2008-08-07,27.850731,81712663.0,20888048.25
2008-08-08,28.503956,82362663.0,18527571.4
2008-08-11,28.635754,82562663.0,5727150.8
2008-08-12,28.759587,83612663.0,30197566.35
2008-08-13,28.580849,84762663.0,32867976.35
2008-08-14,28.653058,84462663.0,-8595917.4
2008-08-15,28.95533,84712663.0,7238832.5
2008-08-18,28.672166,86662663.0,55910723.7
2008-08-19,28.441345,86662663.0,0.0
2008-08-20,28.392311,87062663.0,11356924.4
2008-08-21,28.303113,87562663.0,14151556.5
2008-08-22,28.617341,87562663.0,0.0
2008-08-25,28.187797,87562663.0,0.0
2008-08-26,28.142734,87162663.0,-11257093.6
2008-08-27,28.231347,87162663.0,0.0
2008-08-28,28.435541,87012663.0,-4265331.15
2008-08-29,28.087935,87012663.0,0.0
2008-09-02,28.395879,87612663.0,17037527.400000002
2008-09-03,28.394544,88112663.0,14197272.0
2008-09-04,28.053338,88362663.0,7013334.5
2008-09-05,28.345034,88712663.0,9920761.899999999
2008-09-08,28.922197,88012663.0,-20245537.900000002
2008-09-09,28.71098,89262663.0,35888725.0
2008-09-10,28.820685,89962663.0,20174479.5
2008-09-11,29.189763,92112663.0,62757990.449999996
2008-09-12,29.150397,93212663.0,32065436.700000003
2008-09-15,28.682296,93362663.0,4302344.4
2008-09-16,28.740417,96462663.0,89095292.7
2008-09-17,27.802232,96962663.0,13901116.0
2008-09-18,28.41709,97462663.0,14208545.0
2008-09-19,28.14082,94262663.0,-90050624.0
2008-09-22,27.425743,99762663.0,150841586.5
2008-09-23,27.199468,100862663.0,29919414.8
2008-09-24,27.331471,101862663.0,27331471.0
2008-09-25,27.769336,101962663.0,2776933.6
2008-09-26,27.931224,103662663.0,47483080.8
2008-09-29,26.726588,106362663.0,72161787.6
2008-09-30,27.423594,106112663.0,-6855898.5
2008-10-01,27.803793,106362663.0,6950948.25
2008-10-02,27.423123,104264348.0,-57542350.337745
2008-10-03,27.246605,103114348.0,-31333595.75
2008-10-06,26.336828,103714348.0,15802096.8
2008-10-07,25.47386,103064348.0,-16558008.999999998
2008-10-08,25.069998,103514348.0,11281499.1
2008-10-09,23.497287,98614348.0,-115136706.3
2008-10-10,22.993342,99314348.0,16095339.399999999
2008-10-13,24.906066,99514348.0,4981213.2
2008-10-14,24.412127,99914348.0,9764850.8
2008-10-15,22.880657,99864348.0,-1144032.8499999999
2008-10-16,23.877968,99864348.0,0.0
2008-10-17,23.920273,101964348.0,50232573.300000004
2008-10-20,24.623742,101964348.0,0.0
2008-10-21,24.258216,102714348.0,18193662.0
2008-10-22,23.345583,103014348.0,7003674.9
2008-10-23,23.52406,102564348.0,-10585827.0
2008-10-24,22.701813,102764348.0,4540362.600000001
2008-10-27,22.183192,102314348.0,-9982436.399999999
2008-10-28,24.202574,100664348.0,-39934247.099999994
2008-10-29,23.730368,100964348.0,7119110.399999999
2008-10-30,24.309575,100664348.0,-7292872.5
2008-10-31,24.567526,100714348.0,1228376.3
2008-11-03,24.551301,99664348.0,-25778866.049999997
2008-11-04,25.138606,99764348.0,2513860.6
2008-11-05,24.360835,101664348.0,46285586.5
2008-11-06,23.756216,100414348.0,-29695269.999999996
2008-11-07,24.246787,101714348.0,31520823.1
2008-11-10,24.241448,101714348.0,0.0
2008-11-11,23.860485,101714348.0,0.0
2008-11-12,23.071343,101764348.0,1153567.15
2008-11-13,24.096384,101664348.0,-2409638.4
2008-11-14,23.414428,101414348.0,-5853607.0
2008-11-17,23.124975,100414348.0,-23124975.0
2008-11-18,23.501282,110464348.0,236187884.1
2008-11-19,22.703587,109014348.0,-32920201.15
2008-11-20,21.814078,106564348.0,-53444491.099999994
2008-11-21,22.903403,106664348.0,2290340.3000000003
2008-11-24,23.5252,106664348.0,0.0
2008-11-25,23.37675,106514348.0,-3506512.5
2008-11-26,23.72891,107814348.0,30847583.0
2008-11-28,24.00616,109364348.0,37209548.0
2008-12-01,22.690133,109364348.0,0.0
2008-12-02,22.992985,108614348.0,-17244738.75
2008-12-03,23.366005,109014348.0,9346402.0
2008-12-04,23.035227,109964348.0,21883465.65
2008-12-05,23.818884,109864348.0,-2381888.4
2008-12-08,23.844972,109864348.0,0.0
2008-12-09,23.212163,109864348.0,0.0
2008-12-10,23.340501,109264348.0,-14004300.6
2008-12-11,23.129233,109264348.0,0.0
2008-12-12,23.168378,109264348.0,0.0
2008-12-15,23.135102,110264348.0,23135102.0
2008-12-16,23.654688,106264348.0,-94618752.0
2008-12-17,23.504835,103714348.0,-59937329.25
2008-12-18,23.588842,101214348.0,-58972105.0
2008-12-19,23.331469,99414348.0,-41996644.199999996
2008-12-22,23.319781,93014348.0,-149246598.4
2008-12-23,23.083584,93264348.0,5770896.0
2008-12-24,23.295497,93964348.0,16306847.9
2008-12-26,23.34262,93964348.0,0.0
2008-12-29,23.293661,95814348.0,43093272.85
2008-12-30,23.639722,93764348.0,-48461430.1
2008-12-31,23.853658,93614348.0,-3578048.6999999997
2009-01-02,24.269566,93966476.0,8545993.736448001
2009-01-05,24.222744,93966476.0,0.0
2009-01-06,23.95398,94966476.0,23953980.0
2009-01-07,23.686896,95066476.0,2368689.6
2009-01-08,23.390474,95566476.0,11695237.0
2009-01-09,23.084006,95516476.0,-1154200.3
2009-01-12,23.007084,95316476.0,-4601416.8
2009-01-13,23.174409,95316476.0,0.0
2009-01-14,22.647404,94816476.0,-11323702.0
2009-01-15,22.730702,95066476.0,5682675.5
2009-01-16,23.002991,94916476.0,-3450448.6500000004
2009-01-20,22.657587,93316476.0,-36252139.199999996
2009-01-21,22.785423,97666476.0,99116590.05000001
2009-01-22,22.772624,97666476.0,0.0
2009-01-23,22.56601,97666476.0,0.0
2009-01-26,22.718619,95916476.0,-39757583.25
2009-01-27,22.817844,91916476.0,-91271376.0
2009-01-28,23.060493,91916476.0,0.0
2009-01-29,22.837518,90066476.0,-42249408.3
2009-01-30,22.095882,90066476.0,0.0
2009-02-02,21.97042,90066476.0,0.0
2009-02-03,22.45862,90066476.0,0.0
2009-02-04,21.8565,90066476.0,0.0
2009-02-05,22.172369,90316476.0,5543092.25
2009-02-06,22.537552,88066476.0,-50709492.0
2009-02-09,22.295916,88066476.0,0.0
2009-02-10,21.573979,89066476.0,21573979.0
2009-02-11,21.704355,89066476.0,0.0
2009-02-12,21.896847,86766476.0,-50362748.1
2009-02-13,21.622978,86566476.0,-4324595.6
2009-02-17,21.235293,85816476.0,-15926469.749999998
2009-02-18,21.389546,84516476.0,-27806409.8
2009-02-19,21.603279,84266476.0,-5400819.75
2009-02-20,21.284147,84366476.0,2128414.7
2009-02-23,20.763594,84116476.0,-5190898.5
2009-02-24,21.140244,84116476.0,0.0
2009-02-25,20.96981,85316476.0,25163772.0
2009-02-26,20.486007,85316476.0,0.0
2009-02-27,20.449746,86416476.0,22494720.6
2009-03-02,19.921423,86416476.0,0.0
2009-03-03,19.740623,86416476.0,0.0
2009-03-04,20.094635,86866476.0,9042585.75
2009-03-05,19.590397,86466476.0,-7836158.8
2009-03-06,19.686763,87466476.0,19686763.0
2009-03-09,19.333791,86616476.0,-16433722.350000001
2009-03-10,19.837402,84816476.0,-35707323.6
2009-03-11,19.735974,86066476.0,24669967.5
2009-03-12,20.273467,86066476.0,0.0
2009-03-13,20.637598,86066476.0,0.0
2009-03-16,20.831879,86066476.0,0.0
2009-03-17,21.207875,86066476.0,0.0
2009-03-18,21.078895,86066476.0,0.0
2009-03-19,20.780909,85866476.0,-4156181.8000000003
2009-03-20,20.647887,82866476.0,-61943661.0
2009-03-23,21.478063,84816476.0,41882222.849999994
2009-03-24,21.364187,85216476.0,8545674.8
2009-03-25,21.598629,85716476.0,10799314.5
2009-03-26,21.800185,85716476.0,0.0
2009-03-27,21.592223,85716476.0,0.0
2009-03-30,21.113327,84566476.0,-24280326.05
2009-03-31,21.077182,84566476.0,0.0
2009-04-01,21.43089,84416476.0,-3214633.5
2009-04-02,21.862419,84417979.0,32859.215757
2009-04-03,21.84185,85917979.0,32762775.0
2009-04-06,21.827943,86417979.0,10913971.5
2009-04-07,21.495802,86167979.0,-5373950.5
2009-04-08,21.70059,84317979.0,-40146091.5
2009-04-09,21.711544,84217979.0,-2171154.4
2009-04-13,21.619571,84217979.0,0.0
2009-04-14,21.336262,82617979.0,-34138019.2
2009-04-15,21.654262,78917979.0,-80120769.39999999
2009-04-16,21.961032,78917979.0,0.0
2009-04-17,22.027142,78917979.0,0.0
2009-04-20,21.683559,78917979.0,0.0
2009-04-21,21.821769,79667979.0,16366326.75
2009-04-22,21.584799,80767979.0,23743278.9
2009-04-23,21.549031,80767979.0,0.0
2009-04-24,21.563235,78767979.0,-43126470.0
2009-04-27,21.580335,78167979.0,-12948201.000000002
2009-04-28,21.658519,78167979.0,0.0
2009-04-29,22.003181,76767979.0,-30804453.400000002
2009-04-30,21.941913,76817979.0,1097095.65
2009-05-01,22.070674,76817979.0,0.0
2009-05-04,22.432728,76867979.0,1121636.4000000001
2009-05-05,22.263723,76867979.0,0.0
2009-05-06,22.395884,76517979.0,-7838559.399999999
2009-05-07,22.501248,75317979.0,-27001497.6
2009-05-08,22.685144,75317979.0,0.0
2009-05-11,22.531642,75367979.0,1126582.1
2009-05-12,22.819499,75367979.0,0.0
2009-05-13,22.577145,75367979.0,0.0
2009-05-14,22.60876,75417979.0,1130438.0
2009-05-15,22.485145,76867979.0,32603460.25
2009-05-18,22.908267,78617979.0,40089467.25
2009-05-19,22.914051,78617979.0,0.0
2009-05-20,22.99889,79467979.0,19549056.5
2009-05-21,22.823507,79967979.0,11411753.5
2009-05-22,22.921601,79967979.0,0.0
2009-05-26,23.160392,79967979.0,0.0
2009-05-27,22.704588,80617979.0,14757982.200000001
2009-05-28,22.950409,80617979.0,0.0
2009-05-29,23.09081,80617979.0,0.0
2009-06-01,23.598819,81867979.0,29498523.75
2009-06-02,23.825743,82167979.0,7147722.899999999
2009-06-03,23.720693,84917979.0,65231905.75
2009-06-04,23.720813,85167979.0,5930203.25
2009-06-05,23.638809,84917979.0,-5909702.25
2009-06-08,23.676355,84917979.0,0.0
2009-06-09,23.531584,85417979.0,11765792.0
2009-06-10,23.356416,84617979.0,-18685132.8
2009-06-11,23.364401,84617979.0,0.0
2009-06-12,23.487562,83617979.0,-23487562.0
2009-06-15,22.988466,82617979.0,-22988466.0
2009-06-16,22.72935,81617979.0,-22729350.0
2009-06-17,22.832153,81117979.0,-11416076.5
2009-06-18,23.240281,81117979.0,0.0
2009-06-19,22.923915,77217979.0,-89403268.5
2009-06-22,22.776224,80917979.0,84272028.8
2009-06-23,22.709388,81917979.0,22709388.0
2009-06-24,22.761975,83467979.0,35281061.25
2009-06-25,23.099341,83467979.0,0.0
2009-06-26,23.070935,83267979.0,-4614187.0
2009-06-29,23.227876,83567979.0,6968362.8
2009-06-30,23.026819,83567979.0,0.0
2009-07-01,23.401464,83567979.0,0.0
2009-07-02,22.977599,81869920.0,-39017318.780341
2009-07-06,23.337968,81869920.0,0.0
2009-07-07,23.101324,81869920.0,0.0
2009-07-08,23.195107,80019920.0,-42910947.95
2009-07-09,23.048184,80019920.0,0.0
2009-07-10,22.931924,80019920.0,0.0
2009-07-13,23.275109,81019920.0,23275109.0
2009-07-14,23.361366,81569920.0,12848751.3
2009-07-15,23.785113,83469920.0,45191714.699999996
2009-07-16,23.872576,83469920.0,0.0
2009-07-17,23.947677,84369920.0,21552909.3
2009-07-20,23.986539,84069920.0,-7195961.7
2009-07-21,23.979932,84069920.0,0.0
2009-07-22,23.99204,84069920.0,0.0
2009-07-23,24.286063,83569920.0,-12143031.5
2009-07-24,24.476837,84569920.0,24476837.0
2009-07-27,24.470265,85719920.0,28140804.75
2009-07-28,24.465146,85419920.0,-7339543.8
2009-07-29,24.56307,85419920.0,0.0
2009-07-30,24.60636,82769920.0,-65206854.0
2009-07-31,24.535244,82769920.0,0.0
2009-08-03,24.572847,82469920.0,-7371854.1
2009-08-04,24.604925,81469920.0,-24604925.0
2009-08-05,24.36187,81469920.0,0.0
2009-08-06,24.147339,81469920.0,0.0
2009-08-07,24.265348,79569920.0,-46104161.199999996
2009-08-10,24.315863,78919920.0,-15805310.95
2009-08-11,24.262861,78069920.0,-20623431.85
2009-08-12,24.295515,77069920.0,-24295515.0
2009-08-13,24.39772,77069920.0,0.0
2009-08-14,24.360322,76319920.0,-18270241.5
2009-08-17,24.125271,76019920.0,-7237581.300000001
2009-08-18,24.217886,75819920.0,-4843577.2
2009-08-19,24.364567,75469920.0,-8527598.450000001
2009-08-20,24.509424,75269920.0,-4901884.8
2009-08-21,24.785954,75269920.0,0.0
2009-08-24,24.767003,75519920.0,6191750.75
2009-08-25,24.821793,75519920.0,0.0
2009-08-26,24.901655,75519920.0,0.0
2009-08-27,24.850143,75519920.0,0.0
2009-08-28,24.74543,74819920.0,-17321801.0
2009-08-31,24.841809,74819920.0,0.0
2009-09-01,24.562815,74619920.0,-4912563.0
2009-09-02,24.588701,74269920.0,-8606045.35
2009-09-03,24.709373,73369920.0,-22238435.7
2009-09-04,24.880832,73369920.0,0.0
2009-09-08,25.093619,72919920.0,-11292128.55
2009-09-09,25.07783,72269920.0,-16300589.5
2009-09-10,25.266026,72419920.0,3789903.9
2009-09-11,25.318192,72169920.0,-6329548.0
2009-09-14,25.310899,73919920.0,44294073.25
2009-09-15,25.145453,74219920.0,7543635.9
2009-09-16,25.313927,73119920.0,-27845319.7
2009-09-17,25.266519,73619920.0,12633259.5
2009-09-18,25.364946,68169920.0,-138238955.7
2009-09-21,25.360025,74619920.0,163572161.25
2009-09-22,25.372657,75719920.0,27909922.7
2009-09-23,25.380194,75719920.0,0.0
2009-09-24,25.283938,75719920.0,0.0
2009-09-25,25.200116,74269920.0,-36540168.2
2009-09-28,25.327522,75069920.0,20262017.599999998
2009-09-29,25.452556,74119920.0,-24179928.200000003
2009-09-30,25.487461,74119920.0,0.0
2009-10-01,25.246881,73971809.0,-3739340.791791
2009-10-02,25.323303,72671809.0,-32920293.9
2009-10-05,25.383003,72671809.0,0.0
2009-10-06,25.613272,71871809.0,-20490617.599999998
2009-10-07,25.696152,72271809.0,10278460.8
2009-10-08,25.878321,72271809.0,0.0
2009-10-09,25.937295,72621809.0,9078053.25
2009-10-12,25.977261,72771809.0,3896589.15
2009-10-13,25.918169,72771809.0,0.0
2009-10-14,26.040046,73371809.0,15624027.6
2009-10-15,26.263775,73371809.0,0.0
2009-10-16,26.376055,72671809.0,-18463238.5
2009-10-19,26.542844,73571809.0,23888559.599999998
2009-10-20,26.520272,77071809.0,92820952.0
2009-10-21,26.30448,79321809.0,59185080.0
2009-10-22,26.376434,84321809.0,131882170.0
2009-10-23,26.086635,84771809.0,11738985.75
2009-10-26,25.886463,84771809.0,0.0
2009-10-27,25.916994,85971809.0,31100392.799999997
2009-10-28,25.79544,87221809.0,32244300.0
2009-10-29,26.276188,86871809.0,-9196665.8
2009-10-30,25.814482,86971809.0,2581448.2
2009-11-02,26.087846,85271809.0,-44349338.199999996
2009-11-03,25.928188,85271809.0,0.0
2009-11-04,26.032537,84121809.0,-29937417.55
2009-11-05,26.137371,84121809.0,0.0
2009-11-06,26.224469,82421809.0,-44581597.3
2009-11-09,26.614864,82421809.0,0.0
2009-11-10,26.620283,81671809.0,-19965212.25
2009-11-11,26.679312,81371809.0,-8003793.6
2009-11-12,26.556621,83021809.0,43818424.65
2009-11-13,26.730879,84471809.0,38759774.550000004
2009-11-16,26.925061,83471809.0,-26925061.0
2009-11-17,26.967267,84171809.0,18877086.9
2009-11-18,26.977927,85021809.0,22931237.95
2009-11-19,26.874264,83071809.0,-52404814.8
2009-11-20,26.873731,82071809.0,-26873731.0
2009-11-23,27.1441,83971809.0,51573790.0
2009-11-24,27.157019,84671809.0,19009913.299999997
2009-11-25,27.149811,84671809.0,0.0
2009-11-27,26.890177,85621809.0,25545668.150000002
2009-11-30,26.753628,86771809.0,30766672.2
2009-12-01,27.089904,86371809.0,-10835961.6
2009-12-02,27.108834,86421809.0,1355441.7000000002
2009-12-03,26.916582,87421809.0,26916582.0
2009-12-04,27.029783,86621809.0,-21623826.4
2009-12-07,27.042976,86821809.0,5408595.2
2009-12-08,26.715646,87421809.0,16029387.6
2009-12-09,26.762199,86771809.0,-17395429.349999998
2009-12-10,26.873518,85771809.0,-26873518.0
2009-12-11,26.981713,83671809.0,-56661597.3
2009-12-14,27.081862,81821809.0,-50101444.7
2009-12-15,26.951314,81171809.0,-17518354.1
2009-12-16,26.859088,79671809.0,-40288632.0
2009-12-17,26.530448,79671809.0,0.0
2009-12-18,26.213854,73921809.0,-150729660.5
2009-12-21,26.412266,80621809.0,176962182.2
2009-12-22,26.540176,79321809.0,-34502228.8
2009-12-23,26.605986,81671809.0,62524067.1
2009-12-24,26.686044,81671809.0,0.0
2009-12-28,26.755329,82571809.0,24079796.1
2009-12-29,26.779292,86621809.0,108456132.60000001
2009-12-30,26.755657,85921809.0,-18728959.9
2009-12-31,26.451944,85921809.0,0.0
2010-01-04,26.722498,85921809.0,0.0
2010-01-05,26.693912,85921809.0,0.0
2010-01-06,26.67359,84221809.0,-45345103.0
2010-01-07,26.678041,87971809.0,100042653.75
2010-01-08,26.559727,87671809.0,-7967918.1
2010-01-11,26.645403,88321809.0,17319511.950000003
2010-01-12,26.768687,87471809.0,-22753383.95
2010-01-13,26.953337,85121809.0,-63340341.95
2010-01-14,26.92738,84721809.0,-10770952.0
2010-01-15,26.764738,89521809.0,128470742.4
2010-01-19,26.948192,92671809.0,84886804.8
2010-01-20,26.733529,92221809.0,-12030088.05
2010-01-21,26.354881,93971809.0,46121041.75
2010-01-22,26.27422,86371809.0,-199684072.0
2010-01-25,26.330333,87771809.0,36862466.2
2010-01-26,26.33239,88071809.0,7899717.0
2010-01-27,26.357944,86671809.0,-36901121.6
2010-01-28,26.304014,80071809.0,-173606492.4
2010-01-29,26.233766,78621809.0,-38038960.699999996
2010-02-01,26.440163,80571809.0,51558317.849999994
2010-02-02,26.786903,81271809.0,18750832.099999998
2010-02-03,26.634024,80621809.0,-17312115.6
2010-02-04,26.015028,79271809.0,-35120287.800000004
2010-02-05,26.006914,79171809.0,-2600691.4
2010-02-08,25.941187,79421809.0,6485296.75
2010-02-09,26.270431,81521809.0,55167905.099999994
2010-02-10,26.222493,81771809.0,6555623.25
2010-02-11,26.44524,84871809.0,81980244.0
2010-02-12,26.382457,84871809.0,0.0
2010-02-16,26.711352,87071809.0,58764974.400000006
2010-02-17,26.902561,87621809.0,14796408.549999999
2010-02-18,27.092381,90671809.0,82631762.05
2010-02-19,27.127579,92521809.0,50186021.15
2010-02-22,27.091329,92571809.0,1354566.4500000002
2010-02-23,26.948244,90421809.0,-57938724.6
2010-02-24,27.1411,88771809.0,-44782815.0
2010-02-25,27.174869,88721809.0,-1358743.45
2010-02-26,27.031155,90371809.0,44601405.75
2010-03-01,27.20094,90371809.0,0.0
2010-03-02,27.312485,103921809.0,370084171.75
2010-03-03,27.342985,109271809.0,146284969.75
2010-03-04,27.453777,111421809.0,59025620.55
2010-03-05,27.595529,107771809.0,-100723680.85
2010-03-08,27.504335,111371809.0,99015606.0
2010-03-09,27.45447,111221809.0,-4118170.5
2010-03-10,27.405445,110471809.0,-20554083.75
2010-03-11,27.459222,105171809.0,-145533876.6
2010-03-12,27.47955,104471809.0,-19235685.0
2010-03-15,27.693412,87471809.0,-470788004.0
2010-03-16,27.813791,86921809.0,-15297585.049999999
2010-03-17,27.950831,87621809.0,19565581.7
2010-03-18,27.940793,87821809.0,5588158.6
2010-03-19,27.770501,82221809.0,-155514805.6
2010-03-22,27.907155,87671809.0,152093994.75
2010-03-23,28.154203,87571809.0,-2815420.3
2010-03-24,27.876041,87471809.0,-2787604.1
2010-03-25,27.867488,93321809.0,163024804.8
2010-03-26,27.906314,93321809.0,0.0
2010-03-29,28.079531,92221809.0,-30887484.099999998
2010-03-30,28.112169,93371809.0,32328994.35
2010-03-31,27.969392,93071809.0,-8390817.6
2010-04-01,28.108755,91871809.0,-33730506.0
2010-04-05,28.10949,86021809.0,-164440516.5
2010-04-06,28.015647,86071809.0,1400782.35
2010-04-07,27.873898,85721809.0,-9755864.3
2010-04-08,27.880463,85721809.0,0.0
2010-04-09,28.044342,85821809.0,2804434.2
2010-04-12,28.076251,85821809.0,0.0
2010-04-13,28.060393,85521809.0,-8418117.9
2010-04-14,28.077357,85921809.0,11230942.799999999
2010-04-15,28.020645,85921809.0,0.0
2010-04-16,27.913689,85921809.0,0.0
2010-04-19,28.022623,94421809.0,238192295.5
2010-04-20,28.081293,94971809.0,15444711.149999999
2010-04-21,28.112944,93671809.0,-36546827.199999996
2010-04-22,28.067287,93271809.0,-11226914.8
2010-04-23,28.042075,92671809.0,-16825245.0
2010-04-26,27.969445,92471809.0,-5593889.0
2010-04-27,27.489845,91421809.0,-28864337.25
2010-04-28,27.675213,90521809.0,-24907691.7
2010-04-29,27.791629,89971809.0,-15285395.950000001
2010-04-30,27.636943,82071809.0,-218331849.7
2010-05-03,27.782529,82571809.0,13891264.5
2010-05-04,27.506759,82871809.0,8252027.699999999
2010-05-05,27.593865,86221809.0,92439447.75
2010-05-06,26.917278,88371809.0,57872147.699999996
2010-05-07,26.746895,88071809.0,-8024068.5
2010-05-10,27.494484,87371809.0,-19246138.8
2010-05-11,27.474638,95771809.0,230786959.2
2010-05-12,27.672015,95821809.0,1383600.75
2010-05-13,27.559112,97671809.0,50984357.199999996
2010-05-14,27.290908,98221809.0,15009999.4
2010-05-17,27.535681,97921809.0,-8260704.3
2010-05-18,27.415829,98971809.0,28786620.45
2010-05-19,27.365665,99121809.0,4104849.75
2010-05-20,26.486565,93021809.0,-161568046.5
2010-05-21,26.60999,92021809.0,-26609990.0
2010-05-24,26.393613,91121809.0,-23754251.7
2010-05-25,26.151069,91621809.0,13075534.5
2010-05-26,25.950277,96471809.0,125858843.45
2010-05-27,26.459012,96021809.0,-11906555.4
2010-05-28,26.32948,97121809.0,28962428.0
2010-06-01,26.270972,105821809.0,228557456.4
2010-06-02,26.737674,106421809.0,16042604.399999999
2010-06-03,26.767824,107921809.0,40151736.0
2010-06-04,26.090231,107921809.0,0.0
2010-06-07,25.897906,99121809.0,-227901572.79999998
2010-06-08,26.281898,98221809.0,-23653708.200000003
2010-06-09,26.248983,98671809.0,11812042.35
2010-06-10,26.638782,100721809.0,54609503.1
2010-06-11,26.484726,101071809.0,9269654.1
2010-06-14,26.587347,95521809.0,-147559775.85
2010-06-15,26.888766,95521809.0,0.0
2010-06-16,26.740541,97971809.0,65514325.45
2010-06-17,26.937231,99671809.0,45793292.7
2010-06-18,26.698088,93571809.0,-162858336.79999998
2010-06-21,26.594972,98121809.0,121007122.6
2010-06-22,26.344597,102171809.0,106695617.85
2010-06-23,26.431568,103521809.0,35682616.8
2010-06-24,26.186675,103521809.0,0.0
2010-06-25,25.824492,104021809.0,12912246.0
2010-06-28,26.106225,101071809.0,-77013363.75
2010-06-29,25.703849,99371809.0,-43696543.300000004
2010-06-30,25.499129,98921809.0,-11474608.05
2010-07-01,25.54466,98921809.0,0.0
2010-07-02,25.463232,99471809.0,14004777.600000001
2010-07-06,25.598033,98471809.0,-25598033.0
2010-07-07,26.09522,102271809.0,99161836.0
2010-07-08,26.471764,103271809.0,26471764.0
2010-07-09,26.492145,94471809.0,-233130876.0
2010-07-12,26.564683,94471809.0,0.0
2010-07-13,26.78883,95371809.0,24109947.0
2010-07-14,26.838684,96471809.0,29522552.400000002
2010-07-15,26.900741,96371809.0,-2690074.1
2010-07-16,26.534918,96371809.0,0.0
2010-07-19,26.556946,102321809.0,158013828.7
2010-07-20,26.903477,104571809.0,60532823.25
2010-07-21,26.648221,105421809.0,22650987.849999998
2010-07-22,26.898965,107671809.0,60522671.25
2010-07-23,27.167112,107921809.0,6791778.0
2010-07-26,27.29032,108471809.0,15009676.0
2010-07-27,27.390812,109971809.0,41086218.0
2010-07-28,27.242995,117171809.0,196149564.0
2010-07-29,26.913652,118171809.0,26913652.0
2010-07-30,26.966881,118871809.0,18876816.7
2010-08-02,27.271776,121121809.0,61361496.0
2010-08-03,27.06602,122371809.0,33832525.0
2010-08-04,27.138826,126721809.0,118053893.10000001
2010-08-05,27.035857,126721809.0,0.0
2010-08-06,27.089465,120021809.0,-181499415.5
2010-08-09,27.221366,117071809.0,-80303029.7
2010-08-10,27.29561,117071809.0,0.0
2010-08-11,26.822364,116971809.0,-2682236.4
2010-08-12,26.797055,116121809.0,-22777496.75
2010-08-13,26.779428,116421809.0,8033828.399999999
2010-08-16,26.78798,115671809.0,-20090985.0
2010-08-17,27.015374,116621809.0,25664605.3
2010-08-18,27.049264,112121809.0,-121721688.0
2010-08-19,26.740551,113671809.0,41447854.05
2010-08-20,26.722742,113271809.0,-10689096.8
2010-08-23,26.782157,113421809.0,4017323.5500000003
2010-08-24,26.670197,114621809.0,32004236.400000002
2010-08-25,26.708936,115021809.0,10683574.4
2010-08-26,26.522615,114621809.0,-10609046.0
2010-08-27,26.692126,114771809.0,4003818.9
2010-08-30,26.465582,119421809.0,123064956.30000001
2010-08-31,26.511204,118921809.0,-13255602.0
2010-09-01,26.948747,117421809.0,-40423120.5
2010-09-02,27.11401,116971809.0,-12201304.5
2010-09-03,27.278284,114321809.0,-72287452.6
2010-09-07,27.17332,114321809.0,0.0
2010-09-08,27.288508,117371809.0,83229949.4
2010-09-09,27.36089,117871809.0,13680445.0
2010-09-10,27.516643,117871809.0,0.0
2010-09-13,27.550317,118471809.0,16530190.2
2010-09-14,27.581977,115871809.0,-71713140.2
2010-09-15,27.78921,116671809.0,22231368.0
2010-09-16,27.800691,116321809.0,-9730241.85
2010-09-17,27.566824,112171809.0,-114402319.60000001
2010-09-20,27.837755,115321809.0,87688928.25
2010-09-21,27.797255,114071809.0,-34746568.75
2010-09-22,27.852229,114271809.0,5570445.8
2010-09-23,27.68327,114321809.0,1384163.5
2010-09-24,28.037069,115971809.0,46261163.85
2010-09-27,27.867232,116321809.0,9753531.200000001
2010-09-28,28.098101,116021809.0,-8429430.3
2010-09-29,28.000775,116621809.0,16800465.0
2010-09-30,27.882636,117771809.0,32065031.400000002
2010-10-01,27.945048,116721809.0,-29342300.4
2010-10-04,27.840871,116971809.0,6960217.75
2010-10-05,28.123976,116571809.0,-11249590.4
2010-10-06,28.224298,115271809.0,-36691587.4
2010-10-07,28.122596,115271809.0,0.0
2010-10-08,28.197569,115221809.0,-1409878.4500000002
2010-10-11,28.219758,115221809.0,0.0
2010-10-12,28.284449,115221809.0,0.0
2010-10-13,28.539366,116571809.0,38528144.1
2010-10-14,28.546791,117871809.0,37110828.3
2010-10-15,28.617325,117871809.0,0.0
2010-10-18,28.697775,117421809.0,-12913998.75
2010-10-19,28.383333,117421809.0,0.0
2010-10-20,28.605907,118971809.0,44339155.849999994
2010-10-21,28.706309,118971809.0,0.0
2010-10-22,28.789743,118571809.0,-11515897.200000001
2010-10-25,28.85143,119521809.0,27408858.5
2010-10-26,28.732143,120021809.0,14366071.5
2010-10-27,28.592765,119871809.0,-4288914.75
2010-10-28,28.681379,115921809.0,-113291447.05
2010-10-29,28.73389,115921809.0,0.0
2010-11-01,28.690667,114421809.0,-43036000.5
2010-11-02,28.807151,113471809.0,-27366793.45
2010-11-03,28.906073,112671809.0,-23124858.4
2010-11-04,29.257056,112121809.0,-16091380.799999999
2010-11-05,29.133377,109571809.0,-74290111.35
2010-11-08,29.044601,109971809.0,11617840.4
2010-11-09,28.905852,107521809.0,-70819337.4
2010-11-10,28.830419,109521809.0,57660838.0
2010-11-11,28.829906,108121809.0,-40361868.4
2010-11-12,28.73038,108121809.0,0.0
2010-11-15,28.718082,109421809.0,37333506.6
2010-11-16,28.409568,109421809.0,0.0
2010-11-17,28.404141,110121809.0,19882898.7
2010-11-18,28.771084,111071809.0,27332529.799999997
2010-11-19,28.81944,110771809.0,-8645832.0
2010-11-22,28.805816,110871809.0,2880581.6
2010-11-23,28.495132,108721809.0,-61264533.800000004
2010-11-24,28.68751,109271809.0,15778130.5
2010-11-26,28.516806,108971809.0,-8555041.799999999
2010-11-29,28.464313,108971809.0,0.0
2010-11-30,28.321826,108971809.0,0.0
2010-12-01,28.78212,106471809.0,-71955300.0
2010-12-02,28.803285,105721809.0,-21602463.75
2010-12-03,28.827567,105871809.0,4324135.05
2010-12-06,28.761542,109271809.0,97789242.8
2010-12-07,28.887562,112321809.0,88107064.1
2010-12-08,29.004704,112221809.0,-2900470.4
2010-12-09,29.104115,111671809.0,-16007263.25
2010-12-10,29.146644,107021809.0,-135531894.6
2010-12-13,29.139586,107321809.0,8741875.8
2010-12-14,29.287035,106621809.0,-20500924.5
2010-12-15,29.3048,106871809.0,7326200.0
2010-12-16,29.560544,107571809.0,20692380.8
2010-12-17,29.363071,109571809.0,58726142.0
2010-12-20,29.325996,109071809.0,-14662998.0
2010-12-21,29.257663,107321809.0,-51200910.25
2010-12-22,29.379727,107421809.0,2937972.6999999997
2010-12-23,29.389396,107071809.0,-10286288.6
2010-12-27,29.275971,105471809.0,-46841553.599999994
2010-12-28,29.318538,105471809.0,0.0
2010-12-29,29.326878,104721809.0,-21995158.5
2010-12-30,29.305369,105721809.0,29305369.0
2010-12-31,29.304219,105921809.0,5860843.8
2011-01-03,29.357933,106571809.0,19082656.45
2011-01-04,29.273545,106821809.0,7318386.25
2011-01-05,29.283666,106721809.0,-2928366.6
2011-01-06,29.182157,107271809.0,16050186.35
2011-01-07,29.038219,106221809.0,-30490129.950000003
2011-01-10,29.052213,105221809.0,-29052213.0
2011-01-11,29.031925,105721809.0,14515962.5
2011-01-12,29.259888,105721809.0,0.0
2011-01-13,29.342188,106271809.0,16138203.4
2011-01-14,29.336708,106271809.0,0.0
2011-01-18,29.345328,106271809.0,0.0
2011-01-19,29.288998,105871809.0,-11715599.2
2011-01-20,29.440038,105771809.0,-2944003.8000000003
2011-01-21,29.463065,110221809.0,131110639.25
2011-01-24,29.557968,110921809.0,20690577.599999998
2011-01-25,29.636414,111571809.0,19263669.099999998
2011-01-26,29.546515,112121809.0,16250583.25
2011-01-27,29.27848,111421809.0,-20494936.0
2011-01-28,28.964093,106121809.0,-153509692.89999998
2011-01-31,28.868859,106371809.0,7217214.75
2011-02-01,29.083845,104971809.0,-40717383.0
2011-02-02,28.981001,101421809.0,-102882553.55
2011-02-03,29.127293,97871809.0,-103401890.15
2011-02-04,29.304562,103871809.0,175827372.0
2011-02-07,29.337462,104871809.0,29337462.0
2011-02-08,29.498611,104771809.0,-2949861.1
2011-02-09,29.548238,104471809.0,-8864471.4
2011-02-10,29.410571,104471809.0,0.0
2011-02-11,29.572434,104721809.0,7393108.5
2011-02-14,29.44373,102971809.0,-51526527.5
2011-02-15,29.426463,100921809.0,-60324249.15
2011-02-16,29.521572,100571809.0,-10332550.2
2011-02-17,29.710095,100571809.0,0.0
2011-02-18,29.806933,102571809.0,59613866.0
2011-02-22,29.592821,101321809.0,-36991026.25
2011-02-23,29.516256,105871809.0,134298964.79999998
2011-02-24,29.39553,98321809.0,-221936251.5
2011-02-25,29.532146,98671809.0,10336251.1
2011-02-28,29.681712,102021809.0,99433735.2
2011-03-01,29.500888,104021809.0,59001776.0
2011-03-02,29.420343,104571809.0,16181188.65
2011-03-03,29.717071,103021809.0,-46061460.050000004
2011-03-04,29.585484,103371809.0,10354919.4
2011-03-07,29.490294,105021809.0,48658985.1
2011-03-08,29.757905,108721809.0,110104248.5
2011-03-09,29.927869,107871809.0,-25438688.650000002
2011-03-10,29.717162,112121809.0,126297938.5
2011-03-11,29.749341,112121809.0,0.0
2011-03-14,29.532504,112571809.0,13289626.799999999
2011-03-15,29.252775,111371809.0,-35103330.0
2011-03-16,28.846708,110221809.0,-33173714.2
2011-03-17,28.995697,107921809.0,-66690103.1
2011-03-18,29.049559,106871809.0,-30502036.95
2011-03-21,29.414121,107021809.0,4412118.15
2011-03-22,29.365219,106721809.0,-8809565.7
2011-03-23,29.429231,106721809.0,0.0
2011-03-24,29.686444,106721809.0,0.0
2011-03-25,29.691585,107571809.0,25237847.25
2011-03-28,29.676511,108071809.0,14838255.5
2011-03-29,29.823098,108521809.0,13420394.100000001
2011-03-30,29.991711,112071809.0,106470574.05
2011-03-31,29.927303,114971809.0,86789178.69999999
2011-04-01,30.085276,115671809.0,21059693.2
2011-04-04,30.138517,115671809.0,0.0
2011-04-05,30.173219,117471809.0,54311794.199999996
2011-04-06,30.29524,115021809.0,-74223338.0
2011-04-07,30.337545,115971809.0,28820667.75
2011-04-08,30.24667,114471809.0,-45370005.0
2011-04-11,30.420594,116171809.0,51715009.800000004
2011-04-12,30.508276,118471809.0,70169034.8
2011-04-13,30.518193,121621809.0,96132307.95
2011-04-14,30.704338,122821809.0,36845205.6
2011-04-15,30.875139,123621809.0,24700111.2
2011-04-18,30.661003,127271809.0,111912660.95
2011-04-19,30.732083,128621809.0,41488312.05
2011-04-20,30.903292,129171809.0,16996810.6
2011-04-21,30.911934,129771809.0,18547160.4
2011-04-25,30.811883,127671809.0,-64704954.300000004
2011-04-26,31.017048,125821809.0,-57381538.8
2011-04-27,31.22981,126271809.0,14053414.5
2011-04-28,31.426006,124871809.0,-43996408.4
2011-04-29,31.521137,125521809.0,20488739.05
2011-05-02,31.559229,133321809.0,246161986.2
2011-05-03,31.633174,135971809.0,83827911.1
2011-05-04,31.603602,138921809.0,93230625.89999999
2011-05-05,31.358171,140171809.0,39197713.75
2011-05-06,31.426616,143071809.0,91137186.39999999
2011-05-09,31.543392,143371809.0,9463017.6
2011-05-10,31.72565,143821809.0,14276542.5
2011-05-11,31.698971,143821809.0,0.0
2011-05-12,32.129782,143021809.0,-25703825.599999998
2011-05-13,32.115235,144471809.0,46567090.75
2011-05-16,32.103201,145071809.0,19261920.599999998
2011-05-17,32.194377,149971809.0,157752447.3
2011-05-18,32.255859,151521809.0,49996581.45
2011-05-19,32.422738,151521809.0,0.0
2011-05-20,32.313211,150271809.0,-40391513.75
2011-05-23,32.097157,150921809.0,20863152.05
2011-05-24,32.061513,149471809.0,-46489193.849999994
2011-05-25,31.845246,149321809.0,-4776786.9
2011-05-26,31.905508,141421809.0,-252053513.20000002
2011-05-27,32.035509,141971809.0,17619529.95
2011-05-31,32.328981,141971809.0,0.0
2011-06-01,31.967355,142621809.0,20778780.75
2011-06-02,31.603348,143621809.0,31603348.0
2011-06-03,31.305173,144921809.0,40696724.9
2011-06-06,31.145432,144521809.0,-12458172.8
2011-06-07,31.08893,143971809.0,-17098911.5
2011-06-08,31.103406,143171809.0,-24882724.8
2011-06-09,31.25942,143571809.0,12503768.0
2011-06-10,30.897157,144321809.0,23172867.75
2011-06-13,31.05207,143871809.0,-13973431.5
2011-06-14,31.382936,143421809.0,-14122321.200000001
2011-06-15,30.910757,142471809.0,-29365219.15
2011-06-16,31.163502,136921809.0,-172957436.1
2011-06-17,31.135587,139821809.0,90293202.3
2011-06-20,31.363187,140571809.0,23522390.25
2011-06-21,31.348364,144171809.0,112854110.4
2011-06-22,31.128208,144521809.0,10894872.8
2011-06-23,30.859895,143021809.0,-46289842.5
2011-06-24,30.615015,139321809.0,-113275555.5
2011-06-27,30.742368,137121809.0,-67633209.6
2011-06-28,30.833319,137871809.0,23124989.25
2011-06-29,30.967771,130671809.0,-222967951.2
2011-06-30,31.23229,130321809.0,-10931301.5
2011-07-01,31.478669,132621809.0,72400938.7
2011-07-05,31.449478,132621809.0,0.0
2011-07-06,31.630072,133971809.0,42700597.199999996
2011-07-07,31.843027,133721809.0,-7960756.75
2011-07-08,31.731455,134571809.0,26971736.75
2011-07-11,31.499046,135721809.0,36223902.9
2011-07-12,31.402436,135871809.0,4710365.4
2011-07-13,31.409149,132771809.0,-97368361.89999999
2011-07-14,31.269232,132421809.0,-10944231.2
2011-07-15,31.362574,132121809.0,-9408772.2
2011-07-18,31.160913,132221809.0,3116091.3000000003
2011-07-19,31.602647,131821809.0,-12641058.8
2011-07-20,31.529441,131571809.0,-7882360.25
2011-07-21,31.801508,132071809.0,15900754.0
2011-07-22,31.742084,131471809.0,-19045250.4
2011-07-25,31.438064,132821809.0,42441386.4
2011-07-26,31.361281,133671809.0,26657088.85
2011-07-27,31.016616,134521809.0,26364123.599999998
2011-07-28,31.009479,135321809.0,24807583.2
2011-07-29,30.818635,136971809.0,50850747.75
2011-08-01,30.711879,141371809.0,135132267.6
2011-08-02,30.300099,142871809.0,45450148.5
2011-08-03,30.425823,141521809.0,-41074861.050000004
2011-08-04,29.475912,141221809.0,-8842773.6
2011-08-05,29.941337,141321809.0,2994133.7
2011-08-08,28.742684,142371809.0,30179818.2
2011-08-09,29.414626,142021809.0,-10295119.1
2011-08-10,28.388134,144121809.0,59615081.4
2011-08-11,29.236033,147421809.0,96478908.89999999
2011-08-12,29.532849,148421809.0,29532849.0
2011-08-15,29.971412,148021809.0,-11988564.8
2011-08-16,30.009168,155771809.0,232571052.0
2011-08-17,30.212726,157321809.0,46829725.3
2011-08-18,29.678361,156471809.0,-25226606.849999998
2011-08-19,29.52429,158221809.0,51667507.5
2011-08-22,29.620607,160821809.0,77013578.2
2011-08-23,30.26371,161571809.0,22697782.5
2011-08-24,30.375149,163121809.0,47081480.95
2011-08-25,29.915588,163121809.0,0.0
2011-08-26,30.158006,166021809.0,87458217.4
2011-08-29,30.719488,166571809.0,16895718.4
2011-08-30,30.789463,169721809.0,96986808.45
2011-08-31,30.886951,171071809.0,41697383.85
2011-09-01,30.758586,171921809.0,26144798.1
2011-09-02,30.341863,171271809.0,-19722210.95
2011-09-06,30.228947,173471809.0,66503683.400000006
2011-09-07,30.750197,173821809.0,10762568.95
2011-09-08,30.683153,173971809.0,4602472.95
2011-09-09,29.996409,173971809.0,0.0
2011-09-12,30.036232,174421809.0,13516304.399999999
2011-09-13,30.144475,176021809.0,48231160.0
2011-09-14,30.503176,176871809.0,25927699.6
2011-09-15,30.869128,175521809.0,-41673322.8
2011-09-16,30.833983,174071809.0,-44709275.35
2011-09-19,30.57935,172521809.0,-47397992.5
2011-09-20,30.627657,171771809.0,-22970742.75
2011-09-21,30.054168,170521809.0,-37567710.0
2011-09-22,29.476766,171471809.0,28002927.700000003
2011-09-23,29.507376,171021809.0,-13278319.200000001
2011-09-26,30.02509,170721809.0,-9007527.0
2011-09-27,30.207548,170721809.0,0.0
2011-09-28,29.68342,173421809.0,80145234.0
2011-09-29,29.969182,173621809.0,5993836.4
2011-09-30,29.641607,172871809.0,-22231205.25
2011-10-03,29.240945,173121809.0,7310236.25
2011-10-04,29.47344,171771809.0,-39789144.0
2011-10-05,29.550026,173271809.0,44325039.0
2011-10-06,29.894468,174021809.0,22420851.0
2011-10-07,30.046278,176771809.0,82627264.5
2011-10-10,30.518788,178821809.0,62563515.4
2011-10-11,30.465068,179871809.0,31988321.4
2011-10-12,30.680823,181921809.0,62895687.15
2011-10-13,30.65229,182821809.0,27587061.0
2011-10-14,30.892445,182471809.0,-10812355.75
2011-10-17,30.607287,183271809.0,24485829.599999998
2011-10-18,30.875127,182321809.0,-29331370.65
2011-10-19,30.789501,184421809.0,64657952.1
2011-10-20,30.939319,190321809.0,182541982.1
2011-10-21,31.446698,189921809.0,-12578679.200000001
2011-10-24,31.269984,193421809.0,109444944.0
2011-10-25,30.901874,193171809.0,-7725468.5
2011-10-26,31.189469,185921809.0,-226123650.25
2011-10-27,31.569099,185321809.0,-18941459.400000002
2011-10-28,31.488859,183971809.0,-42509959.65
2011-10-31,31.070287,181321809.0,-82336260.55
2011-11-01,30.523367,180121809.0,-36628040.4
2011-11-02,30.766918,184421809.0,132297747.4
2011-11-03,31.143241,184521809.0,3114324.1
2011-11-04,31.015162,183171809.0,-41870468.7
2011-11-07,31.226765,183671809.0,15613382.5
2011-11-08,31.543008,184121809.0,14194353.6
2011-11-09,30.824453,185371809.0,38530566.25
2011-11-10,31.098297,185871809.0,15549148.5
2011-11-11,31.458698,185871809.0,0.0
2011-11-14,31.252786,186471809.0,18751671.6
2011-11-15,31.349653,185471809.0,-31349653.0
2011-11-16,31.069846,187571809.0,65246676.599999994
2011-11-17,30.932103,183071809.0,-139194463.5
2011-11-18,31.049858,182871809.0,-6209971.6
2011-11-21,30.586682,184971809.0,64232032.2
2011-11-22,30.601663,173021809.0,-365689872.84999996
2011-11-23,30.26536,172521809.0,-15132680.0
2011-11-25,30.332962,173371809.0,25783017.7
2011-11-28,30.823243,174321809.0,29282080.85
2011-11-29,31.136697,174871809.0,17125183.35
2011-11-30,31.925559,176221809.0,43099504.65
2011-12-01,31.83176,175771809.0,-14324292.0
2011-12-02,31.7646,175071809.0,-22235220.0
2011-12-05,31.910658,175171809.0,3191065.8000000003
2011-12-06,31.973272,174021809.0,-36769262.800000004
2011-12-07,32.032732,175371809.0,43244188.2
2011-12-08,31.691967,177071809.0,53876343.900000006
2011-12-09,31.983493,176421809.0,-20789270.45
2011-12-12,31.744038,176421809.0,0.0
2011-12-13,31.650388,177071809.0,20572752.2
2011-12-14,31.486827,176771809.0,-9446048.1
2011-12-15,31.795201,177771809.0,31795201.0
2011-12-16,31.519328,179921809.0,67766555.2
2011-12-19,31.374412,179671809.0,-7843603.0
2011-12-20,32.014909,179521809.0,-4802236.350000001
2011-12-21,32.363823,180271809.0,24272867.249999996
2011-12-22,32.31604,181921809.0,53321466.0
2011-12-23,32.602873,180821809.0,-35863160.300000004
2011-12-27,32.598041,181171809.0,11409314.350000001
2011-12-28,32.445567,180721809.0,-14600505.149999999
2011-12-29,32.660752,179821809.0,-29394676.8
2011-12-30,32.467186,179771809.0,-1623359.2999999998
2012-01-03,32.478179,179671809.0,-3247817.9
2012-01-04,32.41002,173171809.0,-210665130.00000003
2012-01-05,32.361943,171571809.0,-51779108.8
2012-01-06,32.16417,171871809.0,9649251.0
2012-01-09,32.211625,172521809.0,20937556.25
2012-01-10,32.341672,174571809.0,66300427.60000001
2012-01-11,32.172614,174021809.0,-17694937.700000003
2012-01-12,32.172028,172971809.0,-33780629.4
2012-01-13,32.152095,172621809.0,-11253233.250000002
2012-01-17,32.284276,172621809.0,0.0
2012-01-18,32.330082,171621809.0,-32330081.999999996
2012-01-19,32.380538,173671809.0,66380102.900000006
2012-01-20,32.437512,173871809.0,6487502.399999999
2012-01-23,32.365442,170871809.0,-97096326.0
2012-01-24,32.220611,153921809.0,-546139356.4499999
2012-01-25,32.545134,152721809.0,-39054160.8
2012-01-26,32.425746,151871809.0,-27561884.099999998
2012-01-27,32.185561,151871809.0,0.0
2012-01-30,32.033056,148571809.0,-105709084.80000001
2012-01-31,32.014092,149021809.0,14406341.399999999
2012-02-01,32.255678,149021809.0,0.0
2012-02-02,32.359165,151171809.0,69572204.75
2012-02-03,32.486742,153521809.0,76343843.7
2012-02-06,32.485072,154471809.0,30860818.400000002
2012-02-07,32.476851,155321809.0,27605323.35
2012-02-08,32.48374,150571809.0,-154297765.0
2012-02-09,32.694699,150571809.0,0.0
2012-02-10,32.610069,150421809.0,-4891510.350000001
2012-02-13,32.719432,151471809.0,34355403.599999994
2012-02-14,32.842625,151471809.0,0.0
2012-02-15,32.792289,151921809.0,14756530.049999999
2012-02-16,33.033605,151821809.0,-3303360.5
2012-02-17,33.044822,151321809.0,-16522411.000000002
2012-02-21,32.879937,151771809.0,14795971.649999999
2012-02-22,32.803976,151621809.0,-4920596.399999999
2012-02-23,32.957804,152171809.0,18126792.200000003
2012-02-24,33.041892,151371809.0,-26433513.599999998
2012-02-27,33.030495,150971809.0,-13212198.0
2012-02-28,33.14704,150721809.0,-8286759.999999999
2012-02-29,33.235218,147521809.0,-106352697.60000001
2012-03-01,33.190976,152371809.0,160976233.6
2012-03-02,33.217239,151321809.0,-34878100.95
2012-03-05,33.371838,151321809.0,0.0
2012-03-06,33.084107,153321809.0,66168214.00000001
2012-03-07,33.134187,154571809.0,41417733.75
2012-03-08,33.349815,154521809.0,-1667490.75
2012-03-09,33.442358,154121809.0,-13376943.2
2012-03-12,33.599007,153921809.0,-6719801.4
2012-03-13,33.828737,161921809.0,270629896.0
2012-03-14,33.739896,162071809.0,5060984.4
2012-03-15,33.815354,162521809.0,15216909.299999999
2012-03-16,33.592831,162421809.0,-3359283.0999999996
2012-03-19,33.620418,160771809.0,-55473689.7
2012-03-20,33.605499,160471809.0,-10081649.700000001
2012-03-21,33.64025,160471809.0,0.0
2012-03-22,33.688917,159621809.0,-28635579.449999996
2012-03-23,33.735262,161671809.0,69157287.1
2012-03-26,33.998812,161371809.0,-10199643.6
2012-03-27,33.972994,161371809.0,0.0
2012-03-28,33.899149,160771809.0,-20339489.400000002
2012-03-29,33.856724,161271809.0,16928362.0
2012-03-30,34.075756,162121809.0,28964392.599999998
2012-04-02,34.353003,161321809.0,-27482402.400000002
2012-04-03,34.160869,161021809.0,-10248260.7
2012-04-04,34.067305,160321809.0,-23847113.5
2012-04-05,34.04769,159921809.0,-13619076.000000002
2012-04-09,33.750189,159921809.0,0.0
2012-04-10,33.434997,160171809.0,8358749.250000001
2012-04-11,33.583424,159621809.0,-18470883.2
2012-04-12,33.646204,151571809.0,-270851942.2
2012-04-13,33.619648,151571809.0,0.0
2012-04-16,33.769825,150971809.0,-20261895.0
2012-04-17,34.142701,152871809.0,64871131.900000006
2012-04-18,34.106489,153421809.0,18758568.950000003
2012-04-19,34.003801,153521809.0,3400380.1
2012-04-20,34.301793,156271809.0,94329930.75000001
2012-04-23,33.800604,156021809.0,-8450151.0
2012-04-24,33.802185,157121809.0,37182403.5
2012-04-25,34.013815,158321809.0,40816578.0
2012-04-26,34.30699,158621809.0,10292097.0
2012-04-27,34.278497,159421809.0,27422797.6
2012-04-30,34.182173,159221809.0,-6836434.6
2012-05-01,34.242668,160021809.0,27394134.400000002
2012-05-02,34.341343,159771809.0,-8585335.75
2012-05-03,34.361475,161971809.0,75595245.0
2012-05-04,34.091062,162171809.0,6818212.4
2012-05-07,34.120171,162621809.0,15354076.95
2012-05-08,34.074453,162621809.0,0.0
2012-05-09,33.87694,161071809.0,-52509257.0
2012-05-10,34.11752,161471809.0,13647008.0
2012-05-11,34.021957,162821809.0,45929641.95
2012-05-14,33.893072,163871809.0,35587725.599999994
2012-05-15,33.863709,167171809.0,111750239.7
2012-05-16,33.947819,167771809.0,20368691.400000002
2012-05-17,33.711814,168471809.0,23598269.799999997
2012-05-18,33.514249,170121809.0,55298510.85
2012-05-21,33.659842,169621809.0,-16829921.0
2012-05-22,33.697111,169021809.0,-20218266.6
2012-05-23,33.609442,168471809.0,-18485193.1
2012-05-24,33.900454,166971809.0,-50850681.00000001
2012-05-25,33.892475,165421809.0,-52533336.24999999
2012-05-29,34.1022,166371809.0,32397090.000000004
2012-05-30,33.845144,167521809.0,38921915.599999994
2012-05-31,33.74986,167721809.0,6749972.0
2012-06-01,33.173305,167671809.0,-1658665.25
2012-06-04,33.264651,164471809.0,-106446883.2
2012-06-05,33.223445,162221809.0,-74752751.25
2012-06-06,33.697083,163071809.0,28642520.55
2012-06-07,33.775651,163471809.0,13510260.400000002
2012-06-08,34.05061,163621809.0,5107591.5
2012-06-11,33.902373,168471809.0,164426509.04999998
2012-06-12,34.096615,170771809.0,78422214.5
2012-06-13,34.052181,173321809.0,86833061.55
2012-06-14,34.498784,173071809.0,-8624696.0
2012-06-15,34.361631,172221809.0,-29207386.35
2012-06-18,34.419164,170971809.0,-43023955.0
2012-06-19,34.396743,171821809.0,29237231.55
2012-06-20,34.223628,169321809.0,-85559070.0
2012-06-21,33.803405,167321809.0,-67606810.0
2012-06-22,33.904801,166521809.0,-27123840.8
2012-06-25,33.710738,164521809.0,-67421476.0
2012-06-26,33.761155,163871809.0,-21944750.75
2012-06-27,34.004308,163621809.0,-8501077.0
2012-06-28,34.115156,163621809.0,0.0
2012-06-29,34.758129,164321809.0,24330690.299999997
2012-07-02,34.956069,163321809.0,-34956069.0
2012-07-03,35.116048,166971809.0,128173575.2
2012-07-05,35.00853,166971809.0,0.0
2012-07-06,34.95707,168321809.0,47192044.5
2012-07-09,34.91685,168071809.0,-8729212.5
2012-07-10,34.965407,167121809.0,-33217136.65
2012-07-11,34.925598,167321809.0,6985119.600000001
2012-07-12,34.926573,168621809.0,45404544.9
2012-07-13,35.313225,167171809.0,-51204176.25000001
2012-07-16,35.15932,167171809.0,0.0
2012-07-17,35.318807,167821809.0,22957224.55
2012-07-18,35.329518,169321809.0,52994277.0
2012-07-19,35.262031,168771809.0,-19394117.05
2012-07-20,35.037046,168021809.0,-26277784.499999996
2012-07-23,34.753343,168721809.0,24327340.1
2012-07-24,34.623107,169021809.0,10386932.1
2012-07-25,34.614853,170021809.0,34614853.0
2012-07-26,35.189472,171921809.0,66859996.800000004
2012-07-27,35.607021,172671809.0,26705265.750000004
2012-07-30,35.786021,174521809.0,66204138.849999994
2012-07-31,35.649557,174521809.0,0.0
2012-08-01,35.459916,176021809.0,53189874.0
2012-08-02,35.181523,174571809.0,-51013208.35
2012-08-03,35.747183,175121809.0,19660950.65
2012-08-06,35.707993,174621809.0,-17853996.5
2012-08-07,35.557447,173221809.0,-49780425.800000004
2012-08-08,35.797295,170671809.0,-91283102.25
2012-08-09,35.650607,169621809.0,-37433137.35
2012-08-10,35.63747,169621809.0,0.0
2012-08-13,35.612057,169621809.0,0.0
2012-08-14,35.765089,169971809.0,12517781.15
2012-08-15,35.798227,169521809.0,-16109202.149999999
2012-08-16,35.850985,169121809.0,-14340394.0
2012-08-17,35.899756,168271809.0,-30514792.599999998
2012-08-20,35.884391,166671809.0,-57415025.6
2012-08-21,35.675468,167671809.0,35675468.0
2012-08-22,35.567642,164771809.0,-103146161.8
2012-08-23,35.284401,164321809.0,-15877980.450000001
2012-08-24,35.59775,164871809.0,19578762.5
2012-08-27,35.625466,163621809.0,-44531832.5
2012-08-28,35.672305,163621809.0,0.0
2012-08-29,35.602391,164621809.0,35602391.0
2012-08-30,35.453455,164621809.0,0.0
2012-08-31,35.511203,164471809.0,-5326680.45
2012-09-04,35.662464,161121809.0,-119469254.4
2012-09-05,35.59013,160671809.0,-16015558.5
2012-09-06,36.049754,159871809.0,-28839803.2
2012-09-07,35.767423,161821809.0,69746474.85000001
2012-09-10,35.686145,161821809.0,0.0
2012-09-11,35.612497,162771809.0,33831872.15
2012-09-12,35.423219,163271809.0,17711609.5
2012-09-13,36.041414,159421809.0,-138759443.9
2012-09-14,35.812014,158221809.0,-42974416.8
2012-09-17,35.894719,158521809.0,10768415.700000001
2012-09-18,36.060434,158021809.0,-18030217.0
2012-09-19,36.172238,159421809.0,50641133.2
2012-09-20,36.369739,172321809.0,469169633.1
2012-09-21,36.003539,173471809.0,41404069.85
2012-09-24,36.066299,173021809.0,-16229834.55
2012-09-25,35.822287,173021809.0,0.0
2012-09-26,35.808774,169921809.0,-111007199.4
2012-09-27,35.939833,170771809.0,30548858.05
2012-09-28,35.825211,170771809.0,0.0
2012-10-01,36.074877,168371809.0,-86579704.8
2012-10-02,36.086402,168571809.0,7217280.4
2012-10-03,36.206654,168971809.0,14482661.6
2012-10-04,36.367362,171221809.0,81826564.5
2012-10-05,36.507165,172771809.0,56586105.75
2012-10-08,36.388842,171771809.0,-36388842.0
2012-10-09,36.053831,172621809.0,30645756.35
2012-10-10,35.913568,171721809.0,-32322211.2
2012-10-11,35.807308,170871809.0,-30436211.8
2012-10-12,35.870256,170021809.0,-30489717.599999998
2012-10-15,36.074357,169221809.0,-28859485.599999998
2012-10-16,36.190608,168721809.0,-18095304.0
2012-10-17,36.328011,167371809.0,-49042814.849999994
2012-10-18,36.159257,168821809.0,52430922.65
2012-10-19,35.711462,168821809.0,0.0
2012-10-22,35.729294,168121809.0,-25010505.8
2012-10-23,35.262079,167821809.0,-10578623.7
2012-10-24,35.254465,166621809.0,-42305358.00000001
2012-10-25,35.46136,165771809.0,-30142156.0
2012-10-26,35.341303,164621809.0,-40642498.45
2012-10-29,35.341148,165321809.0,24738803.599999998
2012-10-30,35.340981,165321809.0,0.0
2012-10-31,35.428636,165321809.0,0.0
2012-11-01,35.422975,168271809.0,104497776.25
2012-11-02,35.215467,168271809.0,0.0
2012-11-05,35.165645,168271809.0,0.0
2012-11-06,35.398699,167421809.0,-30088894.150000002
2012-11-07,34.980325,167671809.0,8745081.25
2012-11-08,34.598735,167671809.0,0.0
2012-11-09,34.636004,166221809.0,-50222205.8
2012-11-12,34.610784,165421809.0,-27688627.200000003
2012-11-13,34.569763,165421809.0,0.0
2012-11-14,34.22909,165871809.0,15403090.5
2012-11-15,34.1894,167221809.0,46155690.0
2012-11-16,34.401153,166221809.0,-34401153.0
2012-11-19,34.974259,165121809.0,-38471684.900000006
2012-11-20,35.094606,166721809.0,56151369.6
2012-11-21,35.160724,166771809.0,1758036.2000000002
2012-11-23,35.674501,166771809.0,0.0
2012-11-26,35.418559,167321809.0,19480207.45
2012-11-27,35.371625,167221809.0,-3537162.5
2012-11-28,35.729378,164971809.0,-80391100.5
2012-11-29,35.889361,167821809.0,102284678.85000001
2012-11-30,36.016063,175371809.0,271921275.65000004
2012-12-03,35.900892,176721809.0,48466204.199999996
2012-12-04,35.807044,181071809.0,155760641.39999998
2012-12-05,35.87892,182771809.0,60994164.0
2012-12-06,35.946867,182671809.0,-3594686.6999999997
2012-12-07,36.178099,184721809.0,74165102.95
2012-12-10,36.136705,185171809.0,16261517.25
2012-12-11,36.174853,185021809.0,-5426227.95
2012-12-12,36.082249,186421809.0,50515148.599999994
2012-12-13,36.007429,186071809.0,-12602600.15
2012-12-14,35.958126,186071809.0,0.0
2012-12-17,36.03,185121809.0,-34228500.0
2012-12-18,36.0459,182771809.0,-84707865.0
2012-12-19,35.676069,182171809.0,-21405641.4
2012-12-20,35.887743,173321809.0,-317606525.55
2012-12-21,35.149984,172721809.0,-21089990.400000002
2012-12-24,35.065344,170521809.0,-77143756.80000001
2012-12-26,34.777952,168871809.0,-57383620.8
2012-12-27,34.825048,164571809.0,-149747706.4
2012-12-28,34.487377,163671809.0,-31038639.3
2012-12-31,34.878086,158571809.0,-177878238.60000002
2013-01-02,35.810218,153671809.0,-175470068.2
2013-01-03,35.697744,150521809.0,-112447893.6
2013-01-04,35.819048,151921809.0,50146667.2
2013-01-07,35.569087,153321809.0,49796721.800000004
2013-01-08,35.483245,154721809.0,49676542.99999999
2013-01-09,35.560186,155171809.0,16002083.700000001
2013-01-10,35.776983,155171809.0,0.0
2013-01-11,35.893282,154371809.0,-28714625.599999998
2013-01-14,36.015276,154371809.0,0.0
2013-01-15,36.129407,155521809.0,41548818.05
2013-01-16,36.116111,156121809.0,21669666.599999998
2013-01-17,36.336504,155321809.0,-29069203.2
2013-01-18,36.477822,155321809.0,0.0
2013-01-22,36.493311,157221809.0,69337290.89999999
2013-01-23,36.488641,157471809.0,9122160.25
2013-01-24,36.575297,155821809.0,-60349240.05
2013-01-25,36.759583,155621809.0,-7351916.6
2013-01-28,36.788082,154921809.0,-25751657.400000002
2013-01-29,37.003815,154271809.0,-24052479.750000004
2013-01-30,36.938379,154621809.0,12928432.649999999
2013-01-31,36.879517,154471809.0,-5531927.55
2013-02-01,37.178428,153521809.0,-35319506.599999994
2013-02-04,36.836031,153521809.0,0.0
2013-02-05,37.254605,154371809.0,31666414.25
2013-02-06,37.321203,157671809.0,123159969.89999999
2013-02-07,37.51894,157071809.0,-22511364.0
2013-02-08,37.505309,157471809.0,15002123.6
2013-02-11,37.469192,156471809.0,-37469192.0
2013-02-12,37.433512,156471809.0,0.0
2013-02-13,37.47742,154821809.0,-61837743.0
2013-02-14,37.560437,154821809.0,0.0
2013-02-15,37.62334,153521809.0,-48910342.0
2013-02-19,37.992144,154321809.0,30393715.200000003
2013-02-20,37.925105,158021809.0,140322888.5
2013-02-21,38.038163,159771809.0,66566785.24999999
2013-02-22,38.242616,158271809.0,-57363924.0
2013-02-25,37.721905,158571809.0,11316571.5
2013-02-26,37.851785,159371809.0,30281428.0
2013-02-27,38.116006,161021809.0,62891409.9
2013-02-28,38.085941,161771809.0,28564455.75
2013-03-01,38.209388,162121809.0,13373285.799999999
2013-03-04,38.502731,162121809.0,0.0
2013-03-05,38.627348,164621809.0,96568370.0
2013-03-06,38.559659,164421809.0,-7711931.800000001
2013-03-07,38.546806,162821809.0,-61674889.599999994
2013-03-08,38.637433,162471809.0,-13523101.55
2013-03-11,38.672467,162571809.0,3867246.6999999997
2013-03-12,38.629051,162571809.0,0.0
2013-03-13,38.711212,164371809.0,69680181.60000001
2013-03-14,38.855877,166521809.0,83540135.55
2013-03-15,38.47972,167671809.0,44251678.0
2013-03-18,38.381891,166521809.0,-44139174.650000006
2013-03-19,38.674636,165871809.0,-25138513.4
2013-03-20,39.068248,164721809.0,-44928485.199999996
2013-03-21,38.959652,164321809.0,-15583860.799999999
2013-03-22,39.281008,163221809.0,-43209108.8
2013-03-25,39.254169,163671809.0,17664376.049999997
2013-03-26,39.655075,163321809.0,-13879276.249999998
2013-03-27,39.579544,162171809.0,-45516475.6
2013-03-28,39.77495,162771809.0,23864970.0
2013-04-01,39.760068,163271809.0,19880034.0
2013-04-02,40.184944,164271809.0,40184944.0
2013-04-03,39.736096,166021809.0,69538168.0
2013-04-04,39.934647,165671809.0,-13977126.45
2013-04-05,39.671884,167371809.0,67442202.8
2013-04-08,40.099502,168571809.0,48119402.4
2013-04-09,40.067925,171971809.0,136230945.0
2013-04-10,40.377613,171721809.0,-10094403.25
2013-04-11,40.568753,171321809.0,-16227501.200000001
2013-04-12,40.715425,171671809.0,14250398.750000002
2013-04-15,40.105615,172421809.0,30079211.25
2013-04-16,40.797508,171371809.0,-42837383.4
2013-04-17,40.463513,173621809.0,91042904.25
2013-04-18,40.378333,174971809.0,54510749.55
2013-04-19,41.010728,175971809.0,41010728.0
2013-04-22,41.104855,176921809.0,39049612.25
2013-04-23,41.42958,175971809.0,-39358101.0
2013-04-24,40.774194,177271809.0,53006452.2
2013-04-25,40.878946,172971809.0,-175779467.79999998
2013-04-26,40.886383,168021809.0,-202387595.85000002
2013-04-29,41.016998,172021809.0,164067992.0
2013-04-30,40.961392,176321809.0,176133985.6
2013-05-01,40.892092,178071809.0,71561161.0
2013-05-02,41.048584,180771809.0,110831176.8
2013-05-03,41.236763,183221809.0,101030069.35000001
2013-05-06,40.920222,180121809.0,-126852688.2
2013-05-07,41.246762,173921809.0,-255729924.39999998
2013-05-08,41.28701,172271809.0,-68123566.5
2013-05-09,40.989199,169471809.0,-114769757.2
2013-05-10,41.174383,164421809.0,-207930634.15
2013-05-13,41.243686,163171809.0,-51554607.49999999
2013-05-14,41.709094,162021809.0,-47965458.1
2013-05-15,42.143686,162371809.0,14750290.100000001
2013-05-16,41.870222,160771809.0,-66992355.199999996
2013-05-17,41.938643,168221809.0,312442890.34999996
2013-05-20,41.539459,170321809.0,87232863.9
2013-05-21,41.543513,167321809.0,-124630538.99999999
2013-05-22,41.469112,168471809.0,47689478.800000004
2013-05-23,41.311036,165421809.0,-125998659.8
2013-05-24,41.701909,163771809.0,-68808149.85
2013-05-28,41.751967,169971809.0,258862195.4
2013-05-29,40.965941,164121809.0,-239650754.85
2013-05-30,40.806694,162471809.0,-67331045.1
2013-05-31,40.049392,165821809.0,134165463.19999999
2013-06-03,40.480291,155971809.0,-398730866.35
2013-06-04,40.490637,175421809.0,787542889.65
2013-06-05,40.022922,169021809.0,-256146700.8
2013-06-06,40.213392,171771809.0,110586828.0
2013-06-07,40.720134,172771809.0,40720134.0
2013-06-10,40.687677,162671809.0,-410945537.7
2013-06-11,40.563347,158171809.0,-182535061.5
2013-06-12,40.387492,164671809.0,262518698.0
2013-06-13,40.784585,167321809.0,108079150.25
2013-06-14,40.695697,172921809.0,227895903.20000002
2013-06-17,41.028835,175221809.0,94366320.5
2013-06-18,41.211404,176571809.0,55635395.400000006
2013-06-19,40.398722,177921809.0,54538274.699999996
2013-06-20,39.168802,169271809.0,-338810137.3
2013-06-21,39.45527,156471809.0,-505027456.0
2013-06-24,39.265845,155071809.0,-54972183.0
2013-06-25,39.330761,167521809.0,489667974.45000005
2013-06-26,39.732357,166221809.0,-51652064.1
2013-06-27,39.907315,170371809.0,165615357.25
2013-06-28,39.667721,172921809.0,101152688.55
2013-07-01,39.963401,172321809.0,-23978040.599999998
2013-07-02,40.029981,170521809.0,-72053965.8
2013-07-03,39.937269,170521809.0,0.0
2013-07-05,40.022475,170521809.0,0.0
2013-07-08,40.414928,159821809.0,-432439729.6
2013-07-09,40.736406,161271809.0,59067788.7
2013-07-10,40.78979,162371809.0,44868769.00000001
2013-07-11,41.406902,162371809.0,0.0
2013-07-12,41.458766,166821809.0,184491508.7
2013-07-15,41.472034,165071809.0,-72576059.5
2013-07-16,41.34159,165271809.0,8268317.999999999
2013-07-17,41.423969,163471809.0,-74563144.2
2013-07-18,41.551792,161721809.0,-72715636.0
2013-07-19,41.791674,162521809.0,33433339.2
2013-07-22,41.727462,164321809.0,75109431.60000001
2013-07-23,41.622602,162771809.0,-64515033.1
2013-07-24,41.360617,162071809.0,-28952431.9
2013-07-25,41.551426,159121809.0,-122576706.7
2013-07-26,41.537696,160471809.0,56075889.599999994
2013-07-29,41.419721,161171809.0,28993804.700000003
2013-07-30,41.364767,160971809.0,-8272953.4
2013-07-31,41.323058,163621809.0,109506103.7
2013-08-01,41.743288,163571809.0,-2087164.4
2013-08-02,41.762667,163171809.0,-16705066.8
2013-08-05,41.798593,163571809.0,16719437.2
2013-08-06,41.733798,159071809.0,-187802091.0
2013-08-07,41.538138,159071809.0,0.0
2013-08-08,41.744645,159071809.0,0.0
2013-08-09,41.567119,159071809.0,0.0
2013-08-12,41.456976,158871809.0,-8291395.199999999
2013-08-13,41.483336,159371809.0,20741668.0
2013-08-14,41.186676,159071809.0,-12356002.799999999
2013-08-15,40.548107,157671809.0,-56767349.800000004
2013-08-16,40.289859,154771809.0,-116840591.1
2013-08-19,40.113627,153321809.0,-58164759.15
2013-08-20,40.100812,153321809.0,0.0
2013-08-21,39.80736,154871809.0,61701408.00000001
2013-08-22,39.990092,155071809.0,7998018.399999999
2013-08-23,40.22455,153321809.0,-70392962.5
2013-08-26,39.754384,153321809.0,0.0
2013-08-27,39.507018,146321809.0,-276549126.0
2013-08-28,39.213407,145271809.0,-41174077.349999994
2013-08-29,39.397986,136421809.0,-348672176.1
2013-08-30,39.508712,136871809.0,17778920.400000002
2013-09-03,39.495212,135521809.0,-53318536.2
2013-09-04,39.719495,131521809.0,-158877980.0
2013-09-05,39.690329,130971809.0,-21829680.95
2013-09-06,39.744571,130571809.0,-15897828.4
2013-09-09,40.056412,130121809.0,-18025385.400000002
2013-09-10,40.086581,130521809.0,16034632.4
2013-09-11,40.384392,130371809.0,-6057658.8
2013-09-12,40.386701,130721809.0,14135345.350000001
2013-09-13,40.717708,131521809.0,32574166.400000002
2013-09-16,41.077634,132471809.0,39023752.300000004
2013-09-17,41.213201,134421809.0,80365741.95
2013-09-18,41.719188,134721809.0,12515756.4
2013-09-19,41.530715,134571809.0,-6229607.25
2013-09-20,41.006158,134221809.0,-14352155.299999999
2013-09-23,40.806865,133021809.0,-48968238.0
2013-09-24,40.567114,131621809.0,-56793959.599999994
2013-09-25,40.261983,133071809.0,58379875.35
2013-09-26,40.470989,132071809.0,-40470989.0
2013-09-27,40.220648,132421809.0,14077226.799999999
2013-09-30,39.805018,132421809.0,0.0
2013-10-01,40.043107,131671809.0,-30032330.25
2013-10-02,39.965221,132021809.0,13987827.35
2013-10-03,39.78005,131071809.0,-37791047.5
2013-10-04,39.855077,129721809.0,-53804353.95
2013-10-07,39.665471,128721809.0,-39665471.0
2013-10-08,39.654389,128721809.0,0.0
2013-10-09,39.698156,129421809.0,27788709.2
2013-10-10,40.454136,130621809.0,48544963.199999996
2013-10-11,40.575185,130671809.0,2028759.2499999998
2013-10-14,40.731174,131771809.0,44804291.400000006
2013-10-15,40.38085,132821809.0,42399892.5
2013-10-16,40.976064,132321809.0,-20488032.0
2013-10-17,41.405613,131121809.0,-49686735.6
2013-10-18,41.483284,133071809.0,80892403.8
2013-10-21,41.377054,133171809.0,4137705.4
2013-10-22,41.939077,132221809.0,-39842123.15
2013-10-23,42.00007,134971809.0,115500192.5
2013-10-24,41.93447,136671809.0,71288599.0
2013-10-25,42.045408,137821809.0,48352219.2
2013-10-28,42.539365,137521809.0,-12761809.499999998
2013-10-29,42.911382,152121809.0,626506177.2
2013-10-30,42.567513,157971809.0,249019951.04999998
2013-10-31,42.327164,157421809.0,-23279940.200000003
2013-11-01,42.494113,159721809.0,97736459.89999999
2013-11-04,42.541393,158821809.0,-38287253.7
2013-11-05,42.63497,159921809.0,46898467.0
2013-11-06,43.075019,162171809.0,96918792.75
2013-11-07,42.46224,163721809.0,65816472.0
2013-11-08,42.611653,162721809.0,-42611653.0
2013-11-11,42.557042,161721809.0,-42557042.0
2013-11-12,42.604638,159071809.0,-112902290.7
2013-11-13,42.983761,158571809.0,-21491880.5
2013-11-14,43.272489,156321809.0,-97363100.25
2013-11-15,43.365412,159071809.0,119254883.0
2013-11-18,43.203342,161071809.0,86406684.0
2013-11-19,43.050069,160771809.0,-12915020.7
2013-11-20,42.843482,157371809.0,-145667838.8
2013-11-21,42.9412,160121809.0,118088300.0
2013-11-22,43.176281,159221809.0,-38858652.900000006
2013-11-25,43.092228,161721809.0,107730570.0
2013-11-26,43.023988,159321809.0,-103257571.2
2013-11-27,43.087554,158871809.0,-19389399.299999997
2013-11-29,43.00521,158371809.0,-21502605.0
2013-12-02,42.809955,157571809.0,-34247964.0
2013-12-03,43.005801,157571809.0,0.0
2013-12-04,42.882093,155321809.0,-96484709.25
2013-12-05,42.494196,156921809.0,67990713.60000001
2013-12-06,43.110271,153871809.0,-131486326.55
2013-12-09,43.209251,154571809.0,30246475.700000003
2013-12-10,42.841656,156421809.0,79257063.6
2013-12-11,42.916145,155821809.0,-25749687.0
2013-12-12,42.359104,164771809.0,379113980.8
2013-12-13,42.252373,165671809.0,38027135.699999996
2013-12-16,42.245362,164671809.0,-42245362.0
2013-12-17,42.057506,164971809.0,12617251.799999999
2013-12-18,42.755372,165021809.0,2137768.6
2013-12-19,42.675283,166621809.0,68280452.8
2013-12-20,42.511759,169121809.0,106279397.5
2013-12-23,42.481247,168171809.0,-40357184.650000006
2013-12-24,42.546399,167521809.0,-27655159.35
2013-12-26,42.726835,164271809.0,-138862213.75
2013-12-27,42.837963,157721809.0,-280588657.65000004
2013-12-30,42.964139,157971809.0,10741034.75
2013-12-31,42.945653,156821809.0,-49387500.95
2014-01-02,42.478706,156971809.0,6371805.9
2014-01-03,42.400615,161521809.0,192922798.25
2014-01-06,42.210921,160221809.0,-54874197.3
2014-01-07,42.427144,159621809.0,-25456286.4
2014-01-08,42.145834,158821809.0,-33716667.2
2014-01-09,42.34334,156021809.0,-118561352.0
2014-01-10,42.413656,161871809.0,248119887.60000002
2014-01-13,42.165945,160321809.0,-65357214.75
2014-01-14,42.412089,161071809.0,31809066.75
2014-01-15,42.413181,160971809.0,-4241318.100000001
2014-01-16,42.412745,160971809.0,0.0
2014-01-17,42.073907,162271809.0,54696079.1
2014-01-21,42.219226,161521809.0,-31664419.5
2014-01-22,42.218427,161571809.0,2110921.35
2014-01-23,41.815546,161571809.0,0.0
2014-01-24,41.438976,160621809.0,-39367027.199999996
2014-01-27,41.320026,165721809.0,210732132.6
2014-01-28,41.621249,166721809.0,41621249.0
2014-01-29,40.879254,167321809.0,24527552.400000002
2014-01-30,40.95128,157621809.0,-397227416.0
2014-01-31,40.786873,154221809.0,-138675368.2
2014-02-03,39.884256,153421809.0,-31907404.8
2014-02-04,40.106201,134821809.0,-745975338.6
2014-02-05,40.123875,131971809.0,-114353043.75
2014-02-06,40.570088,130921809.0,-42598592.4
2014-02-07,40.932206,129471809.0,-59351698.7
2014-02-10,41.109008,129771809.0,12332702.4
2014-02-11,41.557727,129871809.0,4155772.7
2014-02-12,41.359304,130921809.0,43427269.2
2014-02-13,41.575915,129021809.0,-78994238.5
2014-02-14,41.850746,128121809.0,-37665671.4
2014-02-18,41.59104,128271809.0,6238656.0
2014-02-19,41.486923,128071809.0,-8297384.6
2014-02-20,41.696529,130721809.0,110495801.85
2014-02-21,41.612641,130971809.0,10403160.25
2014-02-24,41.759891,131071809.0,4175989.1
2014-02-25,41.921384,130371809.0,-29344968.8
2014-02-26,41.853314,131071809.0,29297319.799999997
2014-02-27,42.044729,131071809.0,0.0
2014-02-28,42.33264,132371809.0,55032432.0
2014-03-03,42.123111,134021809.0,69503133.15
2014-03-04,42.711966,133971809.0,-2135598.3
2014-03-05,42.592012,131971809.0,-85184024.0
2014-03-06,42.571395,131671809.0,-12771418.5
2014-03-07,42.650767,130671809.0,-42650767.0
2014-03-10,42.70579,128771809.0,-81141001.0
2014-03-11,42.680452,128521809.0,-10670113.0
2014-03-12,42.783941,124121809.0,-188249340.4
2014-03-13,42.539139,125721809.0,68062622.39999999
2014-03-14,42.554826,123671809.0,-87237393.3
2014-03-17,42.837439,123021809.0,-27844335.35
2014-03-18,42.919507,123321809.0,12875852.100000001
2014-03-19,42.547553,123121809.0,-8509510.6
2014-03-20,42.72863,120071809.0,-130322321.50000001
2014-03-21,42.521818,124971809.0,208356908.20000002
2014-03-24,42.467988,124871809.0,-4246798.8
2014-03-25,42.736281,125621809.0,32052210.75
2014-03-26,42.687932,127321809.0,72569484.4
2014-03-27,42.619519,125971809.0,-57536350.65
2014-03-28,42.78031,126121809.0,6417046.5
2014-03-31,43.036351,125871809.0,-10759087.75
2014-04-01,43.024852,127171809.0,55932307.6
2014-04-02,43.082198,124571809.0,-112013714.8
2014-04-03,43.114077,125371809.0,34491261.6
2014-04-04,42.918076,126571809.0,51501691.199999996
2014-04-07,43.004611,129721809.0,135464524.64999998
2014-04-08,43.188272,135821809.0,263448459.2
2014-04-09,43.389223,136521809.0,30372456.1
2014-04-10,42.986836,136321809.0,-8597367.2
2014-04-11,42.756737,136821809.0,21378368.5
2014-04-14,43.076487,136571809.0,-10769121.75
2014-04-15,43.203644,136521809.0,-2160182.1999999997
2014-04-16,43.608991,134521809.0,-87217982.0
2014-04-17,43.6514,134921809.0,17460560.0
2014-04-18,43.6514,137621809.0,117858780.0
2014-04-21,43.66009,137621809.0,0.0
2014-04-22,43.618032,137121809.0,-21809016.0
2014-04-23,43.584805,138571809.0,63197967.25000001
2014-04-24,43.715292,136221809.0,-102730936.19999999
2014-04-25,43.780552,136721809.0,21890276.0
2014-04-28,44.280361,135321809.0,-61992505.4
2014-04-29,44.109726,134421809.0,-39698753.4
2014-04-30,44.227842,134871809.0,19902528.900000002
2014-05-01,44.180488,134871809.0,0.0
2014-05-02,44.167775,135121809.0,11041943.75
2014-05-05,44.108167,131721809.0,-149967767.8
2014-05-06,43.817063,133021809.0,56962181.9
2014-05-07,44.244148,132221809.0,-35395318.4
2014-05-08,44.294089,133121809.0,39864680.1
2014-05-09,44.502173,133471809.0,15575760.549999999
2014-05-12,44.549754,133121809.0,-15592413.9
2014-05-13,44.64536,133121809.0,0.0
2014-05-14,44.394878,133121809.0,0.0
2014-05-15,44.012687,132821809.0,-13203806.1
2014-05-16,44.285358,132221809.0,-26571214.8
2014-05-19,44.192241,131371809.0,-37563404.85
2014-05-20,44.010823,130621809.0,-33008117.25
2014-05-21,44.293701,129021809.0,-70869921.6
2014-05-22,44.222261,128771809.0,-11055565.25
2014-05-23,44.279863,129321809.0,24353924.65
2014-05-27,44.403566,128971809.0,-15541248.1
2014-05-28,44.35556,129221809.0,11088890.0
2014-05-29,44.727323,129221809.0,0.0
2014-05-30,45.046196,129221809.0,0.0
2014-06-02,44.939935,128471809.0,-33704951.25
2014-06-03,44.77304,128971809.0,22386520.0
2014-06-04,44.959428,128821809.0,-6743914.2
2014-06-05,45.114644,127921809.0,-40603179.6
2014-06-06,45.233314,126071809.0,-83681630.9
2014-06-09,45.17004,124821809.0,-56462550.0
2014-06-10,45.180485,123571809.0,-56475606.25
2014-06-11,45.045455,122721809.0,-38288636.75
2014-06-12,44.722373,121171809.0,-69319678.14999999
2014-06-13,44.723286,122121809.0,42487121.7
2014-06-16,44.87386,121971809.0,-6731079.0
2014-06-17,44.877143,131471809.0,426332858.49999994
2014-06-18,45.399421,134621809.0,143008176.14999998
2014-06-19,45.674752,145471809.0,495571059.2
2014-06-20,45.22226,159971809.0,655722770.0
2014-06-23,44.975098,160321809.0,15741284.3
2014-06-24,44.790595,160971809.0,29113886.750000004
2014-06-25,44.752993,156171809.0,-214814366.39999998
2014-06-26,44.583722,155921809.0,-11145930.5
2014-06-27,44.64937,149071809.0,-305848184.5
2014-06-30,44.62346,148771809.0,-13387038.0
2014-07-01,44.745862,155371809.0,295322689.2
2014-07-02,44.842638,155371809.0,0.0
2014-07-03,45.103449,155371809.0,0.0
2014-07-07,45.140059,155121809.0,-11285014.75
2014-07-08,45.066819,155971809.0,38306796.15
2014-07-09,45.249488,156971809.0,45249488.0
2014-07-10,45.205445,156471809.0,-22602722.5
2014-07-11,45.245808,156821809.0,15836032.799999999
2014-07-14,45.402176,157521809.0,31781523.2
2014-07-15,45.037132,158371809.0,38281562.2
2014-07-16,45.038824,155971809.0,-108093177.6
2014-07-17,44.738773,156121809.0,6710815.95
2014-07-18,45.192432,156121809.0,0.0
2014-07-21,44.992366,157271809.0,51741220.9
2014-07-22,44.925049,157221809.0,-2246252.45
2014-07-23,44.842321,161871809.0,208516792.65
2014-07-24,44.993891,160371809.0,-67490836.5
2014-07-25,44.795695,160371809.0,0.0
2014-07-28,44.565641,161371809.0,44565641.0
2014-07-29,44.33761,145671809.0,-696100477.0
2014-07-30,43.901086,141871809.0,-166824126.8
2014-07-31,43.130937,133371809.0,-366612964.5
2014-08-01,43.470993,129471809.0,-169536872.7
2014-08-04,43.623835,127471809.0,-87247670.0
2014-08-05,43.416413,126921809.0,-23879027.15
2014-08-06,43.794504,125971809.0,-41604778.800000004
2014-08-07,43.443033,137571809.0,503939182.8
2014-08-08,43.88276,138771809.0,52659312.0
2014-08-11,44.206036,139021809.0,11051509.0
2014-08-12,44.155442,150871809.0,523241987.7
2014-08-13,44.265267,151921809.0,46478530.35
2014-08-14,44.458977,151921809.0,0.0
2014-08-15,44.516513,151921809.0,0.0
2014-08-18,44.772165,151671809.0,-11193041.25
2014-08-19,44.895128,150671809.0,-44895128.0
2014-08-20,44.883762,151521809.0,38151197.699999996
2014-08-21,44.943585,151171809.0,-15730254.75
2014-08-22,44.863212,150971809.0,-8972642.399999999
2014-08-25,45.073836,152121809.0,51834911.4
2014-08-26,45.049488,152121809.0,0.0
2014-08-27,45.100118,152621809.0,22550059.0
2014-08-28,45.088891,151921809.0,-31562223.7
2014-08-29,45.148876,151621809.0,-13544662.8
2014-09-02,45.129308,151621809.0,0.0
2014-09-03,45.190732,159171809.0,341190026.59999996
2014-09-04,45.307494,159171809.0,0.0
2014-09-05,45.568843,158921809.0,-11392210.75
2014-09-08,45.274676,159471809.0,24901071.8
2014-09-09,45.129699,157171809.0,-103798307.7
2014-09-10,45.327062,156821809.0,-15864471.7
2014-09-11,45.377575,157021809.0,9075515.0
2014-09-12,45.079417,157471809.0,20285737.65
2014-09-15,45.27418,156271809.0,-54329016.0
2014-09-16,45.605098,155171809.0,-50165607.8
2014-09-17,45.524172,157821809.0,120639055.8
2014-09-18,45.619149,161021809.0,145981276.8
2014-09-19,45.420204,163171809.0,97653438.6
2014-09-22,45.348082,163121809.0,-2267404.1
2014-09-23,44.962547,161021809.0,-94421348.7
2014-09-24,45.520386,161521809.0,22760193.0
2014-09-25,44.941896,165321809.0,170779204.8
2014-09-26,45.103265,166921809.0,72165224.0
2014-09-29,45.089,164921809.0,-90178000.0
2014-09-30,45.101871,167971809.0,137560706.55
2014-10-01,44.827108,169021809.0,47068463.400000006
2014-10-02,44.88941,167371809.0,-74067526.5
2014-10-03,45.399784,165421809.0,-88529578.8
2014-10-06,45.425349,166571809.0,52239151.349999994
2014-10-07,45.192679,152371809.0,-641736041.8
2014-10-08,45.852906,174321809.0,1006471286.6999999
2014-10-09,45.414663,174621809.0,13624398.899999999
2014-10-10,45.613521,175721809.0,50174873.1
2014-10-13,44.969345,175721809.0,0.0
2014-10-14,44.960055,176021809.0,13488016.5
2014-10-15,44.430954,177021809.0,44430954.0
2014-10-16,44.114691,179771809.0,121315400.25
2014-10-17,44.629331,181971809.0,98184528.2
2014-10-20,45.257363,181321809.0,-29417285.95
2014-10-21,45.46148,185671809.0,197757438.0
2014-10-22,45.550699,187021809.0,61493443.65
2014-10-23,45.532441,189471809.0,111554480.45
2014-10-24,45.898955,188121809.0,-61963589.25
2014-10-27,46.015124,189421809.0,59819661.2
2014-10-28,46.198852,189871809.0,20789483.400000002
2014-10-29,46.149618,191521809.0,76146869.69999999
2014-10-30,46.39879,192921809.0,64958306.0
2014-10-31,46.719098,193821809.0,42047188.2
2014-11-03,46.899012,193471809.0,-16414654.2
2014-11-04,47.134719,200421809.0,327586297.04999995
2014-11-05,47.47733,200621809.0,9495466.0
2014-11-06,47.591158,201271809.0,30934252.7
2014-11-07,47.720803,202121809.0,40562682.55
2014-11-10,47.92934,202121809.0,0.0
2014-11-11,47.847937,202121809.0,0.0
2014-11-12,47.852642,202171809.0,2392632.1
2014-11-13,48.060361,202171809.0,0.0
2014-11-14,47.76958,203271809.0,52546538.0
2014-11-17,48.072964,200521809.0,-132200651.0
2014-11-18,48.26534,200071809.0,-21719403.0
2014-11-19,48.472438,199521809.0,-26659840.9
2014-11-20,48.253725,199271809.0,-12063431.25
2014-11-21,48.457207,198421809.0,-41188625.949999996
2014-11-24,48.409348,198921809.0,24204674.0
2014-11-25,48.473418,198421809.0,-24236709.0
2014-11-26,48.676886,195771809.0,-128993747.9
2014-11-28,49.274366,195271809.0,-24637183.0
2014-12-01,48.964935,195671809.0,19585974.0
2014-12-02,49.132934,197771809.0,103179161.39999999
2014-12-03,48.80524,198221809.0,21962358.0
2014-12-04,48.769957,198871809.0,31700472.049999997
2014-12-05,48.847841,200571809.0,83041329.7
2014-12-08,48.732139,202171809.0,77971422.39999999
2014-12-09,48.589962,201971809.0,-9717992.4
2014-12-10,48.110337,202471809.0,24055168.5
2014-12-11,48.519543,202121809.0,-16981840.05
2014-12-12,47.913542,201371809.0,-35935156.5
2014-12-15,47.602441,202371809.0,47602441.0
2014-12-16,47.410449,202971809.0,28446269.4
2014-12-17,48.09427,203871809.0,43284843.0
2014-12-18,49.064305,205921809.0,100581825.25
2014-12-19,48.616686,208271809.0,114249212.10000001
2014-12-22,49.061155,212521809.0,208509908.75
2014-12-23,49.442987,210471809.0,-101358123.35000001
2014-12-24,49.359948,211871809.0,69103927.2
2014-12-26,49.453944,210671809.0,-59344732.8
2014-12-29,49.290973,210171809.0,-24645486.5
2014-12-30,49.10139,205921809.0,-208680907.5
2014-12-31,48.509944,205371809.0,-26680469.2
2015-01-02,48.333607,204121809.0,-60417008.75
2015-01-05,47.963175,203771809.0,-16787111.25
2015-01-06,47.963632,202921809.0,-40769087.199999996
2015-01-07,48.78226,203221809.0,14634678.0
2015-01-08,49.528554,202821809.0,-19811421.6
2015-01-09,49.128188,203521809.0,34389731.6
2015-01-12,48.951388,202971809.0,-26923263.400000002
2015-01-13,48.944294,201421809.0,-75863655.7
2015-01-14,48.815821,203021809.0,78105313.6
2015-01-15,48.888484,198521809.0,-219998178.0
2015-01-16,49.278424,200621809.0,103484690.4
2015-01-20,49.460819,203171809.0,126125088.45
2015-01-21,49.6722,204371809.0,59606639.99999999
2015-01-22,50.19789,204371809.0,0.0
2015-01-23,49.659696,204671809.0,14897908.799999999
2015-01-26,49.657776,203321809.0,-67037997.6
2015-01-27,49.077254,203721809.0,19630901.6
2015-01-28,48.518229,203521809.0,-9703645.799999999
2015-01-29,48.900625,203321809.0,-9780125.0
2015-01-30,47.995182,202771809.0,-26397350.1
2015-02-02,48.614878,204171809.0,68060829.2
2015-02-03,49.023904,207971809.0,186290835.20000002
2015-02-04,49.075038,208021809.0,2453751.9
2015-02-05,49.296368,208271809.0,12324092.0
2015-02-06,49.063903,206821809.0,-71142659.35000001
2015-02-09,48.726592,205171809.0,-80398876.8
2015-02-10,49.255833,206421809.0,61569791.25
2015-02-11,49.498815,206271809.0,-7424822.25
2015-02-12,49.738351,206021809.0,-12434587.75
2015-02-13,49.516399,206021809.0,0.0
2015-02-17,49.526082,205321809.0,-34668257.4
2015-02-18,49.750323,204971809.0,-17412613.05
2015-02-19,49.446669,206671809.0,84059337.3
2015-02-20,49.591624,206421809.0,-12397906.0
2015-02-23,49.72737,206171809.0,-12431842.5
2015-02-24,49.884715,204821809.0,-67344365.25
2015-02-25,49.752446,205871809.0,52240068.3
2015-02-26,49.812523,204721809.0,-57284401.449999996
2015-02-27,50.02897,205671809.0,47527521.5
2015-03-02,50.127074,205421809.0,-12531768.5
2015-03-03,49.910271,204271809.0,-57396811.65
2015-03-04,49.56057,202521809.0,-86730997.5
2015-03-05,49.739477,202721809.0,9947895.4
2015-03-06,48.792647,202721809.0,0.0
2015-03-09,49.03098,200071809.0,-129932097.0
2015-03-10,48.308887,199171809.0,-43477998.3
2015-03-11,47.965787,199171809.0,0.0
2015-03-12,48.651742,198721809.0,-21893283.9
2015-03-13,48.301793,201271809.0,123169572.15
2015-03-16,48.873288,200621809.0,-31767637.200000003
2015-03-17,48.53653,193021809.0,-368877628.0
2015-03-18,48.845776,192371809.0,-31749754.400000002
2015-03-19,48.62701,193621809.0,60783762.5
2015-03-20,48.917359,183921809.0,-474498382.29999995
2015-03-23,49.032897,185721809.0,88259214.6
2015-03-24,48.747493,185121809.0,-29248495.8
2015-03-25,48.640056,182121809.0,-145920168.0
2015-03-26,48.443625,182721809.0,29066175.0
2015-03-27,48.729788,181621809.0,-53602766.8
2015-03-30,49.196167,183371809.0,86093292.25
2015-03-31,48.778919,169371809.0,-682904866.0
2015-04-01,48.810766,166021809.0,-163516066.1
2015-04-02,49.125605,165871809.0,-7368840.75
2015-04-06,49.525814,163171809.0,-133719697.8
2015-04-07,49.326096,163171809.0,0.0
2015-04-08,49.37399,163621809.0,22218295.5
2015-04-09,49.55242,164821809.0,59462904.0
2015-04-10,49.615336,165271809.0,22326901.2
2015-04-13,49.37263,164221809.0,-51841261.5
2015-04-14,49.465242,164571809.0,17312834.700000003
2015-04-15,49.334522,164571809.0,0.0
2015-04-16,49.506178,163821809.0,-37129633.5
2015-04-17,49.050843,164321809.0,24525421.5
2015-04-20,49.234743,163771809.0,-27079108.650000002
2015-04-21,49.297946,163121809.0,-32043664.900000002
2015-04-22,49.346039,163971809.0,41944133.15
2015-04-23,49.164363,164471809.0,24582181.5
2015-04-24,49.160669,163121809.0,-66366903.15
2015-04-27,48.929772,162521809.0,-29357863.2
2015-04-28,48.9491,160521809.0,-97898200.0
2015-04-29,48.555452,160521809.0,0.0
2015-04-30,48.36215,159571809.0,-45944042.5
2015-05-01,48.805402,159771809.0,9761080.4
2015-05-04,48.880379,159771809.0,0.0
2015-05-05,48.517377,159171809.0,-29110426.200000003
2015-05-06,48.641458,159521809.0,17024510.3
2015-05-07,48.747768,159671809.0,7312165.2
2015-05-08,49.170299,158221809.0,-71296933.55
2015-05-11,48.95094,157371809.0,-41608299.0
2015-05-12,48.872161,157521809.0,7330824.149999999
2015-05-13,48.849002,158471809.0,46406551.9
2015-05-14,49.585216,158421809.0,-2479260.8000000003
2015-05-15,49.747276,160821809.0,119393462.4
2015-05-18,49.618091,157471809.0,-166220604.85
2015-05-19,49.472311,156421809.0,-51945926.55
2015-05-20,49.360102,157221809.0,39488081.6
2015-05-21,49.450798,155871809.0,-66758577.3
2015-05-22,49.234461,154521809.0,-66466522.35
2015-05-26,48.879657,156921809.0,117311176.8
2015-05-27,49.160685,155671809.0,-61450856.25
2015-05-28,49.104573,152871809.0,-137492804.4
2015-05-29,48.780726,152271809.0,-29268435.6
2015-06-01,48.798964,151821809.0,-21959533.8
2015-06-02,48.641851,152421809.0,29185110.6
2015-06-03,48.627363,150671809.0,-85097885.25
2015-06-04,48.230627,149871809.0,-38584501.6
2015-06-05,47.604983,148771809.0,-52365481.3
2015-06-08,47.568272,149621809.0,40433031.2
2015-06-09,47.794613,147671809.0,-93199495.35
2015-06-10,48.262766,145871809.0,-86872978.8
2015-06-11,48.248589,146671809.0,38598871.2
2015-06-12,48.063158,147121809.0,21628421.1
2015-06-15,47.720477,147021809.0,-4772047.7
2015-06-16,48.225227,146371809.0,-31346397.549999997
2015-06-17,48.484423,148321809.0,94544624.85
2015-06-18,49.011017,149371809.0,51461567.85
2015-06-19,48.698792,151071809.0,82787946.39999999
2015-06-22,48.830879,151371809.0,14649263.700000001
2015-06-23,48.64874,151621809.0,12162185.0
2015-06-24,48.438042,152021809.0,19375216.8
2015-06-25,48.346251,151671809.0,-16921187.85
2015-06-26,48.434185,151421809.0,-12108546.25
2015-06-29,47.694008,151021809.0,-19077603.2
2015-06-30,47.630612,151371809.0,16670714.2
2015-07-01,48.189321,152071809.0,33732524.7
2015-07-02,48.162482,153071809.0,48162482.0
2015-07-06,48.138075,152871809.0,-9627615.0
2015-07-07,49.087438,153471809.0,29452462.8
2015-07-08,48.575896,159921809.0,313314529.2
2015-07-09,48.631017,160521809.0,29178610.2
2015-07-10,49.145113,160621809.0,4914511.3
2015-07-13,49.623028,159871809.0,-37217271.0
2015-07-14,49.711072,159421809.0,-22369982.400000002
2015-07-15,49.555523,162221809.0,138755464.4
2015-07-16,50.101461,161621809.0,-30060876.6
2015-07-17,50.057164,161371809.0,-12514291.0
2015-07-20,50.164333,160121809.0,-62705416.25
2015-07-21,50.015032,159971809.0,-7502254.8
2015-07-22,50.159453,160821809.0,42635535.05
2015-07-23,49.948628,161071809.0,12487157.0
2015-07-24,49.682594,161571809.0,24841297.0
2015-07-27,49.653016,161721809.0,7447952.4
2015-07-28,50.201086,161221809.0,-25100543.0
2015-07-29,50.380912,162721809.0,75571368.0
2015-07-30,50.203492,162421809.0,-15061047.6
2015-07-31,50.272866,164421809.0,100545732.0
2015-08-03,50.396759,163571809.0,-42837245.150000006
2015-08-04,50.376509,163671809.0,5037650.899999999
2015-08-05,50.816309,164721809.0,53357124.449999996
2015-08-06,50.44348,164721809.0,0.0
2015-08-07,50.121808,164621809.0,-5012180.8
2015-08-10,50.347671,163871809.0,-37760753.25
2015-08-11,50.165952,163221809.0,-32607868.799999997
2015-08-12,50.208252,161771809.0,-72801965.4
2015-08-13,50.014017,161671809.0,-5001401.7
2015-08-14,50.16145,161471809.0,-10032290.0
2015-08-17,50.202635,161371809.0,-5020263.5
2015-08-18,49.953468,160321809.0,-52451141.4
2015-08-19,49.458095,160421809.0,4945809.5
2015-08-20,49.047492,159571809.0,-41690368.199999996
2015-08-21,47.744166,158221809.0,-64454624.1
2015-08-24,46.17065,162071809.0,177757002.5
2015-08-25,45.680916,159471809.0,-118770381.60000001
2015-08-26,47.066663,156671809.0,-131786656.39999999
2015-08-27,47.756171,154921809.0,-83573299.25
2015-08-28,47.65748,153121809.0,-85783464.0
2015-08-31,47.320161,155271809.0,101738346.14999999
2015-09-01,46.323961,158021809.0,127390892.74999999
2015-09-02,46.969489,160271809.0,105681350.25
2015-09-03,47.294545,159921809.0,-16553090.75
2015-09-04,46.521997,160021809.0,4652199.7
2015-09-08,47.521658,159321809.0,-33265160.6
2015-09-09,46.6919,158721809.0,-28015139.999999996
2015-09-10,46.806567,158471809.0,-11701641.75
2015-09-11,47.0942,157571809.0,-42384780.0
2015-09-14,46.936743,152471809.0,-239377389.3
2015-09-15,47.501396,150471809.0,-95002792.0
2015-09-16,48.044927,149671809.0,-38435941.6
2015-09-17,48.050622,151521809.0,88893650.69999999
2015-09-18,47.152256,151371809.0,-7072838.4
2015-09-21,47.550608,140321809.0,-525434218.4
2015-09-22,47.018549,144271809.0,185723268.55
2015-09-23,47.115758,145221809.0,44759970.1
2015-09-24,47.157793,150721809.0,259367861.5
2015-09-25,47.49478,151921809.0,56993736.0
2015-09-28,46.765565,154121809.0,102884243.0
2015-09-29,46.754622,153071809.0,-49092353.099999994
2015-09-30,47.219418,155971809.0,136936312.2
2015-10-01,47.22606,154721809.0,-59032574.99999999
2015-10-02,47.856043,155421809.0,33499230.1
2015-10-05,48.671905,157971809.0,124113357.75
2015-10-06,48.349274,158271809.0,14504782.200000001
2015-10-07,48.76006,157221809.0,-51198063.0
2015-10-08,49.338604,157971809.0,37003953.0
2015-10-09,49.471195,157221809.0,-37103396.25
2015-10-12,49.594278,158671809.0,71911703.10000001
2015-10-13,49.277822,160171809.0,73916733.0
2015-10-14,48.703068,160221809.0,2435153.4
2015-10-15,49.186025,159971809.0,-12296506.25
2015-10-16,49.660456,160171809.0,9932091.200000001
2015-10-19,49.831333,161871809.0,84713266.1
2015-10-20,49.811066,162371809.0,24905533.0
2015-10-21,49.808342,161221809.0,-57279593.300000004
2015-10-22,50.780159,163321809.0,106638333.89999999
2015-10-23,50.74667,165021809.0,86269339.0
2015-10-26,50.652559,164871809.0,-7597883.85
2015-10-27,50.67916,169021809.0,210318514.0
2015-10-28,50.434535,167271809.0,-88260436.25
2015-10-29,50.422003,166771809.0,-25211001.5
2015-10-30,49.880085,167621809.0,42398072.25
2015-11-02,50.174108,165321809.0,-115400448.39999999
2015-11-03,49.914193,165471809.0,7487128.949999999
2015-11-04,49.695869,164471809.0,-49695869.0
2015-11-05,49.699544,164321809.0,-7454931.600000001
2015-11-06,49.178513,163071809.0,-61473141.25
2015-11-09,48.837994,159821809.0,-158723480.5
2015-11-10,48.985309,158371809.0,-71028698.05
2015-11-11,48.925406,158321809.0,-2446270.3000000003
2015-11-12,48.265906,158521809.0,9653181.200000001
2015-11-13,47.854177,157721809.0,-38283341.6
2015-11-16,48.647122,158671809.0,46214765.900000006
2015-11-17,48.612385,159071809.0,19444954.0
2015-11-18,49.282307,157471809.0,-78851691.2
2015-11-19,49.421802,157771809.0,14826540.6
2015-11-20,49.083413,159121809.0,66262607.55
2015-11-23,49.483515,159571809.0,22267581.75
2015-11-24,49.598112,158321809.0,-61997640.0
2015-11-25,49.754758,158521809.0,9950951.6
2015-11-27,49.929112,157771809.0,-37446834.0
2015-11-30,49.427692,158321809.0,27185230.6
2015-12-01,49.833769,157071809.0,-62292211.24999999
2015-12-02,49.576579,154571809.0,-123941447.5
2015-12-03,49.320948,154921809.0,17262331.8
2015-12-04,50.437182,153821809.0,-55480900.2
2015-12-07,50.589196,154371809.0,27824057.8
2015-12-08,50.448381,156671809.0,116031276.3
2015-12-09,49.975566,155971809.0,-34982896.2
2015-12-10,50.014405,157671809.0,85024488.5
2015-12-11,49.484971,156171809.0,-74227456.5
2015-12-14,49.94992,155121809.0,-52447416.0
2015-12-15,50.276663,154871809.0,-12569165.75
2015-12-16,51.263428,154821809.0,-2563171.4
2015-12-17,50.60084,158871809.0,204933402.0
2015-12-18,49.351765,160721809.0,91300765.25
2015-12-21,49.887727,161971809.0,62359658.75
2015-12-22,50.526872,161071809.0,-45474184.8
2015-12-23,50.936097,161271809.0,10187219.399999999
2015-12-24,50.861238,161771809.0,25430619.0
2015-12-28,50.792258,161921809.0,7618838.699999999
2015-12-29,51.234074,161171809.0,-38425555.5
2015-12-30,51.050783,162171809.0,51050783.0
2015-12-31,50.490395,161271809.0,-45441355.5
2016-01-04,49.831238,160871809.0,-19932495.2
2016-01-05,50.176982,163071809.0,110389360.4
2016-01-06,50.005231,163621809.0,27502877.05
2016-01-07,49.415619,165071809.0,71652647.55
2016-01-08,49.038049,167221809.0,105431805.35000001
2016-01-11,49.495933,166971809.0,-12373983.25
2016-01-12,49.730781,166721809.0,-12432695.25
2016-01-13,48.861001,172771809.0,295609056.05
2016-01-14,49.102602,171671809.0,-54012862.199999996
2016-01-15,48.332628,167421809.0,-205413669.0
2016-01-19,48.896352,170771809.0,163802779.2
2016-01-20,48.274821,171771809.0,48274821.0
2016-01-21,48.465485,175571809.0,184168843.0
2016-01-22,49.262191,173921809.0,-81282615.15
2016-01-25,48.851221,173521809.0,-19540488.400000002
2016-01-26,49.295719,173171809.0,-17253501.65
2016-01-27,49.24397,175171809.0,98487940.0
2016-01-28,49.756664,173621809.0,-77122829.2
2016-01-29,50.799355,175071809.0,73659064.75
2016-02-01,50.947288,177171809.0,106989304.8
2016-02-02,50.292396,178371809.0,60350875.199999996
2016-02-03,50.188451,177321809.0,-52697873.55
2016-02-04,49.723045,176171809.0,-57181501.75
2016-02-05,49.643351,173221809.0,-146447885.45000002
2016-02-08,49.503741,174121809.0,44553366.9
2016-02-09,49.807866,176321809.0,109577305.19999999
2016-02-10,49.769935,179271809.0,146821308.25
2016-02-11,49.369854,180221809.0,46901361.3
2016-02-12,50.072308,182471809.0,112662693.0
2016-02-16,50.460121,184821809.0,118581284.35000001
2016-02-17,50.985965,185371809.0,28042280.75
2016-02-18,50.758755,184421809.0,-48220817.25
2016-02-19,50.860208,184221809.0,-10172041.6
2016-02-22,51.08289,185571809.0,68961901.5
2016-02-23,51.067684,186471809.0,45960915.6
2016-02-24,51.226694,186221809.0,-12806673.5
2016-02-25,51.84259,188421809.0,114053698.0
2016-02-26,51.120384,188871809.0,23004172.8
2016-02-29,50.92337,183921809.0,-252070681.5
2016-03-01,51.450984,181621809.0,-118337263.2
2016-03-02,51.557203,183271809.0,85069384.95
2016-03-03,51.81044,183821809.0,28495742.0
2016-03-04,52.040933,188471809.0,241990338.45000002
2016-03-07,51.720552,187721809.0,-38790414.0
2016-03-08,51.888133,187821809.0,5188813.300000001
2016-03-09,52.289877,190871809.0,159484124.85
2016-03-10,52.286041,192321809.0,75814759.45
2016-03-11,52.47467,190771809.0,-81335738.5
2016-03-14,52.444798,191621809.0,44578078.3
2016-03-15,52.544845,190371809.0,-65681056.25
2016-03-16,52.664498,190271809.0,-5266449.8
2016-03-17,53.021457,190321809.0,2651072.85
2016-03-18,52.662444,194521809.0,221182264.8
2016-03-21,52.688984,195121809.0,31613390.4
2016-03-22,52.351674,193571809.0,-81145094.7
2016-03-23,52.371907,192871809.0,-36660334.9
2016-03-24,52.343355,192621809.0,-13085838.75
2016-03-28,52.571852,193171809.0,28914518.6
2016-03-29,52.966028,193771809.0,31779616.8
2016-03-30,53.227291,195721809.0,103793217.45
2016-03-31,53.046586,195271809.0,-23870963.7
2016-04-01,53.709299,194821809.0,-24169184.55
2016-04-04,53.619163,192421809.0,-128685991.2
2016-04-05,53.255587,193371809.0,50592807.65
2016-04-06,53.68425,194821809.0,77842162.5
2016-04-07,53.149702,194671809.0,-7972455.3
2016-04-08,53.402055,194121809.0,-29371130.25
2016-04-11,53.021199,193921809.0,-10604239.8
2016-04-12,53.341947,194921809.0,53341947.0
2016-04-13,52.938992,194771809.0,-7940848.8
2016-04-14,52.735755,193671809.0,-58009330.5
2016-04-15,53.034966,192171809.0,-79552449.0
2016-04-18,53.223681,194671809.0,133059202.5
2016-04-19,53.296795,192521809.0,-114588109.25
2016-04-20,52.608826,192871809.0,18413089.1
2016-04-21,51.740336,190771809.0,-108654705.6
2016-04-22,51.922051,185371809.0,-280379075.40000004
2016-04-25,52.297286,180621809.0,-248412108.5
2016-04-26,52.135483,181421809.0,41708386.4
2016-04-27,52.38036,179971809.0,-75951522.0
2016-04-28,52.388565,179371809.0,-31433139.0
2016-04-29,52.325567,178721809.0,-34011618.55
2016-05-02,52.873449,178421809.0,-15862034.700000001
2016-05-03,52.80556,177921809.0,-26402780.0
2016-05-04,52.950863,180971809.0,161500132.15
2016-05-05,52.984812,181371809.0,21193924.8
2016-05-06,53.222684,179921809.0,-77172891.8
2016-05-09,53.536279,179421809.0,-26768139.5
2016-05-10,54.048413,179171809.0,-13512103.25
2016-05-11,53.632653,177971809.0,-64359183.599999994
2016-05-12,53.922541,178171809.0,10784508.200000001
2016-05-13,53.279823,178571809.0,21311929.2
2016-05-16,53.567963,178771809.0,10713592.6
2016-05-17,52.553713,180221809.0,76202883.85000001
2016-05-18,52.00366,177871809.0,-122208601.00000001
2016-05-19,52.412703,174871809.0,-157238109.0
2016-05-20,52.186419,175821809.0,49577098.05
2016-05-23,52.189861,175521809.0,-15656958.3
2016-05-24,52.664174,178621809.0,163258939.4
2016-05-25,52.754417,185371809.0,356092314.75
2016-05-26,52.929676,183171809.0,-116445287.2
2016-05-27,52.996398,183371809.0,10599279.6
2016-05-31,52.729409,182571809.0,-42183527.199999996
2016-06-01,53.145182,181221809.0,-71745995.7
2016-06-02,53.225709,181571809.0,18628998.150000002
2016-06-03,53.547586,182071809.0,26773793.0
2016-06-06,53.555791,184421809.0,125856108.85
2016-06-07,53.526977,183371809.0,-56203325.85
2016-06-08,53.849358,182921809.0,-24232211.1
2016-06-09,54.056118,182721809.0,-10811223.6
2016-06-10,54.113735,182721809.0,0.0
2016-06-13,53.705191,183371809.0,34908374.15
2016-06-14,53.859839,182371809.0,-53859839.0
2016-06-15,53.700214,182521809.0,8055032.100000001
2016-06-16,54.026511,182771809.0,13506627.75
2016-06-17,53.455984,183221809.0,24055192.8
2016-06-20,53.575422,182171809.0,-56254193.1
2016-06-21,53.778241,181371809.0,-43022592.800000004
2016-06-22,53.777589,182371809.0,53777589.0
2016-06-23,54.136379,181721809.0,-35188646.35
2016-06-24,53.112098,182221809.0,26556049.0
2016-06-27,52.992035,183271809.0,55641636.75
2016-06-28,53.316335,181571809.0,-90637769.5
2016-06-29,53.943991,180921809.0,-35063594.15
2016-06-30,55.138914,182421809.0,82708371.0
2016-07-01,54.962728,183171809.0,41222046.0
2016-07-05,55.239432,180871809.0,-127050693.60000001
2016-07-06,55.245297,183671809.0,154686831.6
2016-07-07,55.164909,192171809.0,468901726.5
2016-07-08,55.719084,188071809.0,-228448244.4
2016-07-11,55.724336,187971809.0,-5572433.600000001
2016-07-12,55.417979,187171809.0,-44334383.2
2016-07-13,55.692865,182721809.0,-247833249.25
2016-07-14,55.737306,182271809.0,-25081787.7
2016-07-15,55.72985,178021809.0,-236851862.5
2016-07-18,55.646022,177821809.0,-11129204.4
2016-07-19,55.568175,175471809.0,-130585211.24999999
2016-07-20,55.41775,176921809.0,80355737.5
2016-07-21,55.245041,176821809.0,-5524504.1
2016-07-22,55.502958,179421809.0,144307690.8
2016-07-25,55.429079,175771809.0,-202316138.35
2016-07-26,54.997129,175971809.0,10999425.8
2016-07-27,54.195246,174421809.0,-84002631.3
2016-07-28,54.450437,170871809.0,-193299051.35
2016-07-29,54.689424,171521809.0,35548125.6
2016-08-01,54.754003,173871809.0,128671907.05
2016-08-02,54.684986,173771809.0,-5468498.600000001
2016-08-03,54.409759,172921809.0,-46248295.15
2016-08-04,54.501474,171321809.0,-87202358.4
2016-08-05,54.621905,172321809.0,54621905.0
2016-08-08,54.545559,169621809.0,-147273009.29999998
2016-08-09,54.683193,168671809.0,-51949033.35
2016-08-10,54.91702,170721809.0,112579891.0
2016-08-11,54.889609,171121809.0,21955843.6
2016-08-12,55.067599,169821809.0,-71587878.7
2016-08-15,54.983298,169871809.0,2749164.9
2016-08-16,54.721965,168471809.0,-76610751.0
2016-08-17,54.910225,167721809.0,-41182668.75
2016-08-18,55.077683,168871809.0,63339335.45
2016-08-19,54.941659,170171809.0,71424156.7
2016-08-22,54.990906,170071809.0,-5499090.600000001
2016-08-23,54.878696,168621809.0,-79574109.2
2016-08-24,54.794153,167021809.0,-87670644.8
2016-08-25,54.564601,167671809.0,35466990.65
2016-08-26,54.30461,166821809.0,-46158918.5
2016-08-29,54.611014,164521809.0,-125605332.19999999
2016-08-30,54.332253,166321809.0,97798055.4
2016-08-31,54.420812,165671809.0,-35373527.8
2016-09-01,54.428498,165671809.0,0.0
2016-09-02,54.800843,163521809.0,-117821812.45
2016-09-06,54.941275,164821809.0,71423657.5
2016-09-07,54.44002,165521809.0,38108014.0
2016-09-08,54.192433,166371809.0,46063568.050000004
2016-09-09,52.693362,166271809.0,-5269336.2
2016-09-12,53.673283,166721809.0,24152977.349999998
2016-09-13,53.007416,165871809.0,-45056303.6
2016-09-14,52.844462,165571809.0,-15853338.6
2016-09-15,53.281799,164821809.0,-39961349.25
2016-09-16,52.789108,164671809.0,-7918366.2
2016-09-19,52.703237,168271809.0,189731653.20000002
2016-09-20,52.815746,167021809.0,-66019682.5
2016-09-21,53.119933,168471809.0,77023902.85000001
2016-09-22,53.592554,169921809.0,77709203.3
2016-09-23,53.325055,173971809.0,215966472.75
2016-09-26,52.86727,169921809.0,-214112443.5
2016-09-27,53.121215,167271809.0,-140771219.75
2016-09-28,53.191003,166021809.0,-66488753.75
2016-09-29,52.701844,166021809.0,0.0
2016-09-30,53.213631,166721809.0,37249541.7
2016-10-03,52.895213,167121809.0,21158085.2
2016-10-04,52.425286,170071809.0,154654593.7
2016-10-05,52.36973,168071809.0,-104739460.0
2016-10-06,52.440649,168171809.0,5244064.9
2016-10-07,52.328235,171121809.0,154368293.25
2016-10-10,52.355104,170921809.0,-10471020.799999999
2016-10-11,52.053687,170121809.0,-41642949.599999994
2016-10-12,52.31929,165971809.0,-217125053.5
2016-10-13,52.33066,166171809.0,10466132.0
2016-10-14,52.357574,170221809.0,212048174.7
2016-10-17,52.125968,167771809.0,-127708621.6
2016-10-18,52.2829,170221809.0,128093105.0
2016-10-19,51.992147,164921809.0,-275558379.1
2016-10-20,51.938952,164921809.0,0.0
2016-10-21,52.213365,159271809.0,-295005512.25
2016-10-24,52.564922,157021809.0,-118271074.5
2016-10-25,52.715896,157021809.0,0.0
2016-10-26,52.701937,155221809.0,-94863486.60000001
2016-10-27,52.435596,154571809.0,-34083137.4
2016-10-28,52.678673,154821809.0,13169668.25
2016-10-31,52.795183,154921809.0,5279518.3
2016-11-01,52.546879,155821809.0,47292191.099999994
2016-11-02,52.456172,157921809.0,110157961.2
2016-11-03,52.091777,157771809.0,-7813766.55
2016-11-04,51.584067,153521809.0,-219232284.75
2016-11-07,52.503755,151871809.0,-86631195.75
2016-11-08,52.717625,152421809.0,28994693.75
2016-11-09,52.017476,153121809.0,36412233.2
2016-11-10,50.602461,148921809.0,-212530336.2
2016-11-11,50.523186,143371809.0,-280403682.3
2016-11-14,50.432206,142571809.0,-40345764.8
2016-11-15,50.801475,154421809.0,601997478.75
2016-11-16,50.790817,153821809.0,-30474490.2
2016-11-17,50.700778,153871809.0,2535038.9
2016-11-18,50.513184,153121809.0,-37884888.0
2016-11-21,50.849059,153671809.0,27966982.45
2016-11-22,51.111518,155721809.0,104778611.89999999
2016-11-23,50.824158,149421809.0,-320192195.4
2016-11-25,51.230175,148921809.0,-25615087.5
2016-11-28,51.301243,149771809.0,43606056.55
2016-11-29,51.366277,151221809.0,74481101.64999999
2016-11-30,50.560294,150271809.0,-48032279.3
2016-12-01,50.215573,146171809.0,-205883849.29999998
2016-12-02,50.546494,141921809.0,-214822599.5
2016-12-05,50.596746,146371809.0,225155519.70000002
2016-12-06,50.745668,151221809.0,246116489.8
2016-12-07,51.520906,151371809.0,7728135.899999999
2016-12-08,51.324398,154471809.0,159105633.8
2016-12-09,52.019148,150871809.0,-187268932.8
2016-12-12,52.254945,149771809.0,-57480439.5
2016-12-13,52.474131,151421809.0,86582316.15
2016-12-14,51.934449,151371809.0,-2596722.45
2016-12-15,52.177833,149671809.0,-88702316.1
2016-12-16,52.052271,146471809.0,-166567267.2
2016-12-19,52.130491,151571809.0,265865504.1
2016-12-20,52.042037,152271809.0,36429425.9
2016-12-21,52.053957,155671809.0,176983453.79999998
2016-12-22,51.965519,154371809.0,-67555174.7
2016-12-23,52.053208,155021809.0,33834585.199999996
2016-12-27,52.065302,155321809.0,15619590.600000001
2016-12-28,51.755686,157121809.0,93160234.8
2016-12-29,51.964666,156871809.0,-12991166.5
2016-12-30,51.718566,160371809.0,181014981.0
2017-01-03,51.878263,160671809.0,15563478.899999999
2017-01-04,51.926974,163521809.0,147991875.9
2017-01-05,52.034493,160821809.0,-140493131.1
2017-01-06,52.071135,163171809.0,122367167.25
2017-01-09,51.721687,162971809.0,-10344337.4
2017-01-10,51.427709,162721809.0,-12856927.25
2017-01-11,51.558342,163321809.0,30935005.200000003
2017-01-12,51.527355,158721809.0,-237025833.0
2017-01-13,51.52915,154521809.0,-216422430.0
2017-01-17,52.237642,152471809.0,-107087166.10000001
2017-01-18,52.411906,152271809.0,-10482381.200000001
2017-01-19,52.221897,154521809.0,117499268.25
2017-01-20,52.577383,159921809.0,283917868.2
2017-01-23,52.498659,163471809.0,186370239.45000002
2017-01-24,52.898007,159671809.0,-201012426.6
2017-01-25,52.91467,158671809.0,-52914670.0
2017-01-26,52.690119,157071809.0,-84304190.4
2017-01-27,52.358949,155521809.0,-81156370.95
2017-01-30,52.38135,156271809.0,39286012.5
2017-01-31,52.573374,157521809.0,65716717.5
2017-02-01,52.277423,159521809.0,104554846.0
2017-02-02,52.689852,153971809.0,-292428678.6
2017-02-03,52.959809,148271809.0,-301870911.3
2017-02-06,52.732453,140471809.0,-411313133.4
2017-02-07,53.163744,142471809.0,106327488.0
2017-02-08,53.392021,142421809.0,-2669601.05
2017-02-09,53.608797,142621809.0,10721759.4
2017-02-10,53.576815,146021809.0,182161171.0
2017-02-13,53.609913,148021809.0,107219826.0
2017-02-14,53.657028,156371809.0,448036183.79999995
2017-02-15,54.108107,155371809.0,-54108107.0
2017-02-16,54.136816,151871809.0,-189478856.0
2017-02-17,54.502221,149171809.0,-147155996.7
2017-02-21,55.026634,150871809.0,93545277.8
2017-02-22,54.953137,154871809.0,219812548.0
2017-02-23,55.060664,154421809.0,-24777298.8
2017-02-24,55.304458,156171809.0,96782801.5
2017-02-27,54.999466,158071809.0,104498985.39999999
2017-02-28,55.108576,160221809.0,118483438.4
2017-03-01,55.364647,164021809.0,210385658.6
2017-03-02,55.346023,165571809.0,85786335.65
2017-03-03,55.117423,159471809.0,-336216280.3
2017-03-06,54.877183,160471809.0,54877183.0
2017-03-07,54.809494,161921809.0,79473766.3
2017-03-08,54.692351,163521809.0,87507761.60000001
2017-03-09,54.816574,163521809.0,0.0
2017-03-10,55.065341,165221809.0,93611079.69999999
2017-03-13,55.067891,163571809.0,-90862020.15
2017-03-14,54.976329,162971809.0,-32985797.4
2017-03-15,55.377779,160471809.0,-138444447.5
2017-03-16,55.400787,161271809.0,44320629.6
2017-03-17,55.016742,161771809.0,27508371.0
2017-03-20,55.084974,158371809.0,-187288911.6
2017-03-21,55.01036,158771809.0,22004144.0
2017-03-22,54.933286,160521809.0,96133250.5
2017-03-23,54.802022,159571809.0,-52061920.9
2017-03-24,54.660199,159071809.0,-27330099.5
2017-03-27,54.630735,158121809.0,-51899198.25
2017-03-28,54.768746,158971809.0,46553434.1
2017-03-29,54.85544,161021809.0,112453652.0
2017-03-30,54.718267,161821809.0,43774613.6
2017-03-31,54.602821,161671809.0,-8190423.149999999
2017-04-03,54.509828,162921809.0,68137285.0
2017-04-04,54.646216,160371809.0,-139347850.8
2017-04-05,54.563358,159121809.0,-68204197.5
2017-04-06,54.565051,159571809.0,24554272.95
2017-04-07,54.698872,158271809.0,-71108533.60000001
2017-04-10,54.848832,158971809.0,38394182.4
2017-04-11,54.877183,159771809.0,43901746.4
2017-04-12,55.096524,160171809.0,22038609.6
2017-04-13,54.811878,161921809.0,95920786.5
2017-04-17,55.207233,163371809.0,80050487.85000001
2017-04-18,55.485072,164471809.0,61033579.2
2017-04-19,55.247578,166021809.0,85633745.89999999
2017-04-20,55.121508,165021809.0,-55121508.0
2017-04-21,54.985984,165421809.0,21994393.6
2017-04-24,55.511414,165421809.0,0.0
2017-04-25,55.701213,164021809.0,-77981698.2
2017-04-26,55.254414,163021809.0,-55254414.0
2017-04-27,55.188312,162571809.0,-24834740.400000002
2017-04-28,55.174407,162021809.0,-30345923.85
2017-05-01,54.904361,160621809.0,-76866105.4
2017-05-02,54.5931,161721809.0,60052410.0
2017-05-03,54.668999,162521809.0,43735199.2
2017-05-04,55.098175,164071809.0,85402171.25
2017-05-05,55.238495,163971809.0,-5523849.5
2017-05-08,55.221289,163821809.0,-8283193.35
2017-05-09,54.998475,163121809.0,-38498932.5
2017-05-10,55.058272,161021809.0,-115622371.2
2017-05-11,55.109267,160471809.0,-30310096.85
2017-05-12,54.973656,160021809.0,-24738145.2
2017-05-15,55.174177,159671809.0,-19310961.95
2017-05-16,55.086177,159571809.0,-5508617.7
2017-05-17,55.001231,161221809.0,90752031.14999999
2017-05-18,55.02821,160771809.0,-24762694.5
2017-05-19,55.342727,160771809.0,0.0
2017-05-22,55.678519,161771809.0,55678519.0
2017-05-23,55.703971,160921809.0,-47348375.35
2017-05-24,55.951836,159321809.0,-89522937.6
2017-05-25,56.312291,159321809.0,0.0
2017-05-26,56.504224,156471809.0,-161037038.4
2017-05-30,56.486546,155571809.0,-50837891.4
2017-05-31,56.666102,156971809.0,79332542.8
2017-06-01,57.098505,155921809.0,-59953430.25
2017-06-02,57.292608,160871809.0,283598409.6
2017-06-05,57.343085,163471809.0,149092021.0
2017-06-06,57.191922,169721809.0,357449512.5
2017-06-07,57.162623,177821809.0,463017246.3
2017-06-08,56.730057,177621809.0,-11346011.4
2017-06-09,56.696357,179921809.0,130401621.1
2017-06-12,56.662994,180521809.0,33997796.4
2017-06-13,56.765804,181171809.0,36897772.6
2017-06-14,57.090063,183321809.0,122743635.45
2017-06-15,56.97061,186421809.0,176608891.0
2017-06-16,55.941566,187571809.0,64332800.9
2017-06-19,56.224082,189371809.0,101203347.60000001
2017-06-20,55.993247,192121809.0,153981429.25
2017-06-21,55.824235,191021809.0,-61406658.5
2017-06-22,55.470523,185371809.0,-313408454.95
2017-06-23,55.485526,185171809.0,-11097105.2
2017-06-26,55.703069,184071809.0,-61273375.9
2017-06-27,55.214846,184171809.0,5521484.600000001
2017-06-28,55.445907,184171809.0,0.0
2017-06-29,54.827323,183871809.0,-16448196.9
2017-06-30,54.948496,179971809.0,-214299134.4
2017-07-03,54.877621,176821809.0,-172864506.15
2017-07-05,54.839012,177421809.0,32903407.2
2017-07-06,54.538301,178971809.0,84534366.55
2017-07-07,54.49827,177621809.0,-73572664.5
2017-07-10,54.132735,176821809.0,-43306188.0
2017-07-11,53.979513,176721809.0,-5397951.3
2017-07-12,54.277857,176371809.0,-18997249.95
2017-07-13,54.304706,176171809.0,-10860941.200000001
2017-07-14,54.717964,173721809.0,-134059011.80000001
2017-07-17,54.761692,172971809.0,-41071269.0
2017-07-18,54.763464,172121809.0,-46548944.4
2017-07-19,54.984986,170971809.0,-63232733.9
2017-07-20,54.958714,169521809.0,-79690135.3
2017-07-21,55.091723,169621809.0,5509172.3
2017-07-24,54.892413,167021809.0,-142720273.79999998
2017-07-25,55.306786,171571809.0,251645876.3
2017-07-26,55.310621,171771809.0,11062124.2
2017-07-27,55.808392,171271809.0,-27904196.0
2017-07-28,55.346591,171121809.0,-8301988.649999999
2017-07-31,55.312789,173371809.0,124453775.25
2017-08-01,55.271004,174021809.0,35926152.6
2017-08-02,55.238884,168321809.0,-314861638.8
2017-08-03,55.138209,163171809.0,-283961776.35
2017-08-04,55.029541,158571809.0,-253135888.6
2017-08-07,55.44043,153621809.0,-274430128.5
2017-08-08,55.226909,152921809.0,-38658836.3
2017-08-09,55.333949,153771809.0,47033856.65
2017-08-10,55.071747,154621809.0,46810984.95
2017-08-11,55.122131,152971809.0,-90951516.15
2017-08-14,55.411548,152921809.0,-2770577.4000000004
2017-08-15,55.647715,153921809.0,55647715.0
2017-08-16,55.854115,152971809.0,-53061409.25
2017-08-17,55.355416,152521809.0,-24909937.2
2017-08-18,55.179043,151921809.0,-33107425.8
2017-08-21,55.406934,151421809.0,-27703467.0
2017-08-22,55.436175,148821809.0,-144134055.0
2017-08-23,55.259485,144771809.0,-223800914.25
2017-08-24,54.49554,146871809.0,114440634.0
2017-08-25,54.638842,148871809.0,109277684.0
2017-08-28,54.523741,148621809.0,-13630935.25
2017-08-29,54.674871,148721809.0,5467487.100000001
2017-08-30,54.708687,149671809.0,51973252.65
2017-08-31,54.728463,149171809.0,-27364231.5
2017-09-01,54.963249,149821809.0,35726111.85
2017-09-05,55.078504,159221809.0,517737937.6
2017-09-06,55.271364,158121809.0,-60798500.4
2017-09-07,55.383163,165371809.0,401527931.75
2017-09-08,55.063395,168771809.0,187215543.0
2017-09-11,55.433585,167271809.0,-83150377.5
2017-09-12,55.532231,169121809.0,102734627.35000001
2017-09-13,55.582839,170971809.0,102828252.15
2017-09-14,55.462534,170171809.0,-44370027.199999996
2017-09-15,55.240412,170621809.0,24858185.4
2017-09-18,55.264252,173821809.0,176845606.4
2017-09-19,55.102303,175471809.0,90918799.95
2017-09-20,54.606586,173071809.0,-131055806.4
2017-09-21,54.064411,169621809.0,-186522217.95
2017-09-22,53.947558,167421809.0,-118684627.60000001
2017-09-25,54.309876,163721809.0,-200946541.20000002
2017-09-26,54.410101,163171809.0,-29925555.549999997
2017-09-27,54.020944,161871809.0,-70227227.2
2017-09-28,54.031028,162321809.0,24313962.599999998
2017-09-29,53.986425,162421809.0,5398642.5
2017-10-02,53.872155,163171809.0,40404116.25
2017-10-03,53.909093,162271809.0,-48518183.699999996
2017-10-04,54.112973,156871809.0,-292210054.2
2017-10-05,54.337279,153271809.0,-195614204.4
2017-10-06,53.830876,147721809.0,-298761361.8
2017-10-09,53.657123,147271809.0,-24145705.349999998
2017-10-10,54.145918,143321809.0,-213876376.1
2017-10-11,54.257701,144471809.0,62396356.15
2017-10-12,54.478774,145821809.0,73546344.9
2017-10-13,54.546361,145471809.0,-19091226.349999998
2017-10-16,54.578533,148521809.0,166464525.65
2017-10-17,54.370494,148221809.0,-16311148.200000001
2017-10-18,54.308211,148621809.0,21723284.4
2017-10-19,54.021657,147321809.0,-70228154.1
2017-10-20,53.913696,147571809.0,13478424.0
2017-10-23,53.855025,147071809.0,-26927512.5
2017-10-24,53.683688,146571809.0,-26841844.0
2017-10-25,53.514456,144871809.0,-90974575.2
2017-10-26,53.578322,144771809.0,-5357832.2
2017-10-27,53.119424,145771809.0,53119424.0
2017-10-30,52.64006,145771809.0,0.0
2017-10-31,53.097605,145821809.0,2654880.25
2017-11-01,53.247281,146121809.0,15974184.3
2017-11-02,53.119411,147721809.0,84991057.6
2017-11-03,53.136172,146971809.0,-39852129.0
2017-11-06,52.574184,146121809.0,-44688056.4
2017-11-07,53.163001,144721809.0,-74428201.4
2017-11-08,53.734483,143721809.0,-53734483.0
2017-11-09,53.721262,146121809.0,128931028.80000001
2017-11-10,54.25874,147371809.0,67823425.0
2017-11-13,54.589894,147571809.0,10917978.8
2017-11-14,54.769267,147371809.0,-10953853.4
2017-11-15,54.18399,148671809.0,70439187.0
2017-11-16,54.936466,149271809.0,32961879.6
2017-11-17,54.74214,149221809.0,-2737107.0
2017-11-20,54.704388,149421809.0,10940877.6
2017-11-21,54.870135,148571809.0,-46639614.75
2017-11-22,54.785238,149271809.0,38349666.6
2017-11-24,54.770669,149821809.0,30123867.95
2017-11-27,54.804282,149021809.0,-43843425.6
2017-11-28,55.240417,147921809.0,-60764458.7
2017-11-29,55.528658,148271809.0,19435030.3
2017-11-30,56.048973,148921809.0,36431832.449999996
2017-12-01,56.185525,148671809.0,-14046381.25
2017-12-04,56.731701,152471809.0,215580463.8
2017-12-05,56.628102,155321809.0,161390090.7
2017-12-06,56.96078,162171809.0,390181343.0
2017-12-07,56.459855,167621809.0,307706209.75
2017-12-08,56.588762,167221809.0,-22635504.8
2017-12-11,56.587188,168321809.0,62245906.8
2017-12-12,56.58098,168421809.0,5658098.0
2017-12-13,56.871661,168971809.0,31279413.55
2017-12-14,56.654188,170421809.0,82148572.6
2017-12-15,56.881391,170471809.0,2844069.55
2017-12-18,56.828902,170471809.0,0.0
2017-12-19,56.91627,169921809.0,-31303948.5
2017-12-20,56.793052,171821809.0,107906798.80000001
2017-12-21,56.76361,170371809.0,-82307234.5
2017-12-22,56.864475,169221809.0,-65394146.25
2017-12-26,57.002873,168771809.0,-25651292.85
2017-12-27,56.996051,167621809.0,-65545458.65
2017-12-28,56.894268,165971809.0,-93875542.19999999
2017-12-29,56.861487,166221809.0,14215371.75
2018-01-02,56.560816,165621809.0,-33936489.6
2018-01-03,56.528618,161871809.0,-211982317.5
2018-01-04,56.692554,154371809.0,-425194155.0
2018-01-05,56.951991,150121809.0,-242045961.75
2018-01-08,57.089494,145621809.0,-256902723.0
2018-01-09,56.988522,144271809.0,-76934504.7
2018-01-10,56.704857,147521809.0,184290785.25
2018-01-11,56.647244,146921809.0,-33988346.4
2018-01-12,56.649771,144271809.0,-150121893.15
2018-01-16,56.890857,142821809.0,-82491742.64999999
2018-01-17,57.544754,144871809.0,117966745.69999999
2018-01-18,57.409357,147071809.0,126300585.4
2018-01-19,58.038024,146171809.0,-52234221.6
2018-01-22,58.45242,143921809.0,-131517944.99999999
2018-01-23,58.294403,143971809.0,2914720.15
2018-01-24,58.348433,146421809.0,142953660.85
2018-01-25,58.409777,148271809.0,108058087.45
2018-01-26,58.739188,148371809.0,5873918.8
2018-01-29,58.474136,147821809.0,-32160774.8
2018-01-30,58.068054,146471809.0,-78391872.89999999
2018-01-31,57.815019,145521809.0,-54924268.05
2018-02-01,57.553878,146571809.0,60431571.9
2018-02-02,56.508663,146621809.0,2825433.15
2018-02-05,54.436319,145371809.0,-68045398.75
2018-02-06,55.005339,147221809.0,101759877.15
2018-02-07,54.769488,147521809.0,16430846.4
2018-02-08,53.597253,148071809.0,29478489.150000002
2018-02-09,53.716196,146971809.0,-59087815.599999994
2018-02-12,54.267903,145321809.0,-89542039.94999999
2018-02-13,54.505042,139771809.0,-302502983.1
2018-02-14,54.478498,137671809.0,-114404845.8
2018-02-15,55.36717,131971809.0,-315592869.0
2018-02-16,55.593914,135771809.0,211256873.2
2018-02-20,54.355812,134371809.0,-76098136.8
2018-02-21,53.669517,137371809.0,161008551.0
2018-02-22,53.809278,137471809.0,5380927.8
2018-02-23,54.346324,137871809.0,21738529.6
2018-02-26,54.696472,141021809.0,172293886.8
2018-02-27,53.960752,141271809.0,13490188.0
2018-02-28,53.41763,139821809.0,-77455563.5
2018-03-01,53.268465,138321809.0,-79902697.5
2018-03-02,53.72268,140021809.0,91328556.0
2018-03-05,54.209564,146321809.0,341520253.2
2018-03-06,54.248034,144971809.0,-73234845.89999999
2018-03-07,53.744256,149071809.0,220351449.6
2018-03-08,54.257585,150271809.0,65109102.0
2018-03-09,54.605832,150671809.0,21842332.8
2018-03-12,54.484091,148121809.0,-138934432.05
2018-03-13,54.467541,149271809.0,62637672.15
2018-03-14,53.890192,156171809.0,371842324.8
2018-03-15,53.528389,156171809.0,0.0
2018-03-16,53.251453,157121809.0,50588880.35
2018-03-19,52.725141,160721809.0,189810507.6
2018-03-20,52.562265,162321809.0,84099624.0
2018-03-21,51.933456,160971809.0,-70110165.6
2018-03-22,51.498218,158571809.0,-123595723.2
2018-03-23,50.868973,159321809.0,38151729.75
2018-03-26,51.561093,159321809.0,0.0
2018-03-27,51.575373,163321809.0,206301492.0
2018-03-28,52.269719,164721809.0,73177606.60000001
2018-03-29,52.62563,169421809.0,247340461.0
2018-04-02,51.34687,166621809.0,-143771236.0
2018-04-03,52.014616,161971809.0,-241867964.39999998
2018-04-04,52.813846,157471809.0,-237662307.0
2018-04-05,52.961308,147871809.0,-508428556.8
2018-04-06,52.447773,145221809.0,-138986598.45
2018-04-09,52.370982,143371809.0,-96886316.7
2018-04-10,52.53074,147371809.0,210122960.0
2018-04-11,52.424063,144871809.0,-131060157.49999999
2018-04-12,52.328605,145871809.0,52328605.0
2018-04-13,52.577184,142821809.0,-160360411.20000002
2018-04-16,53.148801,142871809.0,2657440.05
2018-04-17,53.280478,142921809.0,2664023.9
2018-04-18,52.868564,142921809.0,0.0
2018-04-19,51.339337,142521809.0,-20535734.8
2018-04-20,50.48278,144421809.0,95917282.0
2018-04-23,50.422311,143521809.0,-45380079.9
2018-04-24,50.132303,143371809.0,-7519845.45
2018-04-25,50.197439,145671809.0,115454109.7
2018-04-26,50.49855,150921809.0,265117387.5
2018-04-27,50.771963,149671809.0,-63464953.75
2018-04-30,50.463577,149821809.0,7569536.55
2018-05-01,50.013431,152821809.0,150040293.0
2018-05-02,49.02707,150471809.0,-115213614.5
2018-05-03,48.98895,153621809.0,154315192.5
2018-05-04,49.691463,156871809.0,161497254.75
2018-05-07,49.388147,155021809.0,-91368071.94999999
2018-05-08,49.170067,153421809.0,-78672107.2
2018-05-09,49.240258,154371809.0,46778245.099999994
2018-05-10,49.567909,152671809.0,-84265445.3
2018-05-11,49.533708,152221809.0,-22290168.599999998
2018-05-14,49.534826,150721809.0,-74302239.0
2018-05-15,49.32957,150921809.0,9865914.0
2018-05-16,49.713433,151821809.0,44742089.7
2018-05-17,49.866006,150021809.0,-89758810.8
2018-05-18,49.533416,148071809.0,-96590161.2
2018-05-21,49.746471,148671809.0,29847882.6
2018-05-22,49.640398,148071809.0,-29784238.799999997
2018-05-23,49.869853,149071809.0,49869853.0
2018-05-24,49.802034,149271809.0,9960406.799999999
2018-05-25,49.877838,149721809.0,22445027.099999998
2018-05-29,49.78255,149721809.0,0.0
2018-05-30,50.439836,151221809.0,75659754.0
2018-05-31,49.67124,151671809.0,22352058.0
2018-06-01,49.663088,152521809.0,42213624.800000004
2018-06-04,50.073062,150171809.0,-117671695.7
2018-06-05,49.819724,146871809.0,-164405089.2
2018-06-06,49.890657,146671809.0,-9978131.4
2018-06-07,50.198398,146371809.0,-15059519.399999999
2018-06-08,50.843969,145071809.0,-66097159.7
2018-06-11,51.237182,144721809.0,-17933013.7
2018-06-12,51.340662,146571809.0,94980224.7
2018-06-13,51.162354,147321809.0,38371765.5
2018-06-14,51.262762,150621809.0,169167114.6
2018-06-15,51.534021,153221809.0,133988454.60000001
2018-06-18,50.780476,150971809.0,-114256071.0
2018-06-19,51.043022,156171809.0,265423714.4
2018-06-20,51.10692,156021809.0,-7666038.0
2018-06-21,51.196324,157171809.0,58875772.599999994
2018-06-22,51.632673,157671809.0,25816336.5
2018-06-25,51.861627,158971809.0,67420115.1
2018-06-26,51.651494,162421809.0,178197654.3
2018-06-27,51.506603,162121809.0,-15451980.9
2018-06-28,51.568415,164921809.0,144391562.0
2018-06-29,51.498821,166071809.0,59223644.15
2018-07-02,51.2405,163721809.0,-120415175.0
2018-07-03,51.329155,163221809.0,-25664577.5
2018-07-05,52.084238,163521809.0,15625271.4
2018-07-06,52.239097,163521809.0,0.0
2018-07-09,51.996023,162771809.0,-38997017.25
2018-07-10,52.634407,163921809.0,60529568.050000004
2018-07-11,52.451772,164521809.0,31471063.2
2018-07-12,52.405529,165071809.0,28823040.95
2018-07-13,52.729653,163371809.0,-89640410.1
2018-07-16,52.481036,163171809.0,-10496207.200000001
2018-07-17,52.91184,162171809.0,-52911840.0
2018-07-18,52.542819,162521809.0,18389986.650000002
2018-07-19,52.542556,165721809.0,168136179.2
2018-07-20,52.834083,164371809.0,-71326012.05
2018-07-23,52.551033,171121809.0,354719472.75
2018-07-24,52.628558,169621809.0,-78942837.0
2018-07-25,52.982652,168421809.0,-63579182.4
2018-07-26,53.316929,171171809.0,146621554.75
2018-07-27,53.366733,170371809.0,-42693386.400000006
2018-07-30,53.311851,170371809.0,0.0
2018-07-31,53.559968,171271809.0,48203971.199999996
2018-08-01,53.088656,169221809.0,-108831744.8
2018-08-02,53.660978,167771809.0,-77808418.1
2018-08-03,54.294625,167871809.0,5429462.5
2018-08-06,54.310736,172371809.0,244398312.0
2018-08-07,54.004125,172121809.0,-13501031.25
2018-08-08,53.589344,172221809.0,5358934.399999999
2018-08-09,53.436609,170721809.0,-80154913.5
2018-08-10,53.257024,173321809.0,138468262.4
2018-08-13,53.226004,174821809.0,79839006.0
2018-08-14,53.57895,174021809.0,-42863160.0
2018-08-15,53.802321,173171809.0,-45731972.85
2018-08-16,54.629046,175121809.0,106526639.7
2018-08-17,55.021695,173521809.0,-88034712.0
2018-08-20,55.007917,172971809.0,-30254354.349999998
2018-08-21,54.582867,172521809.0,-24562290.15
2018-08-22,54.243654,170121809.0,-130184769.6
2018-08-23,54.114254,170471809.0,18939988.900000002
2018-08-24,54.047234,170471809.0,0.0
2018-08-27,54.082163,171571809.0,59490379.300000004
2018-08-28,53.912558,171121809.0,-24260651.099999998
2018-08-29,53.96274,168521809.0,-140303124.0
2018-08-30,53.807133,172521809.0,215228532.0
2018-08-31,53.823637,174071809.0,83426637.35
2018-09-04,53.67629,170121809.0,-212021345.5
2018-09-05,54.288799,170021809.0,-5428879.899999999
2018-09-06,54.467618,172821809.0,152509330.4
2018-09-07,54.346253,173671809.0,46194315.05
2018-09-10,54.542254,172621809.0,-57269366.7
2018-09-11,54.347905,172571809.0,-2717395.25
2018-09-12,54.968547,171571809.0,-54968547.0
2018-09-13,54.895849,178021809.0,354078226.05
2018-09-14,54.769501,173771809.0,-232770379.25
2018-09-17,54.966205,173771809.0,0.0
2018-09-18,54.712197,175121809.0,73861465.95
2018-09-19,54.632787,171521809.0,-196678033.2
2018-09-20,55.27877,176021809.0,248754465.0
2018-09-21,55.024951,177221809.0,66029941.2
2018-09-24,54.211891,176071809.0,-62343674.65
2018-09-25,53.870759,175221809.0,-45790145.15
2018-09-26,53.893721,171371809.0,-207490825.85
2018-09-27,53.791114,171371809.0,0.0
2018-09-28,53.920994,170971809.0,-21568397.6
2018-10-01,53.879708,171671809.0,37715795.6
2018-10-02,54.196881,171221809.0,-24388596.45
2018-10-03,53.626484,171671809.0,24131917.8
2018-10-04,53.492168,169071809.0,-139079636.8
2018-10-05,53.456505,166821809.0,-120277136.25
2018-10-08,54.15935,166821809.0,0.0
2018-10-09,54.048347,165921809.0,-48643512.3
2018-10-10,53.337539,169421809.0,186681386.5
2018-10-11,52.091714,169671809.0,13022928.5
2018-10-12,52.389055,168871809.0,-41911244.0
2018-10-15,52.696557,170121809.0,65870696.25
2018-10-16,53.280137,170771809.0,34632089.050000004
2018-10-17,53.537308,170021809.0,-40152981.0
2018-10-18,53.466603,173371809.0,179113120.05
2018-10-19,54.705418,166571809.0,-371996842.40000004
2018-10-22,54.285567,168221809.0,89571185.55
2018-10-23,54.492001,166821809.0,-76288801.4
2018-10-24,54.761389,168321809.0,82142083.5
2018-10-25,54.83779,169521809.0,65805348.0
2018-10-26,53.902062,168071809.0,-78157989.9
2018-10-29,54.439422,168121809.0,2721971.1
2018-10-30,55.525848,168021809.0,-5552584.800000001
2018-10-31,55.046783,166471809.0,-85322513.64999999
2018-11-01,55.36971,167171809.0,38758797.0
2018-11-02,55.189018,169321809.0,118656388.69999999
2018-11-05,55.832277,172521809.0,178663286.4
2018-11-06,56.143989,174771809.0,126323975.25
2018-11-07,56.447609,170921809.0,-217323294.65
2018-11-08,56.479499,170971809.0,2823974.9499999997
2018-11-09,56.838719,172271809.0,73890334.7
2018-11-12,56.52614,171471809.0,-45220912.0
2018-11-13,56.339562,171471809.0,0.0
2018-11-14,56.000274,172371809.0,50400246.599999994
2018-11-15,55.888156,173071809.0,39121709.2
2018-11-16,56.027638,173421809.0,19609673.3
2018-11-19,55.946457,174671809.0,69933071.25
2018-11-20,55.0158,175721809.0,57766590.0
2018-11-21,54.588424,173221809.0,-136471060.0
2018-11-23,54.793931,173921809.0,38355751.7
2018-11-26,54.832534,174221809.0,16449760.200000001
2018-11-27,55.326075,174321809.0,5532607.5
2018-11-28,55.815894,174221809.0,-5581589.4
2018-11-29,55.874698,182571809.0,466553728.3
2018-11-30,56.384563,182671809.0,5638456.3
2018-12-03,56.325731,175521809.0,-402728976.65
2018-12-04,55.410101,178071809.0,141295757.54999998
2018-12-06,55.404528,183671809.0,310265356.8
2018-12-07,54.698063,188271809.0,251611089.79999998
2018-12-10,54.733318,187821809.0,-24629993.099999998
2018-12-11,55.187466,189071809.0,68984332.5
2018-12-12,55.110133,187871809.0,-66132159.599999994
2018-12-13,55.483384,189821809.0,108192598.8
2018-12-14,54.492276,188371809.0,-79013800.19999999
2018-12-17,53.225014,191671809.0,175642546.20000002
2018-12-18,52.617631,191371809.0,-15785289.3
2018-12-19,52.102461,197971809.0,343876242.59999996
2018-12-20,51.198036,193071809.0,-250870376.4
2018-12-21,50.19137,194121809.0,52700938.5
2018-12-24,48.688852,192871809.0,-60861065.0
2018-12-26,50.0852,190821809.0,-102674660.0
2018-12-27,50.607822,190371809.0,-22773519.9
2018-12-28,50.57128,189621809.0,-37928460.0
2018-12-31,50.779024,190271809.0,33006365.6
2019-01-02,50.537637,188521809.0,-88440864.75
2019-01-03,50.198802,187421809.0,-55218682.2
2019-01-04,51.224747,186721809.0,-35857322.9
2019-01-07,51.171651,184971809.0,-89550389.25
2019-01-08,51.685692,182921809.0,-105955668.60000001
2019-01-09,51.162721,189071809.0,314650734.15
2019-01-10,51.511129,187321809.0,-90144475.75
2019-01-11,51.640269,187371809.0,2582013.45
2019-01-14,51.386431,184671809.0,-138743363.70000002
2019-01-15,51.883472,184321809.0,-18159215.2
2019-01-16,51.602317,182521809.0,-92884170.6
2019-01-17,51.837657,187471809.0,256596402.15
2019-01-18,52.443977,188221809.0,39332982.75
2019-01-22,51.984171,191421809.0,166349347.20000002
2019-01-23,52.574171,188421809.0,-157722513.0
2019-01-24,51.931688,187721809.0,-36352181.6
2019-01-25,51.763912,185771809.0,-100939628.39999999
2019-01-28,51.965524,185821809.0,2598276.2
2019-01-29,52.049638,186121809.0,15614891.4
2019-01-30,52.416516,185771809.0,-18345780.6
2019-01-31,53.344238,185271809.0,-26672119.0
2019-02-01,53.226752,190621809.0,284763123.2
2019-02-04,53.555936,191471809.0,45522545.6
2019-02-05,53.554126,190571809.0,-48198713.4
2019-02-06,53.589867,190171809.0,-21435946.8
2019-02-07,53.539137,188471809.0,-91016532.89999999
2019-02-08,53.780795,188171809.0,-16134238.5
2019-02-11,53.924607,190271809.0,113241674.7
2019-02-12,54.364252,190471809.0,10872850.4
2019-02-13,54.50103,187921809.0,-138977626.5
2019-02-14,53.833983,185721809.0,-118434762.60000001
2019-02-15,54.356862,186321809.0,32614117.2
2019-02-19,54.629026,184021809.0,-125646759.80000001
2019-02-20,54.523147,181021809.0,-163569441.0
2019-02-21,54.680047,181921809.0,49212042.300000004
2019-02-22,54.422547,184071809.0,117008476.05
2019-02-25,54.127621,185421809.0,73072288.35
2019-02-26,54.152595,185921809.0,27076297.5
2019-02-27,54.089127,189071809.0,170380750.04999998
2019-02-28,54.330771,195221809.0,334134241.65
2019-03-01,54.204983,190521809.0,-254763420.1
2019-03-04,54.146156,190621809.0,5414615.6
2019-03-05,54.107131,191121809.0,27053565.5
2019-03-06,54.005457,190271809.0,-45904638.45
2019-03-07,53.707911,191821809.0,83247262.05
2019-03-08,53.71746,192171809.0,18801111.0
2019-03-11,54.410034,192471809.0,16323010.200000001
2019-03-12,54.396889,192671809.0,10879377.8
2019-03-13,54.769425,192671809.0,0.0
2019-03-14,54.684109,206671809.0,765577526.0
2019-03-15,54.65492,199721809.0,-379851694.0
2019-03-18,54.784271,201021809.0,71219552.3
2019-03-19,54.72487,205221809.0,229844454.0
2019-03-20,54.488272,202471809.0,-149842748.0
2019-03-21,55.148495,198571809.0,-215079130.5
2019-03-22,55.091502,198321809.0,-13772875.5
2019-03-25,55.186443,197421809.0,-49667798.699999996
2019-03-26,55.66546,195971809.0,-80714917.0
2019-03-27,55.484817,195221809.0,-41613612.75
2019-03-28,55.741606,197621809.0,133779854.39999999
2019-03-29,56.106631,192821809.0,-269311828.8
2019-04-01,55.963272,192621809.0,-11192654.4
2019-04-02,55.469941,195371809.0,152542337.75
2019-04-03,55.201229,195371809.0,0.0
2019-04-04,55.400852,196871809.0,83101278.0
2019-04-05,55.578171,198521809.0,91703982.14999999
2019-04-08,55.818241,197471809.0,-58609153.05
2019-04-09,55.732314,198171809.0,39012619.800000004
2019-04-10,55.933384,198971809.0,44746707.199999996
2019-04-11,56.016095,199171809.0,11203219.0
2019-04-12,56.158164,199921809.0,42118623.0
2019-04-15,56.52607,199571809.0,-19784124.5
2019-04-16,56.506005,201471809.0,107361409.5
2019-04-17,56.810823,208071809.0,374951431.8
2019-04-18,56.861568,197421809.0,-605575699.1999999
2019-04-22,56.867616,197121809.0,-17060284.8
2019-04-23,56.765644,197971809.0,48250797.4
2019-04-24,56.820937,196121809.0,-105118733.45
2019-04-25,56.474396,196771809.0,36708357.4
2019-04-26,56.987724,196521809.0,-14246931.0
2019-04-29,57.031605,194921809.0,-91250568.0
2019-04-30,57.711307,193471809.0,-83681395.14999999
2019-05-01,57.036663,192621809.0,-48481163.55
2019-05-02,57.001287,192421809.0,-11400257.4
2019-05-03,57.413017,192771809.0,20094555.950000003
2019-05-06,57.341841,190771809.0,-114683682.0
2019-05-07,56.776193,190771809.0,0.0
2019-05-08,56.722435,191521809.0,42541826.25
2019-05-09,56.625246,201421809.0,560589935.4
2019-05-10,57.275287,194721809.0,-383744422.9
2019-05-13,56.821426,193671809.0,-59662497.300000004
2019-05-14,57.03983,200321809.0,379314869.5
2019-05-15,57.475211,192671809.0,-439685364.15000004
2019-05-16,57.912009,191471809.0,-69494410.8
2019-05-17,57.761805,200371809.0,514080064.5
2019-05-20,57.633916,194021809.0,-365975366.6
2019-05-21,57.477775,194571809.0,31612776.25
2019-05-22,57.787094,192571809.0,-115574188.0
2019-05-23,57.726053,194071809.0,86589079.5
2019-05-24,57.526066,191571809.0,-143815165.0
2019-05-28,56.552947,190771809.0,-45242357.6
2019-05-29,56.129797,190971809.0,11225959.4
2019-05-30,56.372548,190371809.0,-33823528.800000004
2019-05-31,55.619323,190371809.0,0.0
2019-06-03,56.355887,189521809.0,-47902503.95
2019-06-04,56.820206,189571809.0,2841010.3
2019-06-05,57.531356,191421809.0,106433008.60000001
2019-06-06,58.051924,199721809.0,481830969.2
2019-06-07,58.623752,188921809.0,-633136521.6
2019-06-10,58.6517,192771809.0,225809045.0
2019-06-11,58.85812,192521809.0,-14714530.0
2019-06-12,58.9108,199071809.0,385865740.0
2019-06-13,59.047822,199121809.0,2952391.0999999996
2019-06-14,59.077665,198671809.0,-26584949.25
2019-06-17,58.91202,198671809.0,0.0
2019-06-18,58.580792,199571809.0,52722712.800000004
2019-06-19,58.846447,199371809.0,-11769289.4
2019-06-20,59.335606,210171809.0,640824544.8
2019-06-21,58.671655,199971809.0,-598450881.0
2019-06-24,58.850538,201371809.0,82390753.2
2019-06-25,58.80315,206421809.0,296955907.5
2019-06-26,57.988584,209471809.0,176865181.20000002
2019-06-27,58.047977,209771809.0,17414393.1
2019-06-28,58.104125,205521809.0,-246942531.25
2019-07-01,58.389185,205421809.0,-5838918.5
2019-07-02,58.8533,204171809.0,-73566625.0
2019-07-03,59.665333,203421809.0,-44748999.75
2019-07-05,59.376908,202621809.0,-47501526.4
2019-07-08,59.48207,203371809.0,44611552.5
2019-07-09,59.133992,208771809.0,319323556.8
2019-07-10,59.558041,204021809.0,-282900694.75
2019-07-11,59.656392,199621809.0,-262488124.79999998
2019-07-12,59.842154,199621809.0,0.0
2019-07-15,59.969132,200071809.0,26986109.400000002
2019-07-16,59.973989,200021809.0,-2998699.45
2019-07-17,59.908907,206521809.0,389407895.5
2019-07-18,60.351499,206521809.0,0.0
2019-07-19,59.909425,202471809.0,-242633171.25
2019-07-22,59.616249,202121809.0,-20865687.150000002
2019-07-23,60.005788,203071809.0,57005498.6
2019-07-24,59.648184,203371809.0,17894455.2
2019-07-25,59.627481,203071809.0,-17888244.3
2019-07-26,60.350988,202321809.0,-45263241.0
2019-07-29,60.499788,203721809.0,84699703.2
2019-07-30,60.640636,203471809.0,-15160159.0
2019-07-31,59.457123,205271809.0,107022821.4
2019-08-01,59.184488,209071809.0,224901054.4
2019-08-02,59.225952,208121809.0,-56264654.4
2019-08-05,57.669694,219821809.0,674735419.8
2019-08-06,58.213129,218521809.0,-75677067.7
2019-08-07,58.904541,216771809.0,-103082946.75
2019-08-08,59.655066,224271809.0,447412995.0
2019-08-09,59.296737,213371809.0,-646334433.3
2019-08-12,58.920256,213121809.0,-14730064.0
2019-08-13,59.593837,216721809.0,214537813.2
2019-08-14,58.648121,217321809.0,35188872.6
2019-08-15,59.532667,217921809.0,35719600.199999996
2019-08-16,60.211271,217521809.0,-24084508.400000002
2019-08-19,60.829304,224871809.0,447095384.4
2019-08-20,60.119137,227821809.0,177351454.15
2019-08-21,60.330087,231371809.0,214171808.85
2019-08-22,60.589788,223221809.0,-493806772.2
2019-08-23,59.598895,224171809.0,56618950.25
2019-08-26,60.336559,228171809.0,241346236.0
2019-08-27,60.199457,228971809.0,48159565.6
2019-08-28,60.73391,228321809.0,-39477041.5
2019-08-29,60.79241,228221809.0,-6079241.0
2019-08-30,60.723191,227821809.0,-24289276.4
2019-09-03,61.044336,227621809.0,-12208867.200000001
2019-09-04,61.593663,228971809.0,83151445.05
2019-09-05,61.205538,228421809.0,-33663045.9
2019-09-06,61.459697,214271809.0,-869654712.55
2019-09-09,61.307183,215471809.0,73568619.60000001
2019-09-10,60.90899,219521809.0,246681409.5
2019-09-11,61.182558,223171809.0,223316336.7
2019-09-12,61.36934,225921809.0,168765685.0
2019-09-13,61.041245,233471809.0,460861399.75
2019-09-16,60.473707,223021809.0,-631950238.15
2019-09-17,60.812633,226521809.0,212844215.5
2019-09-18,60.836345,227371809.0,51710893.25
2019-09-19,60.859992,227921809.0,33472995.599999998
2019-09-20,60.373332,227771809.0,-9055999.799999999
2019-09-23,60.574056,226521809.0,-75717570.0
2019-09-24,60.767885,237821809.0,686677100.5
2019-09-25,60.832349,227521809.0,-626573194.7
2019-09-26,61.150337,224721809.0,-171220943.6
2019-09-27,61.127228,236821809.0,739639458.8000001
2019-09-30,61.409561,228971809.0,-482065053.84999996
2019-10-01,61.216522,228221809.0,-45912391.5
2019-10-02,60.037315,229871809.0,99061569.75
2019-10-03,60.459247,233721809.0,232768100.95
2019-10-04,61.400103,234171809.0,27630046.35
2019-10-07,60.905176,233871809.0,-18271552.8
2019-10-08,60.331018,233221809.0,-39215161.7
2019-10-09,60.772917,242621809.0,571265419.8
2019-10-10,60.901526,232621809.0,-609015260.0
2019-10-11,60.837999,231721809.0,-54754199.1
2019-10-14,60.565016,230371809.0,-81762771.6
2019-10-15,60.311174,230271809.0,-6031117.4
2019-10-16,60.348219,230421809.0,9052232.85
2019-10-17,60.632544,233971809.0,215245531.20000002
2019-10-18,60.7307,229071809.0,-297580430.0
2019-10-21,60.930056,228371809.0,-42651039.2
2019-10-22,60.958603,234121809.0,350511967.25
2019-10-23,61.260801,225871809.0,-505401608.25
2019-10-24,61.444744,224421809.0,-89094878.8
2019-10-25,61.111733,224421809.0,0.0
2019-10-28,60.971828,223571809.0,-51826053.800000004
2019-10-29,60.985393,221771809.0,-109773707.4
2019-10-30,61.258298,220471809.0,-79635787.4
2019-10-31,61.141457,219821809.0,-39741947.050000004
2019-11-01,61.131044,219471809.0,-21395865.400000002
2019-11-04,60.545546,219471809.0,0.0
2019-11-05,60.691693,217821809.0,-100141293.45
2019-11-06,61.015318,215771809.0,-125081401.9
2019-11-07,60.77923,215421809.0,-21272730.5
2019-11-08,60.788163,215671809.0,15197040.75
2019-11-11,60.677268,215421809.0,-15169317.0
2019-11-12,60.824667,214371809.0,-63865900.35
2019-11-13,61.342565,214371809.0,0.0
2019-11-14,61.281809,217321809.0,180781336.55
2019-11-15,61.346102,222871809.0,340470866.1
2019-11-18,61.680393,216421809.0,-397838534.85
2019-11-19,61.554166,217821809.0,86175832.4
2019-11-20,61.694162,216371809.0,-89456534.89999999
2019-11-21,61.352542,216021809.0,-21473389.7
2019-11-22,61.283165,215371809.0,-39834057.25
2019-11-25,61.402936,215371809.0,0.0
2019-11-26,61.914786,212821809.0,-157882704.3
2019-11-27,62.005481,212971809.0,9300822.15
2019-11-29,61.968527,212671809.0,-18590558.1
2019-12-02,62.154839,212471809.0,-12430967.8
2019-12-03,62.036364,214971809.0,155090910.0
2019-12-04,62.471567,216021809.0,65595145.35
2019-12-05,62.445508,221071809.0,315349815.4
2019-12-06,62.660911,222321809.0,78326138.75
2019-12-09,62.757639,222421809.0,6275763.899999999
2019-12-10,62.51991,221421809.0,-62519910.0
2019-12-11,62.6013,222371809.0,59471235.0
2019-12-12,62.542638,221921809.0,-28144187.099999998
2019-12-13,62.772495,221271809.0,-40802121.75
2019-12-16,62.982875,222221809.0,59833731.25
2019-12-17,62.926613,221771809.0,-28316975.85
2019-12-18,62.770709,223771809.0,125541418.0
2019-12-19,63.175786,223471809.0,-18952735.8
2019-12-20,63.102575,222821809.0,-41016673.75
2019-12-23,62.867279,223521809.0,44007095.300000004
2019-12-24,62.889553,222371809.0,-72322985.95
2019-12-26,62.973014,221671809.0,-44081109.8
2019-12-27,63.240544,219421809.0,-142291224.0
2019-12-30,62.923454,220571809.0,72361972.1
2019-12-31,62.987867,215621809.0,-311789941.65000004
2020-01-02,62.459948,215021809.0,-37475968.8
2020-01-03,62.356213,215771809.0,46767159.75
2020-01-06,62.493244,210871809.0,-306216895.59999996
2020-01-07,62.011156,213621809.0,170530679.0
2020-01-08,62.248568,210971809.0,-164958705.2
2020-01-09,62.692885,209771809.0,-75231462.0
2020-01-10,62.646406,208921809.0,-53249445.1
2020-01-13,63.068963,207821809.0,-69375859.3
2020-01-14,63.092001,209421809.0,100947201.60000001
2020-01-15,63.488706,208771809.0,-41267658.9
2020-01-16,63.684493,208371809.0,-25473797.200000003
2020-01-17,63.845193,209321809.0,60652933.35
2020-01-21,64.020737,208821809.0,-32010368.5
2020-01-22,64.08876,211471809.0,169835213.99999997
2020-01-23,64.014302,219221809.0,496110840.5
2020-01-24,63.59845,210021809.0,-585105740.0
2020-01-27,63.408942,208971809.0,-66579389.1
2020-01-28,63.482176,209871809.0,57133958.400000006
2020-01-29,63.15358,209321809.0,-34734469.0
2020-01-30,63.874319,207571809.0,-111780058.25
2020-01-31,63.187331,208821809.0,78984163.75
2020-02-03,63.203651,208471809.0,-22121277.85
2020-02-04,63.536714,213421809.0,314506734.3
2020-02-05,64.02063,212221809.0,-76824756.0
2020-02-06,64.192965,216721809.0,288868342.5
2020-02-07,64.276122,216521809.0,-12855224.4
2020-02-10,64.517833,220121809.0,232264198.79999998
2020-02-11,64.286649,218821809.0,-83572643.7
2020-02-12,64.283849,221771809.0,189637354.55
2020-02-13,64.618481,221921809.0,9692772.15
2020-02-14,64.814111,221121809.0,-51851288.8
2020-02-18,64.542398,220971809.0,-9681359.700000001
2020-02-19,64.465823,221221809.0,16116455.75
2020-02-20,64.533231,220771809.0,-29039953.95
2020-02-21,64.672958,219071809.0,-109944028.6
2020-02-24,63.125368,220971809.0,119938199.2
2020-02-25,62.015634,224371809.0,210853155.6
2020-02-26,61.656597,226121809.0,107899044.75
2020-02-27,59.171839,226971809.0,50296063.15
2020-02-28,57.950517,226071809.0,-52155465.3
2020-03-02,61.085891,227121809.0,64140185.55
2020-03-03,60.300577,225171809.0,-117586125.14999999
2020-03-04,63.217191,223521809.0,-104308365.15
2020-03-05,62.006543,228021809.0,279029443.5
2020-03-06,61.549279,231271809.0,200035156.75
2020-03-09,58.848807,232871809.0,94158091.2
2020-03-10,60.534432,233621809.0,45400824.0
2020-03-11,57.567261,237771809.0,238904133.15
2020-03-12,52.228517,237371809.0,-20891406.799999997
2020-03-13,56.609874,243571809.0,350981218.8
2020-03-16,52.747726,235021809.0,-450993057.3
2020-03-17,57.183968,240671809.0,323089419.2
2020-03-18,55.497947,245871809.0,288589324.40000004
2020-03-19,53.85216,249871809.0,215408640.0
2020-03-20,50.432879,251671809.0,90779182.2
2020-03-23,48.612604,252471809.0,38890083.199999996
2020-03-24,51.088029,249071809.0,-173699298.6
2020-03-25,50.961667,247121809.0,-99375250.64999999
2020-03-26,53.847597,241921809.0,-280007504.4
2020-03-27,53.503835,237571809.0,-232741682.25
2020-03-30,55.59465,231621809.0,-330788167.5
2020-03-31,54.512004,230671809.0,-51786403.8
2020-04-01,53.467441,232421809.0,93568021.75
2020-04-02,54.967371,236621809.0,230862958.2
2020-04-03,55.331251,235271809.0,-74697188.85000001
2020-04-06,57.446129,229921809.0,-307336790.15
2020-04-07,56.789394,228871809.0,-59628863.7
2020-04-08,57.624382,227521809.0,-77792915.7
2020-04-09,58.151329,226971809.0,-31983230.95
2020-04-13,57.703523,230921809.0,227928915.85
2020-04-14,60.121314,230921809.0,0.0
2020-04-15,59.169075,232821809.0,112421242.5
2020-04-16,59.596608,232971809.0,8939491.200000001
2020-04-17,60.534006,234271809.0,78694207.8
2020-04-20,59.278725,234421809.0,8891808.75
2020-04-21,58.006988,234221809.0,-11601397.6
2020-04-22,58.602784,234371809.0,8790417.6
2020-04-23,58.096048,240021809.0,328242671.20000005
2020-04-24,58.714847,245321809.0,311188689.1
2020-04-27,58.915486,247421809.0,123722520.60000001
2020-04-28,59.181509,247721809.0,17754452.7
2020-04-29,58.949762,247221809.0,-29474881.0
2020-04-30,58.307233,248921809.0,99122296.1
2020-05-01,57.590222,247771809.0,-66228755.3
2020-05-04,57.586508,251321809.0,204432103.4
2020-05-05,57.651948,252821809.0,86477922.0
2020-05-06,57.00096,253671809.0,48450816.0
2020-05-07,56.839179,256171809.0,142097947.5
2020-05-08,58.156483,254821809.0,-78511252.05
2020-05-11,58.021824,255121809.0,17406547.2
2020-05-12,57.557167,255671809.0,31656441.85
2020-05-13,57.03433,253121809.0,-145437541.5
2020-05-14,56.887091,255571809.0,139373372.95
2020-05-15,57.346217,254121809.0,-83152014.65
2020-05-18,58.330286,257921809.0,221655086.8
2020-05-19,57.265684,249271809.0,-495348166.6
2020-05-20,57.889529,248921809.0,-20261335.150000002
2020-05-21,57.272749,245121809.0,-217636446.2
2020-05-22,57.476969,241721809.0,-195421694.6
2020-05-26,57.761176,243221809.0,86641764.0
2020-05-27,58.696016,242171809.0,-61630816.8
2020-05-28,59.136605,239871809.0,-136014191.5
2020-05-29,59.277001,239821809.0,-2963850.05
2020-06-01,59.655127,240571809.0,44741345.25
2020-06-02,59.79572,239571809.0,-59795720.0
2020-06-03,59.906702,239421809.0,-8986005.3
2020-06-04,59.561689,238471809.0,-56583604.550000004
2020-06-05,60.45967,238921809.0,27206851.5
2020-06-08,61.092026,238371809.0,-33600614.3
2020-06-09,60.544084,235221809.0,-190713864.6
2020-06-10,60.430961,234121809.0,-66474057.1
2020-06-11,58.109782,234571809.0,26149401.900000002
2020-06-12,58.150509,242121809.0,439036342.95
2020-06-15,58.78051,231621809.0,-617195355.0
2020-06-16,59.706071,230921809.0,-41794249.7
2020-06-17,59.608461,231721809.0,47686768.8
2020-06-18,59.935442,229471809.0,-134854744.5
2020-06-19,59.612862,229271809.0,-11922572.4
2020-06-22,58.980796,229121809.0,-8847119.4
2020-06-23,58.897485,229121809.0,0.0
2020-06-24,57.914172,228421809.0,-40539920.4
2020-06-25,58.338594,229421809.0,58338594.0
2020-06-26,57.129876,227521809.0,-108546764.4
2020-06-29,58.198695,225521809.0,-116397390.0
2020-06-30,58.684273,224071809.0,-85092195.85
2020-07-01,58.708751,223921809.0,-8806312.65
2020-07-02,58.988698,223921809.0,0.0
2020-07-06,59.277338,222621809.0,-77060539.4
2020-07-07,59.808554,219221809.0,-203349083.6
2020-07-08,59.687567,219221809.0,0.0
2020-07-09,59.182307,219321809.0,5918230.7
2020-07-10,60.312555,219271809.0,-3015627.75
2020-07-13,60.170293,222221809.0,177502364.35
2020-07-14,61.108561,222321809.0,6110856.100000001
2020-07-15,61.11996,222671809.0,21391986.0
2020-07-16,61.265234,219271809.0,-208301795.6
2020-07-17,61.560029,219271809.0,0.0
2020-07-20,60.951996,220021809.0,45713997.0
2020-07-21,61.522436,221171809.0,70750801.4
2020-07-22,62.005792,221071809.0,-6200579.2
2020-07-23,62.208715,223221809.0,133748737.25
2020-07-24,62.105848,220871809.0,-145948742.8
2020-07-27,62.422956,221121809.0,15605739.0
2020-07-28,62.633725,220871809.0,-15658431.25
2020-07-29,62.744629,220721809.0,-9411694.35
2020-07-30,62.762335,219871809.0,-53347984.75
2020-07-31,62.687787,219271809.0,-37612672.2
2020-08-03,62.510223,220121809.0,53133689.550000004
2020-08-04,63.319949,219471809.0,-41157966.85
2020-08-05,63.175265,219821809.0,22111342.75
2020-08-06,63.168328,219671809.0,-9475249.200000001
2020-08-07,63.530377,223071809.0,216003281.8
2020-08-10,63.835666,220771809.0,-146822031.8
2020-08-11,63.402321,220221809.0,-34871276.55
2020-08-12,64.243365,219221809.0,-64243365.0
2020-08-13,64.178348,217921809.0,-83431852.4
2020-08-14,64.170541,217421809.0,-32085270.5
2020-08-17,64.514452,216421809.0,-64514452.00000001
2020-08-18,64.757613,217171809.0,48568209.75000001
2020-08-19,64.278666,217171809.0,0.0
2020-08-20,64.109057,217471809.0,19232717.1
2020-08-21,64.264354,218271809.0,51411483.199999996
2020-08-24,64.814545,217221809.0,-68055272.25
2020-08-25,64.717886,218421809.0,77661463.19999999
2020-08-26,64.784713,217271809.0,-74502419.95
2020-08-27,65.189367,217421809.0,9778405.05
2020-08-28,65.780537,217821809.0,26312214.799999997
2020-08-31,65.597197,217721809.0,-6559719.699999999
2020-09-01,65.627093,216421809.0,-85315220.9
2020-09-02,66.866889,215221809.0,-80240266.8
2020-09-03,65.680384,215821809.0,39408230.4
2020-09-04,65.530587,221571809.0,376800875.25
2020-09-08,64.155718,222271809.0,44909002.599999994
2020-09-09,65.090862,221021809.0,-81363577.5
2020-09-10,64.280129,220671809.0,-22498045.150000002
2020-09-11,64.671186,219421809.0,-80838982.5
2020-09-14,65.068235,222271809.0,185444469.75
2020-09-15,64.99784,221071809.0,-77997408.0
2020-09-16,64.667386,220871809.0,-12933477.2
2020-09-17,64.267866,219571809.0,-83548225.8
2020-09-18,63.677424,223271809.0,235606468.8
2020-09-21,62.821952,223121809.0,-9423292.8
2020-09-22,63.222881,223771809.0,41094872.65
2020-09-23,62.243773,223771809.0,0.0
2020-09-24,62.719822,217271809.0,-407678843.0
2020-09-25,63.042168,215521809.0,-110323794.0
2020-09-28,63.738813,214221809.0,-82860456.9
2020-09-29,63.354325,214771809.0,34844878.75
2020-09-30,64.132338,213521809.0,-80165422.5
2020-10-01,64.462545,213421809.0,-6446254.500000001
2020-10-02,64.08455,213421809.0,0.0
2020-10-05,64.56365,214321809.0,58107284.99999999
2020-10-06,64.115349,214121809.0,-12823069.799999999
2020-10-07,64.830635,214121809.0,0.0
2020-10-08,65.240139,212371809.0,-114170243.25
2020-10-09,65.730942,212821809.0,29578923.9
2020-10-12,66.490748,212321809.0,-33245374.0
2020-10-13,66.451146,212671809.0,23257901.099999998
2020-10-14,66.109444,210721809.0,-128913415.8
2020-10-15,66.136609,210421809.0,-19840982.700000003
2020-10-16,66.147339,210971809.0,36381036.45
2020-10-19,65.278612,211671809.0,45695028.4
2020-10-20,65.256101,212171809.0,32628050.5
2020-10-21,65.331539,211671809.0,-32665769.500000004
2020-10-22,65.256941,211821809.0,9788541.15
2020-10-23,65.379362,211771809.0,-3268968.1
2020-10-26,64.532001,211521809.0,-16133000.249999998
2020-10-27,64.366396,212221809.0,45056477.199999996
2020-10-28,62.462136,212471809.0,15615534.0
2020-10-29,62.488246,213271809.0,49990596.8
2020-10-30,62.229326,213121809.0,-9334398.9
2020-11-02,63.262178,213571809.0,28467980.099999998
2020-11-03,64.29482,213571809.0,0.0
2020-11-04,64.31713,217621809.0,260484376.50000003
2020-11-05,64.805241,214121809.0,-226818343.49999997
2020-11-06,65.110719,213871809.0,-16277679.75
2020-11-09,64.924426,209871809.0,-259697704.0
2020-11-10,66.218651,207771809.0,-139059167.1
2020-11-11,66.764034,204121809.0,-243688724.1
2020-11-12,66.616396,206321809.0,146556071.2
2020-11-13,67.541377,204871809.0,-97934996.64999999
2020-11-16,68.111201,205721809.0,57894520.849999994
2020-11-17,67.653125,208521809.0,189428750.0
2020-11-18,66.748369,207471809.0,-70085787.45
2020-11-19,66.929324,210271809.0,187402107.2
2020-11-20,66.500816,210371809.0,6650081.6
2020-11-23,66.540275,208721809.0,-109791453.74999999
2020-11-24,66.984897,208621809.0,-6698489.7
2020-11-25,66.924983,207621809.0,-66924983.0
2020-11-27,66.905755,207771809.0,10035863.25
2020-11-30,66.904723,207821809.0,3345236.1500000004
2020-12-01,67.471808,217921809.0,681465260.8
2020-12-02,66.941628,209871809.0,-538880105.4
2020-12-03,67.117258,203471809.0,-429550451.20000005
2020-12-04,67.630614,202171809.0,-87919798.19999999
2020-12-07,67.377706,201271809.0,-60639935.400000006
2020-12-08,67.723243,199621809.0,-111743350.94999999
2020-12-09,67.475356,201171809.0,104586801.80000001
2020-12-10,67.15478,201121809.0,-3357739.0
2020-12-11,67.339206,201371809.0,16834801.5
2020-12-14,67.072747,201371809.0,0.0
2020-12-15,67.244764,200921809.0,-30260143.8
2020-12-16,67.331364,200471809.0,-30299113.799999997
2020-12-17,67.763292,199471809.0,-67763292.0
2020-12-18,67.922288,203871809.0,298858067.2
2020-12-21,66.659708,204071809.0,13331941.6
2020-12-22,66.159135,203271809.0,-52927308.00000001
2020-12-23,66.389356,200821809.0,-162653922.20000002
2020-12-24,66.695217,200871809.0,3334760.85
2020-12-28,67.204575,200871809.0,0.0
2020-12-29,67.029011,201321809.0,30163054.95
2020-12-30,66.953374,201571809.0,16738343.5
2020-12-31,67.482922,197221809.0,-293550710.7
2021-01-04,66.704596,196821809.0,-26681838.4
2021-01-05,66.731756,198721809.0,126790336.4
2021-01-06,66.745346,197571809.0,-76757147.89999999
2021-01-07,66.556784,194721809.0,-189686834.39999998
2021-01-08,66.884437,192121809.0,-173899536.20000002
2021-01-11,66.319774,192271809.0,9947966.1
2021-01-12,66.118711,192421809.0,9917806.65
2021-01-13,66.211996,189721809.0,-178772389.2
2021-01-14,65.862188,187371809.0,-154776141.8
2021-01-15,65.602021,186271809.0,-72162223.1
2021-01-19,65.336226,186921809.0,42468546.9
2021-01-20,65.475268,187171809.0,16368817.0
2021-01-21,65.252174,186721809.0,-29363478.299999997
2021-01-22,65.082982,184721809.0,-130165964.0
2021-01-25,65.701624,186221809.0,98552436.0
2021-01-26,66.319982,184421809.0,-119375967.6
2021-01-27,65.204465,184671809.0,16301116.25
2021-01-28,65.477523,186871809.0,144050550.60000002
2021-01-29,64.119878,183621809.0,-208389603.5
2021-02-01,64.153417,180621809.0,-192460251.0
2021-02-02,64.584357,179521809.0,-71042792.7
2021-02-03,64.68634,176421809.0,-200527654.0
2021-02-04,65.130517,176321809.0,-6513051.7
2021-02-05,65.742821,173871809.0,-161069911.45000002
2021-02-08,66.011617,171871809.0,-132023234.0
2021-02-09,65.931233,170721809.0,-75820917.95
2021-02-10,65.877803,167021809.0,-243747871.1
2021-02-11,65.614366,165671809.0,-88579394.10000001
2021-02-12,65.716076,166571809.0,59144468.4
2021-02-16,65.570977,165221809.0,-88520818.95
2021-02-17,65.800591,162721809.0,-164501477.5
2021-02-18,65.768577,162721809.0,0.0
2021-02-19,64.942736,163171809.0,29224231.2
2021-02-22,65.01733,163321809.0,9752599.5
2021-02-23,65.067264,162971809.0,-22773542.4
2021-02-24,65.048446,161521809.0,-94320246.7
2021-02-25,64.347052,160871809.0,-41825583.800000004
2021-02-26,63.311938,160871809.0,0.0
2021-03-01,63.945747,160721809.0,-9591862.049999999
2021-03-02,63.849457,160421809.0,-19154837.1
2021-03-03,63.528534,159521809.0,-57175680.6
2021-03-04,63.272391,161871809.0,148690118.85
2021-03-05,64.700019,160571809.0,-84110024.7
2021-03-08,64.962102,161671809.0,71458312.2
2021-03-09,64.901364,160821809.0,-55166159.4
2021-03-10,65.757685,157071809.0,-246591318.74999997
2021-03-11,65.613332,157021809.0,-3280666.6
2021-03-12,66.133872,166821809.0,648111945.6
2021-03-15,66.457789,166821809.0,0.0
2021-03-16,66.509667,167271809.0,29929350.15
2021-03-17,66.445771,167921809.0,43189751.15
2021-03-18,66.167012,168821809.0,59550310.8
2021-03-19,66.353992,168221809.0,-39812395.2
2021-03-22,66.743111,167321809.0,-60068799.9
2021-03-23,67.003332,166921809.0,-26801332.8
2021-03-24,66.736223,167871809.0,63399411.849999994
2021-03-25,67.36963,163171809.0,-316637261.0
2021-03-26,68.548539,163071809.0,-6854853.9
2021-03-29,69.252276,161271809.0,-124654096.8
2021-03-30,68.530155,162421809.0,78809678.24999999
2021-03-31,68.17745,160271809.0,-146581517.5
2021-04-01,68.007663,158021809.0,-153017241.75
2021-04-05,68.872554,155271809.0,-189399523.49999997
2021-04-06,69.121346,156471809.0,82945615.2
2021-04-07,68.993956,155921809.0,-37946675.8
2021-04-08,69.016382,157221809.0,89721296.6
2021-04-09,68.937446,156421809.0,-55149956.8
2021-04-12,69.257011,156521809.0,6925701.100000001
2021-04-13,68.913633,156271809.0,-17228408.25
2021-04-14,68.8579,154371809.0,-130830010.0
2021-04-15,69.39582,151971809.0,-166549968.0
2021-04-16,69.837468,151271809.0,-48886227.6
2021-04-19,69.531444,152621809.0,93867449.39999999
2021-04-20,69.91806,152521809.0,-6991806.0
2021-04-21,70.251799,152971809.0,31613309.55
2021-04-22,69.721606,152821809.0,-10458240.899999999
2021-04-23,69.564076,152671809.0,-10434611.4
2021-04-26,68.764513,150421809.0,-154720154.25
2021-04-27,68.721669,151621809.0,82466002.80000001
2021-04-28,68.773343,150921809.0,-48141340.1
2021-04-29,69.522129,148271809.0,-184233641.85000002
2021-04-30,69.550933,147821809.0,-31297919.85
2021-05-03,70.128461,149121809.0,91166999.3
2021-05-04,69.789716,152971809.0,268690406.6
2021-05-05,69.727348,152421809.0,-38350041.400000006
2021-05-06,70.64146,150721809.0,-120090481.99999999
2021-05-07,70.620493,150921809.0,14124098.6
2021-05-10,71.192593,150771809.0,-10678888.950000001
2021-05-11,70.565495,152471809.0,119961341.5
2021-05-12,69.639828,153771809.0,90531776.39999999
2021-05-13,70.599981,153521809.0,-17649995.25
2021-05-14,70.889403,155321809.0,127600925.4
2021-05-17,70.787331,157421809.0,148653395.1
2021-05-18,70.594998,158821809.0,98832997.2
2021-05-19,70.394037,159771809.0,66874335.15
2021-05-20,70.991135,159321809.0,-31946010.75
2021-05-21,70.993331,156871809.0,-173933660.95
2021-05-24,71.19479,157871809.0,71194790.0
2021-05-25,71.243894,159621809.0,124676814.5
2021-05-26,71.105108,159621809.0,0.0
2021-05-27,70.687514,159721809.0,7068751.399999999
2021-05-28,70.770832,159271809.0,-31846874.4
2021-06-01,70.547713,157271809.0,-141095426.0
2021-06-02,70.875147,159121809.0,131119021.95
2021-06-03,71.281649,166071809.0,495407460.55
2021-06-04,71.495344,163921809.0,-153714989.6
2021-06-07,71.390096,164871809.0,67820591.2
2021-06-08,70.801967,168021809.0,223026196.05
2021-06-09,70.455266,168371809.0,24659343.099999998
2021-06-10,70.896961,170571809.0,155973314.20000002
2021-06-11,70.953161,172971809.0,170287586.39999998
2021-06-14,70.916256,180921809.0,563784235.2
2021-06-15,70.699581,173121809.0,-551456731.8
2021-06-16,69.816544,172871809.0,-17454136.0
2021-06-17,70.037608,172671809.0,-14007521.600000001
2021-06-18,68.840692,173071809.0,27536276.8
2021-06-21,69.155009,173171809.0,6915500.9
2021-06-22,69.242884,173571809.0,27697153.6
2021-06-23,68.82265,175371809.0,123880770.0
2021-06-24,69.127929,173671809.0,-117517479.3
2021-06-25,69.705334,173171809.0,-34852667.0
2021-06-28,69.721253,171271809.0,-132470380.7
2021-06-29,69.434155,170521809.0,-52075616.25
2021-06-30,69.954049,166071809.0,-311295518.05
2021-07-01,69.730553,165071809.0,-69730553.0
2021-07-02,69.908415,163871809.0,-83890098.0
2021-07-06,69.631157,159621809.0,-295932417.25
2021-07-07,69.998025,159971809.0,24499308.75
2021-07-08,69.761241,161921809.0,136034419.95
2021-07-09,70.150274,162721809.0,56120219.199999996
2021-07-12,70.041581,162121809.0,-42024948.599999994
2021-07-13,70.008272,161271809.0,-59507031.2
2021-07-14,70.615693,159371809.0,-134169816.69999999
2021-07-15,70.925496,160621809.0,88656870.0
2021-07-16,71.057117,161021809.0,28422846.8
2021-07-19,70.819915,161771809.0,53114936.24999999
2021-07-20,70.831469,166721809.0,350615771.55
2021-07-21,70.683872,174371809.0,540731620.8
2021-07-22,70.522654,175321809.0,66996521.300000004
2021-07-23,71.381073,175171809.0,-10707160.95
2021-07-26,71.511064,177721809.0,182353213.20000002
2021-07-27,71.643862,177921809.0,14328772.4
2021-07-28,71.023597,183871809.0,422590402.15
2021-07-29,71.415692,184171809.0,21424707.6
2021-07-30,71.444399,184371809.0,14288879.8
2021-08-02,71.231554,184871809.0,35615777.0
2021-08-03,71.535351,185421809.0,39344443.050000004
2021-08-04,70.58063,186671809.0,88225787.5
2021-08-05,70.94592,187871809.0,85135104.0
2021-08-06,70.958146,187721809.0,-10643721.9
2021-08-09,71.205875,184321809.0,-242099975.00000003
2021-08-10,71.717739,182371809.0,-139849591.04999998
2021-08-11,71.952944,185571809.0,230249420.8
2021-08-12,71.902846,180071809.0,-395465653.0
2021-08-13,72.484725,179621809.0,-32618126.25
2021-08-16,72.919459,180771809.0,83857377.85000001
2021-08-17,72.966328,180321809.0,-32834847.6
2021-08-18,72.038959,178721809.0,-115262334.4
2021-08-19,72.634605,181871809.0,228799005.74999997
2021-08-20,72.746406,182071809.0,14549281.2
2021-08-23,72.521201,185021809.0,213937542.95000002
2021-08-24,71.968157,186321809.0,93558604.10000001
2021-08-25,71.882152,185171809.0,-82664474.80000001
2021-08-26,71.508693,186121809.0,67933258.35
2021-08-27,71.763668,184971809.0,-82528218.19999999
2021-08-30,72.10438,184421809.0,-39657409.0
2021-08-31,72.271951,185071809.0,46976768.15
2021-09-01,72.638322,184221809.0,-61742573.7
2021-09-02,72.894755,182621809.0,-116631608.0
2021-09-03,72.821294,182121809.0,-36410647.0
2021-09-07,71.991217,182121809.0,0.0
2021-09-08,72.608796,182471809.0,25413078.599999998
2021-09-09,72.171997,182171809.0,-21651599.1
2021-09-10,71.874897,182171809.0,0.0
2021-09-13,72.067845,181571809.0,-43240707.0
2021-09-14,71.732319,190771809.0,659937334.8000001
2021-09-15,71.978307,181321809.0,-680195001.15
2021-09-16,71.732331,184771809.0,247476541.95000002
2021-09-17,71.379053,182721809.0,-146327058.65
2021-09-20,70.212403,177521809.0,-365104495.59999996
2021-09-21,70.118284,180471809.0,206848937.8
2021-09-22,70.322867,172621809.0,-552034505.95
2021-09-23,70.603818,172071809.0,-38832099.9
2021-09-24,70.624866,172071809.0,0.0
2021-09-27,70.27959,172471809.0,28111836.0
2021-09-28,69.482449,172721809.0,17370612.25
2021-09-29,70.107024,171021809.0,-119181940.8
2021-09-30,68.829478,171221809.0,13765895.6
2021-10-01,69.016711,170821809.0,-27606684.4
2021-10-04,68.832722,171721809.0,61949449.800000004
2021-10-05,69.136407,169421809.0,-159013736.10000002
2021-10-06,69.839483,167421809.0,-139678966.0
2021-10-07,70.145573,166221809.0,-84174687.6
2021-10-08,70.038862,165821809.0,-28015544.799999997
2021-10-11,70.024746,166271809.0,31511135.699999996
2021-10-12,70.066346,166271809.0,0.0
2021-10-13,70.182584,164971809.0,-91237359.2
2021-10-14,70.975051,164471809.0,-35487525.5
2021-10-15,70.821881,163671809.0,-56657504.800000004
2021-10-18,70.393868,163221809.0,-31677240.599999998
2021-10-19,70.41241,163871809.0,45768066.49999999
2021-10-20,70.829451,163921809.0,3541472.5500000003
2021-10-21,70.751356,163621809.0,-21225406.8
2021-10-22,71.293453,163621809.0,0.0
2021-10-25,71.231655,163021809.0,-42738993.0
2021-10-26,71.502166,162671809.0,-25025758.1
2021-10-27,71.063793,162921809.0,17765948.25
2021-10-28,71.330487,164421809.0,106995730.50000001
2021-10-29,71.243422,165321809.0,64119079.8
2021-11-01,71.353823,164521809.0,-57083058.400000006
2021-11-02,71.842739,164621809.0,7184273.899999999
2021-11-03,72.493092,164071809.0,-39871200.6
2021-11-04,72.552029,165021809.0,68924427.55
2021-11-05,73.012561,165771809.0,54759420.75000001
2021-11-08,72.401803,165071809.0,-50681262.1
2021-11-09,72.65358,160971809.0,-297879678.0
2021-11-10,72.897573,161621809.0,47383422.449999996
2021-11-11,72.832269,163121809.0,109248403.5
2021-11-12,72.830641,164521809.0,101962897.4
2021-11-15,73.191885,164721809.0,14638377.0
2021-11-16,72.728585,165371809.0,47273580.25
2021-11-17,72.568732,165321809.0,-3628436.5999999996
2021-11-18,72.291592,163921809.0,-101208228.8
2021-11-19,72.043192,161421809.0,-180107980.0
2021-11-22,72.62075,162371809.0,68989712.5
2021-11-23,73.11802,163971809.0,116988832.0
2021-11-24,72.850744,162971809.0,-72850744.0
2021-11-26,71.801174,163221809.0,17950293.5
2021-11-29,72.156528,165271809.0,147920882.39999998
2021-11-30,70.224567,167771809.0,175561417.49999997
2021-12-01,69.943318,162671809.0,-356710921.8
2021-12-02,70.670618,164521809.0,130740643.30000001
2021-12-03,71.663882,163921809.0,-42998329.2
2021-12-06,72.839783,164021809.0,7283978.3
2021-12-07,72.983018,170971809.0,507231975.1
2021-12-08,72.80119,169871809.0,-80081309.0
2021-12-09,72.94371,173221809.0,244361428.5
2021-12-10,74.198061,169821809.0,-252273407.39999998
2021-12-13,75.135834,169021809.0,-60108667.2
2021-12-14,75.174942,172421809.0,255594802.8
2021-12-15,75.965795,172121809.0,-22789738.5
2021-12-16,76.514751,173121809.0,76514751.0
2021-12-17,75.177585,173671809.0,41347671.75
2021-12-20,74.68689,170921809.0,-205388947.5
2021-12-21,74.583366,173421809.0,186458415.0
2021-12-22,75.094815,179821809.0,480606816.0
2021-12-23,75.252384,175521809.0,-323585251.20000005
2021-12-27,76.023883,174321809.0,-91228659.6
2021-12-28,76.480131,173771809.0,-42064072.05
2021-12-29,76.814527,173471809.0,-23044358.099999998
2021-12-30,76.569943,172621809.0,-65084451.55
2021-12-31,77.097604,172671809.0,3854880.2
2022-01-03,77.091048,174521809.0,142618438.8
2022-01-04,77.551449,175471809.0,73673876.55000001
2022-01-05,77.485408,174971809.0,-38742704.0
2022-01-06,77.313606,176421809.0,112104728.69999999
2022-01-07,77.417489,181671809.0,406441817.25
2022-01-10,76.815545,182171809.0,38407772.5
2022-01-11,76.700398,184571809.0,184080955.20000002
2022-01-12,76.740616,186271809.0,130459047.2
2022-01-13,76.884411,184471809.0,-138391939.8
2022-01-14,77.027197,183921809.0,-42364958.35
2022-01-18,75.90362,187771809.0,292228937.0
2022-01-19,76.386207,188071809.0,22915862.1
2022-01-20,75.91518,191221809.0,239132817.00000003
2022-01-21,75.953756,190921809.0,-22786126.8
2022-01-24,75.70827,191871809.0,71922856.5
2022-01-25,74.84337,192771809.0,67359033.0
2022-01-26,74.341627,193671809.0,66907464.300000004
2022-01-27,74.805108,198821809.0,385246306.20000005
2022-01-28,75.652935,198771809.0,-3782646.75
2022-01-31,75.982033,201121809.0,178557777.55
2022-02-01,75.904194,202571809.0,110061081.30000001
2022-02-02,76.829368,202621809.0,3841468.4
2022-02-03,76.825235,203671809.0,80666496.75
2022-02-04,75.881032,201521809.0,-163144218.8
2022-02-07,76.037461,198621809.0,-220508636.89999998
2022-02-08,76.307032,197471809.0,-87753086.80000001
2022-02-09,76.332573,198071809.0,45799543.8
2022-02-10,75.526315,200171809.0,158605261.5
2022-02-11,75.268132,199121809.0,-79031538.6
2022-02-14,75.046691,200621809.0,112570036.5
2022-02-15,75.165303,201121809.0,37582651.5
2022-02-16,75.306089,200471809.0,-48948957.85
2022-02-17,75.891561,201671809.0,91069873.19999999
2022-02-18,76.011121,202321809.0,49407228.65
2022-02-22,75.437661,201521809.0,-60350128.800000004
2022-02-23,74.826144,202071809.0,41154379.2
2022-02-24,73.557773,203671809.0,117692436.8
2022-02-25,75.923477,204671809.0,75923477.0
2022-02-28,74.976665,204121809.0,-41237165.75
2022-03-01,74.461167,205871809.0,130307042.25
2022-03-02,75.24997,205771809.0,-7524997.000000001
2022-03-03,75.83409,212021809.0,473963062.5
2022-03-04,75.902273,209271809.0,-208731250.74999997
2022-03-07,74.516638,213121809.0,286889056.3
2022-03-08,72.484647,214371809.0,90605808.75
2022-03-09,72.983994,211721809.0,-193407584.1
2022-03-10,72.264358,211321809.0,-28905743.2
2022-03-11,71.421472,210021809.0,-92847913.6
2022-03-14,71.82275,210221809.0,14364550.0
2022-03-15,73.398324,206121809.0,-300933128.40000004
2022-03-16,73.503846,207121809.0,73503846.0
2022-03-17,73.994053,205271809.0,-136888998.04999998
2022-03-18,74.164618,206821809.0,114955157.9
2022-03-21,73.95962,206621809.0,-14791924.0
2022-03-22,74.502573,206771809.0,11175385.95
2022-03-23,73.930686,206521809.0,-18482671.5
2022-03-24,74.433941,212121809.0,416830069.6
2022-03-25,75.055224,205171809.0,-521633806.79999995
2022-03-28,75.328616,204721809.0,-33897877.199999996
2022-03-29,76.0101,204471809.0,-19002525.0
2022-03-30,76.071812,203321809.0,-87482583.8
2022-03-31,75.762329,202771809.0,-41669280.949999996
2022-04-01,76.67178,202221809.0,-42169479.0
2022-04-04,76.419782,201521809.0,-53493847.4
2022-04-05,76.475536,202021809.0,38237768.0
2022-04-06,77.438269,203371809.0,104541663.15
2022-04-07,78.363646,205221809.0,144972745.1
2022-04-08,78.68588,206321809.0,86554468.0
2022-04-11,78.372731,207871809.0,121477733.05
2022-04-12,78.39495,208571809.0,54876464.99999999
2022-04-13,78.855663,210071809.0,118283494.50000001
2022-04-14,78.822061,210421809.0,27587721.35
2022-04-18,78.191812,210921809.0,39095906.0
2022-04-19,79.353569,211021809.0,7935356.899999999
2022-04-20,80.539676,211321809.0,24161902.8
2022-04-21,80.491773,213521809.0,177081900.6
2022-04-22,79.250926,213071809.0,-35662916.7
2022-04-25,79.59836,212371809.0,-55718852.0
2022-04-26,78.363863,212021809.0,-27427352.049999997
2022-04-27,78.653247,214421809.0,188767792.79999998
2022-04-28,79.798429,215721809.0,103737957.7
2022-04-29,77.652586,218071809.0,182483577.1
2022-05-02,76.635586,216521809.0,-118785158.30000001
2022-05-03,76.431734,216971809.0,34394280.300000004
2022-05-04,78.125089,216921809.0,-3906254.45
2022-05-05,76.628525,214621809.0,-176245607.5
2022-05-06,76.714991,213321809.0,-99729488.3
2022-05-09,76.700698,209021809.0,-329813001.40000004
2022-05-10,76.151725,211971809.0,224647588.75
2022-05-11,75.843001,213221809.0,94803751.25
2022-05-12,75.819969,213271809.0,3790998.45
2022-05-13,76.936701,213671809.0,30774680.4
2022-05-16,77.270024,216321809.0,204765563.60000002
2022-05-17,76.782412,216221809.0,-7678241.199999999
2022-05-18,71.821129,214421809.0,-129278032.2
2022-05-19,70.539954,209621809.0,-338591779.2
2022-05-20,70.723967,213321809.0,261678677.9
2022-05-23,72.157268,215871809.0,184001033.4
2022-05-24,73.320976,215771809.0,-7332097.600000001
2022-05-25,73.342111,215621809.0,-11001316.65
2022-05-26,74.15288,216021809.0,29661152.0
2022-05-27,74.988973,214171809.0,-138729600.05
2022-05-31,74.45928,216521809.0,174979308.00000003
2022-06-01,73.496756,217121809.0,44098053.6
2022-06-02,74.540862,212421809.0,-350342051.40000004
2022-06-03,73.798608,210271809.0,-158667007.20000002
2022-06-06,73.855926,209321809.0,-70163129.7
2022-06-07,74.229695,209521809.0,14845939.000000002
2022-06-08,73.344972,209171809.0,-25670740.2
2022-06-09,72.23563,208471809.0,-50564941.0
2022-06-10,71.921353,208671809.0,14384270.6
2022-06-13,70.362138,210871809.0,154796703.6
2022-06-14,69.537874,210921809.0,3476893.7
2022-06-15,69.613711,207521809.0,-236686617.39999998
2022-06-16,69.06599,209371809.0,127772081.5
2022-06-17,68.833631,208371809.0,-68833631.0
2022-06-21,70.139895,212271809.0,273545590.5
2022-06-22,70.113331,215221809.0,206834326.45000002
2022-06-23,71.445769,214921809.0,-21433730.7
2022-06-24,72.842172,213721809.0,-87410606.4
2022-06-27,72.681612,214071809.0,25438564.2
2022-06-28,71.704916,214371809.0,21511474.8
2022-06-29,72.134713,212571809.0,-129842483.4
2022-06-30,72.16281,212571809.0,0.0
2022-07-01,73.203503,212171809.0,-29281401.2
2022-07-05,72.763632,212621809.0,32743634.400000002
2022-07-06,72.963603,213271809.0,47426341.95
2022-07-07,73.04224,210921809.0,-171649264.00000003
2022-07-08,72.899453,211221809.0,21869835.9
2022-07-11,72.802749,208821809.0,-174726597.60000002
2022-07-12,72.581708,206771809.0,-148792501.4
2022-07-13,72.650816,208971809.0,159831795.20000002
2022-07-14,72.712018,211321809.0,170873242.3
2022-07-15,72.965731,210221809.0,-80262304.10000001
2022-07-18,72.236658,209821809.0,-28894663.200000003
2022-07-19,73.016898,209771809.0,-3650844.9
2022-07-20,72.488092,209521809.0,-18122023.0
2022-07-21,72.71182,209371809.0,-10906773.0
2022-07-22,73.192693,207371809.0,-146385386.0
2022-07-25,73.561564,207121809.0,-18390391.0
2022-07-26,73.408704,206571809.0,-40374787.2
2022-07-27,73.900837,205071809.0,-110851255.5
2022-07-28,75.070215,205471809.0,30028086.0
2022-07-29,74.483366,207571809.0,156415068.6
2022-08-01,75.387631,208521809.0,71618249.45
2022-08-02,74.793163,209521809.0,74793163.0
2022-08-03,75.290105,209071809.0,-33880547.25
2022-08-04,74.780703,209171809.0,7478070.3
2022-08-05,74.656027,208471809.0,-52259218.9
2022-08-08,74.577047,211371809.0,216273436.29999998
2022-08-09,74.499259,212271809.0,67049333.099999994
2022-08-10,75.060862,213971809.0,127603465.4
2022-08-11,74.792424,215671809.0,127147120.8
2022-08-12,75.483688,215371809.0,-22645106.4
2022-08-15,76.270352,217371809.0,152540704.0
2022-08-16,77.093529,218221809.0,65529499.650000006
2022-08-17,76.90207,218671809.0,34605931.5
2022-08-18,77.149429,218621809.0,-3857471.4499999997
2022-08-19,76.921229,217971809.0,-49998798.85
2022-08-22,76.110226,216621809.0,-102748805.1
2022-08-23,75.782235,216821809.0,15156447.0
2022-08-24,75.965734,216271809.0,-41781153.699999996
2022-08-25,76.314594,217571809.0,99208972.2
2022-08-26,74.433602,218921809.0,100485362.69999999
2022-08-29,74.306581,217921809.0,-74306581.0
2022-08-30,73.550706,215471809.0,-180199229.70000002
2022-08-31,73.11486,214571809.0,-65803373.99999999
2022-09-01,73.64524,213321809.0,-92056550.0
2022-09-02,72.640164,214221809.0,65376147.6
2022-09-06,72.165628,212021809.0,-158764381.6
2022-09-07,73.436718,210921809.0,-80780389.8
2022-09-08,73.26943,210571809.0,-25644300.5
2022-09-09,73.981298,215371809.0,355110230.4
2022-09-12,74.256594,221321809.0,441826734.3
2022-09-13,71.784794,222771809.0,104087951.30000001
2022-09-14,71.763593,229171809.0,459286995.2
2022-09-15,71.182379,220071809.0,-647759648.9
2022-09-16,71.338716,220421809.0,24968550.6
2022-09-19,71.349335,219921809.0,-35674667.5
2022-09-20,70.952334,219671809.0,-17738083.5
2022-09-21,70.674408,220671809.0,70674408.0
2022-09-22,70.579732,219371809.0,-91753651.60000001
2022-09-23,69.423067,217571809.0,-124961520.60000001
2022-09-26,69.412514,217571809.0,0.0
2022-09-27,68.226135,219371809.0,122807043.0
2022-09-28,69.039213,217321809.0,-141530386.65
2022-09-29,67.895368,217271809.0,-3394768.4000000004
2022-09-30,66.718177,215771809.0,-100077265.5
2022-10-03,67.859868,216821809.0,71252861.4
2022-10-04,68.911519,219271809.0,168833221.54999998
2022-10-05,68.516759,217671809.0,-109626814.39999999
2022-10-06,67.526661,218021809.0,23634331.35
2022-10-07,66.506856,216871809.0,-76482884.4
2022-10-10,66.734966,213821809.0,-203541646.3
2022-10-11,67.28931,213571809.0,-16822327.5
2022-10-12,67.650777,214171809.0,40590466.2
2022-10-13,68.758738,215171809.0,68758738.0
2022-10-14,67.497621,214471809.0,-47248334.699999996
2022-10-17,68.25124,215071809.0,40950744.0
2022-10-18,69.124172,214321809.0,-51843129.0
2022-10-19,68.835571,216221809.0,130787584.9
2022-10-20,67.887855,218371809.0,145958888.25
2022-10-21,68.915548,215271809.0,-213638198.8
2022-10-24,70.134681,214621809.0,-45587542.65
2022-10-25,71.063184,216671809.0,145679527.20000002
2022-10-26,71.513669,215721809.0,-67937985.55
2022-10-27,71.574059,214871809.0,-60837950.150000006
2022-10-28,73.165693,215821809.0,69507408.35000001
2022-10-31,72.71354,219321809.0,254497389.99999997
2022-11-01,72.512357,219671809.0,25379324.95
2022-11-02,71.245767,221171809.0,106868650.5
2022-11-03,71.010575,221171809.0,0.0
2022-11-04,71.851143,223321809.0,154479957.45
2022-11-07,72.463649,222571809.0,-54347736.75
2022-11-08,72.683267,223971809.0,101756573.8
2022-11-09,71.911722,224071809.0,7191172.2
2022-11-10,73.641486,224371809.0,22092445.8
2022-11-11,73.499501,223571809.0,-58799600.8
2022-11-14,72.915934,224121809.0,40103763.699999996
2022-11-15,73.52844,225521809.0,102939816.0
2022-11-16,73.872978,224421809.0,-81260275.8
2022-11-17,73.896777,227271809.0,210605814.45
2022-11-18,74.649637,227071809.0,-14929927.4
2022-11-21,75.388046,226821809.0,-18847011.5
2022-11-22,75.953624,227821809.0,75953624.0
2022-11-23,76.192612,227871809.0,3809630.5999999996
2022-11-25,76.225453,228421809.0,41923999.15
2022-11-28,75.962401,228421809.0,0.0
2022-11-29,75.686694,228821809.0,30274677.6
2022-11-30,77.214805,228871809.0,3860740.25
2022-12-01,76.827346,230271809.0,107558284.4
2022-12-02,77.171776,233671809.0,262384038.39999998
2022-12-05,76.230536,234171809.0,38115268.0
2022-12-06,75.753058,232271809.0,-143930810.2
2022-12-07,76.078914,232271809.0,0.0
2022-12-08,76.466709,232671809.0,30586683.599999998
2022-12-09,75.910091,231271809.0,-106274127.39999999
2022-12-12,76.673947,233921809.0,203185959.54999998
2022-12-13,76.549721,235121809.0,91859665.2
2022-12-14,76.512532,234871809.0,-19128133.0
2022-12-15,75.216246,232221809.0,-199323051.9
2022-12-16,74.876043,234021809.0,134776877.4
2022-12-19,74.295905,230221809.0,-282324439.0
2022-12-20,74.238279,233821809.0,267257804.4
2022-12-21,74.972661,235021809.0,89967193.2
2022-12-22,74.78589,234321809.0,-52350123.0
2022-12-23,75.179596,233971809.0,-26312858.6
2022-12-27,75.542349,233671809.0,-22662704.7
2022-12-28,74.616532,233621809.0,-3730826.6000000006
2022-12-29,74.932928,233271809.0,-26226524.8
2022-12-30,74.567218,232471809.0,-59653774.4
2023-01-03,74.336746,232321809.0,-11150511.9
2023-01-04,74.573324,230921809.0,-104402653.6
2023-01-05,73.825852,233071809.0,158725581.79999998
2023-01-06,75.803301,233171809.0,7580330.100000001
2023-01-09,75.054604,234071809.0,67549143.6
2023-01-10,74.936071,234471809.0,29974428.4
2023-01-11,74.966577,234071809.0,-29986630.8
2023-01-12,74.377114,234121809.0,3718855.7
2023-01-13,74.73714,234971809.0,63526569.0
2023-01-17,74.762197,235521809.0,41119208.35
2023-01-18,72.746422,234321809.0,-87295706.39999999
2023-01-19,72.056265,232721809.0,-115290024.0
2023-01-20,72.646248,234421809.0,123498621.6
2023-01-23,72.849331,234821809.0,29139732.400000002
2023-01-24,73.138515,232821809.0,-146277030.0
2023-01-25,73.33336,232721809.0,-7333336.0
2023-01-26,73.083678,233371809.0,47504390.7
2023-01-27,72.861816,232171809.0,-87434179.2
2023-01-30,72.94966,228921809.0,-237086394.99999997
2023-01-31,73.741678,231871809.0,217537950.1
2023-02-01,74.311334,230871809.0,-74311334.0
2023-02-02,73.695049,229321809.0,-114227325.95
2023-02-03,73.439674,230571809.0,91799592.5
2023-02-06,73.49656,227571809.0,-220489680.0
2023-02-07,73.196149,227871809.0,21958844.700000003
2023-02-08,72.598296,225921809.0,-141566677.20000002
2023-02-09,72.313266,227171809.0,90391582.5
2023-02-10,72.983172,226321809.0,-62035696.199999996
2023-02-13,73.811219,226371809.0,3690560.9499999997
2023-02-14,73.136075,227271809.0,65822467.50000001
2023-02-15,73.273267,225971809.0,-95255247.10000001
2023-02-16,72.740218,227771809.0,130932392.39999999
2023-02-17,73.662537,228171809.0,29465014.8
2023-02-21,73.41529,230171809.0,146830580.0
2023-02-22,73.28763,230571809.0,29315051.999999996
2023-02-23,73.17315,229321809.0,-91466437.50000001
2023-02-24,72.717722,227871809.0,-105440696.89999999
2023-02-27,72.613753,229821809.0,141596818.35
2023-02-28,72.042606,227571809.0,-162095863.5
2023-03-01,71.500599,227071809.0,-35750299.5
2023-03-02,72.456975,228021809.0,68834126.25
2023-03-03,72.516043,226071809.0,-141406283.85
2023-03-06,72.738293,225171809.0,-65464463.699999996
2023-03-07,72.021542,227321809.0,154846315.29999998
2023-03-08,72.135851,226271809.0,-75742643.55
2023-03-09,71.465967,226821809.0,39306281.85
2023-03-10,71.122778,226571809.0,-17780694.5
2023-03-13,71.488099,225071809.0,-107232148.50000001
2023-03-14,72.086131,225921809.0,61273211.349999994
2023-03-15,72.580702,228271809.0,170564649.70000002
2023-03-16,72.635496,226471809.0,-130743892.80000001
2023-03-17,72.126092,227221809.0,54094569.0
2023-03-20,72.761809,224171809.0,-221923517.45
2023-03-21,72.692785,229571809.0,392541039.0
2023-03-22,72.038214,237071809.0,540286605.0
2023-03-23,71.768094,228721809.0,-599263584.9000001
2023-03-24,72.972083,230571809.0,134998353.54999998
2023-03-27,73.324648,229671809.0,-65992183.199999996
2023-03-28,73.494633,229371809.0,-22048389.9
2023-03-29,73.888335,228971809.0,-29555334.0
2023-03-30,74.114694,227121809.0,-137112183.9
2023-03-31,74.721772,227021809.0,-7472177.2
2023-04-03,75.095581,227371809.0,26283453.349999998
2023-04-04,74.930882,229521809.0,161101396.29999998
2023-04-05,75.299355,230621809.0,82829290.5
2023-04-06,75.352746,231771809.0,86655657.89999999
2023-04-10,75.367449,232171809.0,30146979.599999998
2023-04-11,75.579553,232771809.0,45347731.800000004
2023-04-12,75.225287,235071809.0,173018160.1
2023-04-13,75.63518,234171809.0,-68071662.0
2023-04-14,75.197006,233771809.0,-30078802.400000002
2023-04-17,75.645487,236021809.0,170202345.75
2023-04-18,75.877894,239221809.0,242809260.79999998
2023-04-19,75.828174,241071809.0,140282121.9
2023-04-20,76.011594,240771809.0,-22803478.2
2023-04-21,76.560153,242421809.0,126324252.45
2023-04-24,76.857551,241521809.0,-69171795.9
2023-04-25,76.778166,241321809.0,-15355633.2
2023-04-26,76.210193,240421809.0,-68589173.7
2023-04-27,77.045925,239971809.0,-34670666.25
2023-04-28,77.435879,242621809.0,205205079.35
2023-05-01,77.519898,241971809.0,-50387933.699999996
2023-05-02,77.29898,240721809.0,-96623725.0
2023-05-03,76.669079,245221809.0,345010855.5
2023-05-04,76.475251,246421809.0,91770301.2
2023-05-05,77.15896,245171809.0,-96448699.99999999
2023-05-08,76.954022,245971809.0,61563217.599999994
2023-05-09,76.697368,245371809.0,-46018420.8
2023-05-10,76.587858,246921809.0,118711179.89999999
2023-05-11,76.83085,246721809.0,-15366170.0
2023-05-12,77.120881,246071809.0,-50128572.65
2023-05-15,76.930881,246921809.0,65391248.85
2023-05-16,76.299155,246821809.0,-7629915.5
2023-05-17,76.2487,247021809.0,15249740.0
2023-05-18,75.88452,245021809.0,-151769040.0
2023-05-19,75.910956,245421809.0,30364382.4
2023-05-22,74.781889,244971809.0,-33651850.050000004
2023-05-23,74.22319,248071809.0,230091889.0
2023-05-24,73.737905,248521809.0,33182057.25
2023-05-25,73.183424,248321809.0,-14636684.8
2023-05-26,73.432201,245021809.0,-242326263.3
2023-05-30,72.597598,241671809.0,-243201953.3
2023-05-31,72.648286,239621809.0,-148928986.3
2023-06-01,72.596804,238671809.0,-68966963.80000001
2023-06-02,73.621137,238721809.0,3681056.85
2023-06-05,73.352787,239221809.0,36676393.5
2023-06-06,72.971225,240421809.0,87565470.0
2023-06-07,72.698288,240771809.0,25444400.8
2023-06-08,73.225081,240421809.0,-25628778.35
2023-06-09,73.098634,240221809.0,-14619726.8
2023-06-12,73.088999,241021809.0,58471199.2
2023-06-13,73.391116,240071809.0,-69721560.2
2023-06-14,73.841063,240621809.0,40612584.650000006
2023-06-15,74.575073,240871809.0,18643768.25
2023-06-16,74.654637,240271809.0,-44792782.199999996
2023-06-20,73.566341,240221809.0,-3678317.05
2023-06-21,73.839854,238321809.0,-140295722.6
2023-06-22,74.260299,239771809.0,107677433.55000001
2023-06-23,73.790322,237271809.0,-184475805.0
2023-06-26,73.828756,234871809.0,-177189014.4
2023-06-27,74.09738,232821809.0,-151899629.0
2023-06-28,73.602873,234721809.0,139845458.70000002
2023-06-29,73.517173,234021809.0,-51462021.1
2023-06-30,74.172475,234871809.0,63046603.75000001
2023-07-03,74.690348,234271809.0,-44814208.8
2023-07-05,74.624268,236821809.0,190291883.4
2023-07-06,74.383495,238871809.0,152486164.75
2023-07-07,73.444105,237521809.0,-99149541.74999999
2023-07-10,73.435501,235521809.0,-146871002.0
2023-07-11,73.543008,237821809.0,169148918.4
2023-07-12,73.697104,240621809.0,206351891.2
2023-07-13,74.02978,240871809.0,18507445.0
2023-07-14,74.286788,241171809.0,22286036.400000002
2023-07-17,74.0566,239221809.0,-144410370.0
2023-07-18,73.971817,236371809.0,-210819678.45000002
2023-07-19,74.705991,234821809.0,-115794286.05
2023-07-20,75.357011,242521809.0,580248984.7
2023-07-21,75.603547,235221809.0,-551905893.1
2023-07-24,75.886215,235221809.0,0.0
2023-07-25,75.848061,238421809.0,242713795.20000002
2023-07-26,75.979513,240471809.0,155758001.65
2023-07-27,75.342519,240871809.0,30137007.599999998
2023-07-28,76.093508,240171809.0,-53265455.6
2023-07-31,75.732921,240271809.0,7573292.100000001
2023-08-01,75.354191,240821809.0,41444805.05
2023-08-02,75.560867,239721809.0,-83116953.7
2023-08-03,75.421599,241521809.0,135758878.2
2023-08-04,74.648883,241821809.0,22394664.9
2023-08-07,75.249078,241921809.0,7524907.8
2023-08-08,74.7077,241371809.0,-41089235.0
2023-08-09,74.810933,240771809.0,-44886559.800000004
2023-08-10,74.679653,244121809.0,250176837.55
2023-08-11,74.805574,243821809.0,-22441672.2
2023-08-14,74.429383,243771809.0,-3721469.15
2023-08-15,73.670808,241771809.0,-147341616.0
2023-08-16,73.461736,239971809.0,-132231124.8
2023-08-17,72.778483,240321809.0,25472469.049999997
2023-08-18,73.01701,239371809.0,-69366159.5
2023-08-21,72.521877,237821809.0,-112408909.35000001
2023-08-22,72.124996,237771809.0,-3606249.8
2023-08-23,72.567251,234571809.0,-232215203.2
2023-08-24,72.011781,236771809.0,158425918.2
2023-08-25,72.414867,238371809.0,115863787.2
2023-08-28,72.741237,236071809.0,-167304845.1
2023-08-29,73.026856,236921809.0,62072827.599999994
2023-08-30,73.136349,235221809.0,-124331793.3
2023-08-31,72.749498,233771809.0,-105486772.10000001
2023-09-01,72.12743,232971809.0,-57701944.0
2023-09-05,71.533106,232571809.0,-28613242.400000002
2023-09-06,71.358652,232421809.0,-10703797.8
2023-09-07,71.590766,232221809.0,-14318153.200000001
2023-09-08,71.70337,234471809.0,161332582.50000003
2023-09-11,72.291353,234371809.0,-7229135.3
2023-09-12,71.749082,234321809.0,-3587454.1
2023-09-13,71.917155,233771809.0,-39554435.25
2023-09-14,72.627772,234021809.0,18156943.0
2023-09-15,72.023961,234371809.0,25208386.35
2023-09-18,71.551641,236571809.0,157413610.20000002
2023-09-19,71.357103,236921809.0,24974986.049999997
2023-09-20,71.455644,237971809.0,75028426.2
2023-09-21,70.540485,238121809.0,10581072.75
2023-09-22,70.167121,237671809.0,-31575204.45
2023-09-25,69.899553,237171809.0,-34949776.5
2023-09-26,69.341683,236421809.0,-52006262.25
2023-09-27,68.808611,235621809.0,-55046888.8
2023-09-28,68.987545,234921809.0,-48291281.5
2023-09-29,68.809851,234721809.0,-13761970.2
2023-10-02,68.353174,235521809.0,54682539.199999996
2023-10-03,67.889825,234621809.0,-61100842.5
2023-10-04,68.392851,234421809.0,-13678570.2
2023-10-05,67.062058,237071809.0,177714453.7
2023-10-06,66.686324,235871809.0,-80023588.8
2023-10-09,66.755872,235071809.0,-53404697.599999994
2023-10-10,67.41343,235671809.0,40448058.0
2023-10-11,66.976073,236921809.0,83720091.25
2023-10-12,66.205345,236571809.0,-23171870.749999996
2023-10-13,66.799758,234921809.0,-110219600.69999999
2023-10-16,67.455024,236271809.0,91064282.39999999
2023-10-17,67.792112,235771809.0,-33896056.0
2023-10-18,68.051634,235821809.0,3402581.7
2023-10-19,67.579754,243421809.0,513606130.4
2023-10-20,67.291926,233371809.0,-676283856.3000001
2023-10-23,67.132924,232421809.0,-63776277.800000004
2023-10-24,67.71592,232721809.0,20314776.0
2023-10-25,67.94602,233821809.0,74740622.0
2023-10-26,67.51026,233921809.0,6751026.0
2023-10-27,66.586194,233771809.0,-9987929.100000001
2023-10-30,67.602117,233071809.0,-47321481.900000006
2023-10-31,67.858857,234121809.0,71251799.85
2023-11-01,67.802142,233021809.0,-74582356.2
2023-11-02,68.686174,232871809.0,-10302926.1
2023-11-03,68.786554,234171809.0,89422520.19999999
2023-11-06,68.88962,232021809.0,-148112683.0
2023-11-07,69.037835,226321809.0,-393515659.5
2023-11-08,68.74889,226621809.0,20624667.0
2023-11-09,68.484263,223871809.0,-188331723.25
2023-11-10,68.945451,224421809.0,37919998.050000004
2023-11-13,69.19733,222921809.0,-103795994.99999999
2023-11-14,69.902283,222421809.0,-34951141.5
2023-11-15,70.419395,223571809.0,80982304.25
2023-11-16,69.579477,224121809.0,38268712.35
2023-11-17,69.446557,223121809.0,-69446557.0
2023-11-20,69.424543,222171809.0,-65953315.85
2023-11-21,69.640339,221221809.0,-66158322.05
2023-11-22,70.136108,221671809.0,31561248.599999998
2023-11-24,70.405526,222071809.0,28162210.4
2023-11-27,70.220862,222471809.0,28088344.799999997
2023-11-28,70.510828,221521809.0,-66985286.6
2023-11-29,69.945595,221421809.0,-6994559.5
2023-11-30,70.666262,221871809.0,31799817.900000002
2023-12-01,70.951937,222321809.0,31928371.650000002
2023-12-04,71.056033,224021809.0,120795256.1
2023-12-05,70.450875,224071809.0,3522543.75
2023-12-06,70.309409,223971809.0,-7030940.9
2023-12-07,70.601938,222421809.0,-109433003.9
2023-12-08,70.113839,222071809.0,-24539843.65
2023-12-11,70.780912,221921809.0,-10617136.8
2023-12-12,70.987588,218171809.0,-266203455.0
2023-12-13,72.315941,218021809.0,-10847391.149999999
2023-12-14,71.240882,217071809.0,-67678837.9
2023-12-15,71.231046,215121809.0,-138900539.70000002
2023-12-18,71.417084,216021809.0,64275375.6
2023-12-19,71.595219,217571809.0,110972589.45
2023-12-20,70.236426,224821809.0,509214088.49999994
2023-12-21,70.719541,214671809.0,-717803341.1500001
2023-12-22,71.190946,205871809.0,-626480324.8
2023-12-26,71.528309,205421809.0,-32187739.049999997
2023-12-27,71.820766,212171809.0,484790170.50000006
2023-12-28,71.879051,213871809.0,122194386.7
2023-12-29,72.00253,211671809.0,-158405565.99999997
2024-01-02,72.831442,210821809.0,-61906725.699999996
2024-01-03,72.261549,211621809.0,57809239.2
2024-01-04,72.189122,212321809.0,50532385.4
2024-01-05,72.038194,212571809.0,18009548.5
2024-01-08,72.53765,211621809.0,-68910767.5
2024-01-09,72.729412,211271809.0,-25455294.2
2024-01-10,72.572697,211421809.0,10885904.55
2024-01-11,72.552535,210121809.0,-94318295.50000001
2024-01-12,72.798403,210121809.0,0.0
2024-01-16,72.419846,209921809.0,-14483969.200000001
2024-01-17,72.340124,208571809.0,-97659167.4
2024-01-18,72.271361,214721809.0,444468870.15
2024-01-19,72.0562,213271809.0,-104481490.0
2024-01-22,71.678121,208021809.0,-376310135.25
2024-01-23,72.49684,208721809.0,50747788.00000001
2024-01-24,71.599125,210271809.0,110978643.75
2024-01-25,72.256654,207921809.0,-169803136.9
2024-01-26,72.644378,209471809.0,112598785.9
2024-01-29,73.028779,209271809.0,-14605755.8
2024-01-30,73.440978,209971809.0,51408684.6
2024-01-31,72.925377,210021809.0,3646268.85
2024-02-01,74.383922,209121809.0,-66945529.8
2024-02-02,74.155709,211671809.0,189097057.95000002
2024-02-05,73.702017,214371809.0,198995445.9
2024-02-06,73.855514,216221809.0,136632700.9
2024-02-07,73.799539,217871809.0,121769239.35
2024-02-08,73.797188,219721809.0,136524797.8
2024-02-09,73.132405,215871809.0,-281559759.25
2024-02-12,73.607477,213521809.0,-172977570.95000002
2024-02-13,72.873246,208971809.0,-331573269.29999995
2024-02-14,72.736064,205621809.0,-243665814.4
2024-02-15,73.157508,203021809.0,-190209520.8
2024-02-16,73.26977,201571809.0,-106241166.49999999
2024-02-20,74.038771,201121809.0,-33317446.95
2024-02-21,74.299722,201671809.0,40864847.1
2024-02-22,74.54212,201271809.0,-29816848.0
2024-02-23,74.771539,201371809.0,7477153.9
2024-02-26,74.465724,201771809.0,29786289.599999998
2024-02-27,74.474152,202671809.0,67026736.800000004
2024-02-28,74.541692,202771809.0,7454169.2
2024-02-29,74.485775,203171809.0,29794310.0
2024-03-01,74.447149,201771809.0,-104226008.6
2024-03-04,74.458675,203071809.0,96796277.5
2024-03-05,74.716706,205721809.0,197999270.9
2024-03-06,75.319276,203621809.0,-158170479.6
2024-03-07,75.750278,204521809.0,68175250.19999999
2024-03-08,75.139519,203771809.0,-56354639.25000001
2024-03-11,75.553426,203471809.0,-22666027.8
2024-03-12,75.989047,204021809.0,41793975.85
2024-03-13,76.087646,203971809.0,-3804382.3000000003
2024-03-14,75.545393,204071809.0,7554539.300000001
2024-03-15,75.49659,203221809.0,-64172101.5
2024-03-18,75.444812,204271809.0,79217052.6
2024-03-19,75.729385,205971809.0,128739954.49999999
2024-03-20,75.964331,206221809.0,18991082.75
2024-03-21,76.004033,206771809.0,41802218.150000006
2024-03-22,75.630862,206421809.0,-26470801.7
2024-03-25,75.409125,205871809.0,-41475018.75
2024-03-26,75.464961,205771809.0,-7546496.100000001
2024-03-27,76.235729,204721809.0,-80047515.45
2024-03-28,76.364931,204871809.0,11454739.65
2024-04-01,75.801166,204471809.0,-30320466.4
2024-04-02,75.381107,206471809.0,150762214.0
2024-04-03,74.549644,201871809.0,-342928362.4
2024-04-04,74.184368,199871809.0,-148368736.0
2024-04-05,74.361986,198971809.0,-66925787.4
2024-04-08,74.19933,197671809.0,-96459129.0
2024-04-09,74.581902,197121809.0,-41020046.1
2024-04-10,74.337308,195921809.0,-89204769.6
2024-04-11,74.12417,193521809.0,-177898008.00000003
2024-04-12,73.396679,193521809.0,0.0
2024-04-15,73.07932,192021809.0,-109618980.0
2024-04-16,73.114191,191971809.0,-3655709.5500000003
2024-04-17,73.415206,191521809.0,-33036842.7
2024-04-18,73.754806,197371809.0,431465615.1
2024-04-19,74.450736,193571809.0,-282912796.8
2024-04-22,75.131768,185571809.0,-601054144.0
2024-04-23,75.339532,185671809.0,7533953.2
2024-04-24,75.918074,187271809.0,121468918.4
2024-04-25,75.738815,187571809.0,22721644.5
2024-04-26,75.617426,188671809.0,83179168.6
2024-04-29,75.850786,188321809.0,-26547775.1
2024-04-30,75.518555,189721809.0,105725977.00000001
2024-05-01,75.002116,191021809.0,97502750.8
2024-05-02,75.623732,190121809.0,-68061358.8
2024-05-03,75.86187,192471809.0,178275394.5
2024-05-06,75.912073,194371809.0,144232938.70000002
2024-05-07,76.749617,194821809.0,34537327.65
2024-05-08,76.536455,198071809.0,248743478.75
2024-05-09,77.149749,196771809.0,-100294673.7
2024-05-10,77.63254,202121809.0,415334089.00000006
2024-05-13,77.393368,203471809.0,104481046.8
2024-05-14,77.253343,201871809.0,-123605348.8
2024-05-15,77.257091,197921809.0,-305165509.45
2024-05-16,78.381167,198721809.0,62704933.6
2024-05-17,78.181913,202121809.0,265818504.2
2024-05-20,77.652996,201671809.0,-34943848.2
2024-05-21,78.107109,201071809.0,-46864265.4
2024-05-22,77.839098,201971809.0,70055188.2
2024-05-23,76.918491,200171809.0,-138453283.8
2024-05-24,77.117088,199921809.0,-19279272.0
2024-05-28,76.509984,199121809.0,-61207987.2
2024-05-29,75.944622,199021809.0,-7594462.199999999
2024-05-30,76.156497,199521809.0,38078248.5
2024-05-31,77.301915,200071809.0,42516053.25
2024-06-03,77.309142,198171809.0,-146887369.79999998
2024-06-04,77.979485,197921809.0,-19494871.25
2024-06-05,77.780349,198421809.0,38890174.5
2024-06-06,78.067788,197971809.0,-35130504.599999994
2024-06-07,77.675098,198621809.0,50488813.7
2024-06-10,77.587612,199171809.0,42673186.599999994
2024-06-11,77.519599,200971809.0,139535278.2
2024-06-12,76.728116,202171809.0,92073739.2
2024-06-13,76.826256,202871809.0,53778379.2
2024-06-14,76.910143,202871809.0,0.0
2024-06-17,77.682617,203171809.0,23304785.099999998
2024-06-18,77.74575,202871809.0,-23323725.0
2024-06-20,77.577181,202821809.0,-3878859.05
2024-06-21,77.661809,202871809.0,3883090.45
2024-06-24,77.868163,203271809.0,31147265.2
2024-06-25,77.336211,203571809.0,23200863.3
2024-06-26,77.283892,204871809.0,100469059.6
2024-06-27,76.890515,204471809.0,-30756205.999999996
2024-06-28,76.571779,204121809.0,-26800122.650000002
2024-07-01,76.07377,204071809.0,-3803688.5
2024-07-02,76.54403,205121809.0,80371231.5
2024-07-03,76.459649,204071809.0,-80282631.45
2024-07-05,77.372606,203821809.0,-19343151.5
2024-07-08,77.251514,203621809.0,-15450302.8
2024-07-09,77.06563,203921809.0,23119689.0
2024-07-10,77.394381,203971809.0,3869719.05
2024-07-11,77.129451,204771809.0,61703560.800000004
2024-07-12,77.423659,206071809.0,100650756.7
2024-07-15,76.974513,206271809.0,15394902.6
2024-07-16,77.721193,206321809.0,3886059.65
2024-07-17,78.781247,206271809.0,-3939062.3499999996
2024-07-18,78.375942,210371809.0,321341362.2
2024-07-19,78.154616,211671809.0,101601000.80000001
2024-07-22,78.157266,209271809.0,-187577438.4
2024-07-23,77.862951,207421809.0,-144046459.35
2024-07-24,77.82915,207621809.0,15565830.0
2024-07-25,77.746313,206871809.0,-58309734.75
2024-07-26,78.476343,205021809.0,-145181234.55
2024-07-29,78.511231,205021809.0,0.0
2024-07-30,77.99999,204621809.0,-31199996.0
2024-07-31,77.838695,203221809.0,-108974173.0
2024-08-01,78.639533,203771809.0,43251743.15
2024-08-02,79.28694,204321809.0,43607817.0
2024-08-05,77.788936,205421809.0,85567829.60000001
2024-08-06,78.275555,203921809.0,-117413332.5
2024-08-07,78.307486,203321809.0,-46984491.6
2024-08-08,78.999766,200171809.0,-248849262.89999998
2024-08-09,79.144046,199921809.0,-19786011.5
2024-08-12,78.725974,203121809.0,251923116.79999998
2024-08-13,79.08244,202971809.0,-11862366.0
2024-08-14,79.476462,203271809.0,23842938.599999998
2024-08-15,80.302733,204221809.0,76287596.35000001
2024-08-16,80.512462,204721809.0,40256231.0
2024-08-19,80.766157,205921809.0,96919388.4
2024-08-20,81.150654,206121809.0,16230130.8
2024-08-21,81.737398,212721809.0,539466826.8
2024-08-22,81.620929,212671809.0,-4081046.45
2024-08-23,81.830825,207821809.0,-396879501.25
2024-08-26,82.425239,205771809.0,-168971739.95000002
2024-08-27,82.597957,206221809.0,37169080.65
2024-08-28,82.278592,206371809.0,12341788.8
2024-08-29,81.857945,207071809.0,57300561.5
2024-08-30,82.495149,207721809.0,53621846.85
2024-09-03,83.05231,206971809.0,-62289232.50000001
2024-09-04,83.476141,209471809.0,208690352.5
2024-09-05,83.134076,214421809.0,411513676.2
2024-09-06,82.936156,213171809.0,-103670195.0
2024-09-09,83.599611,214871809.0,142119338.7
2024-09-10,83.59037,217621809.0,229873517.49999997
2024-09-11,82.851719,218921809.0,107707234.7
2024-09-12,83.319209,220121809.0,99983050.8
2024-09-13,83.911564,219771809.0,-29369047.4
2024-09-16,84.221214,219771809.0,0.0
2024-09-17,83.454439,220171809.0,33381775.599999998
2024-09-18,83.134077,219621809.0,-45723742.35
2024-09-19,82.666471,228821809.0,760531533.2
2024-09-20,83.0551,226021809.0,-232554280.0
2024-09-23,83.064023,213221809.0,-1063219494.4000001
2024-09-24,82.848962,214371809.0,95276306.3
2024-09-25,82.687695,215021809.0,53747001.75
2024-09-26,82.892754,214971809.0,-4144637.6999999997
2024-09-27,83.026221,214271809.0,-58118354.7
2024-09-30,83.028934,214471809.0,16605786.8
2024-10-01,82.74195,215571809.0,91016145.0
2024-10-02,82.044414,215971809.0,32817765.6
2024-10-03,81.241614,217871809.0,154359066.6
2024-10-04,81.503597,217021809.0,-69278057.45
2024-10-07,80.66444,215921809.0,-88730884.0
2024-10-08,81.079894,215171809.0,-60809920.5
2024-10-09,81.548402,215471809.0,24464520.599999998
2024-10-10,81.209423,214221809.0,-101511778.75
2024-10-11,81.628855,210271809.0,-322433977.25
2024-10-14,81.934364,211521809.0,102417955.0
2024-10-15,82.488139,211421809.0,-8248813.9
2024-10-16,82.422037,210971809.0,-37089916.65
2024-10-17,82.055791,210471809.0,-41027895.5
2024-10-18,82.240269,210771809.0,24672080.7
2024-10-21,81.539253,210171809.0,-48923551.800000004
2024-10-22,82.011148,208721809.0,-118916164.60000001
2024-10-23,81.864571,208871809.0,12279685.65
2024-10-24,81.717638,210171809.0,106232929.39999999
2024-10-25,81.076453,209571809.0,-48645871.8
2024-10-28,81.196977,209571809.0,0.0
2024-10-29,80.396871,209621809.0,4019843.5500000003
2024-10-30,80.219367,209821809.0,16043873.4
2024-10-31,80.130605,209771809.0,-4006530.25
2024-11-01,80.137954,209321809.0,-36062079.3
2024-11-04,80.343264,208621809.0,-56240284.800000004
2024-11-05,80.845092,206021809.0,-210197239.2
2024-11-06,79.611284,206021809.0,0.0
2024-11-07,79.828549,203671809.0,-187597090.14999998
2024-11-08,80.784778,201221809.0,-197922706.1
2024-11-11,80.536082,202521809.0,104696906.6
2024-11-12,80.622974,203871809.0,108841014.9
2024-11-13,80.846337,200171809.0,-299131446.90000004
2024-11-14,80.671881,201621809.0,116974227.45
2024-11-15,79.982116,201121809.0,-39991058.0
2024-11-18,80.530752,200421809.0,-56371526.400000006
2024-11-19,80.631563,199921809.0,-40315781.5
2024-11-20,80.199783,204921809.0,400998915.0
2024-11-21,81.072813,200021809.0,-397256783.7
2024-11-22,81.835929,200671809.0,53193353.849999994
2024-11-25,82.281257,199771809.0,-74053131.3
2024-11-26,82.63624,201171809.0,115690736.0
2024-11-27,82.783056,201271809.0,8278305.600000001
2024-11-29,83.175951,202871809.0,133081521.6
2024-12-02,83.110957,203321809.0,37399930.65
2024-12-03,82.693088,205271809.0,161251521.6
2024-12-04,82.451159,205771809.0,41225579.5
2024-12-05,82.756742,205471809.0,-24827022.6
2024-12-06,82.418289,209421809.0,325552241.55
2024-12-09,82.253413,209421809.0,0.0
2024-12-10,82.617859,210721809.0,107403216.69999999
2024-12-11,82.030204,210271809.0,-36913591.8
2024-12-12,82.221413,210771809.0,41110706.5
2024-12-13,82.06539,210771809.0,0.0
2024-12-16,81.622692,210321809.0,-36730211.4
2024-12-17,81.478385,209971809.0,-28517434.75
2024-12-18,80.261969,209471809.0,-40130984.5
2024-12-19,79.678897,209221809.0,-19919724.25
2024-12-20,79.904127,206071809.0,-251698000.05
2024-12-23,78.92506,205071809.0,-78925060.0
2024-12-24,79.463525,207521809.0,194685636.25
2024-12-26,79.667231,207021809.0,-39833615.5
2024-12-27,79.28097,207071809.0,3964048.5
2024-12-30,78.368931,206371809.0,-54858251.7
2024-12-31,78.577158,205571809.0,-62861726.4
2025-01-02,78.341793,206271809.0,54839255.099999994
2025-01-03,78.348466,206021809.0,-19587116.5
2025-01-06,77.510917,206021809.0,0.0
2025-01-07,77.22981,207871809.0,142875148.5
2025-01-08,77.407879,208521809.0,50315121.349999994
2025-01-10,76.370247,207721809.0,-61096197.6
2025-01-13,76.466063,208271809.0,42056334.650000006
2025-01-14,76.482382,207121809.0,-87954739.3
2025-01-15,76.259032,208421809.0,99136741.60000001
2025-01-16,76.774753,209971809.0,119000867.15
2025-01-17,77.250991,211371809.0,108151387.4
2025-01-21,77.587659,210671809.0,-54311361.300000004
2025-01-22,77.202622,210721809.0,3860131.1
2025-01-23,77.485335,211721809.0,77485335.0
2025-01-24,77.89175,211721809.0,0.0
2025-01-27,80.035043,211971809.0,20008760.75
2025-01-28,78.748276,211871809.0,-7874827.600000001
2025-01-29,78.923383,211471809.0,-31569353.2
2025-01-30,79.7321,211021809.0,-35879445.0
2025-01-31,79.011734,210721809.0,-23703520.200000003
2025-02-03,79.258902,209871809.0,-67370066.7
2025-02-04,78.606443,209121809.0,-58954832.25
2025-02-05,79.098727,208071809.0,-83053663.35
2025-02-06,79.499229,207521809.0,-43724575.95
2025-02-07,79.352189,205621809.0,-150769159.1
2025-02-10,79.819877,206171809.0,43900932.35
2025-02-11,80.5838,207771809.0,128934080.0
2025-02-12,80.572417,208271809.0,40286208.5
2025-02-13,81.411772,206521809.0,-142470601.0
2025-02-14,80.614423,207721809.0,96737307.60000001
2025-02-18,80.891943,208671809.0,76847345.85
2025-02-19,81.568519,205421809.0,-265097686.74999997
2025-02-20,81.152794,205171809.0,-20288198.5
2025-02-21,82.173089,202121809.0,-250627921.45000002
2025-02-24,82.409397,204221809.0,173059733.7
2025-02-25,83.624061,205971809.0,146342106.75
2025-02-26,81.964017,204371809.0,-131142427.2
2025-02-27,82.00187,203071809.0,-106602431.0
2025-02-28,83.02769,200071809.0,-249083070.00000003
2025-03-03,83.519312,202921809.0,238030039.2
2025-03-04,82.124195,205721809.0,229947746.0
2025-03-05,82.432704,206871809.0,94797609.6
2025-03-06,82.608935,206171809.0,-57826254.5
2025-03-07,82.897958,205921809.0,-20724489.5
2025-03-10,82.702983,204621809.0,-107513877.9
2025-03-11,81.508832,202321809.0,-187470313.6
2025-03-12,79.703829,202121809.0,-15940765.799999999
2025-03-13,79.343902,203621809.0,119015853.0
2025-03-14,79.502854,208671809.0,401489412.7
2025-03-17,80.652123,203621809.0,-407293221.15000004
2025-03-18,79.756802,203021809.0,-47854081.199999996
2025-03-19,79.727086,203921809.0,71754377.4
2025-03-20,79.376922,205271809.0,107158844.69999999
2025-03-21,79.369347,204821809.0,-35716206.15
2025-03-24,79.420618,204221809.0,-47652370.800000004
2025-03-25,78.699097,203421809.0,-62959277.599999994
2025-03-26,79.925231,203521809.0,7992523.1
2025-03-27,80.810629,204871809.0,109094349.15
2025-03-28,80.460107,204871809.0,0.0
2025-03-31,81.644434,205121809.0,20411108.5
2025-04-01,81.823362,205521809.0,32729344.8
2025-04-02,81.599357,206171809.0,53039582.05
2025-04-03,82.054719,206321809.0,12308207.850000001
2025-04-04,78.562659,205721809.0,-47137595.4
2025-04-07,77.550178,201371809.0,-337343274.3
2025-04-08,76.336543,196371809.0,-381682715.00000006
2025-04-09,79.330079,201321809.0,392683891.05
2025-04-10,79.416882,201671809.0,27795908.7
2025-04-11,80.406023,199921809.0,-140710540.25
2025-04-14,81.680569,199521809.0,-32672227.6
2025-04-15,81.020681,198621809.0,-72918612.89999999
2025-04-16,80.147008,197471809.0,-92169059.2
2025-04-17,81.886974,191971809.0,-450378357.0
2025-04-21,81.093209,191621809.0,-28382623.150000002
2025-04-22,82.28367,192421809.0,65826936.0
2025-04-23,81.809842,190671809.0,-143167223.5
2025-04-24,81.068562,192071809.0,113495986.8
2025-04-25,80.853905,192021809.0,-4042695.25
2025-04-28,80.608966,192171809.0,12091344.899999999
2025-04-29,81.231605,196371809.0,341172741.0
2025-04-30,81.872417,195971809.0,-32748966.8
2025-05-01,81.139476,194421809.0,-125766187.8
2025-05-02,81.571589,193471809.0,-77493009.55
2025-05-05,81.503455,192271809.0,-97804146.0
2025-05-06,81.389339,193771809.0,122084008.50000001
2025-05-07,81.491641,193621809.0,-12223746.15
2025-05-08,81.346293,195271809.0,134221383.45000002
2025-05-09,80.903632,196521809.0,101129540.0
2025-05-12,81.010826,195571809.0,-76960284.69999999
2025-05-13,79.939272,195821809.0,19984818.0
2025-05-14,79.536976,194221809.0,-127259161.6
2025-05-15,81.135989,194621809.0,32454395.599999998
2025-05-16,82.030796,196471809.0,151756972.6
2025-05-19,82.301305,197971809.0,123451957.5
2025-05-20,82.590129,198071809.0,8259012.9
2025-05-21,81.653562,201171809.0,253126042.2
2025-05-22,81.311292,200971809.0,-16262258.399999999
2025-05-23,81.580566,199371809.0,-130528905.60000001
2025-05-27,82.338012,199321809.0,-4116900.6
2025-05-28,81.786925,198671809.0,-53161501.25
2025-05-29,82.106063,198671809.0,0.0
2025-05-30,82.870957,197821809.0,-70440313.45
2025-06-02,82.867654,200721809.0,240316196.6
2025-06-03,82.786503,203521809.0,231802208.39999998
2025-06-04,82.211888,202421809.0,-90433076.8
2025-06-05,81.450356,202171809.0,-20362589.0
2025-06-06,81.700338,203221809.0,85785354.9
2025-06-09,81.59105,202771809.0,-36715972.5
2025-06-10,81.739449,200771809.0,-163478898.0
2025-06-11,81.470266,200771809.0,0.0
2025-06-12,81.951398,201121809.0,28682989.3
2025-06-13,80.960012,200771809.0,-28336004.200000003
2025-06-16,81.211616,201321809.0,44666388.800000004
2025-06-17,80.537926,201121809.0,-16107585.2
2025-06-18,80.446547,199521809.0,-128714475.19999999
2025-06-20,81.033563,199071809.0,-36465103.35
2025-06-23,81.418867,198621809.0,-36638490.150000006
2025-06-24,81.33485,200421809.0,146402730.0
2025-06-25,80.196879,199971809.0,-36088595.55
2025-06-26,80.143617,198371809.0,-128229787.2
2025-06-27,80.553037,197571809.0,-64442429.6
2025-06-30,80.991557,196921809.0,-52644512.05
2025-07-01,81.929621,196421809.0,-40964810.5
2025-07-02,82.154445,196121809.0,-24646333.5
2025-07-03,82.150186,195121809.0,-82150186.0
2025-07-07,82.075587,196921809.0,147736056.6
2025-07-08,81.340998,195671809.0,-101676247.5
2025-07-09,80.819712,196771809.0,88901683.19999999
2025-07-10,81.10255,197571809.0,64882039.99999999
2025-07-11,80.815775,199771809.0,177794705.0
2025-07-14,80.893603,199421809.0,-28312761.05
2025-07-15,80.097631,199521809.0,8009763.100000001
2025-07-16,80.364391,195871809.0,-293330027.15
2025-07-17,81.066615,196421809.0,44586638.25
2025-07-18,80.883215,195221809.0,-97059858.00000001
2025-07-21,80.833644,197021809.0,145500559.20000002
2025-07-22,81.590285,196471809.0,-44874656.75
2025-07-23,81.625943,195771809.0,-57138160.1
2025-07-24,81.330536,196771809.0,81330536.0
2025-07-25,81.463714,198571809.0,146634685.2
2025-07-28,80.668954,198571809.0,0.0
2025-07-29,81.179466,197721809.0,-69002546.10000001
2025-07-30,80.466713,198921809.0,96560055.6
2025-07-31,79.782532,198571809.0,-27923886.200000003
2025-08-01,80.169465,197871809.0,-56118625.5
2025-08-04,80.54044,198721809.0,68459374.0
2025-08-05,80.478349,198721809.0,0.0
2025-08-06,81.607961,198121809.0,-48964776.6
2025-08-07,82.219966,197171809.0,-78108967.7
2025-08-08,82.455967,201721809.0,375174649.85
2025-08-11,82.384575,204121809.0,197722980.0
2025-08-12,82.634219,203571809.0,-45448820.45
2025-08-13,82.621497,202721809.0,-70228272.45
2025-08-14,81.911399,201771809.0,-77815829.05
2025-08-15,81.99886,201671809.0,-8199885.999999999
2025-08-18,81.925614,201771809.0,8192561.399999999
2025-08-19,82.722098,201271809.0,-41361049.0
2025-08-20,83.212253,202371809.0,91533478.3
2025-08-21,82.493582,202621809.0,20623395.5
2025-08-22,82.465178,200521809.0,-173176873.79999998
2025-08-25,81.068509,199921809.0,-48641105.400000006
2025-08-26,80.547176,197971809.0,-157066993.2
2025-08-27,80.761651,195971809.0,-161523302.0
2025-08-28,80.260039,195521809.0,-36117017.550000004
2025-08-29,80.762921,195721809.0,16152584.200000001
2025-09-02,80.657433,196421809.0,56460203.1
2025-09-03,80.603435,198221809.0,145086183.0
2025-09-04,80.633514,199321809.0,88696865.4
2025-09-05,80.83851,199071809.0,-20209627.5
2025-09-08,80.523795,200221809.0,92602364.25000001
2025-09-09,80.724352,200221809.0,0.0
2025-09-10,79.92981,201521809.0,103908753.0
2025-09-11,80.600157,199971809.0,-124930243.35
2025-09-12,80.298932,200121809.0,12044839.799999999
2025-09-15,79.390562,204621809.0,357257529.0
2025-09-16,79.740368,199771809.0,-386740784.8
2025-09-17,80.246706,195221809.0,-365122512.3
2025-09-18,79.571104,198471809.0,258606088.00000003
2025-09-19,79.379477,195971809.0,-198448692.5
2025-09-22,77.96366,198221809.0,175418235.0
2025-09-23,78.329016,199321809.0,86161917.6
2025-09-24,78.523683,199821809.0,39261841.5
2025-09-25,77.793668,201871809.0,159477019.4
2025-09-26,77.96245,202921809.0,81860572.5
2025-09-29,78.121593,203671809.0,58591194.75
2025-09-30,78.386086,205421809.0,137175650.5
2025-10-01,78.251599,204871809.0,-43038379.45
2025-10-02,77.941209,203271809.0,-124705934.4
2025-10-03,78.038068,202721809.0,-42920937.4
2025-10-06,77.479241,203071809.0,27117734.35
2025-10-07,78.173972,202371809.0,-54721780.400000006
2025-10-08,77.806085,202321809.0,-3890304.25
2025-10-09,78.048158,202421809.0,7804815.8
2025-10-10,78.12365,203071809.0,50780372.5
2025-10-13,77.839829,198921809.0,-323035290.34999996
2025-10-14,79.078999,198371809.0,-43493449.449999996
2025-10-15,79.207126,199421809.0,83167482.3
2025-10-16,78.67936,200621809.0,94415232.0
2025-10-17,79.723935,202421809.0,143503083.0
2025-10-20,79.657539,200571809.0,-147366447.15
2025-10-21,79.298308,199271809.0,-103087800.4
2025-10-22,79.742708,206871809.0,606044580.8
2025-10-23,79.360621,207821809.0,75392589.94999999
2025-10-24,79.09,208471809.0,51408500.0
2025-10-27,79.196855,206771809.0,-134634653.5
2025-10-28,78.408421,205771809.0,-78408421.0
2025-10-29,76.609518,205371809.0,-30643807.2
2025-10-30,76.549859,203121809.0,-172237182.75
2025-10-31,76.281838,204021809.0,68653654.19999999
2025-11-03,75.708235,201871809.0,-162772705.25
2025-11-04,75.990696,200571809.0,-98787904.8
2025-11-05,75.93918,199321809.0,-94923974.99999999
2025-11-06,75.58584,196871809.0,-185185308.0
2025-11-07,76.698568,196271809.0,-46019140.8
2025-11-10,76.420741,194621809.0,-126094222.65
2025-11-11,77.396399,191621809.0,-232189197.0
2025-11-12,77.291905,193721809.0,162313000.5
2025-11-13,77.317827,194571809.0,65720152.949999996
2025-11-14,77.25685,194771809.0,15451370.0
2025-11-17,76.775545,194621809.0,-11516331.75
2025-11-18,77.086957,193821809.0,-61669565.6
2025-11-19,76.519594,193871809.0,3825979.6999999997
2025-11-20,77.052476,192571809.0,-100168218.8
2025-11-21,77.906063,192121809.0,-35057728.35
2025-11-24,77.008516,191571809.0,-42354683.8
2025-11-25,78.070746,192621809.0,81974283.3
2025-11-26,78.901611,192821809.0,15780322.200000001
2025-11-28,79.329537,195071809.0,178491458.25
2025-12-01,79.226424,195571809.0,39613212.0
2025-12-02,78.780092,191071809.0,-354510414.0
2025-12-03,78.815646,190721809.0,-27585476.1
2025-12-04,78.448457,191721809.0,78448457.0
2025-12-05,78.465815,192771809.0,82389105.75
2025-12-08,77.801874,190021809.0,-213955153.5
2025-12-09,77.979158,190621809.0,46787494.8
2025-12-10,78.221593,190621809.0,0.0
2025-12-11,78.796151,190021809.0,-47277690.599999994
2025-12-12,79.428372,193121809.0,246227953.2
2025-12-15,79.626467,193171809.0,3981323.35
2025-12-16,79.308919,194171809.0,79308919.0
2025-12-17,79.649378,192471809.0,-135403942.6
2025-12-18,79.177312,188121809.0,-344421307.2
2025-12-19,78.767388,187721809.0,-31506955.2
2025-12-22,77.896828,185821809.0,-148003973.2
2025-12-23,77.516339,187621809.0,139529410.20000002
2025-12-24,78.114737,188821809.0,93737684.4
2025-12-26,78.225324,189121809.0,23467597.2
2025-12-29,78.265183,187121809.0,-156530366.0
2025-12-30,78.134285,187171809.0,3906714.2500000005
2025-12-31,77.682449,189171809.0,155364898.0
2026-01-02,77.705039,188421809.0,-58278779.25
2026-01-05,77.343604,189321809.0,69609243.6
2026-01-06,77.474018,186971809.0,-182063942.3
2026-01-07,76.630715,186971809.0,0.0
2026-01-08,78.451956,185971809.0,-78451956.0
2026-01-09,79.247119,186021809.0,3962355.9499999997
2026-01-12,80.195298,186371809.0,28068354.299999997
2026-01-13,81.126341,194171809.0,632785459.8
2026-01-14,82.205883,199121809.0,406919120.85
2026-01-15,82.350435,197471809.0,-135878217.75
2026-01-16,82.13088,198571809.0,90343968.0
2026-01-20,82.38844,198821809.0,20597110.0
2026-01-21,82.413248,196071809.0,-226636432.0
2026-01-22,82.285435,194821809.0,-102856793.75000001
2026-01-23,82.889897,194521809.0,-24866969.1
2026-01-26,82.765052,195871809.0,111732820.2
2026-01-27,83.149846,192471809.0,-282709476.4
2026-01-28,82.331003,193121809.0,53515151.949999996
2026-01-29,82.155665,192171809.0,-78047881.75
2026-01-30,83.470544,193521809.0,112685234.4
2026-02-02,84.475165,191421809.0,-177397846.5
2026-02-03,85.861871,192221809.0,68689496.8
2026-02-04,86.969188,193271809.0,91317647.4
2026-02-05,86.904904,192571809.0,-60833432.800000004
2026-02-06,87.939617,186671809.0,-518843740.3
2026-02-09,87.458443,187421809.0,65593832.25
2026-02-10,87.127406,189221809.0,156829330.79999998
2026-02-11,88.400001,188371809.0,-75140000.85000001
2026-02-12,89.239731,195221809.0,611292157.35
2026-02-13,89.510982,193171809.0,-183497513.1
2026-02-17,88.203114,194321809.0,101433581.1
2026-02-18,88.069147,194521809.0,17613829.4
2026-02-19,87.686226,196121809.0,140297961.6
2026-02-20,87.87713,196421809.0,26363139.0
2026-02-23,88.984179,196521809.0,8898417.9
2026-02-24,89.717873,197471809.0,85231979.35
2026-02-25,88.979723,195771809.0,-151265529.10000002
2026-02-26,88.856536,192821809.0,-262126781.20000002
2026-02-27,90.00348,195071809.0,202507830.0
2026-03-02,88.72827,193421809.0,-146401645.5
2026-03-03,87.757962,193721809.0,26327388.6
2026-03-04,87.200331,197371809.0,318281208.15000004
2026-03-05,85.443051,196771809.0,-51265830.6
2026-03-06,85.768675,199321809.0,218710121.25
2026-03-09,85.966654,195921809.0,-292286623.6
2026-03-10,85.735719,192571809.0,-287214658.65000004
2026-03-11,84.600068,195471809.0,245340197.2
2026-03-12,84.265399,196221809.0,63199049.25
2026-03-13,84.733859,196421809.0,16946771.8
2026-03-16,84.952379,196471809.0,4247618.949999999
2026-03-17,84.669944,191671809.0,-406415731.2
2026-03-18,82.644644,194621809.0,243801699.8
2026-03-19,81.980623,193621809.0,-81980623.0
2026-03-20,81.302545,196921809.0,268298398.49999997
2026-03-23,81.191454,189071809.0,-637352913.9
2026-03-24,81.0913,188521809.0,-44600215.0
2026-03-25,81.516077,190521809.0,163032154.0
2026-03-26,81.154741,190521809.0,0.0
2026-03-27,81.8141,189471809.0,-85904805.0
2026-03-30,81.882189,188921809.0,-45035203.949999996
2026-03-31,81.963429,188871809.0,-4098171.45
2026-04-01,81.497845,188721809.0,-12224676.75
2026-04-02,81.919185,186421809.0,-188414125.5
2026-04-06,82.67683,176871809.0,-789563726.5
2026-04-07,81.273913,176821809.0,-4063695.6499999994
2026-04-08,82.788505,174871809.0,-161437584.75
2026-04-09,83.450596,174971809.0,8345059.600000001
2026-04-10,82.349548,174321809.0,-53527206.199999996
2026-04-13,81.54434,173871809.0,-36694953.0
2026-04-14,81.435145,174721809.0,69219873.25
2026-04-15,81.047513,176671809.0,158042650.35
2026-04-16,81.437602,177121809.0,36646920.9
2026-04-17,82.466405,176321809.0,-65973123.99999999
2026-04-20,82.367862,176121809.0,-16473572.4
2026-04-21,81.833641,176371809.0,20458410.25
2026-04-22,82.10814,175871809.0,-41054070.0
2026-04-23,83.466839,175171809.0,-58426787.3
2026-04-24,83.252292,176671809.0,124878438.0
2026-04-27,82.328645,176121809.0,-45280754.75
2026-04-28,83.083339,173321809.0,-232633349.2
2026-04-29,82.923284,173521809.0,16584656.799999999
2026-04-30,84.28583,172571809.0,-80071538.5
2026-05-01,84.144539,173821809.0,105180673.75
2026-05-04,83.506933,173521809.0,-25052079.900000002
2026-05-05,84.019019,174071809.0,46210460.45
2026-05-06,84.234305,174921809.0,71599159.25
2026-05-07,83.988062,173071809.0,-155377914.7
2026-05-08,84.197861,173821809.0,63148395.75
2026-05-11,83.356654,174921809.0,91692319.4
2026-05-12,84.437779,175721809.0,67550223.2
2026-05-13,84.706683,176671809.0,80471348.85
2026-05-14,84.962511,176271809.0,-33985004.400000006
2026-05-15,84.642877,176871809.0,50785726.199999996
2026-05-18,85.896331,176871809.0,0.0
2026-05-19,86.052881,177321809.0,38723796.45
2026-05-20,85.476971,177721809.0,34190788.400000006
2026-05-21,84.6542,177171809.0,-46559810.0
2026-05-22,84.793701,176221809.0,-80554015.95
2026-05-26,83.604288,176471809.0,20901072.0
2026-05-27,84.542496,176521809.0,4227124.8
2026-05-28,84.391825,178521809.0,168783650.0
2026-05-29,82.932814,179121809.0,49759688.4
2026-06-01,82.011359,178621809.0,-41005679.5
2026-06-02,81.844121,174771809.0,-315099865.85
2026-06-03,82.126554,171071809.0,-303868249.8
2026-06-04,82.017853,170671809.0,-32807141.2
2026-06-05,83.442533,176021809.0,446417551.55
2026-06-08,83.094479,170171809.0,-486102702.15000004
2026-06-09,84.118719,169771809.0,-33647487.6
2026-06-10,85.477445,170021809.0,21369361.25
2026-06-11,85.257292,170071809.0,4262864.600000001
2026-06-12,85.855626,170921809.0,72977282.1
2026-06-15,85.472162,170371809.0,-47009689.1
2026-06-16,85.585473,168221809.0,-184008766.95
2026-06-17,83.690865,167021809.0,-100429038.0
2026-06-18,83.28322,164771809.0,-187387245.0
2026-06-22,82.176811,163671809.0,-90394492.1
2026-06-23,83.698305,164571809.0,75328474.5
2026-06-24,84.434956,163371809.0,-101321947.2
2026-06-25,83.93446,166121809.0,230819765.0
2026-06-26,84.787893,166171809.0,4239394.649999999
2026-06-29,84.38478,165121809.0,-88604019.0
2026-06-30,83.114986,164221809.0,-74803487.4
2026-07-01,83.298115,163971809.0,-20824528.75
2026-07-02,85.036781,167521809.0,301880572.55
2026-07-06,84.079831,170821809.0,277463442.3
2026-07-07,84.852272,169771809.0,-89094885.6
2026-07-08,84.432841,171571809.0,151979113.79999998
2026-07-09,83.22414,171271809.0,-24967242.0
2026-07-10,84.122278,170671809.0,-50473366.8
2026-07-13,84.569969,170421809.0,-21142492.25
2026-07-14,83.404516,168971809.0,-120936548.2
2026-07-15,83.464272,168721809.0,-20866068.0
2026-07-16,85.803591,168371809.0,-30031256.849999998
2026-07-17,85.212086,169371809.0,85212086.0
2026-07-20,84.826848,169671809.0,25448054.4
2026-07-21,84.035844,168021809.0,-138659142.6
2026-07-22,84.364025,167721809.0,-25309207.5
2026-07-23,83.247856,167321809.0,-33299142.4
2026-07-24,84.10118,173171809.0,491991903.0
2026-07-27,85.369105,169971809.0,-273181136.0
2026-07-28,87.018656,170371809.0,34807462.4
2026-07-29,87.319993,176321809.0,519553958.34999996
2026-07-30,85.461166,174971809.0,-115372574.10000001
2026-07-31,85.052934,171071809.0,-331706442.59999996
2026-08-03,84.852029,172021809.0,80609427.55
2026-08-04,85.337169,172271809.0,21334292.25
2026-08-05,85.333957,172521809.0,21333489.25
2026-08-06,85.131881,172821809.0,25539564.3
2026-08-07,85.143881,171471809.0,-114944239.35
2026-08-10,84.937215,171471809.0,0.0
2026-08-11,84.692029,171671809.0,16938405.8
2026-08-12,85.066152,180271809.0,731568907.2
2026-08-13,85.968285,172921809.0,-631866894.75
2026-08-14,86.064285,172771809.0,-12909642.75
2026-08-17,84.67905,172521809.0,-21169762.5
2026-08-18,85.544952,172771809.0,21386238.0
2026-08-19,86.484202,172771809.0,0.0
2026-08-20,85.322572,174021809.0,106653214.99999999
2026-08-21,86.001001,173071809.0,-81700950.95
2026-08-24,87.429182,170571809.0,-218572955.0
2026-08-25,86.505849,170521809.0,-4325292.45
2026-08-26,86.274295,170521809.0,0.0
2026-08-27,85.110573,170871809.0,29788700.55
2026-08-28,85.435097,171021809.0,12815264.55
2026-08-31,84.978715,170921809.0,-8497871.5
2026-09-01,85.25602,169771809.0,-98044423.00000001
2026-09-02,85.488243,170421809.0,55567357.949999996
2026-09-03,85.24005,171071809.0,55406032.5
2026-09-04,84.607295,172271809.0,101528753.99999999
2026-09-08,83.992025,171671809.0,-50395215.0
2026-09-09,83.029047,173671809.0,166058094.0
2026-09-10,83.108372,172171809.0,-124662558.0
2026-09-11,83.414552,172971809.0,66731641.6
2026-09-14,84.408761,170671809.0,-194140150.29999998
2026-09-15,83.725333,170971809.0,25117599.900000002
2026-09-16,83.351216,169771809.0,-100021459.19999999
2026-09-17,83.492938,168621809.0,-96016878.69999999
2026-09-18,82.848986,168121809.0,-41424493.0
2026-09-21,81.889993,166521809.0,-131023988.80000001
2026-09-22,82.715731,167521809.0,82715731.0
2026-09-23,82.446876,169521809.0,164893752.0
2026-09-24,81.71562,169621809.0,8171562.0
2026-09-25,82.081288,168871809.0,-61560966.0
2026-09-28,82.280819,169171809.0,24684245.7
