date,nav,shares,flow
2006-05-31,31.802683,69633629.0,
2006-06-01,32.165967,69983629.0,11258088.450000001
2006-06-02,32.522312,69283629.0,-22765618.4
2006-06-05,32.232282,69283629.0,0.0
2006-06-06,32.228907,67333629.0,-62846368.65
2006-06-07,32.079223,66783629.0,-17643572.65
2006-06-08,32.255686,66783629.0,0.0
2006-06-09,32.470397,73083629.0,204563501.1
2006-06-12,32.55507,73083629.0,0.0
2006-06-13,32.138987,76683629.0,115700353.2
2006-06-14,31.949562,80383629.0,118213379.4
2006-06-15,32.386065,80383629.0,0.0
2006-06-16,32.103561,78383629.0,-64207122.0
2006-06-19,31.691572,78983629.0,19014943.2
2006-06-20,31.769005,77183629.0,-57184209.0
2006-06-21,31.738493,76933629.0,-7934623.25
2006-06-22,31.596261,76933629.0,0.0
2006-06-23,31.615454,75383629.0,-49003953.7
2006-06-26,31.759178,74783629.0,-19055506.8
2006-06-27,31.632568,75133629.0,11071398.799999999
2006-06-28,31.785375,74533629.0,-19071225.0
2006-06-29,32.19974,73633629.0,-28979766.0
2006-06-30,32.289505,74883629.0,40361881.25
2006-07-03,32.5999,73583629.0,-42379870.0
2006-07-05,32.439432,73933629.0,11353801.2
2006-07-06,32.312561,73933629.0,0.0
2006-07-07,32.54225,72933629.0,-32542250.000000004
2006-07-10,32.709918,72933629.0,0.0
2006-07-11,32.923827,73483629.0,18108104.85
2006-07-12,32.689123,73333629.0,-4903368.45
2006-07-13,32.62506,73333629.0,0.0
2006-07-14,32.636359,74333629.0,32636359.0
2006-07-17,32.737293,75533629.0,39284751.6
2006-07-18,32.822051,76333629.0,26257640.8
2006-07-19,33.257021,81233629.0,162959402.9
2006-07-20,33.408233,78433629.0,-93543052.4
2006-07-21,33.507039,78433629.0,0.0
2006-07-24,33.783189,78233629.0,-6756637.8
2006-07-25,33.930944,77983629.0,-8482736.0
2006-07-26,34.055967,77983629.0,0.0
2006-07-27,33.812229,77983629.0,0.0
2006-07-28,33.989949,77983629.0,0.0
2006-07-31,33.869711,79133629.0,38950167.650000006
2006-08-01,34.230948,79133629.0,0.0
2006-08-02,34.20315,81135925.0,68484830.4324
2006-08-03,34.051577,78435925.0,-91939257.9
2006-08-04,34.023249,78335925.0,-3402324.9
2006-08-07,33.670891,77885925.0,-15151900.95
2006-08-08,33.955723,77885925.0,0.0
2006-08-09,33.985746,77735925.0,-5097861.899999999
2006-08-10,33.968766,77585925.0,-5095314.9
2006-08-11,33.915036,77585925.0,0.0
2006-08-14,34.074904,77585925.0,0.0
2006-08-15,34.340095,78185925.0,20604057.0
2006-08-16,34.009065,78135925.0,-1700453.25
2006-08-17,33.909754,77585925.0,-18650364.7
2006-08-18,34.30331,76935925.0,-22297151.500000004
2006-08-21,34.345356,76935925.0,0.0
2006-08-22,34.571212,76935925.0,0.0
2006-08-23,34.235734,76935925.0,0.0
2006-08-24,34.341802,77135925.0,6868360.4
2006-08-25,34.320401,77135925.0,0.0
2006-08-28,34.595257,78785925.0,57082174.05
2006-08-29,34.634608,79285925.0,17317304.0
2006-08-30,34.397691,81835925.0,87714112.05000001
2006-08-31,34.821117,81835925.0,0.0
2006-09-01,34.773674,81835925.0,0.0
2006-09-05,34.45682,77335925.0,-155055690.0
2006-09-06,34.298785,76185925.0,-39443602.75
2006-09-07,34.293053,75335925.0,-29149095.05
2006-09-08,34.348013,75335925.0,0.0
2006-09-11,34.243736,74335925.0,-34243736.0
2006-09-12,34.016746,72585925.0,-59529305.49999999
2006-09-13,34.112146,75785925.0,109158867.2
2006-09-14,33.927818,80035925.0,144193226.5
2006-09-15,33.7426,72285925.0,-261505150.00000003
2006-09-18,33.583114,77535925.0,176311348.5
2006-09-19,33.708253,80535925.0,101124759.0
2006-09-20,33.640262,86235925.0,191749493.4
2006-09-21,33.556496,87435925.0,40267795.2
2006-09-22,33.518384,90685925.0,108934747.99999999
2006-09-25,33.988376,91085925.0,13595350.4
2006-09-26,33.998053,91085925.0,0.0
2006-09-27,34.421876,86735925.0,-149735160.6
2006-09-28,34.312364,86738644.0,93295.317716
2006-09-29,33.965914,88138644.0,47552279.599999994
2006-10-02,34.192359,88138644.0,0.0
2006-10-03,34.355729,88638644.0,17177864.5
2006-10-04,34.501627,86488644.0,-74178498.05
2006-10-05,34.400453,81838644.0,-159962106.45
2006-10-06,34.165005,80788644.0,-35873255.25
2006-10-09,34.179506,80538644.0,-8544876.5
2006-10-10,34.405281,81338644.0,27524224.8
2006-10-11,34.478855,81738644.0,13791542.000000002
2006-10-12,34.560012,81738644.0,0.0
2006-10-13,34.535048,80688644.0,-36261800.400000006
2006-10-16,34.674851,80438644.0,-8668712.75
2006-10-17,34.917264,78688644.0,-61105212.00000001
2006-10-18,35.266342,80188644.0,52899513.0
2006-10-19,35.422502,80788644.0,21253501.2
2006-10-20,35.63605,81888644.0,39199655.0
2006-10-23,35.75517,81488644.0,-14302068.0
2006-10-24,35.715857,81988644.0,17857928.5
2006-10-25,36.037898,78038644.0,-142349697.1
2006-10-26,35.913418,81838644.0,136470988.4
2006-10-27,35.725237,82988644.0,41084022.55
2006-10-30,35.740489,85488644.0,89351222.49999999
2006-10-31,35.790814,84738644.0,-26843110.499999996
2006-11-01,36.05487,84888644.0,5408230.5
2006-11-02,35.805986,88038644.0,112788855.89999999
2006-11-03,35.551457,88038644.0,0.0
2006-11-06,35.412373,88488644.0,15935567.850000001
2006-11-07,35.329944,91238644.0,97157346.0
2006-11-08,35.661495,91238644.0,0.0
2006-11-09,35.68104,90988644.0,-8920260.0
2006-11-10,35.912625,85988644.0,-179563125.0
2006-11-13,35.943362,84488644.0,-53915043.0
2006-11-14,36.033402,84488644.0,0.0
2006-11-15,35.898965,85188644.0,25129275.499999996
2006-11-16,36.007453,84838644.0,-12602608.549999999
2006-11-17,36.053816,84588644.0,-9013454.0
2006-11-20,35.964478,84838644.0,8991119.5
2006-11-21,36.005341,85038644.0,7201068.2
2006-11-22,36.100951,85038644.0,0.0
2006-11-24,36.15284,84788644.0,-9038210.0
2006-11-27,35.832454,84788644.0,0.0
2006-11-28,36.04399,78688644.0,-219868339.0
2006-11-29,36.535461,79188644.0,18267730.5
2006-11-30,36.635341,79188644.0,0.0
2006-12-01,36.756494,79888644.0,25729545.8
2006-12-04,37.121915,79488644.0,-14848766.0
2006-12-05,37.200349,79488644.0,0.0
2006-12-06,36.996901,80788644.0,48095971.300000004
2006-12-07,36.836544,80788644.0,0.0
2006-12-08,36.763625,80538644.0,-9190906.25
2006-12-11,36.923788,80388644.0,-5538568.2
2006-12-12,37.095024,80288644.0,-3709502.4000000004
2006-12-13,37.242267,80288644.0,0.0
2006-12-14,37.354777,79788644.0,-18677388.5
2006-12-15,36.943146,73788644.0,-221658876.0
2006-12-18,36.662912,79938644.0,225476908.79999998
2006-12-19,36.868734,79938644.0,0.0
2006-12-20,36.739554,79938644.0,0.0
2006-12-21,36.661404,79938644.0,0.0
2006-12-22,36.578143,81138644.0,43893771.599999994
2006-12-26,36.777872,81138644.0,0.0
2006-12-27,36.897556,80688644.0,-16603900.200000001
2006-12-28,36.764073,81241586.0,20328400.052766003
2006-12-29,36.707203,81241586.0,0.0
2007-01-03,36.860844,81541586.0,11058253.2
2007-01-04,36.744365,82791586.0,45930456.25
2007-01-05,36.087041,81791586.0,-36087041.0
2007-01-08,36.022583,81791586.0,0.0
2007-01-09,36.066409,81791586.0,0.0
2007-01-10,36.152024,82291586.0,18076012.0
2007-01-11,36.110693,82241586.0,-1805534.65
2007-01-12,35.843902,82241586.0,0.0
2007-01-16,35.970142,77741586.0,-161865639.0
2007-01-17,35.996974,84891586.0,257378364.10000002
2007-01-18,35.944553,80341586.0,-163547716.15
2007-01-19,36.090926,78091586.0,-81204583.5
2007-01-22,36.029518,78291586.0,7205903.600000001
2007-01-23,36.190136,76841586.0,-52475697.2
2007-01-24,36.458666,76691586.0,-5468799.9
2007-01-25,36.234318,76691586.0,0.0
2007-01-26,36.315533,76691586.0,0.0
2007-01-29,36.315779,76691586.0,0.0
2007-01-30,36.459511,76691586.0,0.0
2007-01-31,36.594929,75391586.0,-47573407.7
2007-02-01,36.916718,75391586.0,0.0
2007-02-02,37.074442,75391586.0,0.0
2007-02-05,37.501796,75391586.0,0.0
2007-02-06,37.783942,75391586.0,0.0
2007-02-07,37.823262,75691586.0,11346978.6
2007-02-08,38.002267,75691586.0,0.0
2007-02-09,38.033561,75691586.0,0.0
2007-02-12,37.980228,75691586.0,0.0
2007-02-13,38.243573,75691586.0,0.0
2007-02-14,38.406173,76041586.0,13442160.55
2007-02-15,38.181294,76041586.0,0.0
2007-02-16,38.196481,77591586.0,59204545.55
2007-02-20,38.366129,77491586.0,-3836612.9
2007-02-21,38.19487,77391586.0,-3819487.0
2007-02-22,38.304703,77791586.0,15321881.200000001
2007-02-23,38.665556,77791586.0,0.0
2007-02-26,39.610402,76541586.0,-49513002.5
2007-02-27,38.491705,77541586.0,38491705.0
2007-02-28,38.517223,77291586.0,-9629305.75
2007-03-01,38.641703,76391586.0,-34777532.7
2007-03-02,38.060619,76391586.0,0.0
2007-03-05,37.568314,77741586.0,50717223.9
2007-03-06,38.086092,78441586.0,26660264.400000002
2007-03-07,38.073712,80241586.0,68532681.6
2007-03-08,38.150367,81741586.0,57225550.50000001
2007-03-09,38.172489,81741586.0,0.0
2007-03-12,38.604989,81741586.0,0.0
2007-03-13,38.058909,77741586.0,-152235636.0
2007-03-14,38.273072,78941586.0,45927686.4
2007-03-15,38.722319,80241586.0,50339014.699999996
2007-03-16,38.283723,75591586.0,-178019311.95000002
2007-03-19,38.722516,76391586.0,30978012.8
2007-03-20,39.257191,78491586.0,82440101.1
2007-03-21,39.715114,78891586.0,15886045.6
2007-03-22,39.654821,78891586.0,0.0
2007-03-23,39.833146,79441586.0,21908230.3
2007-03-26,40.045827,80691586.0,50057283.75
2007-03-27,40.005372,80691586.0,0.0
2007-03-28,39.998248,81791586.0,43998072.8
2007-03-29,40.125775,81793259.0,67130.421575
2007-03-30,39.868898,81793259.0,0.0
2007-04-02,40.64097,82393259.0,24384582.0
2007-04-03,40.697681,82993259.0,24418608.6
2007-04-04,40.549853,83743259.0,30412389.75
2007-04-05,40.697739,84243259.0,20348869.5
2007-04-09,40.961157,84243259.0,0.0
2007-04-10,41.084498,81993259.0,-92440120.50000001
2007-04-11,40.888453,81393259.0,-24533071.8
2007-04-12,40.74635,81393259.0,0.0
2007-04-13,40.675713,82143259.0,30506784.75
2007-04-16,40.935087,82143259.0,0.0
2007-04-17,41.257556,82143259.0,0.0
2007-04-18,41.365347,82443259.0,12409604.1
2007-04-19,41.172681,82443259.0,0.0
2007-04-20,41.527234,83143259.0,29069063.8
2007-04-23,41.83188,84443259.0,54381444.0
2007-04-24,42.095051,84443259.0,0.0
2007-04-25,42.41487,80243259.0,-178142454.0
2007-04-26,42.144622,80543259.0,12643386.6
2007-04-27,41.886833,80543259.0,0.0
2007-04-30,41.533462,79243259.0,-53993500.6
2007-05-01,41.98866,78743259.0,-20994330.0
2007-05-02,42.211777,77943259.0,-33769421.6
2007-05-03,42.15257,77943259.0,0.0
2007-05-04,42.163669,77943259.0,0.0
2007-05-07,42.520117,77743259.0,-8504023.4
2007-05-08,42.300443,78243259.0,21150221.5
2007-05-09,42.410831,77993259.0,-10602707.75
2007-05-10,41.956107,79743259.0,73423187.25
2007-05-11,42.311499,80243259.0,21155749.5
2007-05-14,42.475151,80243259.0,0.0
2007-05-15,42.554904,80243259.0,0.0
2007-05-16,42.809367,80243259.0,0.0
2007-05-17,42.60198,80243259.0,0.0
2007-05-18,42.797614,80243259.0,0.0
2007-05-21,42.844132,80243259.0,0.0
2007-05-22,42.675576,79743259.0,-21337788.0
2007-05-23,42.161702,79993259.0,10540425.5
2007-05-24,41.020917,78093259.0,-77939742.3
2007-05-25,40.95611,78893259.0,32764888.000000004
2007-05-29,41.214894,75843259.0,-125705426.7
2007-05-30,41.667439,79543259.0,154169524.3
2007-05-31,41.815147,83843259.0,179805132.10000002
2007-06-01,41.574223,83393259.0,-18708400.35
2007-06-04,41.433244,84493259.0,45576568.4
2007-06-05,40.820061,79393259.0,-208182311.10000002
2007-06-06,40.297198,76993259.0,-96713275.2
2007-06-07,38.998529,77143259.0,5849779.35
2007-06-08,39.393188,70843259.0,-248177084.4
2007-06-11,39.803444,73093259.0,89557749.0
2007-06-12,39.206498,83393259.0,403826929.40000004
2007-06-13,39.990195,80293259.0,-123969604.5
2007-06-14,40.15824,81643259.0,54213624.0
2007-06-15,40.514437,77143259.0,-182314966.5
2007-06-18,40.099443,86493259.0,374929792.05
2007-06-19,40.187221,87843259.0,54252748.35
2007-06-20,39.155451,89193259.0,52859858.85
2007-06-21,39.435795,89493259.0,11830738.5
2007-06-22,38.735889,86543259.0,-114270872.55
2007-06-25,38.935611,85193259.0,-52563074.85
2007-06-26,38.809478,85643259.0,17464265.099999998
2007-06-27,39.371219,88593259.0,116145096.05000001
2007-06-28,39.29211,91895468.0,129750759.27099
2007-06-29,39.431301,92445468.0,21687215.549999997
2007-07-02,40.257012,90245468.0,-88565426.4
2007-07-03,40.201518,91645468.0,56282125.2
2007-07-05,40.050195,91645468.0,0.0
2007-07-06,39.841247,91195468.0,-17928561.150000002
2007-07-09,39.95244,90995468.0,-7990488.000000001
2007-07-10,39.420222,90145468.0,-33507188.700000003
2007-07-11,39.639456,89245468.0,-35675510.400000006
2007-07-12,40.285594,87445468.0,-72514069.2
2007-07-13,40.773564,85445468.0,-81547128.0
2007-07-16,40.194616,86095468.0,26126500.400000002
2007-07-17,40.172051,86445468.0,14060217.850000001
2007-07-18,40.496183,87845504.0,56696114.062588006
2007-07-19,41.275186,87845504.0,0.0
2007-07-20,40.557798,91945504.0,166286971.79999998
2007-07-23,40.813054,93695504.0,71422844.5
2007-07-24,39.392096,94495504.0,31513676.8
2007-07-25,39.483115,90245504.0,-167803238.75
2007-07-26,38.370846,89045504.0,-46045015.2
2007-07-27,37.687369,88045504.0,-37687369.0
2007-07-30,38.023804,88895504.0,32320233.4
2007-07-31,37.948682,88145504.0,-28461511.5
2007-08-01,38.976146,85295504.0,-111082016.1
2007-08-02,39.326142,85095504.0,-7865228.399999999
2007-08-03,37.805424,86995504.0,71830305.60000001
2007-08-06,39.208855,86395504.0,-23525313.0
2007-08-07,40.016301,87645504.0,50020376.25
2007-08-08,40.439144,85945504.0,-68746544.8
2007-08-09,39.400978,88345504.0,94562347.2
2007-08-10,39.190406,87145504.0,-47028487.2
2007-08-13,39.248562,87695504.0,21586709.1
2007-08-14,38.43744,88345504.0,24984336.0
2007-08-15,37.898527,88895504.0,20844189.85
2007-08-16,37.810198,89195504.0,11343059.4
2007-08-17,38.820858,89795504.0,23292514.8
2007-08-20,38.778601,95145504.0,207465515.35000002
2007-08-21,38.980453,95495504.0,13643158.549999999
2007-08-22,39.42674,95195504.0,-11828022.0
2007-08-23,39.452555,95345504.0,5917883.249999999
2007-08-24,39.765339,95145504.0,-7953067.8
2007-08-27,38.439259,94145504.0,-38439259.0
2007-08-28,38.000441,75795504.0,-697308092.35
2007-08-29,38.950355,75895504.0,3895035.5
2007-08-30,38.589221,71245504.0,-179439877.65
2007-08-31,38.812225,71395504.0,5821833.75
2007-09-04,39.552046,63745504.0,-302573151.9
2007-09-05,39.06248,64045504.0,11718744.0
2007-09-06,39.553841,64045504.0,0.0
2007-09-07,38.961018,65695504.0,64285679.7
2007-09-10,39.071566,65895504.0,7814313.199999999
2007-09-11,39.491158,65895504.0,0.0
2007-09-12,39.607641,66495504.0,23764584.6
2007-09-13,39.728817,66495504.0,0.0
2007-09-14,39.881867,67895504.0,55834613.8
2007-09-17,39.649924,68495504.0,23789954.4
2007-09-18,40.458747,65395504.0,-125422115.7
2007-09-19,41.031425,60095504.0,-217466552.5
2007-09-20,40.612544,60295504.0,8122508.8
2007-09-21,40.527657,59895504.0,-16211062.799999999
2007-09-24,40.537675,65245504.0,216876561.25
2007-09-25,40.487676,68645504.0,137658098.4
2007-09-26,40.739351,69395504.0,30554513.25
2007-09-27,40.466934,68395504.0,-40466934.0
2007-09-28,39.896718,68545504.0,5984507.7
2007-10-01,40.521125,68545504.0,0.0
2007-10-02,40.446094,62545504.0,-242676564.0
2007-10-03,40.415341,61645504.0,-36373806.9
2007-10-04,40.737706,63647712.0,81565360.85484801
2007-10-05,40.966529,63897712.0,10241632.25
2007-10-08,40.839445,63897712.0,0.0
2007-10-09,41.446078,63897712.0,0.0
2007-10-10,41.127554,64147712.0,10281888.5
2007-10-11,41.285307,64147712.0,0.0
2007-10-12,41.423246,64147712.0,0.0
2007-10-15,40.971018,64147712.0,0.0
2007-10-16,40.857915,64147712.0,0.0
2007-10-17,40.771896,64497712.0,14270163.6
2007-10-18,40.716309,64147712.0,-14250708.15
2007-10-19,39.752518,63647712.0,-19876259.0
2007-10-22,40.060125,61897712.0,-70105218.75
2007-10-23,40.06979,62497712.0,24041874.0
2007-10-24,40.234492,62097712.0,-16093796.8
2007-10-25,41.014961,62197712.0,4101496.1
2007-10-26,41.637881,61647712.0,-22900834.55
2007-10-29,41.967659,61897712.0,10491914.75
2007-10-30,41.936831,61897712.0,0.0
2007-10-31,42.551295,62097712.0,8510259.0
2007-11-01,41.631425,62097712.0,0.0
2007-11-02,41.919411,62097712.0,0.0
2007-11-05,42.418893,61797712.0,-12725667.899999999
2007-11-06,42.455717,61397712.0,-16982286.8
2007-11-07,41.424882,59397712.0,-82849764.0
2007-11-08,42.26274,52047712.0,-310631139.0
2007-11-09,41.939123,51947712.0,-4193912.3000000003
2007-11-12,41.264779,51947712.0,0.0
2007-11-13,41.571582,51497712.0,-18707211.9
2007-11-14,41.511701,51697712.0,8302340.2
2007-11-15,41.56567,53997712.0,95601041.0
2007-11-16,41.761654,53497712.0,-20880827.0
2007-11-19,41.857772,52897712.0,-25114663.2
2007-11-20,42.443618,56947712.0,171896652.9
2007-11-21,41.961552,58347712.0,58746172.8
2007-11-23,42.057802,58897712.0,23131791.1
2007-11-26,41.767585,59047712.0,6265137.749999999
2007-11-27,42.101868,59047712.0,0.0
2007-11-28,42.655821,60447712.0,59718149.400000006
2007-11-29,42.568781,60297712.0,-6385317.15
2007-11-30,42.780267,59897712.0,-17112106.8
2007-12-03,43.092157,59897712.0,0.0
2007-12-04,43.513416,58797712.0,-47864757.6
2007-12-05,44.208579,59047712.0,11052144.75
2007-12-06,44.167138,58497712.0,-24291925.900000002
2007-12-07,44.256273,58497712.0,0.0
2007-12-10,44.380672,58047712.0,-19971302.4
2007-12-11,43.379583,58047712.0,0.0
2007-12-12,43.43418,59297712.0,54292725.0
2007-12-13,43.968452,59397712.0,4396845.2
2007-12-14,43.290169,59897712.0,21645084.5
2007-12-17,42.742485,59397712.0,-21371242.5
2007-12-18,43.373091,59197712.0,-8674618.200000001
2007-12-19,43.093605,59397712.0,8618721.0
2007-12-20,43.139575,59347712.0,-2156978.75
2007-12-21,43.135042,53147712.0,-267437260.39999998
2007-12-24,43.156971,59197712.0,261099674.54999998
2007-12-26,42.969047,59697712.0,21484523.5
2007-12-27,42.602935,59897712.0,8520587.0
2007-12-28,42.929971,58847712.0,-45076469.550000004
2007-12-31,42.558616,58847712.0,0.0
2008-01-02,41.980221,60047712.0,50376265.2
2008-01-03,42.113034,59747712.0,-12633910.2
2008-01-04,42.259505,59750225.0,106198.136065
2008-01-07,43.314518,59600225.0,-6497177.7
2008-01-08,43.291974,61850225.0,97406941.5
2008-01-09,43.842089,65450225.0,157831520.4
2008-01-10,43.628131,67150225.0,74167822.7
2008-01-11,43.311798,66850225.0,-12993539.4
2008-01-14,43.428459,66850225.0,0.0
2008-01-15,42.922065,67000225.0,6438309.750000001
2008-01-16,42.250002,66650225.0,-14787500.700000001
2008-01-17,40.652647,65850225.0,-32522117.6
2008-01-18,39.956628,65700225.0,-5993494.2
2008-01-22,38.614877,64750225.0,-36684133.15
2008-01-23,39.950899,63300225.0,-57928803.55
2008-01-24,38.849836,63150225.0,-5827475.4
2008-01-25,38.183419,60700225.0,-93549376.55
2008-01-28,38.739531,57950225.0,-106533710.25
2008-01-29,38.891932,57950225.0,0.0
2008-01-30,38.816562,57400225.0,-21349109.099999998
2008-01-31,39.64608,57600225.0,7929216.0
2008-02-01,40.271938,57250225.0,-14095178.299999999
2008-02-04,40.884805,57050225.0,-8176961.0
2008-02-05,39.458195,57050225.0,0.0
2008-02-06,39.429341,56650225.0,-15771736.4
2008-02-07,39.263279,56750225.0,3926327.9
2008-02-08,39.047312,55750225.0,-39047312.0
2008-02-11,39.382145,55750225.0,0.0
2008-02-12,39.828186,55850225.0,3982818.6
2008-02-13,39.894501,57050225.0,47873401.199999996
2008-02-14,39.476239,57050225.0,0.0
2008-02-15,39.639375,53650225.0,-134773875.0
2008-02-19,39.551879,52700225.0,-37574285.05
2008-02-20,39.537668,53550225.0,33607017.8
2008-02-21,38.876709,53550225.0,0.0
2008-02-22,39.325799,52550225.0,-39325799.0
2008-02-25,39.489777,52150225.0,-15795910.799999999
2008-02-26,39.81619,52150225.0,0.0
2008-02-27,39.125561,52500225.0,13693946.35
2008-02-28,38.867416,52600225.0,3886741.6
2008-02-29,37.70628,49500225.0,-116889468.0
2008-03-03,38.15671,48150225.0,-51511558.49999999
2008-03-04,38.729524,47250225.0,-34856571.6
2008-03-05,38.750448,46600225.0,-25187791.2
2008-03-06,37.937219,46600225.0,0.0
2008-03-07,37.782281,47400225.0,30225824.799999997
2008-03-10,37.530019,51100225.0,138861070.3
2008-03-11,38.713316,51650225.0,21292323.8
2008-03-12,38.204171,56200225.0,173828978.05
2008-03-13,38.273854,57250225.0,40187546.7
2008-03-14,37.935655,57250225.0,0.0
2008-03-17,37.927015,55950225.0,-49305119.5
2008-03-18,38.593319,50750225.0,-200685258.8
2008-03-19,37.764577,50800225.0,1888228.85
2008-03-20,37.709217,45200225.0,-211171615.20000002
2008-03-24,37.603704,51600225.0,240663705.6
2008-03-25,37.586426,57250225.0,212363306.9
2008-03-26,37.777216,57100225.0,-5666582.4
2008-03-27,38.004982,58600225.0,57007473.0
2008-03-28,37.679075,62600225.0,150716300.0
2008-03-31,38.052541,64300225.0,64689319.699999996
2008-04-01,39.023831,64300225.0,0.0
2008-04-02,39.295868,68300225.0,157183472.0
2008-04-03,39.120695,69302762.0,39219944.203214996
2008-04-04,39.300694,69602762.0,11790208.2
2008-04-07,39.356376,71502762.0,74777114.39999999
2008-04-08,39.531054,71002762.0,-19765527.0
2008-04-09,39.531611,70452762.0,-21742386.05
2008-04-10,39.30057,66702762.0,-147377137.5
2008-04-11,39.297379,66352762.0,-13754082.65
2008-04-14,39.330474,62952762.0,-133723611.60000001
2008-04-15,39.641049,61952762.0,-39641049.0
2008-04-16,40.522234,62452762.0,20261117.0
2008-04-17,40.532766,62452762.0,0.0
2008-04-18,40.620651,62952762.0,20310325.5
2008-04-21,40.367677,62702762.0,-10091919.25
2008-04-22,40.144808,62702762.0,0.0
2008-04-23,40.460535,62702762.0,0.0
2008-04-24,40.169616,62702762.0,0.0
2008-04-25,40.280901,62202762.0,-20140450.5
2008-04-28,40.210235,62202762.0,0.0
2008-04-29,39.990687,59402762.0,-111973923.60000001
2008-04-30,40.046139,60002762.0,24027683.4
2008-05-01,40.491465,60452762.0,18221159.25
2008-05-02,40.919622,60302762.0,-6137943.3
2008-05-05,40.387792,60652762.0,14135727.2
2008-05-06,40.397807,60152762.0,-20198903.5
2008-05-07,39.834241,59502762.0,-25892256.65
2008-05-08,40.003852,59602762.0,4000385.2
2008-05-09,40.101291,59602762.0,0.0
2008-05-12,40.497211,59252762.0,-14174023.85
2008-05-13,40.345486,59252762.0,0.0
2008-05-14,40.694758,57252762.0,-81389516.0
2008-05-15,40.607069,57102762.0,-6091060.350000001
2008-05-16,40.858332,55202762.0,-77630830.8
2008-05-19,41.326005,55352762.0,6198900.75
2008-05-20,41.45934,55152762.0,-8291867.999999999
2008-05-21,41.439989,55302762.0,6215998.35
2008-05-22,41.630266,54552762.0,-31222699.5
2008-05-23,40.822376,54552762.0,0.0
2008-05-27,41.122478,54552762.0,0.0
2008-05-28,41.136521,54552762.0,0.0
2008-05-29,41.420814,54802762.0,10355203.5
2008-05-30,41.382307,54952762.0,6207346.05
2008-06-02,40.95774,57202762.0,92154915.0
2008-06-03,40.719969,56552762.0,-26467979.849999998
2008-06-04,41.191586,56552762.0,0.0
2008-06-05,41.668194,56502762.0,-2083409.7
2008-06-06,40.62119,55302762.0,-48745428.0
2008-06-09,41.258507,55302762.0,0.0
2008-06-10,41.304191,54302762.0,-41304191.0
2008-06-11,40.913837,54302762.0,0.0
2008-06-12,40.900283,54452762.0,6135042.45
2008-06-13,41.498026,55652762.0,49797631.2
2008-06-16,41.495133,54652762.0,-41495133.0
2008-06-17,41.518143,54652762.0,0.0
2008-06-18,41.378292,54352762.0,-12413487.6
2008-06-19,41.710565,52952762.0,-58394791.0
2008-06-20,40.761764,46202762.0,-275141907.0
2008-06-23,41.121011,53252762.0,289903127.55
2008-06-24,40.982582,53352762.0,4098258.2
2008-06-25,41.177733,53402762.0,2058886.6500000001
2008-06-26,40.090758,52302762.0,-44099833.800000004
2008-06-27,39.842675,51102762.0,-47811210.0
2008-06-30,40.745413,51002762.0,-4074541.3
2008-07-01,41.001917,51602762.0,24601150.2
2008-07-02,40.760403,53502762.0,77444765.69999999
2008-07-03,40.460369,56602762.0,125427143.9
2008-07-07,40.109328,56605371.0,104645.236752
2008-07-08,40.292453,57605371.0,40292453.0
2008-07-09,40.651338,57605371.0,0.0
2008-07-10,40.849446,57955371.0,14297306.1
2008-07-11,40.510343,57555371.0,-16204137.2
2008-07-14,39.985777,57305371.0,-9996444.25
2008-07-15,39.7914,57055371.0,-9947850.0
2008-07-16,39.033773,56655371.0,-15613509.2
2008-07-17,38.406334,56055371.0,-23043800.400000002
2008-07-18,38.728645,53155371.0,-112313070.5
2008-07-21,39.188845,53755371.0,23513307.0
2008-07-22,39.14424,53205371.0,-21529332.000000004
2008-07-23,38.24635,53855371.0,24860127.5
2008-07-24,37.98776,53555371.0,-11396328.0
2008-07-25,37.7528,54505371.0,35865160.0
2008-07-28,37.68183,55305371.0,30145464.0
2008-07-29,37.836596,56205371.0,34052936.4
2008-07-30,38.39658,57105371.0,34556922.0
2008-07-31,38.233823,57105371.0,0.0
2008-08-01,36.965702,58205371.0,40662272.2
2008-08-04,36.515089,56505371.0,-62075651.300000004
2008-08-05,37.070582,55205371.0,-48191756.6
2008-08-06,36.958738,56705371.0,55438106.99999999
2008-08-07,36.893912,55305371.0,-51651476.8
2008-08-08,37.39407,55405371.0,3739407.0
2008-08-11,37.743202,55105371.0,-11322960.6
2008-08-12,36.96523,55505371.0,14786092.0
2008-08-13,37.313552,56755371.0,46641940.0
2008-08-14,36.837079,57155371.0,14734831.600000001
2008-08-15,37.060773,57155371.0,0.0
2008-08-18,37.097061,56655371.0,-18548530.5
2008-08-19,37.135858,56655371.0,0.0
2008-08-20,37.37273,56655371.0,0.0
2008-08-21,37.766807,56855371.0,7553361.4
2008-08-22,37.850849,57555371.0,26495594.299999997
2008-08-25,37.435571,57555371.0,0.0
2008-08-26,37.861373,58355371.0,30289098.4
2008-08-27,38.177213,58355371.0,0.0
2008-08-28,38.405058,58655371.0,11521517.399999999
2008-08-29,37.697107,58655371.0,0.0
2008-09-02,37.167687,58655371.0,0.0
2008-09-03,36.617835,58355371.0,-10985350.5
2008-09-04,36.189768,58555371.0,7237953.600000001
2008-09-05,35.48398,57755371.0,-28387184.000000004
2008-09-08,36.374438,57755371.0,0.0
2008-09-09,35.246153,58405371.0,22909999.45
2008-09-10,35.494319,58955371.0,19521875.45
2008-09-11,35.925877,58105371.0,-30536995.45
2008-09-12,36.421137,58455371.0,12747397.950000001
2008-09-15,35.273881,58905371.0,15873246.450000001
2008-09-16,34.899048,59105371.0,6979809.600000001
2008-09-17,33.045751,61305371.0,72700652.2
2008-09-18,34.155797,59805371.0,-51233695.5
2008-09-19,34.82476,54405371.0,-188053704.0
2008-09-22,34.121457,63105371.0,296856675.9
2008-09-23,33.743745,65805371.0,91108111.49999999
2008-09-24,33.798266,65805371.0,0.0
2008-09-25,34.686074,65805371.0,0.0
2008-09-26,34.383637,67455371.0,56733001.05
2008-09-29,32.699836,67005371.0,-14714926.2
2008-09-30,33.109417,67005371.0,0.0
2008-10-01,33.239371,67005371.0,0.0
2008-10-02,32.354857,66408116.0,-19324100.117535003
2008-10-03,32.138048,66608116.0,6427609.6
2008-10-06,30.434671,67608116.0,30434671.0
2008-10-07,29.283945,67608116.0,0.0
2008-10-08,28.739339,64208116.0,-97713752.60000001
2008-10-09,26.984984,62358116.0,-49922220.4
2008-10-10,25.670085,62658116.0,7701025.5
2008-10-13,29.120399,62958116.0,8736119.7
2008-10-14,28.779737,63308116.0,10072907.950000001
2008-10-15,26.436625,62908116.0,-10574650.0
2008-10-16,27.435219,64008116.0,30178740.9
2008-10-17,27.713562,62658116.0,-37413308.7
2008-10-20,29.941046,62608116.0,-1497052.3
2008-10-21,28.837717,64158116.0,44698461.35
2008-10-22,27.114767,62558116.0,-43383627.2
2008-10-23,28.407139,62308116.0,-7101784.75
2008-10-24,27.491341,63458116.0,31615042.15
2008-10-27,26.545726,63658116.0,5309145.199999999
2008-10-28,29.400818,61758116.0,-55861554.2
2008-10-29,28.468351,63608116.0,52666449.349999994
2008-10-30,29.728545,63608116.0,0.0
2008-10-31,29.247876,63608116.0,0.0
2008-11-03,29.330513,61658116.0,-57194500.35
2008-11-04,29.990433,61608116.0,-1499521.65
2008-11-05,28.822121,63808116.0,63408666.199999996
2008-11-06,27.689709,63808116.0,0.0
2008-11-07,29.116145,63808116.0,0.0
2008-11-10,28.263951,62958116.0,-24024358.349999998
2008-11-11,28.31912,62958116.0,0.0
2008-11-12,27.61084,62158116.0,-22088672.0
2008-11-13,29.622628,62158116.0,0.0
2008-11-14,28.750772,62158116.0,0.0
2008-11-17,28.626791,64458116.0,65841619.300000004
2008-11-18,28.671725,64408116.0,-1433586.25
2008-11-19,27.769797,64658116.0,6942449.25
2008-11-20,26.43798,64658116.0,0.0
2008-11-21,28.748277,64708116.0,1437413.85
2008-11-24,29.16097,64908116.0,5832194.0
2008-11-25,29.392287,64958116.0,1469614.35
2008-11-26,29.577049,66708116.0,51759835.75
2008-11-28,30.133678,68758116.0,61774039.9
2008-12-01,28.173479,68758116.0,0.0
2008-12-02,28.77657,68408116.0,-10071799.5
2008-12-03,29.403992,68758116.0,10291397.2
2008-12-04,28.078798,69808116.0,29482737.9
2008-12-05,28.717893,69808116.0,0.0
2008-12-08,28.980952,70358116.0,15939523.6
2008-12-09,28.457104,70358116.0,0.0
2008-12-10,28.976162,71008116.0,18834505.3
2008-12-11,28.744134,71108116.0,2874413.4
2008-12-12,28.878903,70808116.0,-8663670.9
2008-12-15,28.413034,71458116.0,18468472.1
2008-12-16,29.422661,71058116.0,-11769064.4
2008-12-17,28.563916,67258116.0,-108542880.8
2008-12-18,28.795065,66858116.0,-11518026.0
2008-12-19,28.417563,66308116.0,-15629659.65
2008-12-22,28.32012,67158116.0,24072102.0
2008-12-23,27.836833,67558116.0,11134733.2
2008-12-24,28.034391,67058116.0,-14017195.5
2008-12-26,28.178408,67058116.0,0.0
2008-12-29,28.173708,67058116.0,0.0
2008-12-30,28.623988,67058116.0,0.0
2008-12-31,29.121982,67258116.0,5824396.399999999
2009-01-02,29.775157,67412598.0,4599725.803674
2009-01-05,29.975185,69112598.0,50957814.5
2009-01-06,29.743406,69112598.0,0.0
2009-01-07,29.256318,69312598.0,5851263.6
2009-01-08,29.38403,69312598.0,0.0
2009-01-09,29.098477,69312598.0,0.0
2009-01-12,29.151927,69312598.0,0.0
2009-01-13,28.554596,69212598.0,-2855459.6
2009-01-14,28.192817,69212598.0,0.0
2009-01-15,28.37616,69112598.0,-2837616.0
2009-01-16,28.951663,69112598.0,0.0
2009-01-20,28.41295,69112598.0,0.0
2009-01-21,28.775272,69212598.0,2877527.2
2009-01-22,28.753043,69112598.0,-2875304.3000000003
2009-01-23,28.812053,69312598.0,5762410.6
2009-01-26,29.491188,66862598.0,-72253410.60000001
2009-01-27,29.594311,65962598.0,-26634879.900000002
2009-01-28,29.794889,65812598.0,-4469233.350000001
2009-01-29,29.621579,65812598.0,0.0
2009-01-30,28.920291,65062598.0,-21690218.25
2009-02-02,29.067179,64562598.0,-14533589.5
2009-02-03,29.310812,63462598.0,-32241893.2
2009-02-04,29.549798,63462598.0,0.0
2009-02-05,29.698642,63362598.0,-2969864.2
2009-02-06,29.996071,63362598.0,0.0
2009-02-09,29.706772,63362598.0,0.0
2009-02-10,28.826808,61362598.0,-57653616.0
2009-02-11,28.738359,62362598.0,28738359.0
2009-02-12,28.474124,62112598.0,-7118531.0
2009-02-13,28.40394,61862598.0,-7100985.0
2009-02-17,27.025249,61112598.0,-20268936.75
2009-02-18,26.692343,60912598.0,-5338468.600000001
2009-02-19,26.865825,59912598.0,-26865825.0
2009-02-20,26.179978,59912598.0,0.0
2009-02-23,25.548137,58862598.0,-26825543.85
2009-02-24,26.435769,58762598.0,-2643576.9
2009-02-25,26.15476,58762598.0,0.0
2009-02-26,25.710261,58762598.0,0.0
2009-02-27,25.335032,60262598.0,38002548.0
2009-03-02,24.415112,61262598.0,24415112.0
2009-03-03,23.53823,62712598.0,34130433.5
2009-03-04,23.956363,62712598.0,0.0
2009-03-05,23.097089,62712598.0,0.0
2009-03-06,23.204035,64162598.0,33645850.75
2009-03-09,22.633704,64162598.0,0.0
2009-03-10,23.157317,62162598.0,-46314634.0
2009-03-11,23.032275,63312598.0,26487116.25
2009-03-12,23.365501,66212598.0,67759952.89999999
2009-03-13,23.692126,67112598.0,21322913.4
2009-03-16,24.302601,67112598.0,0.0
2009-03-17,24.753191,68612598.0,37129786.5
2009-03-18,25.478424,68962598.0,8917448.4
2009-03-19,25.779684,71912598.0,76050067.8
2009-03-20,25.344041,70412598.0,-38016061.5
2009-03-23,26.352482,75662598.0,138350530.5
2009-03-24,25.775203,76812598.0,29641483.450000003
2009-03-25,25.716953,78612598.0,46290515.4
2009-03-26,26.114699,78612598.0,0.0
2009-03-27,25.756801,79112598.0,12878400.5
2009-03-30,25.259906,80112598.0,25259906.0
2009-03-31,25.682321,80112598.0,0.0
2009-04-01,25.743553,79912598.0,-5148710.6
2009-04-02,26.040312,80316553.0,10519114.23396
2009-04-03,26.192101,80566553.0,6548025.25
2009-04-06,25.888927,82116553.0,40127836.85
2009-04-07,25.763743,80966553.0,-29628304.450000003
2009-04-08,26.115448,80966553.0,0.0
2009-04-09,26.099319,81016553.0,1304965.95
2009-04-13,25.723799,81016553.0,0.0
2009-04-14,25.366183,81016553.0,0.0
2009-04-15,25.748927,77816553.0,-82396566.39999999
2009-04-16,25.784926,76766553.0,-27074172.299999997
2009-04-17,25.823099,72966553.0,-98127776.2
2009-04-20,25.483123,77916553.0,126141458.85
2009-04-21,25.599088,76416553.0,-38398632.0
2009-04-22,25.288428,77916553.0,37932642.0
2009-04-23,25.373916,77516553.0,-10149566.4
2009-04-24,25.288788,77516553.0,0.0
2009-04-27,25.514216,79316553.0,45925588.800000004
2009-04-28,25.614533,79316553.0,0.0
2009-04-29,25.838602,78266553.0,-27130532.1
2009-04-30,25.822861,70866553.0,-191089171.4
2009-05-01,26.505531,72466553.0,42408849.6
2009-05-04,26.886431,72716553.0,6721607.75
2009-05-05,26.837075,73766553.0,28178928.75
2009-05-06,26.748127,73366553.0,-10699250.8
2009-05-07,26.90626,73416553.0,1345313.0
2009-05-08,27.298676,73966553.0,15014271.8
2009-05-11,27.163871,73966553.0,0.0
2009-05-12,27.335603,73916553.0,-1366780.15
2009-05-13,26.642185,71966553.0,-51952260.75
2009-05-14,26.56068,72016553.0,1328034.0
2009-05-15,25.926441,72416553.0,10370576.4
2009-05-18,25.91379,72316553.0,-2591379.0
2009-05-19,26.360567,72366553.0,1318028.35
2009-05-20,25.936905,71816553.0,-14265297.75
2009-05-21,25.643722,72266553.0,11539674.9
2009-05-22,25.818043,72266553.0,0.0
2009-05-26,26.523315,72366553.0,2652331.5
2009-05-27,26.042308,72116553.0,-6510577.0
2009-05-28,26.552657,72216553.0,2655265.7
2009-05-29,26.748497,72366553.0,4012274.5500000003
2009-06-01,27.629287,73016553.0,17959036.55
2009-06-02,27.321261,73966553.0,25955197.95
2009-06-03,26.866431,75016553.0,28209752.549999997
2009-06-04,27.096056,74366553.0,-17612436.400000002
2009-06-05,27.143974,74166553.0,-5428794.8
2009-06-08,26.974121,73116553.0,-28322827.05
2009-06-09,26.846532,72416553.0,-18792572.4
2009-06-10,27.271747,72466553.0,1363587.35
2009-06-11,27.82091,73316553.0,23647773.5
2009-06-12,28.20718,74216553.0,25386462.0
2009-06-15,27.607462,75816553.0,44171939.2
2009-06-16,27.509358,74816553.0,-27509358.0
2009-06-17,27.482796,74816553.0,0.0
2009-06-18,28.100742,74816553.0,0.0
2009-06-19,27.451274,70266553.0,-124903296.7
2009-06-22,27.449406,73316553.0,83720688.3
2009-06-23,27.189884,72966553.0,-9516459.4
2009-06-24,27.396493,74266553.0,35615440.9
2009-06-25,27.866665,74366553.0,2786666.5
2009-06-26,27.758468,73466553.0,-24982621.2
2009-06-29,28.108269,73516553.0,1405413.45
2009-06-30,27.915004,73116553.0,-11166001.6
2009-07-01,28.279816,71416553.0,-48075687.2
2009-07-02,27.35967,71420534.0,108918.84627000001
2009-07-06,27.629259,71820534.0,11051703.6
2009-07-07,27.033427,72470534.0,17571727.55
2009-07-08,26.953699,72570534.0,2695369.9
2009-07-09,27.057574,72670534.0,2705757.4
2009-07-10,26.953058,72570534.0,-2695305.8
2009-07-13,27.386635,72520534.0,-1369331.75
2009-07-14,27.585208,72620534.0,2758520.8000000003
2009-07-15,28.138115,73520534.0,25324303.5
2009-07-16,28.191639,72970534.0,-15505401.45
2009-07-17,27.980449,74070534.0,30778493.9
2009-07-20,28.230593,74220534.0,4234588.95
2009-07-21,28.541213,73270534.0,-27114152.349999998
2009-07-22,28.379621,73970534.0,19865734.7
2009-07-23,29.107518,74120534.0,4366127.7
2009-07-24,29.536195,74320534.0,5907239.0
2009-07-27,29.482307,74520534.0,5896461.399999999
2009-07-28,28.986283,75070534.0,15942455.65
2009-07-29,28.895211,75520534.0,13002844.95
2009-07-30,29.297798,74870534.0,-19043568.7
2009-07-31,28.989941,74870534.0,0.0
2009-08-03,29.20485,74870534.0,0.0
2009-08-04,28.860164,74570534.0,-8658049.200000001
2009-08-05,28.610586,74570534.0,0.0
2009-08-06,28.679994,74570534.0,0.0
2009-08-07,28.914272,74570534.0,0.0
2009-08-10,28.984821,74670534.0,2898482.1
2009-08-11,28.919262,74670534.0,0.0
2009-08-12,29.126588,75370534.0,20388611.6
2009-08-13,29.080975,76620534.0,36351218.75
2009-08-14,29.072001,76820534.0,5814400.2
2009-08-17,28.697892,76820534.0,0.0
2009-08-18,28.73913,76820534.0,0.0
2009-08-19,28.927934,76320534.0,-14463967.0
2009-08-20,29.116685,76120534.0,-5823337.0
2009-08-21,29.684922,75970534.0,-4452738.3
2009-08-24,29.736383,75770534.0,-5947276.6
2009-08-25,29.594731,75920534.0,4439209.65
2009-08-26,29.588041,76670534.0,22191030.75
2009-08-27,29.515393,77020534.0,10330387.55
2009-08-28,29.514528,77220534.0,5902905.6
2009-08-31,29.211445,77220534.0,0.0
2009-09-01,29.002304,77020534.0,-5800460.8
2009-09-02,28.757174,77370534.0,10065010.9
2009-09-03,28.848644,77570534.0,5769728.8
2009-09-04,28.957161,77570534.0,0.0
2009-09-08,29.021661,77420534.0,-4353249.15
2009-09-09,28.990654,77420534.0,0.0
2009-09-10,29.004702,77520534.0,2900470.2
2009-09-11,28.901477,78220534.0,20231033.9
2009-09-14,29.345343,78070534.0,-4401801.45
2009-09-15,29.568253,78470534.0,11827301.2
2009-09-16,30.011833,78970534.0,15005916.5
2009-09-17,29.84778,79270534.0,8954334.0
2009-09-18,29.643846,74920534.0,-128950730.1
2009-09-21,29.520203,80120534.0,153505055.6
2009-09-22,29.476849,80670534.0,16212266.950000001
2009-09-23,29.363113,82120534.0,42576513.85
2009-09-24,29.326721,83870534.0,51321761.75
2009-09-25,29.226571,83720534.0,-4383985.65
2009-09-28,29.509997,83720534.0,0.0
2009-09-29,29.562116,83720534.0,0.0
2009-09-30,29.309612,83420534.0,-8792883.6
2009-10-01,28.787527,84024160.0,17376899.772902
2009-10-02,28.535517,86024160.0,57071034.0
2009-10-05,28.884947,86224160.0,5776989.4
2009-10-06,29.087298,86124160.0,-2908729.8000000003
2009-10-07,29.047915,86724160.0,17428749.0
2009-10-08,29.108504,86724160.0,0.0
2009-10-09,29.291617,85574160.0,-33685359.55
2009-10-12,29.43923,85674160.0,2943923.0
2009-10-13,29.269969,85674160.0,0.0
2009-10-14,29.373511,85774160.0,2937351.1
2009-10-15,29.630925,85924160.0,4444638.75
2009-10-16,29.705432,84774160.0,-34161246.8
2009-10-19,30.144747,85524160.0,22608560.25
2009-10-20,29.796901,84874160.0,-19367985.65
2009-10-21,29.847504,85774160.0,26862753.6
2009-10-22,29.936323,85774160.0,0.0
2009-10-23,29.440368,85574160.0,-5888073.6
2009-10-26,29.059513,84324160.0,-36324391.25
2009-10-27,28.962491,83574160.0,-21721868.25
2009-10-28,28.669268,81174160.0,-68806243.2
2009-10-29,28.970796,80774160.0,-11588318.4
2009-10-30,28.417284,79624160.0,-32679876.599999998
2009-11-02,28.339931,79574160.0,-1416996.55
2009-11-03,28.279747,79124160.0,-12725886.15
2009-11-04,28.49093,77024160.0,-59830953.0
2009-11-05,28.968275,76774160.0,-7242068.75
2009-11-06,28.912215,76524160.0,-7228053.75
2009-11-09,29.422547,77424160.0,26480292.3
2009-11-10,29.574001,77224160.0,-5914800.2
2009-11-11,29.502257,76974160.0,-7375564.25
2009-11-12,29.116878,76974160.0,0.0
2009-11-13,29.351013,76824160.0,-4402651.95
2009-11-16,29.740198,77174160.0,10409069.299999999
2009-11-17,29.63192,78124160.0,28150324.0
2009-11-18,29.501494,79924160.0,53102689.2
2009-11-19,29.138541,79974160.0,1456927.05
2009-11-20,29.204171,79574160.0,-11681668.4
2009-11-23,29.602992,80674160.0,32563291.2
2009-11-24,29.720784,80974160.0,8916235.2
2009-11-25,30.013511,81424160.0,13506079.950000001
2009-11-27,29.532717,82524160.0,32485988.700000003
2009-11-30,29.772551,83974160.0,43170198.95
2009-12-01,30.301046,83974160.0,0.0
2009-12-02,30.697442,87974160.0,122789768.0
2009-12-03,30.792375,92674160.0,144724162.5
2009-12-04,30.664245,96674160.0,122656980.0
2009-12-07,30.908289,96524160.0,-4636243.35
2009-12-08,30.809422,97374160.0,26188008.700000003
2009-12-09,30.920162,101124160.0,115950607.5
2009-12-10,31.281288,99524160.0,-50050060.8
2009-12-11,31.795477,103274160.0,119233038.75
2009-12-14,31.92853,105674160.0,76628472.0
2009-12-15,31.809705,109974160.0,136781731.5
2009-12-16,31.684076,110974160.0,31684076.0
2009-12-17,31.505527,109174160.0,-56709948.6
2009-12-18,31.276432,104424160.0,-148563052.0
2009-12-21,31.393397,108524160.0,128712927.7
2009-12-22,31.189906,109974160.0,45225363.7
2009-12-23,31.238236,110924160.0,29676324.2
2009-12-24,31.45712,111974160.0,33029976.0
2009-12-28,31.512599,111974160.0,0.0
2009-12-29,31.499491,117474160.0,173247200.5
2009-12-30,31.520243,118124160.0,20488157.95
2009-12-31,31.042062,118124160.0,0.0
2010-01-04,31.110521,117674160.0,-13999734.45
2010-01-05,30.753797,120024160.0,72271422.95
2010-01-06,30.905273,115924160.0,-126711619.30000001
2010-01-07,30.751376,116074160.0,4612706.4
2010-01-08,30.712479,112224160.0,-118243044.14999999
2010-01-11,31.04798,113574160.0,41914773.0
2010-01-12,30.932868,111824160.0,-54132519.0
2010-01-13,31.212213,112474160.0,20287938.45
2010-01-14,31.115835,112924160.0,14002125.75
2010-01-15,30.915707,112924160.0,0.0
2010-01-19,31.27515,113774160.0,26583877.5
2010-01-20,30.947458,113474160.0,-9284237.4
2010-01-21,30.511396,113074160.0,-12204558.4
2010-01-22,29.847573,113624160.0,16416165.15
2010-01-25,30.01608,115024160.0,42022512.0
2010-01-26,30.126363,116074160.0,31632681.150000002
2010-01-27,29.976578,114724160.0,-40468380.3
2010-01-28,29.687033,112324160.0,-71248879.2
2010-01-29,29.510748,112774160.0,13279836.6
2010-02-01,29.72846,112524160.0,-7432115.0
2010-02-02,29.973583,110924160.0,-47957732.800000004
2010-02-03,29.762091,110124160.0,-23809672.8
2010-02-04,28.979372,110124160.0,0.0
2010-02-05,28.901416,110624160.0,14450708.0
2010-02-08,28.59615,110574160.0,-1429807.5
2010-02-09,28.879373,111524160.0,27435404.35
2010-02-10,28.753136,111424160.0,-2875313.6
2010-02-11,28.940689,111924160.0,14470344.5
2010-02-12,28.761625,111824160.0,-2876162.5
2010-02-16,29.294628,110224160.0,-46871404.8
2010-02-17,29.222638,109124160.0,-32144901.8
2010-02-18,29.390627,109124160.0,0.0
2010-02-19,29.805173,108774160.0,-10431810.55
2010-02-22,29.61228,106774160.0,-59224560.0
2010-02-23,29.373172,110424160.0,107212077.8
2010-02-24,29.436077,111524160.0,32379684.7
2010-02-25,29.354014,111524160.0,0.0
2010-02-26,29.137208,111074160.0,-13111743.6
2010-03-01,29.520593,110524160.0,-16236326.15
2010-03-02,29.657842,109774160.0,-22243381.5
2010-03-03,29.628676,109574160.0,-5925735.2
2010-03-04,29.657835,109074160.0,-14828917.5
2010-03-05,29.98206,109474160.0,11992824.0
2010-03-08,30.005719,109474160.0,0.0
2010-03-09,29.923854,109624160.0,4488578.1
2010-03-10,29.958877,109174160.0,-13481494.65
2010-03-11,30.032026,109174160.0,0.0
2010-03-12,29.827402,108774160.0,-11930960.799999999
2010-03-15,29.967749,108224160.0,-16482261.950000001
2010-03-16,30.289455,108224160.0,0.0
2010-03-17,30.394485,106474160.0,-53190348.75
2010-03-18,30.270058,107474160.0,30270058.0
2010-03-19,29.940757,104574160.0,-86828195.3
2010-03-22,29.754613,110124160.0,165138102.15
2010-03-23,29.856751,110324160.0,5971350.2
2010-03-24,29.564507,111274160.0,28086281.65
2010-03-25,29.362899,113774160.0,73407247.5
2010-03-26,29.436288,110924160.0,-83893420.8
2010-03-29,29.806576,112574160.0,49180850.4
2010-03-30,29.760717,113924160.0,40176967.95
2010-03-31,29.668485,112474160.0,-43019303.25
2010-04-01,30.053236,112174160.0,-9015970.799999999
2010-04-05,30.221018,111924160.0,-7555254.5
2010-04-06,30.484789,111574160.0,-10669676.15
2010-04-07,30.203046,112324160.0,22652284.5
2010-04-08,30.042552,112824160.0,15021276.0
2010-04-09,30.207658,112624160.0,-6041531.6
2010-04-12,30.313601,113074160.0,13641120.45
2010-04-13,30.204977,108374160.0,-141963391.9
2010-04-14,30.214524,107974160.0,-12085809.6
2010-04-15,30.161007,108224160.0,7540251.75
2010-04-16,29.835722,108224160.0,0.0
2010-04-19,29.886473,108124160.0,-2988647.3
2010-04-20,30.224388,105124160.0,-90673164.0
2010-04-21,30.271241,105024160.0,-3027124.1
2010-04-22,30.378846,105824160.0,24303076.8
2010-04-23,30.633368,104624160.0,-36760041.6
2010-04-26,30.514254,106424160.0,54925657.2
2010-04-27,29.971989,105874160.0,-16484593.950000001
2010-04-28,30.25548,105124160.0,-22691610.0
2010-04-29,30.301942,104824160.0,-9090582.6
2010-04-30,30.441189,105424160.0,18264713.400000002
2010-05-03,30.846464,105324160.0,-3084646.4
2010-05-04,30.284115,105874160.0,16656263.25
2010-05-05,30.079276,107724160.0,55646660.6
2010-05-06,29.284929,106774160.0,-27820682.55
2010-05-07,29.109154,106774160.0,0.0
2010-05-10,29.999531,108124160.0,40499366.85
2010-05-11,30.056801,108174160.0,1502840.05
2010-05-12,30.353959,108124160.0,-1517697.95
2010-05-13,30.188775,108074160.0,-1509438.75
2010-05-14,29.93802,105874160.0,-65863644.0
2010-05-17,29.964504,106774160.0,26968053.6
2010-05-18,29.667828,108174160.0,41534959.2
2010-05-19,29.411807,107974160.0,-5882361.4
2010-05-20,28.472644,107974160.0,0.0
2010-05-21,28.629791,107374160.0,-17177874.6
2010-05-24,28.376697,106524160.0,-24120192.45
2010-05-25,28.182133,107324160.0,22545706.4
2010-05-26,28.167182,104624160.0,-76051391.4
2010-05-27,28.742535,104624160.0,0.0
2010-05-28,28.734409,104024160.0,-17240645.4
2010-06-01,28.090874,102774160.0,-35113592.5
2010-06-02,28.699121,101024160.0,-50223461.75
2010-06-03,28.977607,101374160.0,10142162.45
2010-06-04,28.12592,101374160.0,0.0
2010-06-07,28.292101,100824160.0,-15560655.549999999
2010-06-08,28.679443,102174160.0,38717248.05
2010-06-09,28.492438,99274160.0,-82628070.2
2010-06-10,29.250607,99774160.0,14625303.5
2010-06-11,29.245119,98574160.0,-35094142.8
2010-06-14,29.363971,99074160.0,14681985.5
2010-06-15,29.956285,98474160.0,-17973771.0
2010-06-16,30.138958,98824160.0,10548635.299999999
2010-06-17,30.369318,100524160.0,51627840.6
2010-06-18,30.091308,97124160.0,-102310447.2
2010-06-21,29.85798,104124160.0,209005860.0
2010-06-22,29.129797,108424160.0,125258127.1
2010-06-23,28.821229,107774160.0,-18733798.849999998
2010-06-24,28.729952,105524160.0,-64642392.0
2010-06-25,28.817191,105274160.0,-7204297.75
2010-06-28,29.037416,105524160.0,7259354.0
2010-06-29,28.444237,107224160.0,48355202.9
2010-06-30,28.243309,108124160.0,25418978.1
2010-07-01,28.151309,106674160.0,-40819398.050000004
2010-07-02,28.163986,108424160.0,49286975.5
2010-07-06,28.492334,109524160.0,31341567.4
2010-07-07,29.378515,110124160.0,17627109.0
2010-07-08,29.620065,110424160.0,8886019.5
2010-07-09,29.805484,106624160.0,-113260839.2
2010-07-12,29.902673,106474160.0,-4485400.95
2010-07-13,30.005403,109974160.0,105018910.5
2010-07-14,30.022081,113524160.0,106578387.55
2010-07-15,30.20836,114874160.0,40781286.0
2010-07-16,29.711705,115424160.0,16341437.75
2010-07-19,30.149339,116724160.0,39194140.7
2010-07-20,30.402844,116274160.0,-13681279.8
2010-07-21,29.973591,115974160.0,-8992077.299999999
2010-07-22,30.464335,115974160.0,0.0
2010-07-23,30.493118,116624160.0,19820526.7
2010-07-26,30.694187,116624160.0,0.0
2010-07-27,31.186503,117224160.0,18711901.8
2010-07-28,31.025527,125074160.0,243550386.95
2010-07-29,30.561833,125924160.0,25977558.05
2010-07-30,30.369342,127124160.0,36443210.4
2010-08-02,30.971868,126974160.0,-4645780.2
2010-08-03,30.883422,127974160.0,30883422.0
2010-08-04,30.930215,128874160.0,27837193.5
2010-08-05,30.944172,129074160.0,6188834.399999999
2010-08-06,30.992591,128074160.0,-30992591.0
2010-08-09,31.119467,127274160.0,-24895573.6
2010-08-10,31.264565,128374160.0,34391021.5
2010-08-11,30.669414,130174160.0,55204945.2
2010-08-12,30.589103,131324160.0,35177468.45
2010-08-13,30.68826,130424160.0,-27619434.0
2010-08-16,30.716539,131074160.0,19965750.35
2010-08-17,30.990419,132224160.0,35638981.85
2010-08-18,30.829195,132774160.0,16956057.25
2010-08-19,30.401799,123174160.0,-291857270.4
2010-08-20,30.46445,124224160.0,31987672.5
2010-08-23,30.641304,122874160.0,-41365760.4
2010-08-24,30.728022,122874160.0,0.0
2010-08-25,30.682401,125724160.0,87444842.85
2010-08-26,30.542453,129274160.0,108425708.14999999
2010-08-27,31.121471,131524160.0,70023309.75
2010-08-30,30.689757,132374160.0,26086293.45
2010-08-31,30.813328,132774160.0,12325331.2
2010-09-01,31.49044,132574160.0,-6298088.0
2010-09-02,31.440893,132024160.0,-17292491.15
2010-09-03,31.629729,132024160.0,0.0
2010-09-07,31.47711,131674160.0,-11016988.5
2010-09-08,31.359215,133524160.0,58014547.75
2010-09-09,31.590679,133524160.0,0.0
2010-09-10,31.443445,128874160.0,-146212019.25
2010-09-13,31.565751,128974160.0,3156575.1
2010-09-14,31.508704,129424160.0,14178916.8
2010-09-15,31.345375,129624160.0,6269075.0
2010-09-16,31.21004,130974160.0,42133554.0
2010-09-17,30.854159,124624160.0,-195923909.65
2010-09-20,31.253204,130024160.0,168767301.6
2010-09-21,31.102794,129324160.0,-21771955.8
2010-09-22,31.301082,131224160.0,59472055.800000004
2010-09-23,30.983597,131574160.0,10844258.95
2010-09-24,31.471575,131974160.0,12588630.0
2010-09-27,31.524058,132124160.0,4728608.7
2010-09-28,31.611422,133774160.0,52158846.300000004
2010-09-29,31.499144,134424160.0,20474443.6
2010-09-30,31.383686,133374160.0,-32952870.3
2010-10-01,31.587414,131174160.0,-69492310.8
2010-10-04,31.482345,131174160.0,0.0
2010-10-05,31.836019,131374160.0,6367203.8
2010-10-06,31.709712,131674160.0,9512913.6
2010-10-07,31.746062,131324160.0,-11111121.7
2010-10-08,31.829265,130824160.0,-15914632.5
2010-10-11,31.840588,130274160.0,-17512323.4
2010-10-12,31.734844,130274160.0,0.0
2010-10-13,31.835786,130674160.0,12734314.4
2010-10-14,31.786453,130624160.0,-1589322.6500000001
2010-10-15,31.894527,130624160.0,0.0
2010-10-18,32.168997,131974160.0,43428145.949999996
2010-10-19,31.974035,132374160.0,12789614.0
2010-10-20,32.223425,131624160.0,-24167568.75
2010-10-21,32.06358,131374160.0,-8015895.0
2010-10-22,31.878826,132424160.0,33472767.3
2010-10-25,31.776911,133374160.0,30188065.45
2010-10-26,31.718411,134074160.0,22202887.7
2010-10-27,31.58469,134024160.0,-1579234.5
2010-10-28,31.674307,133924160.0,-3167430.6999999997
2010-10-29,31.729634,133624160.0,-9518890.200000001
2010-11-01,31.460475,134324160.0,22022332.5
2010-11-02,31.830993,133024160.0,-41380290.9
2010-11-03,31.758742,130574160.0,-77808917.9
2010-11-04,32.080208,129224160.0,-43308280.8
2010-11-05,32.077946,127874160.0,-43305227.099999994
2010-11-08,31.896963,127074160.0,-25517570.4
2010-11-09,31.764467,127074160.0,0.0
2010-11-10,31.594477,126374160.0,-22116133.900000002
2010-11-11,31.589454,126974160.0,18953672.4
2010-11-12,31.354805,126974160.0,0.0
2010-11-15,31.4563,127274160.0,9436890.0
2010-11-16,31.08619,127274160.0,0.0
2010-11-17,31.068196,127724160.0,13980688.2
2010-11-18,31.23982,127224160.0,-15619910.0
2010-11-19,31.156036,127274160.0,1557801.8
2010-11-22,31.230576,127274160.0,0.0
2010-11-23,30.909847,126824160.0,-13909431.15
2010-11-24,31.060242,126924160.0,3106024.1999999997
2010-11-26,30.892734,126174160.0,-23169550.5
2010-11-29,30.782108,126174160.0,0.0
2010-11-30,30.768099,125524160.0,-19999264.349999998
2010-12-01,31.102784,125274160.0,-7775696.0
2010-12-02,31.20099,124474160.0,-24960792.0
2010-12-03,31.288524,126024160.0,48497212.199999996
2010-12-06,31.163303,126374160.0,10907156.049999999
2010-12-07,31.009667,126374160.0,0.0
2010-12-08,30.895418,126624160.0,7723854.5
2010-12-09,31.002371,123974160.0,-82156283.15
2010-12-10,31.123503,118174160.0,-180516317.4
2010-12-13,31.267028,117474160.0,-21886919.6
2010-12-14,31.355344,117974160.0,15677672.0
2010-12-15,31.080573,117124160.0,-26418487.05
2010-12-16,31.35141,114824160.0,-72108243.0
2010-12-17,31.086251,114374160.0,-13988812.950000001
2010-12-20,31.20095,114274160.0,-3120095.0
2010-12-21,31.201671,117524160.0,101405430.75
2010-12-22,31.368524,119924160.0,75284457.60000001
2010-12-23,31.392555,119924160.0,0.0
2010-12-27,31.378981,119924160.0,0.0
2010-12-28,31.453433,120224160.0,9436029.9
2010-12-29,31.398051,120724160.0,15699025.5
2010-12-30,31.339553,120724160.0,0.0
2010-12-31,31.337451,119874160.0,-26636833.35
2011-01-03,31.498001,120074160.0,6299600.199999999
2011-01-04,31.649748,117474160.0,-82289344.8
2011-01-05,31.456832,117224160.0,-7864208.0
2011-01-06,31.473604,117424160.0,6294720.800000001
2011-01-07,31.589964,117924160.0,15794982.0
2011-01-10,31.416812,118724160.0,25133449.6
2011-01-11,31.460148,117524160.0,-37752177.6
2011-01-12,31.619493,117124160.0,-12647797.2
2011-01-13,31.605002,117124160.0,0.0
2011-01-14,31.740474,118274160.0,36501545.1
2011-01-18,31.815468,120274160.0,63630936.0
2011-01-19,31.779421,120074160.0,-6355884.2
2011-01-20,31.977074,120874160.0,25581659.200000003
2011-01-21,31.954629,119974160.0,-28759166.1
2011-01-24,32.125491,120224160.0,8031372.749999999
2011-01-25,32.0817,120974160.0,24061275.0
2011-01-26,31.96391,121474160.0,15981955.0
2011-01-27,32.084276,121474160.0,0.0
2011-01-28,31.664126,121474160.0,0.0
2011-01-31,31.6945,122024160.0,17431975.0
2011-02-01,32.038931,121224160.0,-25631144.799999997
2011-02-02,31.874421,121474160.0,7968605.25
2011-02-03,31.980126,121024160.0,-14391056.7
2011-02-04,31.799868,120074160.0,-30209874.6
2011-02-07,32.012701,120074160.0,0.0
2011-02-08,32.017107,120074160.0,0.0
2011-02-09,32.024447,120074160.0,0.0
2011-02-10,32.061464,119624160.0,-14427658.8
2011-02-11,32.031411,121174160.0,49648687.05
2011-02-14,31.799637,118924160.0,-71549183.25
2011-02-15,31.90497,118274160.0,-20738230.5
2011-02-16,31.798651,118274160.0,0.0
2011-02-17,31.894262,117674160.0,-19136557.2
2011-02-18,31.895595,114824160.0,-90902445.75
2011-02-22,31.786459,114374160.0,-14303906.55
2011-02-23,31.674573,114274160.0,-3167457.3
2011-02-24,31.571592,115174160.0,28414432.8
2011-02-25,31.76086,115524160.0,11116301.0
2011-02-28,32.099461,115074160.0,-14444757.45
2011-03-01,31.804637,117474160.0,76331128.8
2011-03-02,31.895845,117774160.0,9568753.5
2011-03-03,32.198404,119274160.0,48297605.99999999
2011-03-04,32.013161,119024160.0,-8003290.249999999
2011-03-07,32.134123,119524160.0,16067061.500000002
2011-03-08,32.490544,120424160.0,29241489.6
2011-03-09,32.847209,120574160.0,4927081.35
2011-03-10,32.440438,122424160.0,60014810.3
2011-03-11,32.536994,123624160.0,39044392.8
2011-03-14,32.09292,124224160.0,19255752.0
2011-03-15,31.498306,126324160.0,66146442.6
2011-03-16,30.985756,125924160.0,-12394302.399999999
2011-03-17,31.053382,124974160.0,-29500712.9
2011-03-18,30.861952,124874160.0,-3086195.1999999997
2011-03-21,31.257423,125424160.0,17191582.65
2011-03-22,31.289541,124424160.0,-31289541.0
2011-03-23,31.277671,123924160.0,-15638835.5
2011-03-24,31.388509,123374160.0,-17263679.95
2011-03-25,31.390031,123374160.0,0.0
2011-03-28,31.283527,123374160.0,0.0
2011-03-29,31.585427,123724160.0,11054899.45
2011-03-30,31.966741,121724160.0,-63933482.0
2011-03-31,31.876009,123424160.0,54189215.3
2011-04-01,32.102218,123324160.0,-3210221.8000000003
2011-04-04,32.077937,123974160.0,20850659.05
2011-04-05,31.972675,127024160.0,97516658.75
2011-04-06,32.212836,127674160.0,20938343.400000002
2011-04-07,32.07341,130674160.0,96220230.00000001
2011-04-08,31.996724,131624160.0,30396887.8
2011-04-11,31.562706,131224160.0,-12625082.399999999
2011-04-12,31.491542,130774160.0,-14171193.9
2011-04-13,31.597694,127874160.0,-91633312.60000001
2011-04-14,31.758898,128224160.0,11115614.299999999
2011-04-15,32.105492,128224160.0,0.0
2011-04-18,31.831061,128274160.0,1591553.0499999998
2011-04-19,31.832586,129274160.0,31832586.0
2011-04-20,32.187703,132324160.0,98172494.14999999
2011-04-21,32.244707,133224160.0,29020236.299999997
2011-04-25,32.265476,132474160.0,-24199107.0
2011-04-26,32.539758,132974160.0,16269879.0
2011-04-27,32.802998,131624160.0,-44284047.300000004
2011-04-28,33.083711,132524160.0,29775339.900000002
2011-04-29,33.153035,130574160.0,-64648418.25000001
2011-05-02,33.176684,131424160.0,28200181.400000002
2011-05-03,33.397983,131424160.0,0.0
2011-05-04,33.337434,128624160.0,-93344815.2
2011-05-05,33.09295,126374160.0,-74459137.5
2011-05-06,33.284413,125974160.0,-13313765.200000001
2011-05-09,33.363901,124774160.0,-40036681.199999996
2011-05-10,33.817227,123424160.0,-45653256.45
2011-05-11,33.744603,124974160.0,52304134.65
2011-05-12,34.069145,124824160.0,-5110371.75
2011-05-13,33.920105,124724160.0,-3392010.5
2011-05-16,33.934933,124224160.0,-16967466.5
2011-05-17,34.182535,126674160.0,83747210.75
2011-05-18,34.095564,129124160.0,83534131.80000001
2011-05-19,34.165541,129474160.0,11957939.35
2011-05-20,34.15688,129474160.0,0.0
2011-05-23,33.750788,129574160.0,3375078.8
2011-05-24,33.692654,129574160.0,0.0
2011-05-25,33.61619,129324160.0,-8404047.5
2011-05-26,33.593483,128974160.0,-11757719.049999999
2011-05-27,33.627482,129424160.0,15132366.9
2011-05-31,33.85523,129024160.0,-13542092.0
2011-06-01,33.509051,129024160.0,0.0
2011-06-02,33.416656,129724160.0,23391659.200000003
2011-06-03,33.182415,129974160.0,8295603.75
2011-06-06,33.031487,130874160.0,29728338.299999997
2011-06-07,33.088257,130974160.0,3308825.6999999997
2011-06-08,33.162936,135124160.0,137626184.4
2011-06-09,33.179179,135124160.0,0.0
2011-06-10,32.989889,136174160.0,34639383.449999996
2011-06-13,33.113373,139274160.0,102651456.30000001
2011-06-14,33.245997,139974160.0,23272197.900000002
2011-06-15,32.841173,139974160.0,0.0
2011-06-16,33.113553,139974160.0,0.0
2011-06-17,32.98788,141924160.0,64326365.99999999
2011-06-20,33.170579,142274160.0,11609702.649999999
2011-06-21,33.206391,144224160.0,64752462.45000001
2011-06-22,32.988296,144224160.0,0.0
2011-06-23,32.707556,143124160.0,-35978311.599999994
2011-06-24,32.780287,142424160.0,-22946200.900000002
2011-06-27,33.031565,141024160.0,-46244191.0
2011-06-28,33.207519,140974160.0,-1660375.95
2011-06-29,33.35482,140374160.0,-20012891.999999996
2011-06-30,33.477304,140374160.0,0.0
2011-07-01,33.886867,140224160.0,-5083030.050000001
2011-07-05,33.686293,138474160.0,-58951012.75
2011-07-06,33.752281,138474160.0,0.0
2011-07-07,33.883659,137974160.0,-16941829.5
2011-07-08,33.767623,137224160.0,-25325717.25
2011-07-11,33.3908,137724160.0,16695400.0
2011-07-12,33.544725,136374160.0,-45285378.75
2011-07-13,33.465132,136324160.0,-1673256.5999999999
2011-07-14,33.316616,135924160.0,-13326646.400000002
2011-07-15,33.368385,134624160.0,-43378900.50000001
2011-07-18,33.054068,136124160.0,49581102.0
2011-07-19,33.322844,135624160.0,-16661422.000000002
2011-07-20,33.515278,133624160.0,-67030556.00000001
2011-07-21,34.028585,133624160.0,0.0
2011-07-22,33.838646,133124160.0,-16919323.0
2011-07-25,33.928693,133374160.0,8482173.25
2011-07-26,33.805644,133574160.0,6761128.8
2011-07-27,33.692252,133574160.0,0.0
2011-07-28,33.495455,136524160.0,98811592.25
2011-07-29,33.164117,137224160.0,23214881.9
2011-08-01,33.262965,138224160.0,33262965.0
2011-08-02,32.729105,139924160.0,55639478.49999999
2011-08-03,32.71339,141124160.0,39256067.99999999
2011-08-04,31.657872,141624160.0,15828936.0
2011-08-05,31.932134,142124160.0,15966067.0
2011-08-08,30.210485,143574160.0,43805203.25
2011-08-09,31.189461,142824160.0,-23392095.75
2011-08-10,30.584316,147574160.0,145275501.0
2011-08-11,31.900279,147124160.0,-14355125.55
2011-08-12,31.712836,148224160.0,34884119.6
2011-08-15,32.821589,149874160.0,54155621.85
2011-08-16,32.72386,158024160.0,266699459.00000003
2011-08-17,32.99179,161274160.0,107223317.5
2011-08-18,32.574152,164124160.0,92836333.19999999
2011-08-19,32.325164,168574160.0,143846979.8
2011-08-22,32.28565,168924160.0,11299977.499999998
2011-08-23,32.876751,170574160.0,54246639.15
2011-08-24,33.566498,169724160.0,-28531523.3
2011-08-25,33.061619,171474160.0,57857833.25
2011-08-26,33.026837,171174160.0,-9908051.1
2011-08-29,33.669219,172124160.0,31985758.049999997
2011-08-30,33.665182,175474160.0,112778359.7
2011-08-31,33.908705,177124160.0,55949363.24999999
2011-09-01,33.701944,177274160.0,5055291.6
2011-09-02,33.315122,177274160.0,0.0
2011-09-06,33.132014,179324160.0,67920628.7
2011-09-07,33.495562,179774160.0,15073002.9
2011-09-08,33.475381,179774160.0,0.0
2011-09-09,32.798543,180574160.0,26238834.400000002
2011-09-12,33.073198,181574160.0,33073197.999999996
2011-09-13,33.255378,181274160.0,-9976613.4
2011-09-14,33.507456,183424160.0,72041030.39999999
2011-09-15,33.960836,183774160.0,11886292.6
2011-09-16,33.964966,183774160.0,0.0
2011-09-19,33.808408,185574160.0,60855134.4
2011-09-20,34.274403,186924160.0,46270444.05
2011-09-21,33.682417,192774160.0,197042139.45000002
2011-09-22,33.074048,194774160.0,66148095.99999999
2011-09-23,33.393583,193524160.0,-41741978.75
2011-09-26,33.671275,194124160.0,20202765.0
2011-09-27,33.765867,194424160.0,10129760.1
2011-09-28,33.46581,194824160.0,13386323.999999998
2011-09-29,33.991558,195824160.0,33991558.0
2011-09-30,33.615847,196224160.0,13446338.8
2011-10-03,32.838759,197574160.0,44332324.650000006
2011-10-04,32.686794,199374160.0,58836229.199999996
2011-10-05,32.698554,199374160.0,0.0
2011-10-06,33.241079,198774160.0,-19944647.4
2011-10-07,33.376501,200324160.0,51733576.55
2011-10-10,34.043959,200824160.0,17021979.5
2011-10-11,33.685712,201374160.0,18527141.6
2011-10-12,33.639539,199924160.0,-48777331.55
2011-10-13,33.648754,199474160.0,-15141939.299999999
2011-10-14,33.936406,200124160.0,22058663.9
2011-10-17,33.846888,200424160.0,10154066.4
2011-10-18,34.084489,200674160.0,8521122.25
2011-10-19,34.119076,200774160.0,3411907.6
2011-10-20,34.314953,200474160.0,-10294485.9
2011-10-21,34.87792,199774160.0,-24414544.000000004
2011-10-24,34.736009,200374160.0,20841605.400000002
2011-10-25,34.302209,199324160.0,-36017319.449999996
2011-10-26,34.526297,196774160.0,-88042057.35
2011-10-27,35.266106,196774160.0,0.0
2011-10-28,35.048349,196724160.0,-1752417.4500000002
2011-10-31,34.821935,196374160.0,-12187677.250000002
2011-11-01,34.134925,196774160.0,13653970.000000002
2011-11-02,34.701409,199074160.0,79813240.7
2011-11-03,35.159468,200274160.0,42191361.599999994
2011-11-04,34.968003,206474160.0,216801618.60000002
2011-11-07,35.18762,206824160.0,12315667.0
2011-11-08,35.386896,206274160.0,-19462792.8
2011-11-09,34.623859,208324160.0,70978910.95
2011-11-10,34.868212,209174160.0,29637980.2
2011-11-11,35.34504,208974160.0,-7069007.999999999
2011-11-14,34.954461,208974160.0,0.0
2011-11-15,35.016651,212074160.0,108551618.10000001
2011-11-16,34.59096,211974160.0,-3459096.0000000005
2011-11-17,34.387542,212574160.0,20632525.200000003
2011-11-18,34.605371,211624160.0,-32875102.45
2011-11-21,34.195695,211174160.0,-15388062.75
2011-11-22,33.782925,211124160.0,-1689146.25
2011-11-23,33.268621,205474160.0,-187967708.65
2011-11-25,33.419969,205474160.0,0.0
2011-11-28,33.858641,205474160.0,0.0
2011-11-29,34.234572,206174160.0,23964200.4
2011-11-30,35.196833,206524160.0,12318891.549999999
2011-12-01,35.11634,205524160.0,-35116340.0
2011-12-02,34.752046,206674160.0,39964852.9
2011-12-05,35.04144,206224160.0,-15768648.0
2011-12-06,35.119462,206224160.0,0.0
2011-12-07,35.047712,206624160.0,14019084.799999999
2011-12-08,34.543733,207124160.0,17271866.5
2011-12-09,35.021608,206374160.0,-26266206.0
2011-12-12,34.689682,205374160.0,-34689682.0
2011-12-13,34.874838,205374160.0,0.0
2011-12-14,34.593003,205624160.0,8648250.75
2011-12-15,35.065424,205074160.0,-19285983.2
2011-12-16,34.568739,206774160.0,58766856.300000004
2011-12-19,34.292474,208324160.0,53153334.699999996
2011-12-20,35.021751,208374160.0,1751087.55
2011-12-21,35.540153,210074160.0,60418260.099999994
2011-12-22,35.581081,212074160.0,71162162.0
2011-12-23,35.828924,212724160.0,23288800.6
2011-12-27,36.113317,213274160.0,19862324.35
2011-12-28,35.921049,213924160.0,23348681.849999998
2011-12-29,36.205242,213274160.0,-23533407.3
2011-12-30,35.969008,213024160.0,-8992252.0
2012-01-03,35.358682,213124160.0,3535868.2
2012-01-04,35.16728,209274160.0,-135394028.0
2012-01-05,35.218073,206874160.0,-84523375.19999999
2012-01-06,35.01755,209974160.0,108554405.0
2012-01-09,35.081341,208674160.0,-45605743.300000004
2012-01-10,35.129877,208924160.0,8782469.25
2012-01-11,34.983231,208924160.0,0.0
2012-01-12,34.91622,208274160.0,-22695543.0
2012-01-13,34.864913,207974160.0,-10459473.9
2012-01-17,34.875197,209224160.0,43593996.25
2012-01-18,34.865129,208324160.0,-31378616.1
2012-01-19,34.570698,208124160.0,-6914139.6
2012-01-20,34.654925,208124160.0,0.0
2012-01-23,34.74863,207824160.0,-10424589.0
2012-01-24,34.473635,193774160.0,-484354571.75
2012-01-25,35.039251,193424160.0,-12263737.85
2012-01-26,35.145383,196774160.0,117737033.05000001
2012-01-27,34.679966,197724160.0,32945967.7
2012-01-30,34.513496,196924160.0,-27610796.800000004
2012-01-31,34.661676,195174160.0,-60657933.0
2012-02-01,34.791635,195274160.0,3479163.5
2012-02-02,34.717263,195574160.0,10415178.9
2012-02-03,34.819231,195224160.0,-12186730.850000001
2012-02-06,34.688953,193424160.0,-62440115.4
2012-02-07,34.93843,191874160.0,-54154566.49999999
2012-02-08,34.953035,190074160.0,-62915463.0
2012-02-09,34.872609,190024160.0,-1743630.45
2012-02-10,34.831574,188424160.0,-55730518.400000006
2012-02-13,34.768365,188424160.0,0.0
2012-02-14,34.833988,186774160.0,-57476080.199999996
2012-02-15,34.676543,186074160.0,-24273580.1
2012-02-16,35.06789,184174160.0,-66628991.0
2012-02-17,35.023831,183024160.0,-40277405.65
2012-02-21,34.935641,182974160.0,-1746782.0499999998
2012-02-22,34.996737,182024160.0,-33246900.150000002
2012-02-23,34.926687,182524160.0,17463343.5
2012-02-24,35.090568,182824160.0,10527170.399999999
2012-02-27,35.027994,182924160.0,3502799.4
2012-02-28,34.902919,182924160.0,0.0
2012-02-29,34.908797,181174160.0,-61090394.75
2012-03-01,34.983492,181424160.0,8745873.0
2012-03-02,34.986463,181074160.0,-12245262.05
2012-03-05,35.051522,181974160.0,31546369.799999997
2012-03-06,34.884533,182324160.0,12209586.549999999
2012-03-07,34.912131,180974160.0,-47131376.85
2012-03-08,35.040733,180124160.0,-29784623.05
2012-03-09,35.206302,179424160.0,-24644411.400000002
2012-03-12,35.601175,180424160.0,35601175.0
2012-03-13,35.674536,184924160.0,160535412.00000003
2012-03-14,35.172206,186224160.0,45723867.800000004
2012-03-15,35.14784,186324160.0,3514784.0
2012-03-16,34.734455,185124160.0,-41681346.0
2012-03-19,34.561323,184274160.0,-29377124.55
2012-03-20,34.610674,179324160.0,-171322836.3
2012-03-21,34.556419,182924160.0,124403108.39999999
2012-03-22,34.583277,183924160.0,34583277.0
2012-03-23,34.587754,184574160.0,22482040.099999998
2012-03-26,34.851751,185174160.0,20911050.6
2012-03-27,35.002029,183024160.0,-75254362.35
2012-03-28,34.733118,181724160.0,-45153053.4
2012-03-29,34.862573,181624160.0,-3486257.3
2012-03-30,35.05221,181074160.0,-19278715.5
2012-04-02,35.198065,180174160.0,-31678258.5
2012-04-03,35.215408,176974160.0,-112689305.6
2012-04-04,35.160048,174974160.0,-70320096.0
2012-04-05,34.902277,174924160.0,-1745113.8499999999
2012-04-09,34.714066,175124160.0,6942813.2
2012-04-10,34.253866,176624160.0,51380799.0
2012-04-11,34.3255,176124160.0,-17162750.0
2012-04-12,34.45379,176074160.0,-1722689.5
2012-04-13,34.316514,175174160.0,-30884862.599999998
2012-04-16,34.652143,175474160.0,10395642.9
2012-04-17,34.873699,177624160.0,74978452.85000001
2012-04-18,34.773284,177124160.0,-17386642.0
2012-04-19,34.67106,175874160.0,-43338825.0
2012-04-20,35.028493,175874160.0,0.0
2012-04-23,34.826338,176024160.0,5223950.7
2012-04-24,35.096848,176874160.0,29832320.8
2012-04-25,35.273658,176474160.0,-14109463.2
2012-04-26,35.499125,176424160.0,-1774956.25
2012-04-27,35.622159,175574160.0,-30278835.150000002
2012-04-30,35.683608,177124160.0,55309592.4
2012-05-01,35.852723,177274160.0,5377908.449999999
2012-05-02,35.647808,179674160.0,85554739.19999999
2012-05-03,35.503365,180024160.0,12426177.75
2012-05-04,35.55642,182274160.0,80001945.0
2012-05-07,35.470559,183224160.0,33697031.050000004
2012-05-08,35.5644,183224160.0,0.0
2012-05-09,35.538644,182924160.0,-10661593.2
2012-05-10,35.930771,182324160.0,-21558462.6
2012-05-11,35.939872,182924160.0,21563923.2
2012-05-14,35.858248,183424160.0,17929124.0
2012-05-15,35.656447,184824160.0,49919025.8
2012-05-16,35.687256,186374160.0,55315246.8
2012-05-17,35.472448,183674160.0,-95775609.6
2012-05-18,35.447584,183874160.0,7089516.8
2012-05-21,35.512907,184174160.0,10653872.1
2012-05-22,35.725742,184574160.0,14290296.799999999
2012-05-23,35.494191,182524160.0,-72763091.55
2012-05-24,35.685383,179624160.0,-103487610.7
2012-05-25,35.758222,177424160.0,-78668088.4
2012-05-29,35.905458,176224160.0,-43086549.6
2012-05-30,35.645211,177224160.0,35645211.0
2012-05-31,35.874798,177674160.0,16143659.1
2012-06-01,35.730127,177874160.0,7146025.4
2012-06-04,35.856482,178524160.0,23306713.3
2012-06-05,35.988622,177824160.0,-25192035.4
2012-06-06,36.463165,177424160.0,-14585265.999999998
2012-06-07,36.725845,170574160.0,-251572038.25
2012-06-08,36.85757,174774160.0,154801794.0
2012-06-11,36.778388,178724160.0,145274632.6
2012-06-12,36.856497,178524160.0,-7371299.399999999
2012-06-13,36.833224,180074160.0,57091497.2
2012-06-14,37.129312,181724160.0,61263364.8
2012-06-15,36.946619,182724160.0,36946619.0
2012-06-18,37.086447,183524160.0,29669157.6
2012-06-19,37.027169,183774160.0,9256792.25
2012-06-20,36.622671,184124160.0,12817934.85
2012-06-21,36.239699,181624160.0,-90599247.5
2012-06-22,36.28113,179274160.0,-85260655.5
2012-06-25,36.17764,179574160.0,10853291.999999998
2012-06-26,36.273865,180774160.0,43528638.0
2012-06-27,36.669775,179774160.0,-36669775.0
2012-06-28,36.76448,181774160.0,73528960.0
2012-06-29,36.969074,180774160.0,-36969074.0
2012-07-02,37.233717,179974160.0,-29786973.599999998
2012-07-03,37.13026,179474160.0,-18565130.0
2012-07-05,36.942462,179474160.0,0.0
2012-07-06,36.818454,180874160.0,51545835.6
2012-07-09,36.707459,180274160.0,-22024475.4
2012-07-10,36.788467,177924160.0,-86452897.44999999
2012-07-11,36.986994,177924160.0,0.0
2012-07-12,37.001121,177574160.0,-12950392.35
2012-07-13,37.376827,175774160.0,-67278288.6
2012-07-16,37.306182,176774160.0,37306182.0
2012-07-17,37.411947,176724160.0,-1870597.3499999999
2012-07-18,37.560125,176624160.0,-3756012.5
2012-07-19,37.612192,176474160.0,-5641828.8
2012-07-20,37.685194,175474160.0,-37685194.0
2012-07-23,37.417556,177224160.0,65480722.99999999
2012-07-24,37.094626,177724160.0,18547313.0
2012-07-25,37.047121,175424160.0,-85208378.3
2012-07-26,37.665525,175424160.0,0.0
2012-07-27,38.076873,175724160.0,11423061.9
2012-07-30,38.244039,175674160.0,-1912201.95
2012-07-31,37.91797,175674160.0,0.0
2012-08-01,37.671949,175324160.0,-13185182.149999999
2012-08-02,37.420223,173474160.0,-69227412.55
2012-08-03,37.863904,173974160.0,18931952.0
2012-08-06,37.745174,173974160.0,0.0
2012-08-07,37.399443,175224160.0,46749303.75
2012-08-08,37.424256,174124160.0,-41166681.6
2012-08-09,37.444173,172424160.0,-63655094.1
2012-08-10,37.576388,172824160.0,15030555.200000001
2012-08-13,37.465994,172824160.0,0.0
2012-08-14,37.465691,172824160.0,0.0
2012-08-15,37.309384,173124160.0,11192815.200000001
2012-08-16,37.176899,172474160.0,-24164984.349999998
2012-08-17,37.123194,170774160.0,-63109429.8
2012-08-20,37.158771,170374160.0,-14863508.4
2012-08-21,36.908028,170274160.0,-3690802.8000000003
2012-08-22,36.833287,169874160.0,-14733314.799999999
2012-08-23,36.44905,169374160.0,-18224525.0
2012-08-24,36.623915,168424160.0,-34792719.25
2012-08-27,36.688636,168424160.0,0.0
2012-08-28,36.614774,168424160.0,0.0
2012-08-29,36.545871,169374160.0,34718577.449999996
2012-08-30,36.391825,169624160.0,9097956.25
2012-08-31,36.356737,168624160.0,-36356737.0
2012-09-04,36.462711,167874160.0,-27347033.25
2012-09-05,36.324504,171674160.0,138033115.2
2012-09-06,36.758812,172174160.0,18379406.0
2012-09-07,36.63552,171524160.0,-23813088.0
2012-09-10,36.585946,170224160.0,-47561729.8
2012-09-11,36.475038,169674160.0,-20061270.9
2012-09-12,36.284097,169424160.0,-9071024.25
2012-09-13,36.812884,169424160.0,0.0
2012-09-14,36.535959,169024160.0,-14614383.6
2012-09-17,36.325401,167974160.0,-38141671.05
2012-09-18,36.178924,167624160.0,-12662623.4
2012-09-19,36.255605,169224160.0,58008968.00000001
2012-09-20,36.386011,161174160.0,-292907388.55
2012-09-21,36.025865,162424160.0,45032331.25000001
2012-09-24,36.383595,163474160.0,38202774.75
2012-09-25,36.271225,166474160.0,108813675.0
2012-09-26,36.371749,168324160.0,67287735.65
2012-09-27,36.226595,168624160.0,10867978.500000002
2012-09-28,36.394989,169224160.0,21836993.400000002
2012-10-01,36.244093,166474160.0,-99671255.75
2012-10-02,36.397208,165224160.0,-45496510.0
2012-10-03,36.600148,166774160.0,56730229.4
2012-10-04,36.81969,166674160.0,-3681969.0
2012-10-05,36.749711,167674160.0,36749711.0
2012-10-08,36.787201,167674160.0,0.0
2012-10-09,36.756429,166524160.0,-42269893.349999994
2012-10-10,36.661483,166374160.0,-5499222.449999999
2012-10-11,36.694976,169274160.0,106415430.39999999
2012-10-12,36.480946,167774160.0,-54721419.00000001
2012-10-15,36.674505,167774160.0,0.0
2012-10-16,36.784079,166774160.0,-36784079.0
2012-10-17,37.243439,165874160.0,-33519095.1
2012-10-18,37.400472,166324160.0,16830212.4
2012-10-19,37.145221,164874160.0,-53860570.449999996
2012-10-22,37.001721,166274160.0,51802409.400000006
2012-10-23,36.666071,165874160.0,-14666428.4
2012-10-24,36.430318,166224160.0,12750611.3
2012-10-25,36.585162,164924160.0,-47560710.599999994
2012-10-26,36.585201,164024160.0,-32926680.9
2012-10-29,36.585031,163774160.0,-9146257.75
2012-10-30,36.584855,163774160.0,0.0
2012-10-31,36.909291,163774160.0,0.0
2012-11-01,36.522226,166174160.0,87653342.4
2012-11-02,36.266188,166824160.0,23573022.2
2012-11-05,35.683787,168024160.0,42820544.400000006
2012-11-06,35.689761,167024160.0,-35689761.0
2012-11-07,34.934598,166374160.0,-22707488.7
2012-11-08,34.8875,165674160.0,-24421250.000000004
2012-11-09,34.667912,165474160.0,-6933582.4
2012-11-12,34.363772,166024160.0,18900074.599999998
2012-11-13,34.516226,166624160.0,20709735.6
2012-11-14,34.266035,171274160.0,159337062.75
2012-11-15,34.034825,171974160.0,23824377.5
2012-11-16,34.403393,175924160.0,135893402.35
2012-11-19,34.397339,179524160.0,123830420.4
2012-11-20,34.31936,172074160.0,-255679232.00000003
2012-11-21,34.184212,166824160.0,-179467113.0
2012-11-23,34.094119,162374160.0,-151718829.54999998
2012-11-26,34.53125,162374160.0,0.0
2012-11-27,34.611334,166774160.0,152289869.6
2012-11-28,34.786239,167824160.0,36525550.95
2012-11-29,34.981412,165874160.0,-68213753.39999999
2012-11-30,35.32237,165874160.0,0.0
2012-12-03,35.099292,164574160.0,-45629079.6
2012-12-04,34.916808,162274160.0,-80308658.4
2012-12-05,35.476091,160874160.0,-49666527.4
2012-12-06,35.436767,162024160.0,40752282.050000004
2012-12-07,35.452546,161624160.0,-14181018.399999999
2012-12-10,35.470187,162074160.0,15961584.15
2012-12-11,35.536899,162074160.0,0.0
2012-12-12,35.495348,161574160.0,-17747674.0
2012-12-13,35.343141,161274160.0,-10602942.3
2012-12-14,35.218455,160524160.0,-26413841.25
2012-12-17,35.746724,160524160.0,0.0
2012-12-18,36.01937,160224160.0,-10805811.0
2012-12-19,35.717996,162024160.0,64292392.8
2012-12-20,35.863758,161024160.0,-35863758.0
2012-12-21,35.274845,160724160.0,-10582453.5
2012-12-24,35.162989,159574160.0,-40437437.35
2012-12-26,34.853097,160174160.0,20911858.2
2012-12-27,34.800248,160674160.0,17400124.0
2012-12-28,34.457779,158824160.0,-63746891.150000006
2012-12-31,34.936641,156224160.0,-90835266.60000001
2013-01-02,35.568109,150324160.0,-209851843.1
2013-01-03,35.568384,149324160.0,-35568384.0
2013-01-04,35.76073,153674160.0,155559175.5
2013-01-07,35.350768,152624160.0,-37118306.400000006
2013-01-08,35.283323,151824160.0,-28226658.400000002
2013-01-09,35.204174,151024160.0,-28163339.200000003
2013-01-10,35.368207,151174160.0,5305231.05
2013-01-11,35.390373,150974160.0,-7078074.6
2013-01-14,35.340099,149824160.0,-40641113.85
2013-01-15,35.445513,148924160.0,-31900961.7
2013-01-16,35.2697,148924160.0,0.0
2013-01-17,35.406575,149924160.0,35406575.0
2013-01-18,35.707217,147724160.0,-78555877.4
2013-01-22,35.99913,147874160.0,5399869.5
2013-01-23,35.888134,148674160.0,28710507.2
2013-01-24,36.059138,148324160.0,-12620698.299999999
2013-01-25,36.257252,147574160.0,-27192939.0
2013-01-28,36.195362,148074160.0,18097681.0
2013-01-29,36.478629,145924160.0,-78429052.35
2013-01-30,36.496469,146324160.0,14598587.6
2013-01-31,36.619832,146824160.0,18309916.0
2013-02-01,36.692472,146774160.0,-1834623.6
2013-02-04,36.453843,147324160.0,20049613.65
2013-02-05,36.540591,150924160.0,131546127.6
2013-02-06,36.643714,152524160.0,58629942.400000006
2013-02-07,36.705097,150324160.0,-80751213.4
2013-02-08,36.700089,150124160.0,-7340017.8
2013-02-11,36.785207,149674160.0,-16553343.15
2013-02-12,36.949137,150424160.0,27711852.75
2013-02-13,36.927121,149924160.0,-18463560.5
2013-02-14,36.632641,150874160.0,34801008.95
2013-02-15,36.732627,149124160.0,-64282097.25
2013-02-19,37.064143,151424160.0,85247528.9
2013-02-20,36.981943,151224160.0,-7396388.600000001
2013-02-21,36.813644,150474160.0,-27610232.999999996
2013-02-22,37.199987,151124160.0,24179991.55
2013-02-25,36.812409,151324160.0,7362481.800000001
2013-02-26,36.966374,150324160.0,-36966374.0
2013-02-27,37.338987,149924160.0,-14935594.8
2013-02-28,37.429482,150874160.0,35558007.9
2013-03-01,37.513404,152074160.0,45016084.800000004
2013-03-04,37.867279,152524160.0,17040275.55
2013-03-05,38.07927,156074160.0,135181408.5
2013-03-06,38.057387,153874160.0,-83726251.39999999
2013-03-07,37.902865,154674160.0,30322292.0
2013-03-08,37.991038,152774160.0,-72182972.2
2013-03-11,38.108278,147774160.0,-190541390.0
2013-03-12,37.975442,148274160.0,18987721.0
2013-03-13,38.120238,147924160.0,-13342083.3
2013-03-14,38.215234,150374160.0,93627323.30000001
2013-03-15,38.130505,152324160.0,74354484.75
2013-03-18,37.913027,154574160.0,85304310.75
2013-03-19,38.010661,155574160.0,38010661.0
2013-03-20,38.289446,158474160.0,111039393.39999999
2013-03-21,38.101442,157224160.0,-47626802.5
2013-03-22,38.172963,156324160.0,-34355666.7
2013-03-25,38.079305,156324160.0,0.0
2013-03-26,38.476661,155124160.0,-46171993.2
2013-03-27,38.625079,153874160.0,-48281348.75
2013-03-28,39.105315,152524160.0,-52792175.25
2013-04-01,39.027279,153224160.0,27319095.3
2013-04-02,39.169377,152424160.0,-31335501.599999998
2013-04-03,39.059884,150824160.0,-62495814.39999999
2013-04-04,39.416653,151324160.0,19708326.5
2013-04-05,39.585536,150024160.0,-51461196.8
2013-04-08,39.899731,151024160.0,39899731.0
2013-04-09,39.769098,151424160.0,15907639.2
2013-04-10,40.077725,149574160.0,-74143791.25
2013-04-11,40.191659,149974160.0,16076663.6
2013-04-12,40.318107,154074160.0,165304238.7
2013-04-15,39.749436,155174160.0,43724379.6
2013-04-16,40.212166,156124160.0,38201557.7
2013-04-17,39.999512,156274160.0,5999926.800000001
2013-04-18,40.145279,158274160.0,80290558.0
2013-04-19,40.725161,158524160.0,10181290.25
2013-04-22,40.69886,159474160.0,38663917.0
2013-04-23,40.798936,159674160.0,8159787.199999999
2013-04-24,40.922877,158124160.0,-63430459.35
2013-04-25,40.956034,157824160.0,-12286810.200000001
2013-04-26,40.961233,156724160.0,-45057356.3
2013-04-29,41.306818,157574160.0,35110795.3
2013-04-30,41.427037,157174160.0,-16570814.799999999
2013-05-01,41.02911,156324160.0,-34874743.5
2013-05-02,40.960341,156324160.0,0.0
2013-05-03,40.905524,156324160.0,0.0
2013-05-06,40.327255,153424160.0,-116949039.5
2013-05-07,40.701273,151924160.0,-61051909.5
2013-05-08,40.361097,152324160.0,16144438.8
2013-05-09,39.723615,152624160.0,11917084.5
2013-05-10,39.829994,152224160.0,-15931997.6
2013-05-13,39.629073,154174160.0,77276692.35
2013-05-14,39.896072,152074160.0,-83781751.19999999
2013-05-15,40.260479,154074160.0,80520958.0
2013-05-16,39.932483,154374160.0,11979744.899999999
2013-05-17,40.334793,153524160.0,-34284574.05
2013-05-20,40.151321,152524160.0,-40151321.0
2013-05-21,40.195422,153274160.0,30146566.5
2013-05-22,39.539007,152824160.0,-17792553.15
2013-05-23,39.241417,149774160.0,-119686321.85
2013-05-24,38.841926,149574160.0,-7768385.2
2013-05-28,38.385826,149574160.0,0.0
2013-05-29,37.810484,149724160.0,5671572.600000001
2013-05-30,37.910743,151224160.0,56866114.49999999
2013-05-31,37.68641,152324160.0,41455051.0
2013-06-03,37.760839,155774160.0,130274894.55
2013-06-04,37.604171,159974160.0,157937518.20000002
2013-06-05,37.293551,159024160.0,-35428873.45
2013-06-06,37.758136,156124160.0,-109498594.4
2013-06-07,38.027458,158674160.0,96970017.9
2013-06-10,37.95592,157224160.0,-55036084.0
2013-06-11,37.714121,155774160.0,-54685475.449999996
2013-06-12,37.316115,155174160.0,-22389669.000000004
2013-06-13,37.945256,154024160.0,-43637044.4
2013-06-14,37.984797,157124160.0,117752870.7
2013-06-17,38.107174,157524160.0,15242869.6
2013-06-18,38.381351,156624160.0,-34543215.9
2013-06-19,37.50207,155274160.0,-50627794.50000001
2013-06-20,36.431669,148974160.0,-229519514.7
2013-06-21,36.539431,145424160.0,-129714980.05
2013-06-24,36.530595,142774160.0,-96806076.75
2013-06-25,36.978579,141624160.0,-42525365.85
2013-06-26,37.470603,143924160.0,86182386.89999999
2013-06-27,37.524695,143824160.0,-3752469.5
2013-06-28,37.661722,148374160.0,171360835.1
2013-07-01,37.16918,148874160.0,18584590.0
2013-07-02,37.147575,149474160.0,22288545.000000004
2013-07-03,37.091355,149474160.0,0.0
2013-07-05,36.911994,149324160.0,-5536799.1
2013-07-08,37.44103,143974160.0,-200309510.5
2013-07-09,37.723382,143274160.0,-26406367.400000002
2013-07-10,37.902565,142924160.0,-13265897.750000002
2013-07-11,38.516636,142974160.0,1925831.7999999998
2013-07-12,38.646305,145574160.0,100480393.0
2013-07-15,39.258821,146974160.0,54962349.4
2013-07-16,39.06315,147124160.0,5859472.5
2013-07-17,39.025104,149024160.0,74147697.6
2013-07-18,39.404486,148774160.0,-9851121.5
2013-07-19,39.374518,147274160.0,-59061777.0
2013-07-22,39.353371,147574160.0,11806011.3
2013-07-23,39.464103,146174160.0,-55249744.2
2013-07-24,38.853154,146624160.0,17483919.3
2013-07-25,39.19724,145774160.0,-33317654.0
2013-07-26,39.336427,146224160.0,17701392.15
2013-07-29,39.420603,148774160.0,100522537.65
2013-07-30,39.529003,148774160.0,0.0
2013-07-31,39.256289,150274160.0,58884433.5
2013-08-01,39.589506,150224160.0,-1979475.3
2013-08-02,39.555901,148174160.0,-81089597.05
2013-08-05,39.292642,148174160.0,0.0
2013-08-06,39.070249,146874160.0,-50791323.699999996
2013-08-07,39.267714,142824160.0,-159034241.7
2013-08-08,39.421748,143574160.0,29566311.0
2013-08-09,39.155231,143574160.0,0.0
2013-08-12,38.9285,145574160.0,77857000.0
2013-08-13,38.729508,145474160.0,-3872950.8000000003
2013-08-14,38.494857,142174160.0,-127033028.10000001
2013-08-15,37.956836,140774160.0,-53139570.400000006
2013-08-16,37.550922,138774160.0,-75101844.0
2013-08-19,37.257841,136474160.0,-85693034.3
2013-08-20,37.569643,139024160.0,95802589.64999999
2013-08-21,37.135244,144524160.0,204243842.0
2013-08-22,37.377838,143524160.0,-37377838.0
2013-08-23,37.667198,143824160.0,11300159.4
2013-08-26,37.373329,145774160.0,72877991.55
2013-08-27,37.357316,145774160.0,0.0
2013-08-28,37.493089,144924160.0,-31869125.65
2013-08-29,37.296737,144624160.0,-11189021.1
2013-08-30,37.308545,144624160.0,0.0
2013-09-03,36.887796,145024160.0,14755118.4
2013-09-04,36.875579,143974160.0,-38719357.95
2013-09-05,36.73617,143224160.0,-27552127.5
2013-09-06,36.969894,142124160.0,-40666883.4
2013-09-09,37.126626,143274160.0,42695619.9
2013-09-10,37.390908,142124160.0,-42999544.2
2013-09-11,37.050426,143874160.0,64838245.5
2013-09-12,36.948559,141274160.0,-96066253.4
2013-09-13,37.233261,144824160.0,132178076.55
2013-09-16,37.313559,141724160.0,-115672032.89999999
2013-09-17,37.528756,142474160.0,28146567.0
2013-09-18,38.649191,142224160.0,-9662297.75
2013-09-19,38.472042,145524160.0,126957738.60000001
2013-09-20,37.550745,143024160.0,-93876862.5
2013-09-23,37.988122,140274160.0,-104467335.49999999
2013-09-24,37.949871,141224160.0,36052377.45
2013-09-25,37.684352,140674160.0,-20726393.599999998
2013-09-26,37.656173,140124160.0,-20710895.150000002
2013-09-27,37.402846,139424160.0,-26181992.2
2013-09-30,37.358281,138524160.0,-33622452.9
2013-10-01,37.491252,138524160.0,0.0
2013-10-02,37.546344,135524160.0,-112639032.0
2013-10-03,37.082576,135924160.0,14833030.4
2013-10-04,37.159444,136424160.0,18579722.0
2013-10-07,36.99424,136424160.0,0.0
2013-10-08,37.228279,136474160.0,1861413.95
2013-10-09,37.390988,136774160.0,11217296.4
2013-10-10,37.944474,137474160.0,26561131.8
2013-10-11,38.114607,136974160.0,-19057303.5
2013-10-14,37.894545,136974160.0,0.0
2013-10-15,37.369119,134874160.0,-78475149.89999999
2013-10-16,37.735575,133924160.0,-35848796.25
2013-10-17,38.34112,136624160.0,103521023.99999999
2013-10-18,38.44436,141924160.0,203755108.00000003
2013-10-21,38.364998,142124160.0,7672999.6
2013-10-22,38.850524,141574160.0,-21367788.2
2013-10-23,38.860762,144674160.0,120468362.2
2013-10-24,38.769981,144124160.0,-21323489.55
2013-10-25,39.210191,144624160.0,19605095.5
2013-10-28,39.11974,144124160.0,-19559870.0
2013-10-29,39.174324,144224160.0,3917432.4
2013-10-30,38.928172,142574160.0,-64231483.800000004
2013-10-31,38.768711,140974160.0,-62029937.6
2013-11-01,39.052031,137874160.0,-121061296.1
2013-11-04,39.141237,135774160.0,-82196597.69999999
2013-11-05,38.869159,138324160.0,99116355.45
2013-11-06,39.401077,137974160.0,-13790376.950000001
2013-11-07,39.017966,137974160.0,0.0
2013-11-08,38.954659,139824160.0,72066119.15
2013-11-11,38.962159,138574160.0,-48702698.75
2013-11-12,38.609852,137574160.0,-38609852.0
2013-11-13,38.795801,135074160.0,-96989502.5
2013-11-14,39.124472,135174160.0,3912447.1999999997
2013-11-15,39.359379,136074160.0,35423441.099999994
2013-11-18,39.323162,135724160.0,-13763106.700000001
2013-11-19,39.047102,134824160.0,-35142391.800000004
2013-11-20,38.583529,129424160.0,-208351056.6
2013-11-21,38.67905,127174160.0,-87027862.49999999
2013-11-22,38.662785,127574160.0,15465114.0
2013-11-25,38.509053,127524160.0,-1925452.6500000001
2013-11-26,38.151079,126174160.0,-51503956.650000006
2013-11-27,38.049662,126674160.0,19024831.0
2013-11-29,38.02847,126524160.0,-5704270.5
2013-12-02,37.885204,126474160.0,-1894260.2000000002
2013-12-03,38.096665,127674160.0,45715998.0
2013-12-04,38.219912,125374160.0,-87905797.60000001
2013-12-05,37.93616,125974160.0,22761696.0
2013-12-06,38.413869,127724160.0,67224270.75
2013-12-09,38.213464,126024160.0,-64962888.800000004
2013-12-10,37.818178,126124160.0,3781817.8000000003
2013-12-11,37.52477,127124160.0,37524770.0
2013-12-12,37.569443,128124160.0,37569443.0
2013-12-13,37.517607,127324160.0,-30014085.599999998
2013-12-16,37.737872,126824160.0,-18868936.0
2013-12-17,37.658961,126224160.0,-22595376.599999998
2013-12-18,38.154567,124624160.0,-61047307.2
2013-12-19,37.874598,127474160.0,107942604.3
2013-12-20,37.819094,124724160.0,-104002508.5
2013-12-23,37.690868,126874160.0,81035366.2
2013-12-24,37.831706,125024160.0,-69988656.1
2013-12-26,37.677853,134324160.0,350404032.9
2013-12-27,37.784094,127574160.0,-255042634.50000003
2013-12-30,37.890925,118274160.0,-352385602.5
2013-12-31,37.978823,118524160.0,9494705.75
2014-01-02,37.394049,118874160.0,13087917.15
2014-01-03,37.285926,114324160.0,-169650963.3
2014-01-06,37.320302,120724160.0,238849932.79999998
2014-01-07,37.65926,119924160.0,-30127408.000000004
2014-01-08,37.455778,120224160.0,11236733.4
2014-01-09,37.670162,129474160.0,348448998.5
2014-01-10,38.21196,129324160.0,-5731794.0
2014-01-13,37.863449,137624160.0,314266626.70000005
2014-01-14,37.898144,130324160.0,-276656451.2
2014-01-15,37.819045,125624160.0,-177749511.5
2014-01-16,38.063368,124824160.0,-30450694.4
2014-01-17,38.051914,126674160.0,70396040.89999999
2014-01-21,38.487843,127724160.0,40412235.15
2014-01-22,38.531097,127224160.0,-19265548.5
2014-01-23,38.411648,126674160.0,-21126406.4
2014-01-24,37.981056,127924160.0,47476320.0
2014-01-27,38.058664,131274160.0,127496524.4
2014-01-28,38.214059,131274160.0,0.0
2014-01-29,38.176116,128924160.0,-89713872.6
2014-01-30,38.792228,129174160.0,9698057.0
2014-01-31,39.108375,129574160.0,15643350.000000002
2014-02-03,38.804601,128824160.0,-29103450.75
2014-02-04,38.567708,129924160.0,42424478.800000004
2014-02-05,38.377656,130024160.0,3837765.6
2014-02-06,38.647467,129774160.0,-9661866.75
2014-02-07,38.886859,129174160.0,-23332115.400000002
2014-02-10,39.177801,131424160.0,88150052.25
2014-02-11,39.537547,131524160.0,3953754.7
2014-02-12,39.571244,133374160.0,73206801.4
2014-02-13,40.025028,132024160.0,-54033787.8
2014-02-14,40.296056,134074160.0,82606914.8
2014-02-18,40.408979,133174160.0,-36368081.1
2014-02-19,40.182228,133374160.0,8036445.600000001
2014-02-20,40.506617,133374160.0,0.0
2014-02-21,40.567721,132024160.0,-54766423.35
2014-02-24,40.444947,132124160.0,4044494.6999999997
2014-02-25,40.413142,131824160.0,-12123942.6
2014-02-26,40.276316,132074160.0,10069079.0
2014-02-27,40.179893,133924160.0,74332802.05
2014-02-28,40.43066,133674160.0,-10107665.0
2014-03-03,40.052619,133074160.0,-24031571.4
2014-03-04,40.367749,133074160.0,0.0
2014-03-05,40.09363,131974160.0,-44102993.0
2014-03-06,39.87165,132274160.0,11961495.0
2014-03-07,39.970555,127774160.0,-179867497.5
2014-03-10,39.910909,127074160.0,-27937636.299999997
2014-03-11,39.777056,124274160.0,-111375756.80000001
2014-03-12,40.283867,123224160.0,-42298060.35
2014-03-13,40.663924,125174160.0,79294651.8
2014-03-14,40.897426,131974160.0,278102496.8
2014-03-17,41.150368,137124160.0,211924395.2
2014-03-18,41.085496,136724160.0,-16434198.4
2014-03-19,40.489247,136624160.0,-4048924.6999999997
2014-03-20,40.528333,130024160.0,-267486997.8
2014-03-21,40.514333,133174160.0,127620148.95
2014-03-24,40.611309,134124160.0,38580743.55
2014-03-25,40.77713,134324160.0,8155426.0
2014-03-26,40.615493,133024160.0,-52800140.9
2014-03-27,40.95447,127674160.0,-219106414.5
2014-03-28,41.022561,129324160.0,67687225.65
2014-03-31,41.449574,125874160.0,-143001030.29999998
2014-04-01,41.182762,126424160.0,22650519.099999998
2014-04-02,41.101843,127624160.0,49322211.6
2014-04-03,41.235073,125624160.0,-82470146.0
2014-04-04,41.46746,125524160.0,-4146746.0000000005
2014-04-07,41.38183,130524160.0,206909150.0
2014-04-08,41.99531,132924160.0,100788744.00000001
2014-04-09,41.887152,132574160.0,-14660503.2
2014-04-10,41.72616,131274160.0,-54244008.0
2014-04-11,41.680572,133774160.0,104201430.0
2014-04-14,41.951135,136674160.0,121658291.5
2014-04-15,42.508217,136824160.0,6376232.550000001
2014-04-16,42.825559,141674160.0,207703961.15
2014-04-17,42.328901,142674160.0,42328901.0
2014-04-18,42.328901,141774160.0,-38096010.9
2014-04-21,42.259549,141774160.0,0.0
2014-04-22,42.274747,138874160.0,-122596766.3
2014-04-23,42.332432,139324160.0,19049594.4
2014-04-24,42.600748,140124160.0,34080598.400000006
2014-04-25,43.082217,140924160.0,34465773.6
2014-04-28,43.30662,143774160.0,123423867.0
2014-04-29,43.122589,147074160.0,142304543.7
2014-04-30,43.199364,149324160.0,97198569.0
2014-05-01,43.380668,149724160.0,17352267.2
2014-05-02,42.523938,149224160.0,-21261969.0
2014-05-05,42.864834,145624160.0,-154313402.4
2014-05-06,42.671366,145674160.0,2133568.3
2014-05-07,43.37037,145774160.0,4337037.0
2014-05-08,42.869569,144274160.0,-64304353.5
2014-05-09,42.268539,141774160.0,-105671347.49999999
2014-05-12,41.870729,141074160.0,-29309510.299999997
2014-05-13,41.950289,143424160.0,98583179.14999999
2014-05-14,42.183751,144474160.0,44292938.550000004
2014-05-15,42.03048,151524160.0,296314884.0
2014-05-16,42.142756,149724160.0,-75856960.8
2014-05-19,41.488654,149174160.0,-22818759.7
2014-05-20,41.493684,146924160.0,-93360789.0
2014-05-21,41.522669,141174160.0,-238755346.75
2014-05-22,41.859681,140974160.0,-8371936.2
2014-05-23,41.761497,141274160.0,12528449.1
2014-05-27,42.100722,141074160.0,-8420144.4
2014-05-28,42.353141,138274160.0,-118588794.8
2014-05-29,42.429953,136574160.0,-72130920.1
2014-05-30,42.750185,136074160.0,-21375092.5
2014-06-02,42.729282,133174160.0,-123914917.8
2014-06-03,42.865908,135124160.0,83588520.6
2014-06-04,42.884874,133624160.0,-64327311.00000001
2014-06-05,43.233731,133624160.0,0.0
2014-06-06,43.103997,134524160.0,38793597.3
2014-06-09,42.804413,132774160.0,-74907722.75
2014-06-10,42.6815,131074160.0,-72558550.0
2014-06-11,42.14658,130774160.0,-12643974.0
2014-06-12,42.28139,132924160.0,90904988.5
2014-06-13,42.553435,138774160.0,248937594.75
2014-06-16,42.843685,139274160.0,21421842.5
2014-06-17,42.780739,142074160.0,119786069.19999999
2014-06-18,43.724095,139074160.0,-131172285.0
2014-06-19,44.097414,139324160.0,11024353.5
2014-06-20,43.461886,146574160.0,315098673.5
2014-06-23,43.324397,147524160.0,41158177.15
2014-06-24,43.432279,150274160.0,119438767.25
2014-06-25,43.639898,155974160.0,248747418.60000002
2014-06-26,43.753378,158974160.0,131260134.0
2014-06-27,43.912198,159724160.0,32934148.499999996
2014-06-30,44.268194,160724160.0,44268194.0
2014-07-01,43.834963,164774160.0,177531600.15
2014-07-02,42.978888,159174160.0,-240681772.79999998
2014-07-03,42.516234,155724160.0,-146681007.29999998
2014-07-07,42.69472,151024160.0,-200665183.99999997
2014-07-08,42.955914,151674160.0,27921344.1
2014-07-09,42.89088,156074160.0,188719872.0
2014-07-10,43.151346,156024160.0,-2157567.3
2014-07-11,42.85159,154124160.0,-81418021.0
2014-07-14,42.336549,155274160.0,48687031.349999994
2014-07-15,42.549594,156224160.0,40422114.3
2014-07-16,42.716762,156174160.0,-2135838.1
2014-07-17,42.293264,155324160.0,-35949274.4
2014-07-18,42.749388,154924160.0,-17099755.200000003
2014-07-21,42.705817,154524160.0,-17082326.8
2014-07-22,42.636517,154674160.0,6395477.55
2014-07-23,42.622326,153874160.0,-34097860.800000004
2014-07-24,42.773002,155374160.0,64159503.0
2014-07-25,42.437805,155374160.0,0.0
2014-07-28,43.058475,155624160.0,10764618.75
2014-07-29,42.607744,155574160.0,-2130387.1999999997
2014-07-30,41.922367,155924160.0,14672828.450000001
2014-07-31,41.257668,152974160.0,-121710120.60000001
2014-08-01,41.428288,150924160.0,-84927990.4
2014-08-04,41.186894,151074160.0,6178034.100000001
2014-08-05,40.675861,153074160.0,81351722.0
2014-08-06,40.176051,150174160.0,-116510547.9
2014-08-07,40.632717,137174160.0,-528225321.0
2014-08-08,41.436358,131724160.0,-225828151.1
2014-08-11,41.282318,134024160.0,94949331.39999999
2014-08-12,41.259772,130974160.0,-125842304.6
2014-08-13,41.426119,132324160.0,55925260.65
2014-08-14,41.819579,134274160.0,81548179.05
2014-08-15,41.948976,134624160.0,14682141.600000001
2014-08-18,41.876639,134574160.0,-2093831.95
2014-08-19,42.39136,132274160.0,-97500128.0
2014-08-20,42.487474,131474160.0,-33989979.199999996
2014-08-21,42.586908,132024160.0,23422799.400000002
2014-08-22,42.460466,130274160.0,-74305815.5
2014-08-25,42.726705,128574160.0,-72635398.5
2014-08-26,42.245858,129274160.0,29572100.599999998
2014-08-27,42.692048,133074160.0,162229782.4
2014-08-28,42.978626,134974160.0,81659389.39999999
2014-08-29,43.298249,137074160.0,90926322.89999999
2014-09-02,42.860679,136474160.0,-25716407.4
2014-09-03,43.110908,133674160.0,-120710542.4
2014-09-04,43.10849,133324160.0,-15087971.500000002
2014-09-05,43.639643,131574160.0,-76369375.25
2014-09-08,43.363026,132374160.0,34690420.8
2014-09-09,42.851849,132624160.0,10712962.25
2014-09-10,42.684936,130674160.0,-83235625.2
2014-09-11,43.061473,130774160.0,4306147.3
2014-09-12,42.282142,130024160.0,-31711606.5
2014-09-15,42.410974,127024160.0,-127232922.00000001
2014-09-16,42.940069,126224160.0,-34352055.2
2014-09-17,42.838857,126624160.0,17135542.8
2014-09-18,42.546205,127624160.0,42546205.0
2014-09-19,42.526457,130424160.0,119074079.60000001
2014-09-22,42.221297,127874160.0,-107664307.35
2014-09-23,42.077364,129474160.0,67323782.4
2014-09-24,41.93974,130624160.0,48230701.0
2014-09-25,41.70213,132924160.0,95914899.0
2014-09-26,41.797242,131624160.0,-54336414.599999994
2014-09-29,42.023617,130224160.0,-58833063.800000004
2014-09-30,42.104395,130324160.0,4210439.5
2014-10-01,42.327821,129874160.0,-19047519.45
2014-10-02,42.280337,130924160.0,44394353.85
2014-10-03,42.541378,131174160.0,10635344.5
2014-10-06,42.538333,130924160.0,-10634583.25
2014-10-07,42.494482,181424160.0,2145971341.0
2014-10-08,43.436103,130224160.0,-2223928473.6000004
2014-10-09,42.719109,131574160.0,57670797.150000006
2014-10-10,42.934316,134424160.0,122362800.60000001
2014-10-13,42.890961,138874160.0,190864776.45
2014-10-14,43.301138,142124160.0,140728698.5
2014-10-15,42.723261,148824160.0,286245848.7
2014-10-16,42.739931,152874160.0,173096720.54999998
2014-10-17,42.990536,147974160.0,-210653626.4
2014-10-20,43.590046,146524160.0,-63205566.7
2014-10-21,43.753592,144374160.0,-94070222.8
2014-10-22,44.025871,141674160.0,-118869851.7
2014-10-23,44.111569,142124160.0,19850206.05
2014-10-24,44.534797,141624160.0,-22267398.5
2014-10-27,44.440318,140274160.0,-59994429.3
2014-10-28,44.755129,139774160.0,-22377564.5
2014-10-29,44.489618,139624160.0,-6673442.7
2014-10-30,45.453482,138174160.0,-65907548.9
2014-10-31,45.470101,151724160.0,616119868.55
2014-11-03,45.786608,150374160.0,-61811920.800000004
2014-11-04,45.513701,146924160.0,-157022268.45
2014-11-05,46.58243,148574160.0,76861009.5
2014-11-06,45.771063,150224160.0,75522253.95
2014-11-07,46.244528,135824160.0,-665921203.2
2014-11-10,46.494042,146224160.0,483538036.8
2014-11-11,46.329715,146424160.0,9265943.0
2014-11-12,45.483993,146274160.0,-6822598.949999999
2014-11-13,45.11466,143874160.0,-108275184.0
2014-11-14,44.944478,140224160.0,-164047344.7
2014-11-17,45.544116,140624160.0,18217646.400000002
2014-11-18,45.665373,141874160.0,57081716.25
2014-11-19,45.634116,142524160.0,29662175.4
2014-11-20,45.527022,141974160.0,-25039862.1
2014-11-21,45.70345,141924160.0,-2285172.5
2014-11-24,45.305004,143274160.0,61161755.4
2014-11-25,45.308259,145574160.0,104208995.7
2014-11-26,45.535304,147224160.0,75133251.6
2014-11-28,46.01552,142524160.0,-216272944.0
2014-12-01,46.085606,142674160.0,6912840.899999999
2014-12-02,46.402286,142674160.0,0.0
2014-12-03,46.273123,143624160.0,43959466.85
2014-12-04,46.23335,144174160.0,25428342.5
2014-12-05,45.855038,142624160.0,-71075308.9
2014-12-08,46.232627,142974160.0,16181419.450000001
2014-12-09,46.458433,141674160.0,-60395962.9
2014-12-10,45.892268,141174160.0,-22946134.0
2014-12-11,46.368935,142124160.0,44050488.25
2014-12-12,45.92483,142424160.0,13777449.0
2014-12-15,45.521063,141824160.0,-27312637.799999997
2014-12-16,45.438616,140374160.0,-65885993.2
2014-12-17,46.315189,143174160.0,129682529.19999999
2014-12-18,47.226497,144074160.0,42503847.300000004
2014-12-19,46.816485,144824160.0,35112363.75
2014-12-22,46.968136,149274160.0,209008205.20000002
2014-12-23,47.112542,152174160.0,136626371.79999998
2014-12-24,47.962937,152474160.0,14388881.1
2014-12-26,48.541025,152724160.0,12135256.25
2014-12-29,49.107748,153824160.0,54018522.800000004
2014-12-30,48.085733,157624160.0,182725785.39999998
2014-12-31,47.200897,158474160.0,40120762.449999996
2015-01-02,47.468721,155574160.0,-137659290.9
2015-01-05,46.84998,159324160.0,175687425.0
2015-01-06,46.899818,158924160.0,-18759927.200000003
2015-01-07,47.35955,161824160.0,137342695.0
2015-01-08,47.693685,162574160.0,35770263.75
2015-01-09,47.380183,161924160.0,-30797118.950000003
2015-01-12,47.252552,161724160.0,-9450510.4
2015-01-13,47.400257,161074160.0,-30810167.05
2015-01-14,47.850223,161374160.0,14355066.9
2015-01-15,48.188848,160924160.0,-21684981.6
2015-01-16,48.614792,165024160.0,199320647.20000002
2015-01-20,48.72352,163274160.0,-85266160.0
2015-01-21,49.203041,164174160.0,44282736.9
2015-01-22,48.985102,164074160.0,-4898510.2
2015-01-23,49.149782,167474160.0,167109258.8
2015-01-26,49.129442,168224160.0,36847081.5
2015-01-27,49.2099,168074160.0,-7381485.0
2015-01-28,48.749069,168574160.0,24374534.5
2015-01-29,49.403465,170774160.0,108687623.0
2015-01-30,48.306836,170024160.0,-36230127.0
2015-02-02,48.517117,171974160.0,94608378.14999999
2015-02-03,48.724017,170524160.0,-70649824.65
2015-02-04,48.116498,170924160.0,19246599.2
2015-02-05,48.53615,173574160.0,128620797.5
2015-02-06,46.556667,174174160.0,27934000.2
2015-02-09,46.139278,173524160.0,-29990530.7
2015-02-10,47.108611,174324160.0,37686888.800000004
2015-02-11,46.076293,177324160.0,138228879.0
2015-02-12,45.874157,177924160.0,27524494.2
2015-02-13,45.171306,172174160.0,-259735009.5
2015-02-17,45.12843,173224160.0,47384851.5
2015-02-18,46.190841,171974160.0,-57738551.25
2015-02-19,45.692539,172724160.0,34269404.25
2015-02-20,45.713952,173474160.0,34285464.0
2015-02-23,46.018723,171774160.0,-78231829.10000001
2015-02-24,46.297479,168024160.0,-173615546.25
2015-02-25,45.604395,166574160.0,-66126372.74999999
2015-02-26,45.277352,163324160.0,-147151394.0
2015-02-27,45.233698,161174160.0,-97252450.69999999
2015-03-02,44.35389,160424160.0,-33265417.5
2015-03-03,44.668418,157374160.0,-136238674.9
2015-03-04,44.390951,153674160.0,-164246518.70000002
2015-03-05,44.72807,151324160.0,-105110964.5
2015-03-06,43.41084,146974160.0,-188837154.0
2015-03-09,43.46737,142724160.0,-184736322.5
2015-03-10,43.396328,142374160.0,-15188714.799999999
2015-03-11,43.112111,143674160.0,56045744.3
2015-03-12,43.935517,144924160.0,54919396.25
2015-03-13,43.506435,145874160.0,41331113.25
2015-03-16,44.242138,149974160.0,181392765.79999998
2015-03-17,44.166105,148574160.0,-61832547.0
2015-03-18,45.363491,149074160.0,22681745.5
2015-03-19,44.915066,152474160.0,152711224.4
2015-03-20,44.981031,153024160.0,24739567.05
2015-03-23,45.03199,151874160.0,-51786788.5
2015-03-24,44.502961,147674160.0,-186912436.2
2015-03-25,43.972863,149274160.0,70356580.8
2015-03-26,43.622471,150774160.0,65433706.49999999
2015-03-27,43.876999,150524160.0,-10969249.75
2015-03-30,44.446905,149924160.0,-26668143.0
2015-03-31,44.419655,149774160.0,-6662948.25
2015-04-01,44.469403,147274160.0,-111173507.5
2015-04-02,44.584997,148174160.0,40126497.300000004
2015-04-06,45.149513,146674160.0,-67724269.5
2015-04-07,44.66134,144824160.0,-82623479.0
2015-04-08,44.534277,144824160.0,0.0
2015-04-09,44.320694,145524160.0,31024485.8
2015-04-10,44.667288,145374160.0,-6700093.2
2015-04-13,44.203502,144774160.0,-26522101.2
2015-04-14,44.450443,143424160.0,-60008098.05
2015-04-15,44.534185,144324160.0,40080766.5
2015-04-16,44.264943,147074160.0,121728593.25
2015-04-17,44.111979,146974160.0,-4411197.899999999
2015-04-20,44.7659,145724160.0,-55957375.0
2015-04-21,44.334173,145974160.0,11083543.25
2015-04-22,44.446865,146324160.0,15556402.75
2015-04-23,44.720358,145224160.0,-49192393.8
2015-04-24,45.159844,144424160.0,-36127875.2
2015-04-27,44.602679,144224160.0,-8920535.8
2015-04-28,44.926342,144074160.0,-6738951.3
2015-04-29,44.77996,144424160.0,15672986.0
2015-04-30,44.209015,143774160.0,-28735859.75
2015-05-01,44.462586,141424160.0,-104487077.10000001
2015-05-04,44.789542,140824160.0,-26873725.2
2015-05-05,43.779958,140924160.0,4377995.8
2015-05-06,43.547918,139474160.0,-63144481.1
2015-05-07,43.731484,139074160.0,-17492593.6
2015-05-08,44.065798,141124160.0,90334885.9
2015-05-11,43.762986,142824160.0,74397076.2
2015-05-12,43.649173,141974160.0,-37101797.05
2015-05-13,43.272682,141624160.0,-15145438.700000001
2015-05-14,43.766234,142324160.0,30636363.799999997
2015-05-15,44.315687,143274160.0,42099902.65
2015-05-18,44.489217,142124160.0,-51162599.55
2015-05-19,44.588771,142124160.0,0.0
2015-05-20,44.661633,141424160.0,-31263143.1
2015-05-21,44.639564,143674160.0,100439019.0
2015-05-22,44.559724,144674160.0,44559724.0
2015-05-26,44.256048,143324160.0,-59745664.8
2015-05-27,44.465578,142974160.0,-15562952.3
2015-05-28,44.580451,143974160.0,44580451.0
2015-05-29,44.505185,143724160.0,-11126296.25
2015-06-01,44.569916,143324160.0,-17827966.4
2015-06-02,43.954187,143824160.0,21977093.5
2015-06-03,43.343185,142424160.0,-60680459.0
2015-06-04,43.237477,138724160.0,-159978664.9
2015-06-05,42.70177,139374160.0,27756150.500000004
2015-06-08,42.476766,142074160.0,114687268.19999999
2015-06-09,42.41545,141574160.0,-21207725.0
2015-06-10,42.603745,140324160.0,-53254681.25000001
2015-06-11,42.919386,139674160.0,-27897600.900000002
2015-06-12,42.538148,139424160.0,-10634537.0
2015-06-15,42.450531,138774160.0,-27592845.15
2015-06-16,42.647761,138624160.0,-6397164.15
2015-06-17,43.042163,139674160.0,45194271.150000006
2015-06-18,43.618964,140274160.0,26171378.4
2015-06-19,42.783282,144024160.0,160437307.5
2015-06-22,42.724171,143624160.0,-17089668.4
2015-06-23,42.14125,142824160.0,-33713000.0
2015-06-24,41.809987,138924160.0,-163058949.3
2015-06-25,41.540636,135024160.0,-162008480.4
2015-06-26,41.794628,129074160.0,-248678036.60000002
2015-06-29,41.556457,128474160.0,-24933874.2
2015-06-30,41.464348,133524160.0,209394957.4
2015-07-01,41.702767,133424160.0,-4170276.7
2015-07-02,42.274503,135174160.0,73980380.25
2015-07-06,42.376229,136824160.0,69920777.85000001
2015-07-07,43.424486,140774160.0,171526719.70000002
2015-07-08,43.203457,144424160.0,157692618.05
2015-07-09,42.742052,147424160.0,128226156.0
2015-07-10,42.972565,143824160.0,-154701234.0
2015-07-13,42.984706,142524160.0,-55880117.800000004
2015-07-14,42.938418,142774160.0,10734604.5
2015-07-15,43.143925,140674160.0,-90602242.5
2015-07-16,43.809837,140674160.0,0.0
2015-07-17,43.344886,140174160.0,-21672443.0
2015-07-20,43.147313,139424160.0,-32360484.749999996
2015-07-21,42.732428,140924160.0,64098642.0
2015-07-22,42.937928,140974160.0,2146896.4
2015-07-23,42.309444,139374160.0,-67695110.4
2015-07-24,42.317779,140874160.0,63476668.5
2015-07-27,42.864624,141974160.0,47151086.4
2015-07-28,43.078388,144374160.0,103388131.19999999
2015-07-29,43.224165,142124160.0,-97254371.25
2015-07-30,43.548431,140474160.0,-71854911.15
2015-07-31,43.972879,143274160.0,123124061.2
2015-08-03,44.216018,143524160.0,11054004.5
2015-08-04,43.491265,142524160.0,-43491265.0
2015-08-05,43.632373,140124160.0,-104717695.2
2015-08-06,43.855106,140274160.0,6578265.899999999
2015-08-07,44.399907,143674160.0,150959683.79999998
2015-08-10,44.221425,148124160.0,196785341.25000003
2015-08-11,44.425686,147624160.0,-22212843.0
2015-08-12,45.218259,148574160.0,42957346.050000004
2015-08-13,45.230166,151974160.0,153782564.39999998
2015-08-14,45.573551,156224160.0,193687591.75
2015-08-17,45.798293,157274160.0,48088207.65
2015-08-18,45.671094,156424160.0,-38820429.9
2015-08-19,45.86071,154774160.0,-75670171.5
2015-08-20,45.592007,155174160.0,18236802.8
2015-08-21,45.038978,154424160.0,-33779233.5
2015-08-24,43.376509,153424160.0,-43376509.0
2015-08-25,42.010647,152924160.0,-21005323.5
2015-08-26,42.7707,153924160.0,42770700.0
2015-08-27,43.281489,157074160.0,136336690.35
2015-08-28,43.152753,156824160.0,-10788188.25
2015-08-31,42.464103,155774160.0,-44587308.15
2015-09-01,41.335138,155924160.0,6200270.7
2015-09-02,41.340237,154774160.0,-47541272.550000004
2015-09-03,41.55391,154124160.0,-27010041.5
2015-09-04,40.950396,153024160.0,-45045435.599999994
2015-09-08,41.826481,150474160.0,-106657526.55
2015-09-09,41.301489,149074160.0,-57822084.599999994
2015-09-10,41.235168,144374160.0,-193805289.6
2015-09-11,41.561545,144524160.0,6234231.75
2015-09-14,41.668763,144824160.0,12500628.9
2015-09-15,41.888529,142524160.0,-96343616.7
2015-09-16,42.307881,141674160.0,-35961698.85
2015-09-17,42.871262,142174160.0,21435631.0
2015-09-18,42.205948,141874160.0,-12661784.4
2015-09-21,42.38418,143824160.0,82649151.0
2015-09-22,41.859969,145274160.0,60696955.05
2015-09-23,41.973667,148224160.0,123822317.64999999
2015-09-24,42.312278,149224160.0,42312278.0
2015-09-25,42.737892,150624160.0,59833048.800000004
2015-09-28,42.515711,151824160.0,51018853.2
2015-09-29,42.55154,153224160.0,59572156.00000001
2015-09-30,43.29079,153124160.0,-4329079.0
2015-10-01,42.779847,153374160.0,10694961.75
2015-10-02,43.338594,152274160.0,-47672453.4
2015-10-05,43.918835,154224160.0,85641728.25
2015-10-06,43.599966,152374160.0,-80659937.10000001
2015-10-07,43.467859,152474160.0,4346785.899999999
2015-10-08,43.991245,153724160.0,54989056.25
2015-10-09,43.814639,152174160.0,-67912690.45
2015-10-12,44.20873,151074160.0,-48629603.0
2015-10-13,44.095679,151224160.0,6614351.85
2015-10-14,44.094841,151824160.0,26456904.6
2015-10-15,44.720308,152224160.0,17888123.200000003
2015-10-16,44.818035,152824160.0,26890821.0
2015-10-19,44.815485,152724160.0,-4481548.5
2015-10-20,44.954825,153324160.0,26972895.0
2015-10-21,44.883541,152124160.0,-53860249.2
2015-10-22,45.411523,153524160.0,63576132.2
2015-10-23,44.605457,153674160.0,6690818.55
2015-10-26,44.426092,156674160.0,133278275.99999999
2015-10-27,44.298009,157624160.0,42083108.55
2015-10-28,43.802756,158524160.0,39422480.4
2015-10-29,43.54092,157974160.0,-23947506.0
2015-10-30,43.76339,154674160.0,-144419187.0
2015-11-02,43.823928,154374160.0,-13147178.4
2015-11-03,43.948766,152174160.0,-96687285.2
2015-11-04,44.153936,148924160.0,-143500292.0
2015-11-05,43.799718,148374160.0,-24089844.9
2015-11-06,42.239013,148774160.0,16895605.2
2015-11-09,42.374259,141324160.0,-315688229.55
2015-11-10,42.756606,138324160.0,-128269818.0
2015-11-11,43.133714,136874160.0,-62543885.3
2015-11-12,42.683652,136374160.0,-21341826.0
2015-11-13,42.529031,136624160.0,10632257.75
2015-11-16,43.261642,135974160.0,-28120067.3
2015-11-17,42.470456,136124160.0,6370568.399999999
2015-11-18,42.780313,136324160.0,8556062.6
2015-11-19,43.198427,135574160.0,-32398820.25
2015-11-20,43.390392,133274160.0,-99797901.6
2015-11-23,42.991026,135324160.0,88131603.3
2015-11-24,42.896441,135924160.0,25737864.6
2015-11-25,42.654858,135424160.0,-21327429.0
2015-11-27,42.754506,136024160.0,25652703.599999998
2015-11-30,42.829448,134024160.0,-85658896.0
2015-12-01,43.155871,133424160.0,-25893522.599999998
2015-12-02,42.21883,132724160.0,-29553180.999999996
2015-12-03,41.853756,132824160.0,4185375.5999999996
2015-12-04,42.493505,132474160.0,-14872726.75
2015-12-07,42.652877,131474160.0,-42652877.0
2015-12-08,42.583943,132024160.0,23421168.65
2015-12-09,42.596733,131024160.0,-42596733.0
2015-12-10,41.909781,129674160.0,-56578204.35
2015-12-11,41.7807,135224160.0,231882885.00000003
2015-12-14,41.968662,135774160.0,23082764.1
2015-12-15,42.337889,136624160.0,35987205.65
2015-12-16,43.415745,135424160.0,-52098894.0
2015-12-17,43.469767,135924160.0,21734883.5
2015-12-18,42.479994,136374160.0,19115997.3
2015-12-21,42.50802,137174160.0,34006416.0
2015-12-22,42.841216,136474160.0,-29988851.200000003
2015-12-23,43.51268,136124160.0,-15229438.000000002
2015-12-24,43.474966,134124160.0,-86949932.0
2015-12-28,43.56003,134124160.0,0.0
2015-12-29,43.80904,132724160.0,-61332656.00000001
2015-12-30,43.744208,131824160.0,-39369787.2
2015-12-31,43.286691,132124160.0,12986007.299999999
2016-01-04,43.170667,131974160.0,-6475600.05
2016-01-05,43.508943,133824160.0,80491544.55
2016-01-06,43.425751,133424160.0,-17370300.4
2016-01-07,43.120444,134424160.0,43120444.0
2016-01-08,43.111073,133624160.0,-34488858.4
2016-01-11,43.367958,135024160.0,60715141.2
2016-01-12,43.158401,137074160.0,88474722.05
2016-01-13,43.154128,137524160.0,19419357.6
2016-01-14,43.800294,137974160.0,19710132.3
2016-01-15,43.409087,138774160.0,34727269.6
2016-01-19,44.05283,141024160.0,99118867.5
2016-01-20,43.047413,144324160.0,142056462.9
2016-01-21,43.048341,146274160.0,83944264.95
2016-01-22,43.797511,146724160.0,19708879.95
2016-01-25,43.413423,147474160.0,32560067.25
2016-01-26,43.742217,148624160.0,50303549.55
2016-01-27,43.826183,148474160.0,-6573927.45
2016-01-28,44.541608,149474160.0,44541608.0
2016-01-29,45.408025,150724160.0,56760031.25
2016-02-01,45.877141,153374160.0,121574423.65
2016-02-02,46.049089,153774160.0,18419635.6
2016-02-03,46.613264,156224160.0,114202496.8
2016-02-04,46.424935,158974160.0,127668571.25
2016-02-05,46.564761,153524160.0,-253777947.45
2016-02-08,46.393877,155074160.0,71910509.35000001
2016-02-09,46.573935,154074160.0,-46573935.0
2016-02-10,46.530694,156224160.0,100040992.1
2016-02-11,45.713317,159774160.0,162282275.35000002
2016-02-12,45.574755,163424160.0,166347855.75
2016-02-16,45.847681,167274160.0,176513571.85
2016-02-17,45.756635,166474160.0,-36605308.0
2016-02-18,46.503188,163274160.0,-148810201.6
2016-02-19,46.216627,165724160.0,113230736.15
2016-02-22,46.731163,164774160.0,-44394604.85
2016-02-23,46.770784,166524160.0,81848872.0
2016-02-24,47.015369,169174160.0,124590727.85
2016-02-25,47.473576,169424160.0,11868394.0
2016-02-26,46.187698,169674160.0,11546924.5
2016-02-29,46.290641,164624160.0,-233767737.05
2016-03-01,46.066067,168274160.0,168141144.54999998
2016-03-02,46.306725,169224160.0,43991388.75
2016-03-03,46.576779,167974160.0,-58220973.75
2016-03-04,47.116722,167624160.0,-16490852.700000001
2016-03-07,47.381525,165474160.0,-101870278.75
2016-03-08,47.811623,165774160.0,14343486.899999999
2016-03-09,48.05302,168724160.0,141756409.0
2016-03-10,48.096333,169624160.0,43286699.7
2016-03-11,48.172492,167674160.0,-93936359.39999999
2016-03-14,48.214311,163824160.0,-185625097.35
2016-03-15,48.319476,161974160.0,-89391030.60000001
2016-03-16,48.795149,160224160.0,-85391510.75
2016-03-17,49.315425,162724160.0,123288562.5
2016-03-18,48.638297,165424160.0,131323401.9
2016-03-21,48.57938,166974160.0,75298039.0
2016-03-22,48.421274,165574160.0,-67789783.6
2016-03-23,48.772549,165674160.0,4877254.899999999
2016-03-24,48.926553,165624160.0,-2446327.65
2016-03-28,48.752222,164124160.0,-73128333.0
2016-03-29,49.46453,164424160.0,14839359.000000002
2016-03-30,49.348566,165324160.0,44413709.4
2016-03-31,49.614028,166124160.0,39691222.4
2016-04-01,49.805737,169274160.0,156888071.55
2016-04-04,49.607872,171274160.0,99215744.0
2016-04-05,48.674131,175074160.0,184961697.8
2016-04-06,48.618072,172524160.0,-123976083.6
2016-04-07,48.603588,172224160.0,-14581076.4
2016-04-08,48.825307,174274160.0,100091879.35000001
2016-04-11,48.631247,174024160.0,-12157811.75
2016-04-12,48.982939,173274160.0,-36737204.25
2016-04-13,48.664787,172524160.0,-36498590.25
2016-04-14,48.599833,173024160.0,24299916.5
2016-04-15,48.918212,174074160.0,51364122.599999994
2016-04-18,49.078301,174724160.0,31900895.650000002
2016-04-19,49.140845,174724160.0,0.0
2016-04-20,47.94142,171324160.0,-163000828.0
2016-04-21,46.909239,166824160.0,-211091575.5
2016-04-22,47.340532,165474160.0,-63909718.2
2016-04-25,47.430353,167024160.0,73517047.14999999
2016-04-26,47.504133,167974160.0,45128926.35
2016-04-27,48.177181,166474160.0,-72265771.5
2016-04-28,48.147944,168974160.0,120369860.0
2016-04-29,48.414842,168124160.0,-41152615.7
2016-05-02,48.797334,167224160.0,-43917600.6
2016-05-03,48.78847,167974160.0,36591352.5
2016-05-04,49.343054,168024160.0,2467152.7
2016-05-05,49.159831,165874160.0,-105693636.64999999
2016-05-06,48.840153,163524160.0,-114774359.55
2016-05-09,49.094266,161774160.0,-85914965.5
2016-05-10,49.165981,160224160.0,-76207270.55
2016-05-11,49.323394,158974160.0,-61654242.5
2016-05-12,49.605576,159924160.0,47125297.2
2016-05-13,49.369198,160024160.0,4936919.8
2016-05-16,49.439511,161624160.0,79103217.60000001
2016-05-17,48.619797,162674160.0,51050786.85
2016-05-18,47.730603,162024160.0,-31024891.950000003
2016-05-19,48.173526,162574160.0,26495439.3
2016-05-20,48.280737,161324160.0,-60350921.25
2016-05-23,47.815179,163024160.0,81285804.3
2016-05-24,48.345152,163624160.0,29007091.2
2016-05-25,48.202401,164174160.0,26511320.55
2016-05-26,48.753286,165474160.0,63379271.800000004
2016-05-27,48.868161,168974160.0,171038563.5
2016-05-31,49.141641,169774160.0,39313312.8
2016-06-01,49.329002,168574160.0,-59194802.400000006
2016-06-02,49.29528,168574160.0,0.0
2016-06-03,50.108728,166824160.0,-87690274.0
2016-06-06,50.026652,165724160.0,-55029317.199999996
2016-06-07,49.957438,163724160.0,-99914876.0
2016-06-08,50.28952,162924160.0,-40231616.0
2016-06-09,50.727996,163574160.0,32973197.4
2016-06-10,50.587659,159674160.0,-197291870.1
2016-06-13,50.512812,158774160.0,-45461530.8
2016-06-14,50.790397,157424160.0,-68567035.95
2016-06-15,50.432739,159574160.0,108430388.85
2016-06-16,50.771234,158824160.0,-38078425.5
2016-06-17,50.531459,159674160.0,42951740.15
2016-06-20,50.330686,162824160.0,158541660.9
2016-06-21,50.413832,162974160.0,7562074.8
2016-06-22,50.187026,163824160.0,42658972.1
2016-06-23,50.352722,166574160.0,138469985.5
2016-06-24,50.39855,167124160.0,27719202.5
2016-06-27,51.041933,171374160.0,216928215.25
2016-06-28,51.251967,169624160.0,-89690942.25
2016-06-29,51.394032,171774160.0,110497168.80000001
2016-06-30,52.518474,172324160.0,28885160.7
2016-07-01,52.488592,170424160.0,-99728324.8
2016-07-05,52.86834,169124160.0,-68728842.0
2016-07-06,52.995341,170224160.0,58294875.1
2016-07-07,52.037982,171124160.0,46834183.8
2016-07-08,52.548625,164474160.0,-349448356.25
2016-07-11,52.504583,165774160.0,68255957.89999999
2016-07-12,51.789402,164874160.0,-46610461.800000004
2016-07-13,52.185141,160674160.0,-219177592.20000002
2016-07-14,51.844291,163724160.0,158125087.54999998
2016-07-15,51.997079,160774160.0,-153391383.05
2016-07-18,52.117143,159374160.0,-72964000.2
2016-07-19,52.038177,158824160.0,-28620997.349999998
2016-07-20,51.782435,159774160.0,49193313.25
2016-07-21,52.069383,159824160.0,2603469.15
2016-07-22,52.752671,164724160.0,258488087.9
2016-07-25,52.675618,165724160.0,52675618.0
2016-07-26,52.218573,163824160.0,-99215288.7
2016-07-27,51.618896,162024160.0,-92914012.8
2016-07-28,51.784021,163574160.0,80265232.55
2016-07-29,52.147875,163174160.0,-20859150.0
2016-08-01,52.136584,165374160.0,114700484.8
2016-08-02,51.828812,165424160.0,2591440.6
2016-08-03,51.532396,163974160.0,-74721974.2
2016-08-04,51.481238,163074160.0,-46333114.199999996
2016-08-05,50.770844,162274160.0,-40616675.199999996
2016-08-08,50.734454,156074160.0,-314553614.8
2016-08-09,50.69514,158474160.0,121668336.0
2016-08-10,50.727188,160274160.0,91308938.39999999
2016-08-11,50.853123,161024160.0,38139842.25
2016-08-12,50.903992,162974160.0,99262784.4
2016-08-15,50.13778,166024160.0,152920229.0
2016-08-16,49.540712,163674160.0,-116420673.2
2016-08-17,50.271154,161274160.0,-120650769.60000001
2016-08-18,50.883052,163874160.0,132295935.2
2016-08-19,50.26893,162374160.0,-75403395.0
2016-08-22,50.408357,161674160.0,-35285849.9
2016-08-23,50.165406,157224160.0,-223236056.7
2016-08-24,50.163637,158674160.0,72737273.65
2016-08-25,50.183642,159324160.0,32619367.3
2016-08-26,49.161282,159224160.0,-4916128.2
2016-08-29,49.544563,158124160.0,-54499019.3
2016-08-30,49.037956,162074160.0,193699926.20000002
2016-08-31,49.223222,160774160.0,-63990188.6
2016-09-01,49.019216,159424160.0,-66175941.6
2016-09-02,49.622601,158174160.0,-62028251.25000001
2016-09-06,50.184066,155774160.0,-120441758.4
2016-09-07,50.167745,156624160.0,42642583.25
2016-09-08,50.347127,155224160.0,-70485977.8
2016-09-09,48.470457,152424160.0,-135717279.60000002
2016-09-12,49.303331,150924160.0,-73954996.5
2016-09-13,48.637377,149424160.0,-72956065.5
2016-09-14,48.861099,149174160.0,-12215274.75
2016-09-15,49.224687,150724160.0,76298264.85000001
2016-09-16,49.255935,150924160.0,9851187.0
2016-09-19,49.743651,153974160.0,151718135.55
2016-09-20,49.648654,156874160.0,143981096.6
2016-09-21,50.687525,155424160.0,-73496911.25
2016-09-22,50.973301,157974160.0,129981917.55
2016-09-23,50.90858,156524160.0,-73817441.0
2016-09-26,50.804421,158224160.0,86367515.7
2016-09-27,50.185042,160424160.0,110407092.4
2016-09-28,50.070621,158174160.0,-112658897.25
2016-09-29,49.345524,154824160.0,-165307505.4
2016-09-30,48.995331,154074160.0,-36746498.25
2016-10-03,48.336202,151274160.0,-135341365.6
2016-10-04,47.290968,148624160.0,-125321065.2
2016-10-05,47.175519,151274160.0,125015125.35000001
2016-10-06,47.166976,152874160.0,75467161.6
2016-10-07,47.133871,154174160.0,61274032.3
2016-10-10,47.526559,155024160.0,40397575.15
2016-10-11,46.969681,153924160.0,-51666649.1
2016-10-12,47.431839,152424160.0,-71147758.5
2016-10-13,48.024559,155124160.0,129666309.30000001
2016-10-14,47.761315,157224160.0,100298761.5
2016-10-17,48.022004,153374160.0,-184884715.4
2016-10-18,48.416042,151474160.0,-91990479.8
2016-10-19,48.309487,149224160.0,-108696345.75
2016-10-20,48.277641,148874160.0,-16897174.35
2016-10-21,48.021937,150874160.0,96043874.0
2016-10-24,48.209273,149074160.0,-86776691.4
2016-10-25,48.457942,148724160.0,-16960279.7
2016-10-26,48.564914,153424160.0,228255095.8
2016-10-27,48.316263,154224160.0,38653010.4
2016-10-28,48.455673,145674160.0,-414296004.15
2016-10-31,49.413659,146524160.0,42001610.150000006
2016-11-01,48.544839,151124160.0,223306259.4
2016-11-02,47.929217,149074160.0,-98254894.85000001
2016-11-03,48.104805,153424160.0,209255901.75
2016-11-04,47.934773,150674160.0,-131820625.75
2016-11-07,48.786689,148274160.0,-117088053.60000001
2016-11-08,49.166964,149624160.0,66375401.4
2016-11-09,47.371059,145924160.0,-175272918.3
2016-11-10,46.230787,142724160.0,-147938518.4
2016-11-11,46.052003,140974160.0,-80591005.25
2016-11-14,45.973616,138424160.0,-117232720.8
2016-11-15,46.750476,142574160.0,194014475.4
2016-11-16,46.418243,144274160.0,78911013.1
2016-11-17,46.427197,146524160.0,104461193.25
2016-11-18,46.273256,147474160.0,43959593.2
2016-11-21,46.77499,143924160.0,-166051214.5
2016-11-22,46.931397,143674160.0,-11732849.25
2016-11-23,46.506397,140374160.0,-153471110.1
2016-11-25,47.166912,140124160.0,-11791728.0
2016-11-28,48.093396,140624160.0,24046698.0
2016-11-29,48.245056,140924160.0,14473516.799999999
2016-11-30,46.753967,141724160.0,37403173.6
2016-12-01,46.334839,141774160.0,2316741.95
2016-12-02,46.757989,142124160.0,16365296.15
2016-12-05,46.866007,142974160.0,39836105.95
2016-12-06,46.748304,143674160.0,32723812.799999997
2016-12-07,47.348442,140674160.0,-142045326.0
2016-12-08,47.472052,139824160.0,-40351244.199999996
2016-12-09,47.959122,138024160.0,-86326419.6
2016-12-12,48.446769,140024160.0,96893538.0
2016-12-13,48.948575,141524160.0,73422862.5
2016-12-14,47.96506,141074160.0,-21584277.0
2016-12-15,48.270794,139824160.0,-60338492.5
2016-12-16,48.403509,136274160.0,-171832456.95
2016-12-19,48.58183,139974160.0,179752771.0
2016-12-20,48.63787,143224160.0,158073077.5
2016-12-21,48.456785,142024160.0,-58148142.00000001
2016-12-22,48.633333,142024160.0,0.0
2016-12-23,48.627478,142024160.0,0.0
2016-12-27,48.64206,140524160.0,-72963090.0
2016-12-28,48.199281,140524160.0,0.0
2016-12-29,48.814773,138924160.0,-78103636.8
2016-12-30,48.579515,143974160.0,245326550.75
2017-01-03,48.432054,142024160.0,-94442505.3
2017-01-04,48.595171,136774160.0,-255124647.75
2017-01-05,48.642021,139774160.0,145926063.0
2017-01-06,48.802687,140924160.0,56123090.05
2017-01-09,48.191487,141574160.0,31324466.55
2017-01-10,48.060061,139724160.0,-88911112.85
2017-01-11,48.526219,139774160.0,2426310.9499999997
2017-01-12,48.584938,139724160.0,-2429246.9
2017-01-13,48.504472,137124160.0,-126111627.2
2017-01-17,49.068182,138624160.0,73602273.0
2017-01-18,48.986861,137374160.0,-61233576.25
2017-01-19,48.559648,139174160.0,87407366.4
2017-01-20,48.633271,138424160.0,-36474953.25
2017-01-23,48.396254,136574160.0,-89533069.89999999
2017-01-24,48.395827,134524160.0,-99211445.35
2017-01-25,48.385097,132774160.0,-84673919.75
2017-01-26,48.398878,132324160.0,-21779495.1
2017-01-27,48.397691,129074160.0,-157292495.75
2017-01-30,48.429413,128374160.0,-33900589.099999994
2017-01-31,49.208307,126824160.0,-76272875.85
2017-02-01,48.366522,126824160.0,0.0
2017-02-02,48.828858,129874160.0,148928016.89999998
2017-02-03,48.905435,130774160.0,44014891.5
2017-02-06,48.829571,132874160.0,102542099.10000001
2017-02-07,48.937971,132624160.0,-12234492.75
2017-02-08,49.408124,133974160.0,66700967.4
2017-02-09,48.997059,137574160.0,176389412.4
2017-02-10,49.311485,136774160.0,-39449188.0
2017-02-13,49.550876,137174160.0,19820350.400000002
2017-02-14,49.200266,136624160.0,-27060146.3
2017-02-15,49.059345,130374160.0,-306620906.25
2017-02-16,49.557883,127924160.0,-121416813.35
2017-02-17,49.592348,126024160.0,-94225461.2
2017-02-21,50.124448,125174160.0,-42605780.800000004
2017-02-22,50.325203,125974160.0,40260162.4
2017-02-23,50.849441,128974160.0,152548323.0
2017-02-24,51.586624,132124160.0,162497865.6
2017-02-27,51.289191,133074160.0,48724731.45
2017-02-28,51.780223,135374160.0,119094512.9
2017-03-01,51.309305,132924160.0,-125707797.25
2017-03-02,51.687699,131574160.0,-69778393.65
2017-03-03,51.509344,128724160.0,-146801630.4
2017-03-06,51.414338,129474160.0,38560753.5
2017-03-07,51.417745,130674160.0,61701293.99999999
2017-03-08,50.675248,129574160.0,-55742772.800000004
2017-03-09,50.55543,127424160.0,-108694174.5
2017-03-10,50.967652,126424160.0,-50967652.0
2017-03-13,51.099525,129974160.0,181403313.75
2017-03-14,51.054664,134074160.0,209324122.4
2017-03-15,51.889033,136174160.0,108966969.3
2017-03-16,51.336077,138524160.0,120639780.95
2017-03-17,51.243595,134274160.0,-217785278.75
2017-03-20,50.898659,140624160.0,323206484.65000004
2017-03-21,51.627047,139874160.0,-38720285.25
2017-03-22,51.824336,141174160.0,67371636.8
2017-03-23,51.697721,142974160.0,93055897.8
2017-03-24,51.905569,143374160.0,20762227.6
2017-03-27,51.666651,144374160.0,51666651.0
2017-03-28,51.697034,143274160.0,-56866737.400000006
2017-03-29,51.492429,141624160.0,-84962507.85000001
2017-03-30,51.142294,138274160.0,-171326684.9
2017-03-31,51.293476,136674160.0,-82069561.6
2017-04-03,51.292406,137274160.0,30775443.6
2017-04-04,51.462083,139124160.0,95204853.55
2017-04-05,51.731056,139674160.0,28452080.8
2017-04-06,51.653346,140374160.0,36157342.2
2017-04-07,51.377861,139124160.0,-64222326.25
2017-04-10,51.489153,137524160.0,-82382644.8
2017-04-11,51.477596,138324160.0,41182076.8
2017-04-12,51.855807,139874160.0,80376500.85
2017-04-13,51.666069,140174160.0,15499820.7
2017-04-17,51.922703,140624160.0,23365216.349999998
2017-04-18,52.008595,138424160.0,-114418909.0
2017-04-19,51.664902,144974160.0,338405108.09999996
2017-04-20,51.463094,145274160.0,15438928.2
2017-04-21,51.74012,144374160.0,-46566108.0
2017-04-24,51.989537,143124160.0,-64986921.25
2017-04-25,51.940211,142174160.0,-49343200.449999996
2017-04-26,51.750228,143724160.0,80212853.4
2017-04-27,51.918416,143174160.0,-28555128.8
2017-04-28,51.689372,143174160.0,0.0
2017-05-01,51.353175,143024160.0,-7702976.25
2017-05-02,51.481987,143524160.0,25740993.5
2017-05-03,51.255528,139024160.0,-230649876.0
2017-05-04,51.465778,139074160.0,2573288.9
2017-05-05,51.751935,138024160.0,-54339531.75
2017-05-08,51.742693,138324160.0,15522807.9
2017-05-09,51.30481,137374160.0,-48739569.5
2017-05-10,51.400076,137374160.0,0.0
2017-05-11,51.471647,137274160.0,-5147164.7
2017-05-12,51.74032,136974160.0,-15522096.0
2017-05-15,51.944239,138074160.0,57138662.900000006
2017-05-16,51.530203,138574160.0,25765101.5
2017-05-17,51.703188,136674160.0,-98236057.19999999
2017-05-18,51.899588,135374160.0,-67469464.4
2017-05-19,52.065882,137124160.0,91115293.5
2017-05-22,52.529755,135974160.0,-60409218.25
2017-05-23,52.651766,135574160.0,-21060706.400000002
2017-05-24,53.006019,129474160.0,-323336715.90000004
2017-05-25,53.413352,128924160.0,-29377343.6
2017-05-26,53.39424,136374160.0,397787088.0
2017-05-30,53.569643,133874160.0,-133924107.5
2017-05-31,53.855116,138124160.0,228884243.0
2017-06-01,54.23935,138524160.0,21695740.0
2017-06-02,54.316105,137874160.0,-35305468.25
2017-06-05,54.057393,137874160.0,0.0
2017-06-06,53.963268,137724160.0,-8094490.2
2017-06-07,54.165946,138624160.0,48749351.4
2017-06-08,53.700099,139374160.0,40275074.25
2017-06-09,53.694865,141174160.0,96650757.0
2017-06-12,53.583894,141174160.0,0.0
2017-06-13,53.683221,140224160.0,-50999059.95
2017-06-14,54.000109,140274160.0,2700005.45
2017-06-15,54.312273,139824160.0,-24440522.849999998
2017-06-16,54.135532,138624160.0,-64962638.4
2017-06-19,53.933668,141674160.0,164497687.4
2017-06-20,53.960684,149574160.0,426289403.6
2017-06-21,53.612753,149974160.0,21445101.2
2017-06-22,53.381428,150824160.0,45374213.8
2017-06-23,53.187242,152124160.0,69143414.6
2017-06-26,53.599745,150174160.0,-104519502.75
2017-06-27,52.929852,147774160.0,-127031644.8
2017-06-28,52.462928,140224160.0,-396095106.4
2017-06-29,52.035943,137524160.0,-140497046.1
2017-06-30,51.973113,136524160.0,-51973113.0
2017-07-03,51.692497,133574160.0,-152492866.15
2017-07-05,51.501387,137224160.0,187980062.55
2017-07-06,51.432512,136974160.0,-12858128.0
2017-07-07,51.503962,136974160.0,0.0
2017-07-10,51.42122,138724160.0,89987135.0
2017-07-11,51.404988,137474160.0,-64256235.00000001
2017-07-12,51.838588,139774160.0,119228752.4
2017-07-13,51.657404,139324160.0,-23245831.8
2017-07-14,51.936541,139424160.0,5193654.1
2017-07-17,52.138324,140524160.0,57352156.4
2017-07-18,52.282617,142324160.0,94108710.60000001
2017-07-19,52.528662,143274160.0,49902228.9
2017-07-20,52.875349,142724160.0,-29081441.95
2017-07-21,53.279671,142974160.0,13319917.75
2017-07-24,52.786403,144424160.0,76540284.35
2017-07-25,52.519292,141124160.0,-173313663.6
2017-07-26,52.979158,139724160.0,-74170821.2
2017-07-27,53.10426,140524160.0,42483408.0
2017-07-28,53.035508,141424160.0,47731957.2
2017-07-31,53.233551,141424160.0,0.0
2017-08-01,53.506292,141724160.0,16051887.600000001
2017-08-02,53.756147,140424160.0,-69882991.1
2017-08-03,53.992229,139574160.0,-45893394.65
2017-08-04,53.83434,143424160.0,207262209.0
2017-08-07,53.950101,142524160.0,-48555090.9
2017-08-08,54.162107,142274160.0,-13540526.75
2017-08-09,53.895902,142674160.0,21558360.8
2017-08-10,54.044313,139274160.0,-183750664.20000002
2017-08-11,53.721236,138574160.0,-37604865.199999996
2017-08-14,54.058685,139324160.0,40544013.75
2017-08-15,54.333012,137974160.0,-73349566.19999999
2017-08-16,54.556305,139424160.0,79106642.25
2017-08-17,54.183761,139274160.0,-8127564.149999999
2017-08-18,54.521503,139974160.0,38165052.1
2017-08-21,54.7002,143474160.0,191450700.0
2017-08-22,54.809264,143374160.0,-5480926.399999999
2017-08-23,54.984412,142774160.0,-32990647.2
2017-08-24,54.941205,143224160.0,24723542.25
2017-08-25,55.106803,141724160.0,-82660204.5
2017-08-28,55.231664,141524160.0,-11046332.8
2017-08-29,55.147405,143574160.0,113052180.25
2017-08-30,54.945554,144374160.0,43956443.2
2017-08-31,54.958389,145224160.0,46714630.65
2017-09-01,54.792637,145674160.0,24656686.65
2017-09-05,54.95283,145824160.0,8242924.5
2017-09-06,54.666359,146624160.0,43733087.2
2017-09-07,55.097532,145274160.0,-74381668.2
2017-09-08,55.345686,146474160.0,66414823.2
2017-09-11,55.857727,145774160.0,-39100408.9
2017-09-12,54.893118,144874160.0,-49403806.2
2017-09-13,54.602331,142974160.0,-103744428.9
2017-09-14,55.090328,142774160.0,-11018065.6
2017-09-15,54.740666,143674160.0,49266599.4
2017-09-18,54.218417,138974160.0,-254826559.9
2017-09-19,54.101324,139474160.0,27050662.0
2017-09-20,53.68361,148424160.0,480468309.5
2017-09-21,53.65049,146974160.0,-77793210.5
2017-09-22,53.267363,145074160.0,-101207989.7
2017-09-25,53.714855,148424160.0,179944764.25
2017-09-26,53.631835,146874160.0,-83129344.25
2017-09-27,52.912217,145474160.0,-74077103.8
2017-09-28,53.107196,146274160.0,42485756.800000004
2017-09-29,53.048597,147174160.0,47743737.300000004
2017-10-02,53.165295,146574160.0,-31899177.0
2017-10-03,52.963617,146424160.0,-7944542.55
2017-10-04,53.524647,146774160.0,18733626.45
2017-10-05,53.460532,146874160.0,5346053.2
2017-10-06,53.423374,145674160.0,-64108048.800000004
2017-10-09,53.495956,143574160.0,-112341507.6
2017-10-10,54.018713,140274160.0,-178261752.9
2017-10-11,54.271027,139024160.0,-67838783.75
2017-10-12,54.541337,137024160.0,-109082674.0
2017-10-13,54.124094,140174160.0,170490896.1
2017-10-16,54.024684,141124160.0,51323449.8
2017-10-17,54.34123,142624160.0,81511845.0
2017-10-18,54.261384,140774160.0,-100383560.4
2017-10-19,54.808742,140324160.0,-24663933.900000002
2017-10-20,54.877376,140324160.0,0.0
2017-10-23,54.908265,140924160.0,32944959.0
2017-10-24,54.950154,141224160.0,16485046.2
2017-10-25,54.708763,141274160.0,2735438.15
2017-10-26,54.708774,141374160.0,5470877.399999999
2017-10-27,55.042616,138174160.0,-176136371.20000002
2017-10-30,55.062156,137774160.0,-22024862.400000002
2017-10-31,55.10074,138074160.0,16530222.0
2017-11-01,54.790707,138024160.0,-2739535.35
2017-11-02,55.021096,139124160.0,60523205.6
2017-11-03,55.223232,139124160.0,0.0
2017-11-06,55.002751,139574160.0,24751237.950000003
2017-11-07,55.677048,138974160.0,-33406228.8
2017-11-08,55.674348,141174160.0,122483565.60000001
2017-11-09,55.760762,139074160.0,-117097600.2
2017-11-10,55.518541,140074160.0,55518541.0
2017-11-13,56.17252,141224160.0,64598398.0
2017-11-14,56.883239,140924160.0,-17064971.7
2017-11-15,56.35424,143074160.0,121161616.0
2017-11-16,56.177307,144624160.0,87074825.85
2017-11-17,55.807666,145024160.0,22323066.4
2017-11-20,55.631192,144824160.0,-11126238.4
2017-11-21,55.764623,149324160.0,250940803.5
2017-11-22,55.784724,145424160.0,-217560423.6
2017-11-24,55.87006,146174160.0,41902545.0
2017-11-27,56.127141,145874160.0,-16838142.3
2017-11-28,56.366995,145674160.0,-11273399.0
2017-11-29,56.400793,141974160.0,-208682934.1
2017-11-30,56.607415,141974160.0,0.0
2017-12-01,56.407735,140674160.0,-73330055.5
2017-12-04,56.081008,139724160.0,-53276957.599999994
2017-12-05,55.386598,140574160.0,47078608.3
2017-12-06,55.596482,141274160.0,38917537.4
2017-12-07,55.690528,139824160.0,-80751265.6
2017-12-08,55.868762,139824160.0,0.0
2017-12-11,56.21657,138424160.0,-78703198.0
2017-12-12,55.245531,136824160.0,-88392849.6
2017-12-13,55.391802,132724160.0,-227106388.2
2017-12-14,55.31093,139374160.0,367817684.5
2017-12-15,55.029619,142524160.0,173343299.85
2017-12-18,54.396036,141374160.0,-62555441.400000006
2017-12-19,53.418985,141374160.0,0.0
2017-12-20,53.001945,139174160.0,-116604279.0
2017-12-21,52.370121,134174160.0,-261850605.0
2017-12-22,52.44713,140774160.0,346151058.0
2017-12-26,52.142036,141874160.0,57356239.599999994
2017-12-27,52.367118,141674160.0,-10473423.6
2017-12-28,52.648931,142574160.0,47384037.9
2017-12-29,52.647326,142324160.0,-13161831.5
2018-01-02,52.189734,138574160.0,-195711502.5
2018-01-03,51.791003,136474160.0,-108761106.30000001
2018-01-04,51.341414,136424160.0,-2567070.7
2018-01-05,51.334705,137374160.0,48767969.75
2018-01-08,51.820293,135074160.0,-119186673.9
2018-01-09,51.304497,140974160.0,302696532.3
2018-01-10,50.728995,142574160.0,81166392.0
2018-01-11,50.55135,145624160.0,154181617.5
2018-01-12,50.271078,144374160.0,-62838847.5
2018-01-16,50.141564,145074160.0,35099094.800000004
2018-01-17,50.464478,143424160.0,-83266388.7
2018-01-18,50.153385,141074160.0,-117860454.75
2018-01-19,50.00717,140924160.0,-7501075.5
2018-01-22,50.061721,137674160.0,-162700593.25
2018-01-23,50.537727,146024160.0,421990020.45
2018-01-24,50.242207,150924160.0,246186814.3
2018-01-25,51.005252,152324160.0,71407352.8
2018-01-26,51.036546,154324160.0,102073092.0
2018-01-29,50.387552,151724160.0,-131007635.2
2018-01-30,50.476427,149924160.0,-90857568.60000001
2018-01-31,51.044861,147574160.0,-119955423.35
2018-02-01,50.241213,144874160.0,-135651275.1
2018-02-02,49.880688,145024160.0,7482103.2
2018-02-05,49.034209,144174160.0,-41679077.65
2018-02-06,48.315168,144924160.0,36236376.0
2018-02-07,48.089189,150174160.0,252468242.25
2018-02-08,47.522566,150374160.0,9504513.2
2018-02-09,48.556803,149974160.0,-19422721.2
2018-02-12,48.941036,152424160.0,119905538.19999999
2018-02-13,49.152457,149174160.0,-159745485.25
2018-02-14,48.609587,144374160.0,-233326017.6
2018-02-15,49.693443,142174160.0,-109325574.60000001
2018-02-16,50.111152,142174160.0,0.0
2018-02-20,49.483963,141624160.0,-27216179.650000002
2018-02-21,48.832402,141624160.0,0.0
2018-02-22,49.056215,139174160.0,-120187726.75
2018-02-23,50.357369,136874160.0,-115821948.7
2018-02-26,50.226875,139574160.0,135612562.5
2018-02-27,49.3881,138174160.0,-69143340.0
2018-02-28,49.076039,137674160.0,-24538019.5
2018-03-01,49.086685,136974160.0,-34360679.5
2018-03-02,48.968361,136274160.0,-34277852.7
2018-03-05,49.927324,135474160.0,-39941859.199999996
2018-03-06,49.255999,135774160.0,14776799.700000001
2018-03-07,48.917302,137874160.0,102726334.2
2018-03-08,49.273614,136524160.0,-66519378.900000006
2018-03-09,49.403349,135324160.0,-59284018.8
2018-03-12,49.609974,133074160.0,-111622441.5
2018-03-13,49.722041,135924160.0,141707816.85
2018-03-14,50.214074,128424160.0,-376605555.0
2018-03-15,50.189996,133574160.0,258478479.4
2018-03-16,50.310577,137374160.0,191180192.6
2018-03-19,49.935915,134324160.0,-152304540.75
2018-03-20,49.706038,134174160.0,-7455905.7
2018-03-21,49.50925,136574160.0,118822200.0
2018-03-22,49.742901,143024160.0,320841711.45000005
2018-03-23,49.054713,145474160.0,120184046.85
2018-03-26,49.565038,146174160.0,34695526.6
2018-03-27,50.286288,145324160.0,-42743344.8
2018-03-28,50.257219,141524160.0,-190977432.2
2018-03-29,50.516109,141174160.0,-17680638.15
2018-04-02,50.137548,140524160.0,-32589406.200000003
2018-04-03,50.310247,139224160.0,-65403321.099999994
2018-04-04,50.415224,137224160.0,-100830448.0
2018-04-05,50.813476,138124160.0,45732128.4
2018-04-06,50.452137,138024160.0,-5045213.7
2018-04-09,50.510557,139424160.0,70714779.8
2018-04-10,50.147463,138474160.0,-47640089.85
2018-04-11,50.071666,138224160.0,-12517916.5
2018-04-12,49.434342,139774160.0,76623230.1
2018-04-13,49.773361,138074160.0,-84614713.7
2018-04-16,50.457921,136474160.0,-80732673.6
2018-04-17,50.982643,135874160.0,-30589585.8
2018-04-18,50.785232,134274160.0,-81256371.2
2018-04-19,50.742552,134224160.0,-2537127.6
2018-04-20,50.292845,131674160.0,-128246754.75
2018-04-23,50.340506,130774160.0,-45306455.4
2018-04-24,50.664154,130774160.0,0.0
2018-04-25,50.679435,130024160.0,-38009576.25
2018-04-26,51.199707,134024160.0,204798828.0
2018-04-27,51.700513,135824160.0,93060923.4
2018-04-30,51.567681,139274160.0,177908499.45
2018-05-01,51.424005,140824160.0,79707207.75
2018-05-02,51.35556,143174160.0,120685566.0
2018-05-03,51.307802,144624160.0,74396312.9
2018-05-04,51.519016,145574160.0,48943065.2
2018-05-07,51.243831,143474160.0,-107612045.1
2018-05-08,49.961855,142874160.0,-29977113.0
2018-05-09,49.627407,143274160.0,19850962.8
2018-05-10,50.293,137224160.0,-304272650.0
2018-05-11,50.409035,139824160.0,131063491.00000001
2018-05-14,50.215471,139724160.0,-5021547.1
2018-05-15,49.793502,139824160.0,4979350.199999999
2018-05-16,49.376189,139774160.0,-2468809.4499999997
2018-05-17,48.98332,138324160.0,-71025814.0
2018-05-18,48.964135,139974160.0,80790822.75
2018-05-21,49.249821,139624160.0,-17237437.349999998
2018-05-22,49.44133,139474160.0,-7416199.5
2018-05-23,49.896417,140174160.0,34927491.9
2018-05-24,50.269032,140574160.0,20107612.8
2018-05-25,50.476669,138774160.0,-90858004.2
2018-05-29,50.498752,138574160.0,-10099750.4
2018-05-30,50.882849,141824160.0,165369259.25
2018-05-31,50.981413,143174160.0,68824907.55000001
2018-06-01,50.19985,142574160.0,-30119910.0
2018-06-04,49.819084,141524160.0,-52310038.199999996
2018-06-05,49.501933,142174160.0,32176256.45
2018-06-06,48.457772,140674160.0,-72686658.0
2018-06-07,48.705029,138524160.0,-104715812.35000001
2018-06-08,48.69848,136574160.0,-94962036.0
2018-06-11,48.537459,137574160.0,48537459.0
2018-06-12,49.165278,137474160.0,-4916527.8
2018-06-13,49.033244,139224160.0,85808177.0
2018-06-14,49.616141,138574160.0,-32250491.65
2018-06-15,49.524781,134224160.0,-215432797.35
2018-06-18,49.697347,136424160.0,109334163.4
2018-06-19,50.222145,139174160.0,138110898.75
2018-06-20,50.221942,145274160.0,306353846.2
2018-06-21,50.38805,144674160.0,-30232830.0
2018-06-22,50.756064,143974160.0,-35529244.800000004
2018-06-25,51.590582,140824160.0,-162510333.29999998
2018-06-26,51.585079,142524160.0,87694634.3
2018-06-27,51.885399,143324160.0,41508319.2
2018-06-28,51.876563,146174160.0,147848204.54999998
2018-06-29,51.925622,148274160.0,109043806.19999999
2018-07-02,52.335641,147074160.0,-62802769.2
2018-07-03,52.466158,150924160.0,201994708.3
2018-07-05,52.797025,151724160.0,42237620.0
2018-07-06,53.183851,154724160.0,159551553.0
2018-07-09,51.52756,153974160.0,-38645670.0
2018-07-10,52.028148,147574160.0,-332980147.2
2018-07-11,52.478925,145124160.0,-128573366.24999999
2018-07-12,52.523554,148474160.0,175953905.89999998
2018-07-13,52.55569,149424160.0,49927905.5
2018-07-16,52.475136,143424160.0,-314850816.0
2018-07-17,52.442258,144924160.0,78663387.0
2018-07-18,52.179501,144074160.0,-44352575.85
2018-07-19,52.667046,143474160.0,-31600227.599999998
2018-07-20,52.269134,143974160.0,26134567.0
2018-07-23,51.9346,146224160.0,116852850.0
2018-07-24,52.109807,146424160.0,10421961.4
2018-07-25,52.248386,144874160.0,-80984998.30000001
2018-07-26,52.843444,143874160.0,-52843444.0
2018-07-27,52.626308,145874160.0,105252616.0
2018-07-30,52.324032,146374160.0,26162016.0
2018-07-31,52.885614,148674160.0,121636912.19999999
2018-08-01,52.446475,145174160.0,-183562662.5
2018-08-02,52.737052,144724160.0,-23731673.4
2018-08-03,53.279051,141824160.0,-154509247.9
2018-08-06,53.358877,145874160.0,216103451.85
2018-08-07,53.243261,144624160.0,-66554076.24999999
2018-08-08,52.969758,147374160.0,145666834.5
2018-08-09,53.213164,147424160.0,2660658.1999999997
2018-08-10,52.997884,147424160.0,0.0
2018-08-13,53.059327,147074160.0,-18570764.450000003
2018-08-14,53.188875,139174160.0,-420192112.5
2018-08-15,53.602122,139324160.0,8040318.3
2018-08-16,54.248111,142524160.0,173593955.20000002
2018-08-17,54.500661,142124160.0,-21800264.4
2018-08-20,54.313414,142374160.0,13578353.5
2018-08-21,53.924246,141224160.0,-62012882.9
2018-08-22,53.509523,140674160.0,-29430237.650000002
2018-08-23,53.50218,143124160.0,131080341.0
2018-08-24,53.733088,145974160.0,153139300.8
2018-08-27,53.392238,146424160.0,24026507.099999998
2018-08-28,53.289512,146974160.0,29309231.6
2018-08-29,53.640731,143874160.0,-166286266.1
2018-08-30,53.710776,143624160.0,-13427694.0
2018-08-31,53.47168,143074160.0,-29409424.0
2018-09-04,53.76121,140624160.0,-131714964.5
2018-09-05,54.440536,139074160.0,-84382830.8
2018-09-06,54.708864,141424160.0,128565830.39999999
2018-09-07,54.079005,143024160.0,86526408.0
2018-09-10,54.391091,143174160.0,8158663.65
2018-09-11,54.211897,145774160.0,140950932.2
2018-09-12,54.165343,139774160.0,-324992058.0
2018-09-13,54.593648,141374160.0,87349836.8
2018-09-14,54.313524,145124160.0,203675715.0
2018-09-17,54.478072,141824160.0,-179777637.6
2018-09-18,54.363261,141624160.0,-10872652.200000001
2018-09-19,53.216863,140024160.0,-85146980.8
2018-09-20,53.311534,141724160.0,90629607.8
2018-09-21,53.043007,139774160.0,-103433863.65
2018-09-24,52.574671,136674160.0,-162981480.1
2018-09-25,51.932465,142174160.0,285628557.5
2018-09-26,51.393129,141574160.0,-30835877.400000002
2018-09-27,51.898959,138274160.0,-171266564.7
2018-09-28,52.678295,145274160.0,368748065.0
2018-10-01,52.519934,145074160.0,-10503986.8
2018-10-02,53.192863,144524160.0,-29256074.650000002
2018-10-03,52.541671,145624160.0,57795838.1
2018-10-04,52.828071,140724160.0,-258857547.9
2018-10-05,53.653058,139124160.0,-85844892.8
2018-10-08,54.065345,134774160.0,-235184250.75
2018-10-09,54.292215,131824160.0,-160162034.25
2018-10-10,54.004553,129174160.0,-143112065.45000002
2018-10-11,52.941817,132924160.0,198531813.75
2018-10-12,52.975501,138374160.0,288716480.45
2018-10-15,53.161603,137624160.0,-39871202.25
2018-10-16,53.778089,137224160.0,-21511235.6
2018-10-17,53.695461,139574160.0,126184333.35000001
2018-10-18,53.739957,138624160.0,-51052959.15
2018-10-19,54.584284,137974160.0,-35479784.6
2018-10-22,54.211908,139574160.0,86739052.8
2018-10-23,53.932989,141474160.0,102472679.1
2018-10-24,55.168425,140874160.0,-33101055.0
2018-10-25,54.34517,140974160.0,5434517.0
2018-10-26,53.422079,143024160.0,109515261.94999999
2018-10-29,54.141741,145674160.0,143475613.65
2018-10-30,54.309515,146274160.0,32585709.0
2018-10-31,53.699837,146024160.0,-13424959.25
2018-11-01,53.424889,144224160.0,-96164800.2
2018-11-02,53.150758,140774160.0,-183370115.10000002
2018-11-05,53.890367,141574160.0,43112293.6
2018-11-06,54.313834,138974160.0,-141215968.4
2018-11-07,54.911546,140074160.0,60402700.6
2018-11-08,54.797428,142174160.0,115074598.8
2018-11-09,54.847889,138474160.0,-202937189.3
2018-11-12,54.829893,140774160.0,126108753.89999999
2018-11-13,55.048407,146324160.0,305518658.84999996
2018-11-14,54.464265,152674160.0,345848082.75
2018-11-15,54.096959,151924160.0,-40572719.25
2018-11-16,54.844738,162674160.0,589580933.5
2018-11-19,55.125726,156224160.0,-355560932.7
2018-11-20,54.848921,155124160.0,-60333813.099999994
2018-11-21,54.043938,150524160.0,-248602114.79999998
2018-11-23,54.110116,152924160.0,129864278.39999999
2018-11-26,54.39864,153074160.0,8159796.0
2018-11-27,54.870298,151574160.0,-82305447.0
2018-11-28,54.81394,155224160.0,200070881.0
2018-11-29,54.773285,149824160.0,-295775739.0
2018-11-30,55.608122,147024160.0,-155702741.6
2018-12-03,56.094439,146174160.0,-47680273.15
2018-12-04,56.177546,146624160.0,25279895.7
2018-12-06,56.178694,155024160.0,471901029.6
2018-12-07,56.424692,149524160.0,-310335806.0
2018-12-10,56.593791,147324160.0,-124506340.2
2018-12-11,56.771986,148874160.0,87996578.3
2018-12-12,56.444379,143924160.0,-279399676.05
2018-12-13,56.939232,149224160.0,301777929.59999996
2018-12-14,56.80441,154224160.0,284022050.0
2018-12-17,54.971421,154774160.0,30234281.55
2018-12-18,54.620579,152924160.0,-101048071.15
2018-12-19,54.501489,156124160.0,174404764.8
2018-12-20,54.65021,158724160.0,142090546.0
2018-12-21,53.806879,158624160.0,-5380687.9
2018-12-24,51.513806,155974160.0,-136511585.9
2018-12-26,52.318994,156074160.0,5231899.4
2018-12-27,52.789639,158474160.0,126695133.60000001
2018-12-28,52.818488,159874160.0,73945883.2
2018-12-31,52.920951,162174160.0,121718187.30000001
2019-01-02,51.986089,158424160.0,-194947833.75
2019-01-03,52.028205,155324160.0,-161287435.5
2019-01-04,52.796882,153974160.0,-71275790.69999999
2019-01-07,52.421991,153624160.0,-18347696.849999998
2019-01-08,53.07999,152774160.0,-45117991.5
2019-01-09,52.734597,153274160.0,26367298.5
2019-01-10,53.474247,152524160.0,-40105685.25
2019-01-11,53.240059,155274160.0,146410162.25
2019-01-14,52.054414,160374160.0,265477511.4
2019-01-15,52.712639,159224160.0,-60619534.85
2019-01-16,52.855841,163674160.0,235208492.45
2019-01-17,53.080189,166474160.0,148624529.2
2019-01-18,53.142907,167674160.0,63771488.4
2019-01-22,53.219466,163574160.0,-218199810.6
2019-01-23,53.793039,165524160.0,104896426.05
2019-01-24,54.051619,159424160.0,-329714875.90000004
2019-01-25,53.335642,160874160.0,77336680.9
2019-01-28,53.090077,158324160.0,-135379696.35
2019-01-29,53.240759,157474160.0,-45254645.15
2019-01-30,53.593055,154474160.0,-160779165.0
2019-01-31,54.726549,153774160.0,-38308584.3
2019-02-01,54.561574,155974160.0,120035462.8
2019-02-04,54.675521,156524160.0,30071536.55
2019-02-05,54.741078,155874160.0,-35581700.7
2019-02-06,54.706049,153324160.0,-139500424.95
2019-02-07,55.424964,154974160.0,91451190.60000001
2019-02-08,55.701405,156124160.0,64056615.75
2019-02-11,55.655301,156074160.0,-2782765.0500000003
2019-02-12,55.768749,156924160.0,47403436.65
2019-02-13,55.624949,156924160.0,0.0
2019-02-14,55.50081,157024160.0,5550081.0
2019-02-15,55.70257,158924160.0,105834883.0
2019-02-19,56.027595,168374160.0,529460772.75
2019-02-20,56.286427,162924160.0,-306761027.15000004
2019-02-21,56.706296,158474160.0,-252343017.20000002
2019-02-22,57.051451,157724160.0,-42788588.25
2019-02-25,56.685933,155524160.0,-124709052.6
2019-02-26,56.599931,156974160.0,82069899.95
2019-02-27,56.709037,156624160.0,-19848162.95
2019-02-28,56.990232,159324160.0,153873626.4
2019-03-01,57.106198,159424160.0,5710619.8
2019-03-04,57.237501,153574160.0,-334839380.85
2019-03-05,57.14202,150824160.0,-157140555.0
2019-03-06,57.160761,151824160.0,57160761.0
2019-03-07,57.347672,160774160.0,513261664.40000004
2019-03-08,57.553783,158224160.0,-146762146.65
2019-03-11,57.971189,162924160.0,272464588.3
2019-03-12,58.334903,163124160.0,11666980.6
2019-03-13,58.418946,159174160.0,-230754836.7
2019-03-14,58.356432,161674160.0,145891080.0
2019-03-15,58.208189,162124160.0,26193685.049999997
2019-03-18,57.971483,162974160.0,49275760.55
2019-03-19,57.290983,166824160.0,220570284.54999998
2019-03-20,57.452503,162974160.0,-221192136.55
2019-03-21,58.075339,161924160.0,-60979105.95
2019-03-22,58.474881,160874160.0,-61398625.050000004
2019-03-25,58.542577,161274160.0,23417030.8
2019-03-26,58.951129,161524160.0,14737782.25
2019-03-27,58.557,161874160.0,20494950.0
2019-03-28,57.84386,163324160.0,83873597.0
2019-03-29,58.191339,161324160.0,-116382678.0
2019-04-01,57.778901,160874160.0,-26000505.45
2019-04-02,57.84042,161124160.0,14460105.0
2019-04-03,57.752414,161274160.0,8662862.1
2019-04-04,57.526313,164124160.0,163949992.05
2019-04-05,58.101815,164624160.0,29050907.5
2019-04-08,57.680681,164774160.0,8652102.15
2019-04-09,57.831545,164774160.0,0.0
2019-04-10,57.613708,163874160.0,-51852337.2
2019-04-11,57.930596,163624160.0,-14482649.0
2019-04-12,58.217353,161274160.0,-136810779.55
2019-04-15,58.219097,158474160.0,-163013471.6
2019-04-16,57.413424,152474160.0,-344480544.0
2019-04-17,57.292797,148524160.0,-226306548.15
2019-04-18,57.301289,151374160.0,163308673.65
2019-04-22,57.235055,153474160.0,120193615.5
2019-04-23,57.448181,157224160.0,215430678.75
2019-04-24,57.760553,158824160.0,92416884.8
2019-04-25,58.009814,158974160.0,8701472.1
2019-04-26,58.102373,156374160.0,-151066169.8
2019-04-29,57.744885,155724160.0,-37534175.25
2019-04-30,58.723275,156124160.0,23489310.0
2019-05-01,58.099017,156024160.0,-5809901.7
2019-05-02,57.944251,156174160.0,8691637.65
2019-05-03,58.317442,156924160.0,43738081.5
2019-05-06,57.958089,164874160.0,460766807.55
2019-05-07,57.77718,157774160.0,-410217978.0
2019-05-08,56.996481,163774160.0,341978886.0
2019-05-09,56.969091,165524160.0,99695909.25
2019-05-10,57.957774,162224160.0,-191260654.2
2019-05-13,58.611309,161274160.0,-55680743.55
2019-05-14,58.148282,167524160.0,363426762.5
2019-05-15,58.080814,169624160.0,121969709.39999999
2019-05-16,58.466481,169324160.0,-17539944.3
2019-05-17,58.794174,166124160.0,-188141356.79999998
2019-05-20,58.893071,162874160.0,-191402480.75
2019-05-21,58.92811,159324160.0,-209194790.5
2019-05-22,59.41728,159224160.0,-5941728.0
2019-05-23,59.900829,157174160.0,-122796699.45
2019-05-24,59.781058,156674160.0,-29890529.0
2019-05-28,58.821118,155974160.0,-41174782.6
2019-05-29,58.047012,158074160.0,121898725.2
2019-05-30,57.966939,158324160.0,14491734.75
2019-05-31,58.266714,158324160.0,0.0
2019-06-03,58.865293,157374160.0,-55922028.35
2019-06-04,58.88969,153624160.0,-220836337.5
2019-06-05,60.141891,153224160.0,-24056756.400000002
2019-06-06,60.475764,163624160.0,628947945.6
2019-06-07,60.034074,166124160.0,150085185.0
2019-06-10,59.676457,161574160.0,-271527879.35
2019-06-11,59.274464,161974160.0,23709785.6
2019-06-12,60.060772,161424160.0,-33033424.6
2019-06-13,60.167405,162724160.0,78217626.5
2019-06-14,60.774064,167874160.0,312986429.6
2019-06-17,60.570941,163724160.0,-251369405.14999998
2019-06-18,60.382044,163874160.0,9057306.6
2019-06-19,60.867836,162674160.0,-73041403.2
2019-06-20,61.195938,163274160.0,36717562.8
2019-06-21,60.994543,160424160.0,-173834447.55
2019-06-24,61.003896,159924160.0,-30501948.0
2019-06-25,60.624473,160974160.0,63655696.65
2019-06-26,59.323259,164474160.0,207631406.5
2019-06-27,59.396163,167674160.0,190067721.6
2019-06-28,59.704779,168874160.0,71645734.8
2019-07-01,59.518378,168924160.0,2975918.9
2019-07-02,60.254206,167674160.0,-75317757.5
2019-07-03,60.78164,167174160.0,-30390820.0
2019-07-05,60.694173,166874160.0,-18208251.9
2019-07-08,60.762664,166774160.0,-6076266.4
2019-07-09,60.799027,165574160.0,-72958832.4
2019-07-10,60.991633,166224160.0,39644561.45
2019-07-11,61.012401,167774160.0,94569221.55
2019-07-12,60.624112,164624160.0,-190965952.79999998
2019-07-15,60.847762,164374160.0,-15211940.5
2019-07-16,60.501268,165324160.0,57476204.6
2019-07-17,60.763041,164674160.0,-39495976.65
2019-07-18,61.242862,164574160.0,-6124286.2
2019-07-19,60.356239,163824160.0,-45267179.25
2019-07-22,60.246145,164874160.0,63258452.25
2019-07-23,59.878324,166424160.0,92811402.2
2019-07-24,59.920603,167324160.0,53928542.7
2019-07-25,59.742757,169374160.0,122472651.85
2019-07-26,59.987235,169974160.0,35992341.0
2019-07-29,60.281459,168324160.0,-99464407.35
2019-07-30,59.834005,168474160.0,8975100.75
2019-07-31,59.533304,179524160.0,657843009.2
2019-08-01,60.140154,167674160.0,-712660824.9
2019-08-02,60.171242,168024160.0,21059934.7
2019-08-05,59.262385,170074160.0,121487889.25
2019-08-06,60.046937,181674160.0,696544469.2
2019-08-07,60.187935,169124160.0,-755358584.25
2019-08-08,60.833282,172124160.0,182499846.0
2019-08-09,60.854852,171824160.0,-18256455.6
2019-08-12,60.746474,171274160.0,-33410560.7
2019-08-13,60.803908,182174160.0,662762597.2
2019-08-14,60.271681,179824160.0,-141638450.35
2019-08-15,61.078371,172874160.0,-424494678.45
2019-08-16,61.341048,175224160.0,144151462.8
2019-08-19,61.760661,167374160.0,-484821188.84999996
2019-08-20,61.650471,167374160.0,0.0
2019-08-21,62.064241,170524160.0,195502359.15
2019-08-22,62.104081,173524160.0,186312243.0
2019-08-23,61.459352,175174160.0,101407930.8
2019-08-26,62.181909,177124160.0,121254722.55
2019-08-27,62.265886,176574160.0,-34246237.300000004
2019-08-28,62.149178,176574160.0,0.0
2019-08-29,62.555683,175324160.0,-78194603.75
2019-08-30,62.582865,176274160.0,59453721.75
2019-09-03,63.673654,177424160.0,73224702.1
2019-09-04,63.766743,177524160.0,6376674.3
2019-09-05,63.066837,179374160.0,116673648.45
2019-09-06,62.873662,175324160.0,-254638331.10000002
2019-09-09,62.508834,175374160.0,3125441.7
2019-09-10,62.576715,175124160.0,-15644178.75
2019-09-11,63.183695,175374160.0,15795923.75
2019-09-12,63.282636,176974160.0,101252217.6
2019-09-13,62.93649,180274160.0,207690417.0
2019-09-16,62.986959,171624160.0,-544837195.35
2019-09-17,63.544212,171174160.0,-28594895.400000002
2019-09-18,63.841811,170674160.0,-31920905.5
2019-09-19,64.102203,174924160.0,272434362.75
2019-09-20,63.845155,174274160.0,-41499350.75
2019-09-23,63.927792,172624160.0,-105480856.8
2019-09-24,64.602718,173424160.0,51682174.4
2019-09-25,64.583875,176424160.0,193751625.00000003
2019-09-26,64.893899,174524160.0,-123298408.10000001
2019-09-27,64.688374,175824160.0,84094886.19999999
2019-09-30,64.727315,176174160.0,22654560.25
2019-10-01,64.52942,174524160.0,-106473543.0
2019-10-02,63.695983,176024160.0,95543974.5
2019-10-03,63.867826,180724160.0,300178782.2
2019-10-04,64.837166,184624160.0,252864947.39999998
2019-10-07,64.54877,175974160.0,-558346860.5
2019-10-08,63.896396,174324160.0,-105429053.4
2019-10-09,64.220579,172524160.0,-115597042.2
2019-10-10,64.143991,174124160.0,102630385.6
2019-10-11,63.922812,176724160.0,166199311.2
2019-10-14,63.493158,176274160.0,-28571921.1
2019-10-15,63.305083,177024160.0,47478812.25
2019-10-16,63.452998,178274160.0,79316247.5
2019-10-17,63.597447,179324160.0,66777319.35
2019-10-18,63.827765,178274160.0,-67019153.25
2019-10-21,64.06229,179524160.0,80077862.5
2019-10-22,64.346576,178374160.0,-73998562.4
2019-10-23,64.582472,175474160.0,-187289168.79999998
2019-10-24,64.835914,172524160.0,-191265946.3
2019-10-25,64.131747,172424160.0,-6413174.7
2019-10-28,63.293088,175224160.0,177220646.4
2019-10-29,63.361408,174824160.0,-25344563.2
2019-10-30,63.92081,179924160.0,325996131.0
2019-10-31,64.227818,174924160.0,-321139090.0
2019-11-01,64.101156,173774160.0,-73716329.4
2019-11-04,63.280722,171374160.0,-151873732.79999998
2019-11-05,62.633437,172524160.0,72028452.55
2019-11-06,62.824734,183674160.0,700495784.1
2019-11-07,62.006678,179724160.0,-244926378.1
2019-11-08,61.778339,176974160.0,-169890432.25
2019-11-11,61.361083,177674160.0,42952758.1
2019-11-12,61.528894,184474160.0,418396479.2
2019-11-13,62.441494,177574160.0,-430846308.59999996
2019-11-14,62.658339,186724160.0,573323801.85
2019-11-15,62.871712,176674160.0,-631860705.6
2019-11-18,62.9791,174774160.0,-119660290.0
2019-11-19,62.818745,173724160.0,-65959682.25
2019-11-20,63.22117,180674160.0,439387131.5
2019-11-21,62.988432,171074160.0,-604688947.2
2019-11-22,63.008296,173774160.0,170122399.20000002
2019-11-25,62.777354,173724160.0,-3138867.7
2019-11-26,63.025022,175124160.0,88235030.8
2019-11-27,63.128215,175824160.0,44189750.5
2019-11-29,63.038442,173024160.0,-176507637.60000002
2019-12-02,62.554271,172624160.0,-25021708.4
2019-12-03,62.865766,172924160.0,18859729.8
2019-12-04,63.316404,172874160.0,-3165820.1999999997
2019-12-05,63.382897,174524160.0,104581780.05
2019-12-06,63.242136,172324160.0,-139132699.20000002
2019-12-09,62.973922,181974160.0,607698347.3000001
2019-12-10,62.956555,178824160.0,-198313148.25
2019-12-11,63.163383,174024160.0,-303184238.40000004
2019-12-12,62.856567,174024160.0,0.0
2019-12-13,63.393388,180224160.0,393039005.6
2019-12-16,64.208955,174924160.0,-340307461.5
2019-12-17,64.359933,170524160.0,-283183705.2
2019-12-18,64.638932,172724160.0,142205650.4
2019-12-19,64.615535,170374160.0,-151846507.25
2019-12-20,64.616253,171874160.0,96924379.5
2019-12-23,63.979706,170524160.0,-86372603.1
2019-12-24,64.06206,175874160.0,342732021.0
2019-12-26,64.17711,174274160.0,-102683376.0
2019-12-27,64.365249,177774160.0,225278371.50000003
2019-12-30,64.352904,173574160.0,-270282196.79999995
2019-12-31,64.686001,170774160.0,-181120802.8
2020-01-02,63.793474,168324160.0,-156294011.3
2020-01-03,63.865723,170374160.0,130924732.15
2020-01-06,64.02092,167774160.0,-166454392.0
2020-01-07,63.894275,166924160.0,-54310133.75
2020-01-08,63.891376,168124160.0,76669651.2
2020-01-09,64.227899,168324160.0,12845579.799999999
2020-01-10,64.381323,167974160.0,-22533463.049999997
2020-01-13,64.803286,167524160.0,-29161478.7
2020-01-14,64.982717,166074160.0,-94224939.64999999
2020-01-15,65.892188,167124160.0,69186797.4
2020-01-16,66.289897,166074160.0,-69604391.85
2020-01-17,66.790705,166574160.0,33395352.5
2020-01-21,67.35011,165674160.0,-60615099.0
2020-01-22,67.548251,167174160.0,101322376.49999999
2020-01-23,68.167276,167324160.0,10225091.4
2020-01-24,68.390626,167474160.0,10258593.9
2020-01-27,68.184663,168874160.0,95458528.2
2020-01-28,68.434025,168674160.0,-13686805.000000002
2020-01-29,68.642311,170724160.0,140716737.55
2020-01-30,69.265879,170424160.0,-20779763.7
2020-01-31,68.971367,171424160.0,68971367.0
2020-02-03,69.19422,174474160.0,211042371.0
2020-02-04,68.485941,173824160.0,-44515861.65
2020-02-05,68.774507,172174160.0,-113477936.55
2020-02-06,68.783173,170174160.0,-137566346.0
2020-02-07,68.596393,172374160.0,150912064.60000002
2020-02-10,68.832795,172324160.0,-3441639.75
2020-02-11,69.094655,173774160.0,100187249.75
2020-02-12,69.119781,171374160.0,-165887474.4
2020-02-13,69.889894,179574160.0,573097130.8
2020-02-14,70.385892,169874160.0,-682743152.4
2020-02-18,70.956144,169724160.0,-10643421.6
2020-02-19,70.219905,177524160.0,547715259.0
2020-02-20,70.440741,173074160.0,-313461297.45
2020-02-21,70.318713,172524160.0,-38675292.15
2020-02-24,69.508534,171824160.0,-48655973.8
2020-02-25,68.012599,170774160.0,-71413228.94999999
2020-02-26,67.359682,172674160.0,127983395.80000001
2020-02-27,64.318104,176474160.0,244408795.20000002
2020-02-28,62.188449,179774160.0,205221881.7
2020-03-02,65.821846,189974160.0,671382829.1999999
2020-03-03,65.071433,192474160.0,162678582.5
2020-03-04,68.755046,191824160.0,-44690779.9
2020-03-05,67.645354,192274160.0,30440409.3
2020-03-06,67.133689,193374160.0,73847057.9
2020-03-09,63.415877,202174160.0,558059717.6
2020-03-10,64.062209,196074160.0,-390779474.9
2020-03-11,60.819311,196174160.0,6081931.1
2020-03-12,54.676278,197474160.0,71079161.4
2020-03-13,57.71299,198274160.0,46170392.0
2020-03-16,51.095898,193974160.0,-219712361.4
2020-03-17,57.755016,193674160.0,-17326504.8
2020-03-18,55.070808,189724160.0,-217529691.6
2020-03-19,52.083607,193374160.0,190105165.55
2020-03-20,47.827448,191274160.0,-100437640.8
2020-03-23,44.838569,185074160.0,-277999127.8
2020-03-24,49.72741,184474160.0,-29836446.0
2020-03-25,51.125123,188824160.0,222394285.05
2020-03-26,55.398762,187374160.0,-80328204.89999999
2020-03-27,55.692853,183424160.0,-219986769.35
2020-03-30,57.771723,183524160.0,5777172.3
2020-03-31,55.45666,185824160.0,127550318.0
2020-04-01,52.073015,185024160.0,-41658412.0
2020-04-02,53.705077,187624160.0,139633200.20000002
2020-04-03,51.766647,182974160.0,-240714908.54999998
2020-04-06,55.814935,182374160.0,-33488961.0
2020-04-07,55.141148,183974160.0,88225836.8
2020-04-08,58.114213,180174160.0,-220834009.4
2020-04-09,60.866009,188524160.0,508231175.15
2020-04-13,58.870471,204874160.0,962532200.85
2020-04-14,60.617176,204974160.0,6061717.6
2020-04-15,58.586379,203574160.0,-82020930.6
2020-04-16,58.628963,203274160.0,-17588688.9
2020-04-17,60.566266,203274160.0,0.0
2020-04-20,58.217986,203524160.0,14554496.5
2020-04-21,57.28583,203324160.0,-11457166.0
2020-04-22,58.968448,204224160.0,53071603.2
2020-04-23,57.933519,205724160.0,86900278.5
2020-04-24,58.294545,205724160.0,0.0
2020-04-27,58.928113,209224160.0,206248395.5
2020-04-28,59.136335,207124160.0,-124186303.5
2020-04-29,58.60666,205824160.0,-76188658.0
2020-04-30,57.227764,206124160.0,17168329.2
2020-05-01,55.838432,205424160.0,-39086902.4
2020-05-04,56.257441,208124160.0,151895090.7
2020-05-05,56.778137,211274160.0,178851131.55
2020-05-06,54.817654,210274160.0,-54817654.0
2020-05-07,55.082778,210274160.0,0.0
2020-05-08,56.184621,206624160.0,-205073866.65
2020-05-11,55.924351,203974160.0,-148199530.15
2020-05-12,55.440415,212574160.0,476787569.0
2020-05-13,54.956516,201424160.0,-612765153.4
2020-05-14,55.561265,202524160.0,61117391.5
2020-05-15,54.832247,201624160.0,-49349022.300000004
2020-05-18,57.089208,197024160.0,-262610356.79999998
2020-05-19,56.146719,198324160.0,72990734.7
2020-05-20,56.429566,201324160.0,169288698.0
2020-05-21,55.865383,200874160.0,-25139422.35
2020-05-22,56.50027,199224160.0,-93225445.5
2020-05-26,56.909476,197824160.0,-79673266.39999999
2020-05-27,57.513162,194724160.0,-178290802.20000002
2020-05-28,59.249708,193374160.0,-79987105.8
2020-05-29,59.718638,182274160.0,-662876881.8
2020-06-01,60.402773,191474160.0,555705511.6
2020-06-02,60.761739,190924160.0,-33418956.45
2020-06-03,61.546009,190424160.0,-30773004.5
2020-06-04,60.408953,190074160.0,-21143133.549999997
2020-06-05,61.223858,192924160.0,174487995.3
2020-06-08,62.848084,189374160.0,-223110698.2
2020-06-09,61.554382,192024160.0,163119112.29999998
2020-06-10,61.225035,192274160.0,15306258.75
2020-06-11,58.799523,190774160.0,-88199284.5
2020-06-12,58.703345,191974160.0,70444014.0
2020-06-15,59.066978,182274160.0,-572949686.6
2020-06-16,59.338454,183374160.0,65272299.4
2020-06-17,59.155276,186824160.0,204085702.2
2020-06-18,59.130534,188074160.0,73913167.5
2020-06-19,57.304325,189724160.0,94552136.25
2020-06-22,57.590796,195874160.0,354183395.4
2020-06-23,56.982184,200174160.0,245023391.2
2020-06-24,56.447339,201224160.0,59269705.95
2020-06-25,55.781991,200274160.0,-52992891.449999996
2020-06-26,55.208086,198274160.0,-110416172.0
2020-06-29,56.234198,196524160.0,-98409846.5
2020-06-30,56.463741,197574160.0,59286928.05
2020-07-01,57.753807,196674160.0,-51978426.300000004
2020-07-02,57.902111,196274160.0,-23160844.4
2020-07-06,57.163149,196774160.0,28581574.5
2020-07-07,56.965376,197524160.0,42724032.0
2020-07-08,57.470762,197274160.0,-14367690.5
2020-07-09,56.720833,198974160.0,96425416.1
2020-07-10,57.793415,198124160.0,-49124402.75
2020-07-13,57.817463,194324160.0,-219706359.39999998
2020-07-14,58.379501,191424160.0,-169300552.9
2020-07-15,58.12251,202674160.0,653878237.5
2020-07-16,58.889775,188524160.0,-833290316.25
2020-07-17,60.230301,187074160.0,-87333936.45
2020-07-20,59.413655,189524160.0,145563454.75
2020-07-21,59.68833,190274160.0,44766247.5
2020-07-22,60.601365,190774160.0,30300682.5
2020-07-23,60.669203,191074160.0,18200760.900000002
2020-07-24,60.286222,190324160.0,-45214666.5
2020-07-27,59.529383,187924160.0,-142870519.20000002
2020-07-28,60.451964,188624160.0,42316374.8
2020-07-29,60.71577,189574160.0,57679981.5
2020-07-30,60.715151,189874160.0,18214545.3
2020-07-31,60.856446,190224160.0,21299756.099999998
2020-08-03,60.164647,191224160.0,60164647.0
2020-08-04,60.80732,190624160.0,-36484392.0
2020-08-05,60.049809,195224160.0,276229121.40000004
2020-08-06,60.384005,196124160.0,54345604.5
2020-08-07,61.493044,197474160.0,83015609.39999999
2020-08-10,61.433691,194574160.0,-178157703.9
2020-08-11,60.133315,193574160.0,-60133315.0
2020-08-12,61.01861,192074160.0,-91527915.0
2020-08-13,60.877898,197824160.0,350047913.5
2020-08-14,60.374348,198724160.0,54336913.199999996
2020-08-17,60.286683,194424160.0,-259232736.89999998
2020-08-18,60.012077,197574160.0,189038042.54999998
2020-08-19,59.838435,198424160.0,50862669.75
2020-08-20,59.310079,197874160.0,-32620543.45
2020-08-21,59.392048,199524160.0,97996879.2
2020-08-24,59.941231,199824160.0,17982369.3
2020-08-25,59.393396,200374160.0,32666367.8
2020-08-26,58.68071,200374160.0,0.0
2020-08-27,58.90288,201824160.0,85409176.0
2020-08-28,59.057623,205474160.0,215560323.95
2020-08-31,59.246181,205424160.0,-2962309.05
2020-09-01,58.578213,204774160.0,-38075838.449999996
2020-09-02,60.396281,205674160.0,54356652.9
2020-09-03,59.69878,208024160.0,140292133.0
2020-09-04,59.367703,208124160.0,5936770.3
2020-09-08,59.041313,208224160.0,5904131.3
2020-09-09,59.802988,205674160.0,-152497619.4
2020-09-10,58.749831,199724160.0,-349561494.45
2020-09-11,58.944812,197574160.0,-126731345.8
2020-09-14,59.724889,199224160.0,98546066.85
2020-09-15,60.15998,198374160.0,-51135983.0
2020-09-16,60.044089,197924160.0,-27019840.05
2020-09-17,59.55359,195374160.0,-151861654.5
2020-09-18,58.50709,196024160.0,38029608.5
2020-09-21,57.671691,196224160.0,11534338.200000001
2020-09-22,58.041449,196224160.0,0.0
2020-09-23,57.110832,197224160.0,57110832.0
2020-09-24,57.798046,197574160.0,20229316.1
2020-09-25,58.724567,194024160.0,-208472212.85
2020-09-28,58.877035,192824160.0,-70652442.0
2020-09-29,58.847377,192074160.0,-44135532.75
2020-09-30,59.39748,192174160.0,5939748.0
2020-10-01,60.001798,192024160.0,-9000269.7
2020-10-02,60.681513,190274160.0,-106192647.75
2020-10-05,61.448219,190724160.0,27651698.55
2020-10-06,61.97275,191124160.0,24789100.0
2020-10-07,62.362554,189424160.0,-106016341.80000001
2020-10-08,63.485823,189874160.0,28568620.35
2020-10-09,63.457881,188674160.0,-76149457.2
2020-10-12,63.888341,189024160.0,22360919.349999998
2020-10-13,63.43924,190474160.0,91986898.0
2020-10-14,63.342215,191274160.0,50673772.0
2020-10-15,63.307117,190224160.0,-66472472.85
2020-10-16,63.992259,189624160.0,-38395355.4
2020-10-19,63.445476,190524160.0,57100928.4
2020-10-20,63.803598,190124160.0,-25521439.2
2020-10-21,63.669767,190174160.0,3183488.35
2020-10-22,64.594938,189674160.0,-32297469.0
2020-10-23,64.743567,188074160.0,-103589707.2
2020-10-26,64.711546,188074160.0,0.0
2020-10-27,64.664076,187624160.0,-29098834.2
2020-10-28,62.765828,186574160.0,-65904119.4
2020-10-29,62.957974,186624160.0,3147898.7
2020-10-30,62.380134,187024160.0,24952053.599999998
2020-11-02,63.767031,187074160.0,3188351.5500000003
2020-11-03,64.695741,186774160.0,-19408722.3
2020-11-04,63.664604,186824160.0,3183230.1999999997
2020-11-05,64.287432,187074160.0,16071857.999999998
2020-11-06,64.140072,186824160.0,-16035018.0
2020-11-09,65.337349,188174160.0,88205421.15
2020-11-10,66.279128,187274160.0,-59651215.2
2020-11-11,66.506321,186474160.0,-53205056.8
2020-11-12,65.425901,191474160.0,327129505.0
2020-11-13,66.101272,196824160.0,353641805.2
2020-11-16,66.744726,188574160.0,-550643989.5
2020-11-17,65.425785,191574160.0,196277355.0
2020-11-18,64.172334,192024160.0,28877550.300000004
2020-11-19,63.523552,190024160.0,-127047104.0
2020-11-20,63.552545,191224160.0,76263054.0
2020-11-23,63.543886,190574160.0,-41303525.9
2020-11-24,64.247917,190224160.0,-22486770.95
2020-11-25,64.373084,188624160.0,-102996934.4
2020-11-27,63.760877,188974160.0,22316306.95
2020-11-30,62.830075,188974160.0,0.0
2020-12-01,63.294372,187274160.0,-107600432.4
2020-12-02,63.716222,186774160.0,-31858111.0
2020-12-03,63.055444,191724160.0,312124447.8
2020-12-04,62.401112,189824160.0,-118562112.8
2020-12-07,62.744559,190074160.0,15686139.75
2020-12-08,62.562543,190224160.0,9384381.45
2020-12-09,62.44386,191974160.0,109276755.0
2020-12-10,62.124865,192924160.0,59018621.75
2020-12-11,62.218417,194424160.0,93327625.5
2020-12-14,61.887921,193924160.0,-30943960.5
2020-12-15,63.080393,194174160.0,15770098.25
2020-12-16,62.360043,193524160.0,-40534027.949999996
2020-12-17,62.829395,191724160.0,-113092911.0
2020-12-18,62.29898,194524160.0,174437144.0
2020-12-21,61.011628,194574160.0,3050581.4
2020-12-22,60.894512,195174160.0,36536707.2
2020-12-23,60.774231,196074160.0,54696807.9
2020-12-24,61.192836,195674160.0,-24477134.4
2020-12-28,61.481884,193274160.0,-147556521.6
2020-12-29,61.449064,193124160.0,-9217359.6
2020-12-30,61.757577,190624160.0,-154393942.5
2020-12-31,62.733939,190224160.0,-25093575.6
2021-01-04,61.104865,187874160.0,-143596432.75
2021-01-05,61.123999,189024160.0,70292598.85
2021-01-06,62.623255,189624160.0,37573953.0
2021-01-07,61.790969,186874160.0,-169925164.75
2021-01-08,62.325392,188374160.0,93488088.0
2021-01-11,61.747189,188174160.0,-12349437.799999999
2021-01-12,61.427547,187724160.0,-27642396.15
2021-01-13,62.618115,185624160.0,-131498041.5
2021-01-14,62.382534,185374160.0,-15595633.5
2021-01-15,62.982875,184874160.0,-31491437.5
2021-01-19,62.747001,184924160.0,3137350.05
2021-01-20,63.133279,188324160.0,214653148.6
2021-01-21,62.747373,189274160.0,59610004.35
2021-01-22,62.850619,188774160.0,-31425309.5
2021-01-25,64.072844,188874160.0,6407284.4
2021-01-26,63.436565,191174160.0,145904099.5
2021-01-27,61.730351,191174160.0,0.0
2021-01-28,62.488307,193224160.0,128101029.35
2021-01-29,62.156538,192024160.0,-74587845.6
2021-02-01,62.454052,192524160.0,31227026.0
2021-02-02,62.954154,193274160.0,47215615.5
2021-02-03,62.76623,191574160.0,-106702591.0
2021-02-04,63.240645,191124160.0,-28458290.25
2021-02-05,63.586972,191124160.0,0.0
2021-02-08,63.098383,192174160.0,66253302.15
2021-02-09,63.188078,192574160.0,25275231.2
2021-02-10,63.434619,191574160.0,-63434619.0
2021-02-11,63.057981,198274160.0,422488472.7
2021-02-12,62.611019,192674160.0,-350621706.4
2021-02-16,61.918576,189324160.0,-207427229.6
2021-02-17,61.996476,184274160.0,-313082203.8
2021-02-18,62.33386,185774160.0,93500790.0
2021-02-19,61.401245,185874160.0,6140124.5
2021-02-22,60.213153,184574160.0,-78277098.89999999
2021-02-23,60.691247,183424160.0,-69794934.05
2021-02-24,59.996578,184324160.0,53996920.2
2021-02-25,59.466458,183524160.0,-47573166.400000006
2021-02-26,58.365267,181424160.0,-122567060.7
2021-03-01,59.622269,181474160.0,2981113.45
2021-03-02,59.458659,186074160.0,273509831.4
2021-03-03,58.776305,186924160.0,49959859.25
2021-03-04,58.715609,191424160.0,264220240.5
2021-03-05,59.677165,188124160.0,-196934644.5
2021-03-08,60.519006,189474160.0,81700658.1
2021-03-09,61.317376,195824160.0,389365337.6
2021-03-10,61.728837,190224160.0,-345681487.2
2021-03-11,61.567025,187774160.0,-150839211.25
2021-03-12,62.381051,192274160.0,280714729.5
2021-03-15,63.223734,186924160.0,-338246976.9
2021-03-16,63.285542,189224160.0,145556746.6
2021-03-17,62.260922,189774160.0,34243507.1
2021-03-18,62.042488,189074160.0,-43429741.6
2021-03-19,62.176785,190724160.0,102591695.25
2021-03-22,61.648156,191174160.0,27741670.2
2021-03-23,62.586289,191224160.0,3129314.45
2021-03-24,62.612575,190724160.0,-31306287.5
2021-03-25,63.232193,191574160.0,53747364.050000004
2021-03-26,63.477322,189024160.0,-161867171.1
2021-03-29,64.154441,188824160.0,-12830888.200000001
2021-03-30,63.581034,187774160.0,-66760085.7
2021-03-31,63.989789,186924160.0,-54391320.65
2021-04-01,63.978516,187124160.0,12795703.2
2021-04-05,64.675821,187574160.0,29104119.45
2021-04-06,65.014687,185074160.0,-162536717.5
2021-04-07,64.934195,184724160.0,-22726968.25
2021-04-08,64.866587,183874160.0,-55136598.949999996
2021-04-09,64.819396,185224160.0,87506184.6
2021-04-12,64.864462,186074160.0,55134792.7
2021-04-13,65.654991,185874160.0,-13130998.2
2021-04-14,65.917118,185824160.0,-3295855.9
2021-04-15,66.644762,185574160.0,-16661190.5
2021-04-16,67.185349,186724160.0,77263151.35000001
2021-04-19,66.8565,188424160.0,113656050.0
2021-04-20,67.735158,186074160.0,-159177621.29999998
2021-04-21,67.127219,185024160.0,-70483579.95
2021-04-22,66.664115,187424160.0,159993876.0
2021-04-23,66.547301,186524160.0,-59892570.900000006
2021-04-26,66.183594,186224160.0,-19855078.2
2021-04-27,65.686152,186224160.0,0.0
2021-04-28,65.587536,185624160.0,-39352521.6
2021-04-29,66.194878,185274160.0,-23168207.3
2021-04-30,66.712634,185274160.0,0.0
2021-05-03,66.686363,185574160.0,20005908.9
2021-05-04,66.454389,187174160.0,106327022.4
2021-05-05,65.332308,185774160.0,-91465231.2
2021-05-06,65.838796,184224160.0,-102050133.8
2021-05-07,66.027303,185574160.0,89136859.05000001
2021-05-10,66.702682,184524160.0,-70037816.1
2021-05-11,65.908865,182974160.0,-102158740.75000001
2021-05-12,64.363012,183224160.0,16090753.0
2021-05-13,65.604482,186624160.0,223055238.8
2021-05-14,65.907809,184174160.0,-161474132.05
2021-05-17,65.341332,180124160.0,-264632394.59999996
2021-05-18,65.358038,178824160.0,-84965449.39999999
2021-05-19,65.265758,178974160.0,9789863.700000001
2021-05-20,65.807153,178874160.0,-6580715.3
2021-05-21,66.163815,178274160.0,-39698289.0
2021-05-24,66.03151,179474160.0,79237812.0
2021-05-25,65.257135,179474160.0,0.0
2021-05-26,65.257871,178924160.0,-35891829.05
2021-05-27,64.829849,178524160.0,-25931939.599999998
2021-05-28,65.126292,178524160.0,0.0
2021-06-01,64.776522,178524160.0,0.0
2021-06-02,65.09897,177774160.0,-48824227.49999999
2021-06-03,65.474063,175474160.0,-150590344.9
2021-06-04,65.374953,172874160.0,-169974877.8
2021-06-07,65.515245,171974160.0,-58963720.49999999
2021-06-08,64.933759,170374160.0,-103894014.39999999
2021-06-09,65.507788,175374160.0,327538940.0
2021-06-10,65.948637,171724160.0,-240712525.05
2021-06-11,66.131832,172474160.0,49598874.0
2021-06-14,66.225087,174074160.0,105960139.2
2021-06-15,66.455283,173074160.0,-66455282.99999999
2021-06-16,65.467347,174474160.0,91654285.80000001
2021-06-17,65.785001,174174160.0,-19735500.299999997
2021-06-18,64.077847,174624160.0,28835031.150000002
2021-06-21,64.455126,176824160.0,141801277.20000002
2021-06-22,64.019723,180424160.0,230471002.79999998
2021-06-23,63.34831,181024160.0,38008986.0
2021-06-24,63.284524,178924160.0,-132897500.39999999
2021-06-25,64.000581,179024160.0,6400058.1
2021-06-28,64.390077,179774160.0,48292557.75000001
2021-06-29,63.327034,180624160.0,53827978.9
2021-06-30,63.223308,181674160.0,66384473.400000006
2021-07-01,63.936429,181674160.0,0.0
2021-07-02,64.005253,182374160.0,44803677.099999994
2021-07-06,64.312572,180974160.0,-90037600.8
2021-07-07,64.685736,182624160.0,106731464.4
2021-07-08,64.528533,181824160.0,-51622826.4
2021-07-09,64.629505,182524160.0,45240653.49999999
2021-07-12,64.811959,181574160.0,-61571361.050000004
2021-07-13,64.317942,181074160.0,-32158971.0
2021-07-14,64.854659,179524160.0,-100524721.45
2021-07-15,65.627952,180274160.0,49220963.99999999
2021-07-16,66.27811,180274160.0,0.0
2021-07-19,65.22574,181224160.0,61964453.0
2021-07-20,65.47975,183124160.0,124411524.99999999
2021-07-21,64.762771,182424160.0,-45333939.7
2021-07-22,64.872767,181624160.0,-51898213.599999994
2021-07-23,65.699524,180874160.0,-49274643.0
2021-07-26,65.694112,181424160.0,36131761.6
2021-07-27,66.823763,182624160.0,80188515.6
2021-07-28,66.364981,183974160.0,89592724.35
2021-07-29,66.508403,184324160.0,23277941.05
2021-07-30,65.950574,185074160.0,49462930.5
2021-08-02,66.440397,184874160.0,-13288079.4
2021-08-03,66.845504,186174160.0,86899155.2
2021-08-04,66.755313,186674160.0,33377656.5
2021-08-05,67.529951,192974160.0,425438691.29999995
2021-08-06,67.47276,197174160.0,283385592.0
2021-08-09,67.428942,200124160.0,198915378.9
2021-08-10,67.493376,196374160.0,-253100160.0
2021-08-11,68.125888,196624160.0,17031472.0
2021-08-12,68.220745,196324160.0,-20466223.499999996
2021-08-13,68.652722,196574160.0,17163180.5
2021-08-16,69.096376,197974160.0,96734926.4
2021-08-17,69.123511,198424160.0,31105579.949999996
2021-08-18,68.808132,198774160.0,24082846.2
2021-08-19,69.078645,194574160.0,-290130309.0
2021-08-20,69.923438,195124160.0,38457890.900000006
2021-08-23,69.008226,197774160.0,182871798.89999998
2021-08-24,68.576002,197774160.0,0.0
2021-08-25,68.713732,196874160.0,-61842358.8
2021-08-26,68.528098,196774160.0,-6852809.8
2021-08-27,68.506949,196624160.0,-10276042.350000001
2021-08-30,68.62632,197674160.0,72057636.0
2021-08-31,68.561971,199074160.0,95986759.4
2021-09-01,69.4487,199524160.0,31251915.0
2021-09-02,70.047457,200724160.0,84056948.39999999
2021-09-03,69.486674,200524160.0,-13897334.799999999
2021-09-07,68.566352,198924160.0,-109706163.19999999
2021-09-08,69.787528,198524160.0,-27915011.2
2021-09-09,69.403175,197474160.0,-72873333.75
2021-09-10,68.447225,196774160.0,-47913057.5
2021-09-13,68.321262,197674160.0,61489135.800000004
2021-09-14,68.09207,209674160.0,817104840.0000001
2021-09-15,68.007157,198324160.0,-771881231.95
2021-09-16,67.454387,196574160.0,-118045177.25
2021-09-17,66.403459,196724160.0,9960518.85
2021-09-20,65.768493,195574160.0,-75633766.95
2021-09-21,65.60984,193474160.0,-137780664.0
2021-09-22,65.539785,193074160.0,-26215913.999999996
2021-09-23,65.235217,192474160.0,-39141130.2
2021-09-24,65.135579,191274160.0,-78162694.80000001
2021-09-27,64.353005,190974160.0,-19305901.5
2021-09-28,63.568981,189724160.0,-79461226.25
2021-09-29,64.409289,189774160.0,3220464.45
2021-09-30,63.879914,189574160.0,-12775982.8
2021-10-01,63.8547,187174160.0,-153251280.0
2021-10-04,64.735299,187874160.0,45314709.3
2021-10-05,64.615267,187524160.0,-22615343.45
2021-10-06,65.603046,183674160.0,-252571727.10000002
2021-10-07,65.254017,188174160.0,293643076.5
2021-10-08,64.774389,188424160.0,16193597.25
2021-10-11,63.904386,188724160.0,19171315.8
2021-10-12,64.328015,188724160.0,0.0
2021-10-13,65.058994,188124160.0,-39035396.4
2021-10-14,65.840234,188574160.0,29628105.299999997
2021-10-15,65.689785,188574160.0,0.0
2021-10-18,65.056009,187024160.0,-100836813.95
2021-10-19,65.874918,185874160.0,-75756155.69999999
2021-10-20,66.901801,184174160.0,-113733061.7
2021-10-21,66.914685,183074160.0,-73606153.5
2021-10-22,67.226365,182274160.0,-53781092.0
2021-10-25,66.936401,182624160.0,23427740.35
2021-10-26,67.313411,182624160.0,0.0
2021-10-27,66.864947,182924160.0,20059484.1
2021-10-28,67.301804,182774160.0,-10095270.600000001
2021-10-29,66.890983,182274160.0,-33445491.500000004
2021-11-01,67.160783,181874160.0,-26864313.2
2021-11-02,67.194497,182074160.0,13438899.4
2021-11-03,66.976714,182074160.0,0.0
2021-11-04,66.618359,181924160.0,-9992753.85
2021-11-05,67.206478,184974160.0,204979757.9
2021-11-08,66.232922,184724160.0,-16558230.5
2021-11-09,66.556697,192624160.0,525797906.3
2021-11-10,67.09321,190324160.0,-154314383.0
2021-11-11,66.690545,184824160.0,-366797997.5
2021-11-12,66.656648,184824160.0,0.0
2021-11-15,67.531665,184624160.0,-13506333.0
2021-11-16,67.175216,184674160.0,3358760.8000000003
2021-11-17,67.2728,184974160.0,20181840.0
2021-11-18,66.923047,185974160.0,66923047.0
2021-11-19,67.309089,185774160.0,-13461817.8
2021-11-22,67.706963,186274160.0,33853481.5
2021-11-23,67.785069,185624160.0,-44060294.849999994
2021-11-24,67.796731,184474160.0,-77966240.64999999
2021-11-26,66.717965,184124160.0,-23351287.750000004
2021-11-29,67.756417,185924160.0,121961550.6
2021-11-30,65.786627,185874160.0,-3289331.3499999996
2021-12-01,65.893245,184874160.0,-65893244.99999999
2021-12-02,66.726473,183874160.0,-66726473.0
2021-12-03,67.398953,187374160.0,235896335.50000003
2021-12-06,68.425719,190074160.0,184749441.3
2021-12-07,68.947172,192774160.0,186157364.39999998
2021-12-08,68.887833,191724160.0,-72332224.65
2021-12-09,68.772619,189924160.0,-123790714.20000002
2021-12-10,69.160151,187524160.0,-165984362.4
2021-12-13,69.993201,186974160.0,-38496260.55
2021-12-14,69.553265,186374160.0,-41731959.0
2021-12-15,70.715495,184224160.0,-152038314.25
2021-12-16,71.073685,186124160.0,135040001.5
2021-12-17,70.013038,186024160.0,-7001303.8
2021-12-20,69.49894,185124160.0,-62549046.00000001
2021-12-21,69.400521,184924160.0,-13880104.2
2021-12-22,69.727189,187224160.0,160372534.7
2021-12-23,69.70335,186124160.0,-76673685.0
2021-12-27,70.047325,186624160.0,35023662.5
2021-12-28,70.697407,184324160.0,-162604036.1
2021-12-29,71.059854,183424160.0,-63953868.6
2021-12-30,71.320695,182374160.0,-74886729.75
2021-12-31,71.551493,181474160.0,-64396343.699999996
2022-01-03,70.881264,181324160.0,-10632189.6
2022-01-04,70.65096,183624160.0,162497208.0
2022-01-05,70.618331,182924160.0,-49432831.699999996
2022-01-06,69.876696,176724160.0,-433235515.2
2022-01-07,70.401899,181074160.0,306248260.65
2022-01-10,69.952053,184374160.0,230841774.90000004
2022-01-11,69.311187,185724160.0,93570102.45
2022-01-12,69.555745,187724160.0,139111490.0
2022-01-13,69.868046,187724160.0,0.0
2022-01-14,69.415543,187674160.0,-3470777.15
2022-01-18,68.583066,186974160.0,-48008146.2
2022-01-19,68.896882,187924160.0,65452037.900000006
2022-01-20,68.995051,188324160.0,27598020.400000002
2022-01-21,68.869285,189574160.0,86086606.25
2022-01-24,68.159866,190124160.0,37487926.3
2022-01-25,67.091938,192624160.0,167729845.0
2022-01-26,66.6163,193174160.0,36638965.0
2022-01-27,67.135919,193324160.0,10070387.85
2022-01-28,67.935954,192524160.0,-54348763.199999996
2022-01-31,69.212677,194874160.0,162649790.95
2022-02-01,68.330352,196274160.0,95662492.80000001
2022-02-02,69.327008,197374160.0,76259708.80000001
2022-02-03,69.023079,196974160.0,-27609231.599999998
2022-02-04,68.485722,196824160.0,-10272858.299999999
2022-02-07,68.365714,200174160.0,229025141.89999998
2022-02-08,68.438376,202374160.0,150564427.20000002
2022-02-09,68.764487,208874160.0,446969165.5
2022-02-10,67.000014,202224160.0,-445550093.09999996
2022-02-11,67.021838,201524160.0,-46915286.6
2022-02-14,66.488239,200824160.0,-46541767.3
2022-02-15,66.144181,201574160.0,49608135.75
2022-02-16,66.267777,198224160.0,-221997052.95
2022-02-17,66.367824,198724160.0,33183912.0
2022-02-18,66.207785,197924160.0,-52966228.0
2022-02-22,66.157359,196824160.0,-72773094.9
2022-02-23,65.028356,195374160.0,-94291116.2
2022-02-24,65.528084,195174160.0,-13105616.8
2022-02-25,67.573722,194224160.0,-64195035.900000006
2022-02-28,67.921365,192824160.0,-95089910.99999999
2022-03-01,67.358126,195424160.0,175131127.6
2022-03-02,68.182912,193774160.0,-112501804.8
2022-03-03,69.386532,193474160.0,-20815959.6
2022-03-04,70.905899,191074160.0,-170174157.60000002
2022-03-07,71.831363,191474160.0,28732545.2
2022-03-08,70.695192,190674160.0,-56556153.6
2022-03-09,70.179232,191074160.0,28071692.8
2022-03-10,70.684621,190974160.0,-7068462.100000001
2022-03-11,70.423817,192374160.0,98593343.8
2022-03-14,70.367655,192624160.0,17591913.75
2022-03-15,71.241004,193374160.0,53430753.0
2022-03-16,71.119466,196024160.0,188466584.9
2022-03-17,71.442552,195724160.0,-21432765.6
2022-03-18,70.816122,196924160.0,84979346.39999999
2022-03-21,70.821298,195124160.0,-127478336.39999999
2022-03-22,70.887213,200674160.0,393424032.15000004
2022-03-23,71.005406,199824160.0,-60354595.099999994
2022-03-24,71.734596,201124160.0,93254974.8
2022-03-25,72.795019,199574160.0,-112832279.44999999
2022-03-28,73.243207,197674160.0,-139162093.29999998
2022-03-29,73.919629,198374160.0,51743740.3
2022-03-30,74.555854,199774160.0,104378195.6
2022-03-31,74.430376,200274160.0,37215188.0
2022-04-01,75.50945,200174160.0,-7550945.0
2022-04-04,74.910957,200074160.0,-7491095.699999999
2022-04-05,75.407717,200174160.0,7540771.7
2022-04-06,76.911076,198474160.0,-130748829.19999999
2022-04-07,76.718444,198424160.0,-3835922.2
2022-04-08,76.946152,200574160.0,165434226.79999998
2022-04-11,75.882922,198524160.0,-155559990.1
2022-04-12,76.190279,199574160.0,79999792.95
2022-04-13,76.063487,203474160.0,296647599.29999995
2022-04-14,76.068491,202474160.0,-76068491.0
2022-04-18,75.695603,204174160.0,128682525.10000001
2022-04-19,76.157319,204124160.0,-3807865.95
2022-04-20,76.762525,206074160.0,149686923.75
2022-04-21,75.543629,206574160.0,37771814.5
2022-04-22,74.272788,207024160.0,33422754.6
2022-04-25,73.738576,206974160.0,-3686928.8
2022-04-26,72.972652,210024160.0,222566588.6
2022-04-27,72.636193,211124160.0,79899812.30000001
2022-04-28,73.459443,212674160.0,113862136.64999999
2022-04-29,71.267716,212524160.0,-10690157.399999999
2022-05-02,70.525269,220274160.0,546570834.75
2022-05-03,70.785525,218374160.0,-134492497.5
2022-05-04,72.366683,218574160.0,14473336.6
2022-05-05,71.617501,219574160.0,71617501.0
2022-05-06,72.188151,219924160.0,25265852.85
2022-05-09,71.668746,219274160.0,-46584684.9
2022-05-10,70.777466,219324160.0,3538873.3000000003
2022-05-11,71.322204,217024160.0,-164041069.2
2022-05-12,70.595677,216174160.0,-60006325.449999996
2022-05-13,71.414919,218924160.0,196391027.25
2022-05-16,71.648283,220624160.0,121802081.10000001
2022-05-17,72.398976,221374160.0,54299232.0
2022-05-18,71.680513,220424160.0,-68096487.35000001
2022-05-19,71.531889,216224160.0,-300433933.8
2022-05-20,71.73036,215874160.0,-25105626.0
2022-05-23,72.596421,217824160.0,141563020.95000002
2022-05-24,74.049807,218624160.0,59239845.6
2022-05-25,74.004346,219774160.0,85104997.89999999
2022-05-26,74.204852,221074160.0,96466307.60000001
2022-05-27,75.360937,222274160.0,90433124.4
2022-05-31,74.326162,222574160.0,22297848.599999998
2022-06-01,74.207285,220474160.0,-155835298.5
2022-06-02,74.690425,226474160.0,448142550.0
2022-06-03,74.364543,222424160.0,-301176399.15
2022-06-06,74.696718,222524160.0,7469671.800000001
2022-06-07,75.135825,223024160.0,37567912.5
2022-06-08,73.673795,223174160.0,11051069.25
2022-06-09,71.887691,224674160.0,107831536.5
2022-06-10,71.337432,225674160.0,71337432.0
2022-06-13,68.056771,227324160.0,112293672.14999999
2022-06-14,66.326566,227624160.0,19897969.8
2022-06-15,66.774479,226774160.0,-56758307.15
2022-06-16,65.482933,227074160.0,19644879.900000002
2022-06-17,64.878383,225724160.0,-87585817.05
2022-06-21,65.59293,226124160.0,26237172.0
2022-06-22,66.269505,226974160.0,56329079.24999999
2022-06-23,67.821882,225624160.0,-91559540.7
2022-06-24,69.011101,225924160.0,20703330.3
2022-06-27,69.56715,221724160.0,-292182030.0
2022-06-28,69.317299,221674160.0,-3465864.95
2022-06-29,69.348948,220074160.0,-110958316.79999998
2022-06-30,70.108642,221774160.0,119184691.4
2022-07-01,71.860448,225924160.0,298220859.20000005
2022-07-05,69.400191,226974160.0,72870200.55000001
2022-07-06,70.122687,228024160.0,73628821.35
2022-07-07,70.055992,227774160.0,-17513998.0
2022-07-08,69.829226,229274160.0,104743839.00000001
2022-07-11,70.272916,229974160.0,49191041.199999996
2022-07-12,69.914954,229724160.0,-17478738.5
2022-07-13,69.607653,229724160.0,0.0
2022-07-14,69.618282,234124160.0,306320440.79999995
2022-07-15,69.757507,235374160.0,87196883.75
2022-07-18,68.785328,237124160.0,120374324.00000001
2022-07-19,69.249228,236774160.0,-24237229.8
2022-07-20,68.308705,235124160.0,-112709363.25
2022-07-21,68.50697,231924160.0,-219222304.0
2022-07-22,69.440026,230224160.0,-118048044.2
2022-07-25,70.31151,229824160.0,-28124604.0
2022-07-26,70.737808,227774160.0,-145012506.4
2022-07-27,70.814954,226574160.0,-84977944.8
2022-07-28,73.32027,226074160.0,-36660135.0
2022-07-29,73.949911,226374160.0,22184973.3
2022-08-01,74.024126,225724160.0,-48115681.9
2022-08-02,73.861569,224974160.0,-55396176.75
2022-08-03,74.361158,225424160.0,33462521.1
2022-08-04,74.473993,226924160.0,111710989.49999999
2022-08-05,74.253424,227274160.0,25988698.4
2022-08-08,74.351407,225624160.0,-122679821.55
2022-08-09,75.167824,226374160.0,56375868.0
2022-08-10,75.520992,223474160.0,-219010876.8
2022-08-11,75.486818,227424160.0,298172931.1
2022-08-12,76.721052,228074160.0,49868683.8
2022-08-15,77.343752,228074160.0,0.0
2022-08-16,77.570755,228074160.0,0.0
2022-08-17,77.463214,227624160.0,-34858446.3
2022-08-18,77.734323,227574160.0,-3886716.1500000004
2022-08-19,77.701963,228374160.0,62161570.400000006
2022-08-22,76.638828,229874160.0,114958242.0
2022-08-23,76.157822,234874160.0,380789110.0
2022-08-24,76.422691,235374160.0,38211345.5
2022-08-25,76.87585,236324160.0,73032057.5
2022-08-26,75.693057,236324160.0,0.0
2022-08-29,75.936715,236524160.0,15187343.000000002
2022-08-30,74.834099,235824160.0,-52383869.3
2022-08-31,74.324902,235824160.0,0.0
2022-09-01,75.411467,235874160.0,3770573.35
2022-09-02,74.606938,237324160.0,108180060.1
2022-09-06,74.783966,238174160.0,63566371.10000001
2022-09-07,77.119468,235374160.0,-215934510.4
2022-09-08,77.06372,236924160.0,119448766.0
2022-09-09,77.382433,236424160.0,-38691216.5
2022-09-12,78.123384,236474160.0,3906169.2
2022-09-13,76.029089,238724160.0,171065450.25
2022-09-14,76.658835,238474160.0,-19164708.75
2022-09-15,74.730591,239524160.0,78467120.55
2022-09-16,74.469091,240824160.0,96809818.30000001
2022-09-19,74.939073,242274160.0,108661655.85
2022-09-20,73.862225,241474160.0,-59089779.99999999
2022-09-21,72.846711,241074160.0,-29138684.4
2022-09-22,72.593178,238574160.0,-181482945.0
2022-09-23,71.755965,238724160.0,10763394.75
2022-09-26,70.018544,239524160.0,56014835.2
2022-09-27,68.828416,238774160.0,-51621312.0
2022-09-28,69.582279,240024160.0,86977848.75
2022-09-29,66.774738,242674160.0,176953055.7
2022-09-30,65.46527,244224160.0,101471168.5
2022-10-03,67.417677,246224160.0,134835354.0
2022-10-04,68.866521,247424160.0,82639825.2
2022-10-05,67.317249,244024160.0,-228878646.60000002
2022-10-06,65.100155,240024160.0,-260400620.0
2022-10-07,63.741317,240874160.0,54180119.45
2022-10-10,63.849718,241024160.0,9577457.700000001
2022-10-11,63.675113,242624160.0,101880180.80000001
2022-10-12,61.502052,241274160.0,-83027770.2
2022-10-13,63.067675,242674160.0,88294745.0
2022-10-14,62.097239,243024160.0,21734033.650000002
2022-10-17,63.442858,240624160.0,-152262859.2
2022-10-18,64.577405,237674160.0,-190503344.75
2022-10-19,63.761934,236424160.0,-79702417.5
2022-10-20,62.163798,235374160.0,-65271987.9
2022-10-21,63.306435,234874160.0,-31653217.5
2022-10-24,63.824743,234474160.0,-25529897.2
2022-10-25,65.115621,231424160.0,-198602644.05
2022-10-26,65.088309,232674160.0,81360386.25
2022-10-27,65.53321,232074160.0,-39319926.0
2022-10-28,67.415909,232074160.0,0.0
2022-10-31,66.801421,231674160.0,-26720568.400000002
2022-11-01,67.071144,231374160.0,-20121343.200000003
2022-11-02,66.388085,229774160.0,-106220936.0
2022-11-03,66.692329,228374160.0,-93369260.6
2022-11-04,67.086956,230574160.0,147591303.2
2022-11-07,65.795488,230274160.0,-19738646.400000002
2022-11-08,66.249189,230224160.0,-3312459.45
2022-11-09,65.721164,231824160.0,105153862.4
2022-11-10,68.870144,231624160.0,-13774028.799999999
2022-11-11,68.084352,233424160.0,122551833.6
2022-11-14,67.247666,230874160.0,-171481548.29999998
2022-11-15,67.985702,232374160.0,101978553.0
2022-11-16,68.583018,231674160.0,-48008112.599999994
2022-11-17,67.421064,231874160.0,13484212.8
2022-11-18,68.812767,229774160.0,-144506810.7
2022-11-21,69.154757,230174160.0,27661902.8
2022-11-22,69.735682,231674160.0,104603523.0
2022-11-23,70.511902,234374160.0,190382135.4
2022-11-25,70.956721,231374160.0,-212870163.0
2022-11-28,70.201495,231474160.0,7020149.499999999
2022-11-29,69.692504,232724160.0,87115630.0
2022-11-30,71.465223,232274160.0,-32159350.349999998
2022-12-01,71.37149,238924160.0,474620408.49999994
2022-12-02,71.037007,232524160.0,-454636844.8
2022-12-05,70.614511,233274160.0,52960883.24999999
2022-12-06,71.091171,231524160.0,-124409549.25
2022-12-07,70.759046,231074160.0,-31841570.7
2022-12-08,71.185409,232324160.0,88981761.25000001
2022-12-09,70.846717,233474160.0,81473724.55
2022-12-12,72.446177,232624160.0,-61579250.45
2022-12-13,72.674104,233224160.0,43604462.4
2022-12-14,72.556657,234874160.0,119718484.05
2022-12-15,71.657575,234274160.0,-42994545.0
2022-12-16,70.485307,234824160.0,38766918.85
2022-12-19,69.624536,235674160.0,59180855.60000001
2022-12-20,69.668056,235974160.0,20900416.8
2022-12-21,70.637227,234674160.0,-91828395.1
2022-12-22,70.189849,233624160.0,-73699341.44999999
2022-12-23,70.926617,233974160.0,24824315.95
2022-12-27,71.363273,233324160.0,-46386127.45
2022-12-28,70.691979,232524160.0,-56553583.2
2022-12-29,71.189776,231474160.0,-74749264.8
2022-12-30,70.507636,231274160.0,-14101527.200000001
2023-01-03,70.510536,230624160.0,-45831848.4
2023-01-04,71.169333,232024160.0,99637066.19999999
2023-01-05,69.592355,233824160.0,125266239.0
2023-01-06,70.999957,232924160.0,-63899961.3
2023-01-09,71.451296,233224160.0,21435388.8
2023-01-10,71.483193,233474160.0,17870798.25
2023-01-11,72.093709,231624160.0,-133373361.65
2023-01-12,71.633339,231474160.0,-10745000.850000001
2023-01-13,71.31823,230674160.0,-57054584.0
2023-01-17,71.230255,229924160.0,-53422691.25
2023-01-18,69.520487,230074160.0,10428073.05
2023-01-19,68.82813,229274160.0,-55062504.0
2023-01-20,69.231203,229324160.0,3461560.15
2023-01-23,69.260545,228474160.0,-58871463.24999999
2023-01-24,69.59558,228724160.0,17398895.0
2023-01-25,68.649275,228624160.0,-6864927.5
2023-01-26,68.91416,230474160.0,127491195.99999999
2023-01-27,68.891981,229624160.0,-58558183.85
2023-01-30,68.589226,229674160.0,3429461.3
2023-01-31,69.097257,229574160.0,-6909725.7
2023-02-01,69.221488,229424160.0,-10383223.2
2023-02-02,69.32869,228424160.0,-69328690.0
2023-02-03,67.893289,229424160.0,67893289.0
2023-02-06,68.509742,226674160.0,-188401790.5
2023-02-07,68.454816,229424160.0,188250743.99999997
2023-02-08,67.28488,230524160.0,74013368.0
2023-02-09,66.381318,227574160.0,-195824888.1
2023-02-10,67.718673,228724160.0,77876473.94999999
2023-02-13,68.129222,228324160.0,-27251688.8
2023-02-14,67.823012,229724160.0,94952216.80000001
2023-02-15,68.26262,229624160.0,-6826262.0
2023-02-16,67.759529,229124160.0,-33879764.5
2023-02-17,68.48479,226574160.0,-174636214.5
2023-02-21,67.197625,226224160.0,-23519168.75
2023-02-22,66.917882,225124160.0,-73609670.2
2023-02-23,66.594734,221774160.0,-223092358.9
2023-02-24,66.611707,220924160.0,-56619950.949999996
2023-02-27,66.168243,220974160.0,3308412.1500000004
2023-02-28,65.033893,221674160.0,45523725.1
2023-03-01,63.937635,219474160.0,-140662797.0
2023-03-02,65.134765,226424160.0,452686616.75
2023-03-03,66.274442,217774160.0,-573273923.3
2023-03-06,66.558141,218924160.0,76541862.15
2023-03-07,65.460438,220374160.0,94917635.1
2023-03-08,65.976024,220024160.0,-23091608.4
2023-03-09,65.456517,221224160.0,78547820.4
2023-03-10,64.417486,222374160.0,74080108.89999999
2023-03-13,65.404444,223524160.0,75215110.6
2023-03-14,66.27189,225524160.0,132543780.0
2023-03-15,67.15031,226324160.0,53720248.0
2023-03-16,67.598501,230124160.0,256874303.79999998
2023-03-17,66.954665,229924160.0,-13390933.000000002
2023-03-20,67.004288,230924160.0,67004288.0
2023-03-21,65.655814,232774160.0,121463255.9
2023-03-22,64.36062,229774160.0,-193081860.0
2023-03-23,63.714555,228774160.0,-63714555.0
2023-03-24,65.694113,228774160.0,0.0
2023-03-27,65.776198,231624160.0,187462164.29999998
2023-03-28,65.968396,230924160.0,-46177877.199999996
2023-03-29,66.91594,229274160.0,-110411301.00000001
2023-03-30,67.204372,228924160.0,-23521530.200000003
2023-03-31,67.713298,228824160.0,-6771329.8
2023-04-03,67.223551,228374160.0,-30250597.95
2023-04-04,67.572969,228624160.0,16893242.25
2023-04-05,69.306588,229874160.0,86633235.0
2023-04-06,69.813972,231474160.0,111702355.20000002
2023-04-10,69.674932,233724160.0,156768597.0
2023-04-11,69.720838,234474160.0,52290628.5
2023-04-12,69.639661,234174160.0,-20891898.3
2023-04-13,69.655753,234674160.0,34827876.5
2023-04-14,68.880852,233024160.0,-113653405.80000001
2023-04-17,69.2728,232824160.0,-13854560.0
2023-04-18,68.920228,232774160.0,-3446011.4
2023-04-19,69.457762,232724160.0,-3472888.1
2023-04-20,69.419976,232724160.0,0.0
2023-04-21,69.628156,232474160.0,-17407039.0
2023-04-24,69.972632,232724160.0,17493158.0
2023-04-25,69.906183,233324160.0,41943709.8
2023-04-26,68.253643,233224160.0,-6825364.3
2023-04-27,69.083965,234174160.0,65629766.75000001
2023-04-28,68.970807,240824160.0,458655866.54999995
2023-05-01,69.111956,234374160.0,-445772116.20000005
2023-05-02,68.26668,234924160.0,37546674.0
2023-05-03,68.064914,236074160.0,78274651.10000001
2023-05-04,68.587828,236474160.0,27435131.2
2023-05-05,69.040106,237924160.0,100108153.69999999
2023-05-08,68.826224,236374160.0,-106680647.19999999
2023-05-09,68.7162,235924160.0,-30922290.0
2023-05-10,69.361741,236274160.0,24276609.349999998
2023-05-11,68.648356,237274160.0,68648356.0
2023-05-12,69.026747,238624160.0,93186108.45
2023-05-15,68.174018,237474160.0,-78400120.7
2023-05-16,66.637019,241974160.0,299866585.5
2023-05-17,66.42516,236924160.0,-335447058.0
2023-05-18,66.196655,236474160.0,-29788494.750000004
2023-05-19,66.09267,235874160.0,-39655602.0
2023-05-22,66.111419,236324160.0,29750138.55
2023-05-23,65.886511,236424160.0,6588651.1
2023-05-24,65.474923,236574160.0,9821238.450000001
2023-05-25,64.577354,236524160.0,-3228867.7
2023-05-26,64.57851,236324160.0,-12915701.999999998
2023-05-30,64.327777,236524160.0,12865555.4
2023-05-31,64.940038,237224160.0,45458026.6
2023-06-01,64.470837,241374160.0,267553973.55
2023-06-02,65.121461,238824160.0,-166059725.54999998
2023-06-05,65.410741,239474160.0,42516981.65
2023-06-06,65.367029,236724160.0,-179759329.75
2023-06-07,66.472282,236024160.0,-46530597.400000006
2023-06-08,66.773938,238574160.0,170273541.9
2023-06-09,66.389865,238774160.0,13277973.0
2023-06-12,66.278783,238174160.0,-39767269.800000004
2023-06-13,66.248532,237174160.0,-66248532.0
2023-06-14,66.222253,237674160.0,33111126.499999996
2023-06-15,66.930522,238424160.0,50197891.5
2023-06-16,67.28223,240574160.0,144656794.5
2023-06-20,65.967633,240374160.0,-13193526.600000001
2023-06-21,66.520797,239674160.0,-46564557.9
2023-06-22,66.01774,239474160.0,-13203548.0
2023-06-23,65.020772,237924160.0,-100782196.6
2023-06-26,65.655521,237924160.0,0.0
2023-06-27,65.683533,237174160.0,-49262649.75
2023-06-28,64.714303,236474160.0,-45300012.1
2023-06-29,64.685213,234624160.0,-119667644.05000001
2023-06-30,65.469508,232574160.0,-134212491.4
2023-07-03,65.949208,233774160.0,79139049.6
2023-07-05,66.673154,234574160.0,53338523.199999996
2023-07-06,65.869261,233224160.0,-88923502.35
2023-07-07,65.382943,234624160.0,91536120.2
2023-07-10,65.110059,234424160.0,-13022011.8
2023-07-11,65.916856,231974160.0,-161496297.2
2023-07-12,66.882192,231574160.0,-26752876.8
2023-07-13,67.135963,234374160.0,187980696.4
2023-07-14,66.859366,234324160.0,-3342968.3
2023-07-17,66.074079,232474160.0,-122237046.14999999
2023-07-18,65.561034,234524160.0,134400119.70000002
2023-07-19,66.229031,233374160.0,-76163385.65
2023-07-20,67.449647,233924160.0,37097305.85
2023-07-21,68.459125,233924160.0,0.0
2023-07-24,68.265324,234574160.0,44372460.6
2023-07-25,68.412925,235024160.0,30785816.25
2023-07-26,68.381775,233924160.0,-75219952.5
2023-07-27,67.202061,234624160.0,47041442.7
2023-07-28,67.039422,233924160.0,-46927595.4
2023-07-31,67.081154,232924160.0,-67081154.0
2023-08-01,66.239166,230424160.0,-165597915.0
2023-08-02,66.235702,230824160.0,26494280.8
2023-08-03,64.731057,230724160.0,-6473105.700000001
2023-08-04,63.965263,230224160.0,-31982631.5
2023-08-07,63.960327,230724160.0,31980163.5
2023-08-08,64.276049,230524160.0,-12855209.8
2023-08-09,64.415221,234074160.0,228674034.55
2023-08-10,64.227317,230674160.0,-218372877.8
2023-08-11,64.578817,227974160.0,-174362805.9
2023-08-14,64.06724,226824160.0,-73677326.0
2023-08-15,63.008126,227324160.0,31504063.0
2023-08-16,63.302897,227324160.0,0.0
2023-08-17,63.146269,226524160.0,-50517015.199999996
2023-08-18,63.458644,226474160.0,-3172932.2
2023-08-21,63.082017,226624160.0,9462302.55
2023-08-22,63.248248,226824160.0,12649649.6
2023-08-23,63.532505,227774160.0,60355879.75
2023-08-24,63.133929,227374160.0,-25253571.6
2023-08-25,63.625373,227924160.0,34993955.15
2023-08-28,63.600057,228174160.0,15900014.25
2023-08-29,63.841093,232224160.0,258556426.65
2023-08-30,63.570766,230924160.0,-82641995.8
2023-08-31,62.957125,231024160.0,6295712.5
2023-09-01,62.633676,229724160.0,-81423778.8
2023-09-05,61.673156,230024160.0,18501946.8
2023-09-06,61.797016,231224160.0,74156419.2
2023-09-07,62.604807,231974160.0,46953605.25
2023-09-08,63.201417,231474160.0,-31600708.5
2023-09-11,63.413471,233274160.0,114144247.8
2023-09-12,63.507047,230624160.0,-168293674.55
2023-09-13,64.268123,231624160.0,64268123.0
2023-09-14,65.2318,231524160.0,-6523180.000000001
2023-09-15,64.923954,231274160.0,-16230988.499999998
2023-09-18,64.368271,230824160.0,-28965721.949999996
2023-09-19,64.018498,230374160.0,-28808324.099999998
2023-09-20,64.084187,230974160.0,38450512.2
2023-09-21,63.39335,231074160.0,6339335.0
2023-09-22,63.307369,230424160.0,-41149789.85
2023-09-25,63.184069,229874160.0,-34751237.95
2023-09-26,61.289593,227724160.0,-131772624.95
2023-09-27,60.110951,227274160.0,-27049927.95
2023-09-28,58.821098,223574160.0,-217638062.6
2023-09-29,58.940526,223374160.0,-11788105.2
2023-10-02,56.168413,223724160.0,19658944.55
2023-10-03,56.822642,228024160.0,244337360.6
2023-10-04,56.773307,230024160.0,113546614.0
2023-10-05,56.462144,234724160.0,265372076.8
2023-10-06,57.232808,237024160.0,131635458.39999999
2023-10-09,57.807675,233774160.0,-187874943.75
2023-10-10,58.59088,235274160.0,87886320.0
2023-10-11,59.541898,237424160.0,128015080.7
2023-10-12,58.653854,235424160.0,-117307708.0
2023-10-13,59.292246,229674160.0,-340930414.5
2023-10-16,59.911885,227024160.0,-158766495.25
2023-10-17,59.767646,224874160.0,-128500438.89999999
2023-10-18,59.207906,224874160.0,0.0
2023-10-19,58.655183,223724160.0,-67453460.45
2023-10-20,58.038359,224824160.0,63842194.9
2023-10-23,57.562315,224374160.0,-25903041.75
2023-10-24,59.039427,225174160.0,47231541.6
2023-10-25,59.325851,225574160.0,23730340.4
2023-10-26,59.836286,224374160.0,-71803543.2
2023-10-27,58.754998,223074160.0,-76381497.4
2023-10-30,59.166259,223274160.0,11833251.799999999
2023-10-31,59.693577,222674160.0,-35816146.199999996
2023-11-01,60.345781,222874160.0,12069156.200000001
2023-11-02,61.48925,224474160.0,98382800.0
2023-11-03,61.855426,224974160.0,30927713.0
2023-11-06,61.695997,226324160.0,83289595.95
2023-11-07,61.246583,222574160.0,-229674686.25
2023-11-08,60.798282,221924160.0,-39518883.3
2023-11-09,59.99031,221624160.0,-17997093.0
2023-11-10,60.297073,220674160.0,-57282219.349999994
2023-11-13,59.592339,225824160.0,306900545.85
2023-11-14,61.978283,219474160.0,-393562097.05
2023-11-15,61.78203,220524160.0,64871131.5
2023-11-16,62.119691,217524160.0,-186359073.0
2023-11-17,62.289921,216874160.0,-40488448.65
2023-11-20,62.097727,217874160.0,62097727.0
2023-11-21,62.244015,216574160.0,-80917219.5
2023-11-22,62.51595,215374160.0,-75019140.0
2023-11-24,62.712926,215424160.0,3135646.3000000003
2023-11-27,62.772738,215224160.0,-12554547.6
2023-11-28,62.966832,216174160.0,59818490.4
2023-11-29,62.474144,218074160.0,118700873.60000001
2023-11-30,62.763451,220074160.0,125526902.0
2023-12-01,63.539714,219274160.0,-50831771.199999996
2023-12-04,63.290625,217924160.0,-85442343.75
2023-12-05,62.80348,221524160.0,226092528.0
2023-12-06,63.664984,222024160.0,31832492.0
2023-12-07,63.5448,222874160.0,54013080.0
2023-12-08,63.407921,222224160.0,-41215148.65
2023-12-11,63.82631,223374160.0,73400256.5
2023-12-12,63.579001,221974160.0,-89010601.39999999
2023-12-13,65.927192,222124160.0,9889078.8
2023-12-14,65.090439,223974160.0,120417312.15
2023-12-15,64.001026,223974160.0,0.0
2023-12-18,63.216321,225424160.0,91663665.45
2023-12-19,63.570347,224774160.0,-41320725.55
2023-12-20,62.314893,224974160.0,12462978.6
2023-12-21,62.395283,224124160.0,-53035990.55
2023-12-22,62.603866,221174160.0,-184681404.7
2023-12-26,63.006087,223824160.0,166966130.55
2023-12-27,62.951171,224574160.0,47213378.25
2023-12-28,63.414017,224874160.0,19024205.1
2023-12-29,63.356265,224724160.0,-9503439.75
2024-01-02,64.230368,223624160.0,-70653404.8
2024-01-03,64.482698,223024160.0,-38689618.8
2024-01-04,64.271073,223824160.0,51416858.4
2024-01-05,64.518048,225074160.0,80647559.99999999
2024-01-08,64.983988,225074160.0,0.0
2024-01-09,64.491914,226674160.0,103187062.39999999
2024-01-10,64.450922,226924160.0,16112730.500000002
2024-01-11,62.941848,228174160.0,78677310.0
2024-01-12,63.311189,228574160.0,25324475.599999998
2024-01-16,62.647812,227574160.0,-62647812.0
2024-01-17,61.696789,227424160.0,-9254518.35
2024-01-18,61.047431,226574160.0,-51890316.35
2024-01-19,60.970242,225974160.0,-36582145.2
2024-01-22,60.657083,225924160.0,-3032854.15
2024-01-23,60.796182,227224160.0,79035036.60000001
2024-01-24,59.959051,223924160.0,-197864868.3
2024-01-25,61.029262,220724160.0,-195293638.4
2024-01-26,61.228045,219074160.0,-101026274.25
2024-01-29,61.61815,213224160.0,-360466177.5
2024-01-30,61.602152,212524160.0,-43121506.4
2024-01-31,61.445829,208374160.0,-255000190.35000002
2024-02-01,62.602216,205674160.0,-169025983.2
2024-02-02,61.481067,200324160.0,-328923708.45
2024-02-05,60.235173,194574160.0,-346352244.75
2024-02-06,60.4359,201174160.0,398876940.0
2024-02-07,60.478108,200674160.0,-30239054.0
2024-02-08,60.024921,200424160.0,-15006230.25
2024-02-09,60.287815,200974160.0,33158298.25
2024-02-12,60.974684,201974160.0,60974684.0
2024-02-13,59.985732,201324160.0,-38990725.8
2024-02-14,60.317212,199174160.0,-129682005.8
2024-02-15,61.297307,200424160.0,76621633.75
2024-02-16,61.247198,200024160.0,-24498879.2
2024-02-20,61.164263,197424160.0,-159027083.79999998
2024-02-21,61.994422,197374160.0,-3099721.1
2024-02-22,61.517581,195424160.0,-119959282.95
2024-02-23,61.95746,195574160.0,9293619.0
2024-02-26,60.73208,195524160.0,-3036604.0
2024-02-27,61.874165,194024160.0,-92811247.5
2024-02-28,62.059269,192874160.0,-71368159.35
2024-02-29,62.123738,191724160.0,-71442298.7
2024-03-01,61.705323,198574160.0,422681462.55
2024-03-04,62.730693,189274160.0,-583395444.9
2024-03-05,62.566806,191824160.0,159545355.3
2024-03-06,63.166608,191524160.0,-18949982.4
2024-03-07,63.589244,193174160.0,104922252.6
2024-03-08,63.730236,193124160.0,-3186511.8
2024-03-11,64.054082,192874160.0,-16013520.499999998
2024-03-12,63.432948,193974160.0,69776242.8
2024-03-13,63.845898,194124160.0,9576884.7
2024-03-14,63.352077,190924160.0,-202726646.4
2024-03-15,63.437918,191174160.0,15859479.5
2024-03-18,63.208746,191074160.0,-6320874.6
2024-03-19,63.787821,192274160.0,76545385.2
2024-03-20,63.895358,197374160.0,325866325.8
2024-03-21,63.761888,191074160.0,-401699894.4
2024-03-22,63.85434,187624160.0,-220297473.0
2024-03-25,64.145921,189324160.0,109048065.7
2024-03-26,63.419206,189274160.0,-3170960.3000000003
2024-03-27,65.178472,188024160.0,-81473090.0
2024-03-28,65.668422,188174160.0,9850263.3
2024-04-01,65.247783,187624160.0,-35886280.65
2024-04-02,65.357006,186624160.0,-65357006.0
2024-04-03,65.08552,185174160.0,-94374004.0
2024-04-04,64.956364,185524160.0,22734727.4
2024-04-05,65.182187,187224160.0,110809717.89999999
2024-04-08,65.599152,187474160.0,16399788.0
2024-04-09,65.961877,187124160.0,-23086656.95
2024-04-10,64.820663,183724160.0,-220390254.2
2024-04-11,64.688206,182924160.0,-51750564.8
2024-04-12,64.211628,182024160.0,-57790465.2
2024-04-15,63.627373,182974160.0,60446004.35
2024-04-16,62.767327,182224160.0,-47075495.25
2024-04-17,64.071532,181824160.0,-25628612.8
2024-04-18,64.464146,181974160.0,9669621.9
2024-04-19,65.409954,180974160.0,-65409954.0
2024-04-22,66.034698,178974160.0,-132069396.00000001
2024-04-23,66.356491,180374160.0,92899087.4
2024-04-24,66.748527,180174160.0,-13349705.399999999
2024-04-25,66.927013,178824160.0,-90351467.55
2024-04-26,66.17686,179474160.0,43014959.0
2024-04-29,67.111333,179774160.0,20133399.900000002
2024-04-30,66.745521,184974160.0,347076709.2
2024-05-01,67.52295,185324160.0,23633032.499999996
2024-05-02,67.862841,183124160.0,-149298250.20000002
2024-05-03,68.443639,183874160.0,51332729.25
2024-05-06,68.767071,183624160.0,-17191767.75
2024-05-07,69.533502,184174160.0,38243426.1
2024-05-08,70.260229,184324160.0,10539034.35
2024-05-09,71.353044,183924160.0,-28541217.599999998
2024-05-10,71.261986,185724160.0,128271574.79999998
2024-05-13,71.279226,186974160.0,89099032.5
2024-05-14,71.454552,191374160.0,314400028.8
2024-05-15,72.477787,187924160.0,-250048365.15000004
2024-05-16,72.266251,191824160.0,281838378.9
2024-05-17,72.335782,192574160.0,54251836.49999999
2024-05-20,72.183373,188074160.0,-324825178.5
2024-05-21,72.880265,186774160.0,-94744344.5
2024-05-22,72.021056,185574160.0,-86425267.2
2024-05-23,70.798607,185424160.0,-10619791.05
2024-05-24,71.505291,185324160.0,-7150529.1
2024-05-28,71.421178,186824160.0,107131767.0
2024-05-29,70.491228,187574160.0,52868421.00000001
2024-05-30,71.478654,190774160.0,228731692.8
2024-05-31,72.705318,191924160.0,83611115.7
2024-06-03,71.861219,191924160.0,0.0
2024-06-04,71.844153,195524160.0,258638950.8
2024-06-05,71.427594,199974160.0,317852793.3
2024-06-06,70.694904,201024160.0,74229649.19999999
2024-06-07,69.949025,200974160.0,-3497451.2500000005
2024-06-10,70.848598,201824160.0,60221308.3
2024-06-11,70.401542,201474160.0,-24640539.700000003
2024-06-12,69.943406,201974160.0,34971703.0
2024-06-13,70.103834,201774160.0,-14020766.8
2024-06-14,69.944291,202624160.0,59452647.35000001
2024-06-17,69.166009,203724160.0,76082609.9
2024-06-18,69.183362,202324160.0,-96856706.8
2024-06-20,69.797193,200874160.0,-101205929.85
2024-06-21,69.422829,198074160.0,-194383921.2
2024-06-24,69.72619,197574160.0,-34863095.0
2024-06-25,69.044163,200774160.0,220941321.6
2024-06-26,68.780526,203324160.0,175390341.29999998
2024-06-27,68.905131,202474160.0,-58569361.349999994
2024-06-28,68.162214,202824160.0,23856774.900000002
2024-07-01,67.694795,204224160.0,94772713.0
2024-07-02,67.991661,203124160.0,-74790827.1
2024-07-03,68.416945,203824160.0,47891861.5
2024-07-05,68.543911,204524160.0,47980737.699999996
2024-07-08,68.612009,204224160.0,-20583602.7
2024-07-09,68.802306,204124160.0,-6880230.600000001
2024-07-10,69.450641,204724160.0,41670384.6
2024-07-11,70.718913,205174160.0,31823510.85
2024-07-12,71.231932,205974160.0,56985545.6
2024-07-15,69.53294,206174160.0,13906588.0
2024-07-16,70.069156,207674160.0,105103734.00000001
2024-07-17,70.094716,207674160.0,0.0
2024-07-18,70.048687,210824160.0,220653364.05
2024-07-19,70.125942,210074160.0,-52594456.49999999
2024-07-22,70.733686,210024160.0,-3536684.3000000003
2024-07-23,70.271746,210724160.0,49190222.199999996
2024-07-24,71.082944,211174160.0,31987324.8
2024-07-25,70.461226,211924160.0,52845919.5
2024-07-26,71.156058,216674160.0,337991275.5
2024-07-29,71.471705,216374160.0,-21441511.5
2024-07-30,71.861355,217424160.0,75454422.75
2024-07-31,72.772404,218674160.0,90965505.0
2024-08-01,74.137903,219424160.0,55603427.24999999
2024-08-02,74.249523,221424160.0,148499046.0
2024-08-05,72.257327,225474160.0,292642174.35
2024-08-06,72.850021,226874160.0,101990029.39999999
2024-08-07,73.263499,227174160.0,21979049.7
2024-08-08,73.374625,227224160.0,3668731.2499999995
2024-08-09,73.59721,227424160.0,14719442.0
2024-08-12,73.747662,228324160.0,66372895.800000004
2024-08-13,74.158184,228274160.0,-3707909.2
2024-08-14,74.121985,237574160.0,689334460.5
2024-08-15,74.115763,229124160.0,-626278197.35
2024-08-16,74.46111,230874160.0,130306942.50000001
2024-08-19,74.952705,231324160.0,33728717.25
2024-08-20,74.777856,228674160.0,-198161318.4
2024-08-21,75.328459,229124160.0,33897806.55
2024-08-22,75.199812,229124160.0,0.0
2024-08-23,75.419279,228024160.0,-82961206.9
2024-08-26,75.882967,228474160.0,34147335.15
2024-08-27,75.322765,227874160.0,-45193659.0
2024-08-28,75.31872,226174160.0,-128041824.0
2024-08-29,75.728089,225974160.0,-15145617.799999999
2024-08-30,76.294082,226924160.0,72479377.9
2024-09-03,76.193619,225924160.0,-76193619.0
2024-09-04,76.837043,226274160.0,26892965.049999997
2024-09-05,76.62719,230774160.0,344822355.0
2024-09-06,75.910193,231774160.0,75910193.0
2024-09-09,76.673486,232424160.0,49837765.9
2024-09-10,77.022874,233074160.0,50064868.1
2024-09-11,77.297806,234574160.0,115946708.99999999
2024-09-12,77.425988,235124160.0,42584293.4
2024-09-13,78.532779,235624160.0,39266389.5
2024-09-16,79.123221,235374160.0,-19780805.25
2024-09-17,79.057324,234974160.0,-31622929.599999998
2024-09-18,78.452871,231724160.0,-254971830.75
2024-09-19,78.004047,229424160.0,-179409308.1
2024-09-20,80.099804,228874160.0,-44054892.2
2024-09-23,80.348514,230524160.0,132575048.1
2024-09-24,79.74065,230824160.0,23922195.0
2024-09-25,80.171497,228374160.0,-196420167.65
2024-09-26,79.619304,228224160.0,-11942895.6
2024-09-27,80.4237,226974160.0,-100529625.0
2024-09-30,80.764881,228274160.0,104994345.3
2024-10-01,81.414841,229074160.0,65131872.8
2024-10-02,81.45731,233124160.0,329902105.5
2024-10-03,81.437717,233174160.0,4071885.85
2024-10-04,81.301468,233024160.0,-12195220.2
2024-10-07,79.434743,232574160.0,-35745634.35
2024-10-08,79.47942,232774160.0,15895884.0
2024-10-09,78.775998,231524160.0,-98469997.5
2024-10-10,78.531348,232024160.0,39265674.0
2024-10-11,79.23049,230274160.0,-138653357.5
2024-10-14,80.250004,229774160.0,-40125002.0
2024-10-15,80.608617,229774160.0,0.0
2024-10-16,82.24804,229524160.0,-20562010.0
2024-10-17,81.486301,229874160.0,28520205.349999998
2024-10-18,81.937356,231224160.0,110615430.6
2024-10-21,81.645175,230624160.0,-48987105.0
2024-10-22,81.321641,230124160.0,-40660820.5
2024-10-23,82.146117,229674160.0,-36965752.65
2024-10-24,81.564257,231624160.0,159050301.15
2024-10-25,80.374654,231774160.0,12056198.100000001
2024-10-28,81.005456,228774160.0,-243016368.0
2024-10-29,79.280745,228424160.0,-27748260.75
2024-10-30,79.093408,228574160.0,11864011.2
2024-10-31,79.93392,229424160.0,67943832.0
2024-11-01,78.141805,228624160.0,-62513444.00000001
2024-11-04,77.200436,229324160.0,54040305.199999996
2024-11-05,78.339243,229774160.0,35252659.35
2024-11-06,77.574163,229374160.0,-31029665.2
2024-11-07,77.705011,227424160.0,-151524771.45
2024-11-08,79.152798,229474160.0,162263235.9
2024-11-11,79.39041,221824160.0,-607336636.5
2024-11-12,78.50545,217874160.0,-310096527.5
2024-11-13,78.36108,221074160.0,250755456.0
2024-11-14,78.078601,214224160.0,-534838416.85
2024-11-15,79.280913,212424160.0,-142705643.4
2024-11-18,79.906976,213074160.0,51939534.4
2024-11-19,80.434521,212924160.0,-12065178.15
2024-11-20,80.494717,213974160.0,84519452.85
2024-11-21,81.92204,214524160.0,45057122.0
2024-11-22,81.451674,216274160.0,142540429.5
2024-11-25,81.621918,216474160.0,16324383.6
2024-11-26,82.89304,216874160.0,33157216.0
2024-11-27,82.87804,217374160.0,41439020.0
2024-11-29,82.87296,219824160.0,203038752.00000003
2024-12-02,81.152797,220524160.0,56806957.900000006
2024-12-03,80.441694,220274160.0,-20110423.5
2024-12-04,80.458748,219874160.0,-32183499.2
2024-12-05,80.687678,221324160.0,116997133.10000001
2024-12-06,79.725648,220824160.0,-39862824.0
2024-12-09,78.693049,220874160.0,3934652.45
2024-12-10,78.079496,220374160.0,-39039748.0
2024-12-11,77.646564,220074160.0,-23293969.2
2024-12-12,77.565572,219824160.0,-19391393.0
2024-12-13,77.622445,219174160.0,-50454589.25
2024-12-16,76.998905,218774160.0,-30799561.999999996
2024-12-17,76.704397,218074160.0,-53693077.9
2024-12-18,74.892462,218374160.0,22467738.599999998
2024-12-19,75.251615,218674160.0,22575484.5
2024-12-20,76.400623,219424160.0,57300467.25
2024-12-23,76.069989,218574160.0,-64659490.650000006
2024-12-24,76.493331,219124160.0,42071332.05
2024-12-26,76.28567,218674160.0,-34328551.5
2024-12-27,76.063541,215474160.0,-243403331.2
2024-12-30,75.76897,216524160.0,79557418.5
2024-12-31,75.679844,216624160.0,7567984.4
2025-01-02,76.233953,215624160.0,-76233953.0
2025-01-03,77.071561,215824160.0,15414312.200000001
2025-01-06,76.247391,214874160.0,-72435021.44999999
2025-01-07,76.047452,216024160.0,87454569.80000001
2025-01-08,76.039675,215974160.0,-3801983.75
2025-01-10,75.603672,216774160.0,60482937.6
2025-01-13,74.702202,216924160.0,11205330.3
2025-01-14,75.670594,217874160.0,71887064.3
2025-01-15,76.77343,217824160.0,-3838671.5000000005
2025-01-16,78.75068,217874160.0,3937534.0
2025-01-17,78.825848,222074160.0,331068561.59999996
2025-01-21,80.046831,221424160.0,-52030440.15
2025-01-22,78.30559,222774160.0,105712546.5
2025-01-23,78.669947,223774160.0,78669947.0
2025-01-24,79.506826,225624160.0,147087628.1
2025-01-27,77.657174,225424160.0,-15531434.799999999
2025-01-28,76.581749,224174160.0,-95727186.25
2025-01-29,76.725648,223974160.0,-15345129.600000001
2025-01-30,78.36502,222424160.0,-121465781.0
2025-01-31,77.891809,221874160.0,-42840494.949999996
2025-02-03,78.274022,221174160.0,-54791815.4
2025-02-04,77.582823,221224160.0,3879141.1500000004
2025-02-05,78.386571,221324160.0,7838657.100000001
2025-02-06,78.337814,221674160.0,27418234.9
2025-02-07,78.123873,222624160.0,74217679.35000001
2025-02-10,79.005126,222824160.0,15801025.200000001
2025-02-11,79.394396,223174160.0,27788038.6
2025-02-12,79.281864,223574160.0,31712745.599999998
2025-02-13,79.396311,222624160.0,-75426495.45
2025-02-14,79.071715,223524160.0,71164543.5
2025-02-18,79.864478,223924160.0,31945791.200000003
2025-02-19,80.241154,223624160.0,-24072346.2
2025-02-20,80.264459,223974160.0,28092560.650000002
2025-02-21,80.250851,224274160.0,24075255.3
2025-02-24,79.867988,228424160.0,331452150.2
2025-02-25,79.469826,225274160.0,-250329951.9
2025-02-26,79.766103,226174160.0,71789492.7
2025-02-27,77.992725,226174160.0,0.0
2025-02-28,79.202969,225774160.0,-31681187.599999998
2025-03-03,79.35178,226774160.0,79351780.0
2025-03-04,78.019117,227024160.0,19504779.25
2025-03-05,77.488481,226824160.0,-15497696.2
2025-03-06,75.901568,225324160.0,-113852352.0
2025-03-07,77.303683,226774160.0,112090340.35000001
2025-03-10,78.147148,228124160.0,105498649.8
2025-03-11,77.445729,228974160.0,65828869.65
2025-03-12,77.161333,224324160.0,-358800198.45
2025-03-13,77.368846,224824160.0,38684423.0
2025-03-14,78.853791,225174160.0,27598826.85
2025-03-17,79.183624,224874160.0,-23755087.2
2025-03-18,78.663744,225624160.0,58997807.99999999
2025-03-19,78.895416,224924160.0,-55226791.199999996
2025-03-20,79.254512,224424160.0,-39627256.0
2025-03-21,78.73271,225224160.0,62986168.0
2025-03-24,78.170415,225024160.0,-15634083.000000002
2025-03-25,76.910974,225174160.0,11536646.1
2025-03-26,77.451143,226524160.0,104559043.05
2025-03-27,77.42287,225624160.0,-69680583.0
2025-03-28,78.010139,225174160.0,-35104562.55
2025-03-31,78.844638,226424160.0,98555797.5
2025-04-01,79.081945,227774160.0,106760625.75
2025-04-02,79.432362,228324160.0,43687799.1
2025-04-03,78.949187,227674160.0,-51316971.55
2025-04-04,74.541963,229074160.0,104358748.19999999
2025-04-07,73.421783,228674160.0,-29368713.200000003
2025-04-08,73.065665,225824160.0,-208237145.25
2025-04-09,75.923059,224624160.0,-91107670.8
2025-04-10,75.446456,223974160.0,-49040196.4
2025-04-11,76.339152,222224160.0,-133593516.0
2025-04-14,77.676169,223024160.0,62140935.2
2025-04-15,77.711356,222824160.0,-15542271.2
2025-04-16,76.986035,223474160.0,50040922.75
2025-04-17,77.775277,224774160.0,101107860.10000001
2025-04-21,75.913565,226124160.0,102483312.75
2025-04-22,78.010829,226424160.0,23403248.7
2025-04-23,78.330216,227824160.0,109662302.39999999
2025-04-24,78.473248,227774160.0,-3923662.4
2025-04-25,78.176146,227624160.0,-11726421.9
2025-04-28,78.724235,228074160.0,35425905.75
2025-04-29,79.279822,228574160.0,39639911.0
2025-04-30,78.913292,229524160.0,74967627.4
2025-05-01,79.166205,228474160.0,-83124515.25
2025-05-02,79.742272,229474160.0,79742272.0
2025-05-05,79.517055,228824160.0,-51686085.75
2025-05-06,80.491333,229424160.0,48294799.8
2025-05-07,80.740039,228424160.0,-80740039.0
2025-05-08,80.050507,229224160.0,64040405.599999994
2025-05-09,80.227097,230774160.0,124352000.35
2025-05-12,79.711435,231324160.0,43841289.25
2025-05-13,79.655526,231774160.0,35844986.699999996
2025-05-14,79.300201,231774160.0,0.0
2025-05-15,81.006443,230624160.0,-93157409.45
2025-05-16,82.211264,230224160.0,-32884505.6
2025-05-19,82.539901,230074160.0,-12380985.15
2025-05-20,82.782495,228974160.0,-91060744.5
2025-05-21,81.246485,228524160.0,-36560918.25
2025-05-22,80.103427,228324160.0,-16020685.399999999
2025-05-23,81.03902,228774160.0,36467559.0
2025-05-27,81.672979,228574160.0,-16334595.799999999
2025-05-28,80.503883,229024160.0,36226747.35
2025-05-29,81.096561,228524160.0,-40548280.5
2025-05-30,81.97138,228724160.0,16394276.0
2025-06-02,82.196309,229674160.0,78086493.55
2025-06-03,82.379169,227574160.0,-172996254.9
2025-06-04,80.987869,227124160.0,-36444541.050000004
2025-06-05,80.855117,226224160.0,-72769605.30000001
2025-06-06,81.190798,225574160.0,-52774018.7
2025-06-09,80.679196,225374160.0,-16135839.200000001
2025-06-10,80.855871,225274160.0,-8085587.1
2025-06-11,80.892735,227874160.0,210321111.0
2025-06-12,81.907687,228624160.0,61430765.25
2025-06-13,81.419279,228874160.0,20354819.75
2025-06-16,81.027342,229124160.0,20256835.5
2025-06-17,80.376885,229224160.0,8037688.5
2025-06-18,80.580154,227274160.0,-157131300.29999998
2025-06-20,80.786951,227624160.0,28275432.85
2025-06-23,81.239861,228424160.0,64991888.800000004
2025-06-24,81.56199,229724160.0,106030587.0
2025-06-25,80.444374,230874160.0,92511030.1
2025-06-26,81.131411,232524160.0,133866828.15
2025-06-27,81.339413,232474160.0,-4066970.6499999994
2025-06-30,81.663944,232674160.0,16332788.8
2025-07-01,81.939678,232674160.0,0.0
2025-07-02,81.22807,233374160.0,56859649.0
2025-07-03,81.831838,233524160.0,12274775.700000001
2025-07-07,81.989018,233374160.0,-12298352.700000001
2025-07-08,81.113857,233124160.0,-20278464.25
2025-07-09,81.922429,236224160.0,253959529.89999998
2025-07-10,82.563199,239674160.0,284843036.55
2025-07-11,82.463475,241874160.0,181419645.0
2025-07-14,82.753327,243074160.0,99303992.39999999
2025-07-15,81.990179,242524160.0,-45094598.449999996
2025-07-16,82.038576,242224160.0,-24611572.8
2025-07-17,82.339522,242174160.0,-4116976.1
2025-07-18,83.746188,243024160.0,71184259.8
2025-07-21,83.988178,243924160.0,75589360.2
2025-07-22,85.068782,244774160.0,72308464.7
2025-07-23,84.398494,245074160.0,25319548.2
2025-07-24,84.276804,244824160.0,-21069201.0
2025-07-25,84.491168,246824160.0,168982336.0
2025-07-28,83.606747,246674160.0,-12541012.049999999
2025-07-29,84.583337,246724160.0,4229166.85
2025-07-30,85.16822,246724160.0,0.0
2025-07-31,85.690615,245124160.0,-137104984.0
2025-08-01,85.808603,244974160.0,-12871290.450000001
2025-08-04,87.300427,244824160.0,-13095064.05
2025-08-05,86.384899,246074160.0,107981123.75
2025-08-06,85.604541,247074160.0,85604541.0
2025-08-07,86.51391,248124160.0,90839605.5
2025-08-08,86.167819,248674160.0,47392300.449999996
2025-08-11,85.884888,248174160.0,-42942444.0
2025-08-12,86.272184,249174160.0,86272184.0
2025-08-13,86.457394,250224160.0,90780263.69999999
2025-08-14,85.863453,250224160.0,0.0
2025-08-15,85.598578,249424160.0,-68478862.4
2025-08-18,85.237523,249724160.0,25571256.9
2025-08-19,86.077387,250024160.0,25823216.1
2025-08-20,86.179888,250274160.0,21544972.0
2025-08-21,85.581342,250074160.0,-17116268.400000002
2025-08-22,86.047137,249624160.0,-38721211.650000006
2025-08-25,85.062862,249274160.0,-29772001.7
2025-08-26,85.25309,249274160.0,0.0
2025-08-27,85.302211,247624160.0,-140748648.15
2025-08-28,84.639188,248224160.0,50783512.800000004
2025-08-29,84.330872,249574160.0,113846677.2
2025-09-02,84.022153,249374160.0,-16804430.6
2025-09-03,83.852887,248274160.0,-92238175.69999999
2025-09-04,83.721044,248574160.0,25116313.200000003
2025-09-05,83.478884,248524160.0,-4173944.1999999997
2025-09-08,82.585497,248624160.0,8258549.7
2025-09-09,83.206424,249724160.0,91527066.39999999
2025-09-10,84.622004,248974160.0,-63466503.0
2025-09-11,85.031547,248324160.0,-55270505.550000004
2025-09-12,85.506568,247274160.0,-89781896.4
2025-09-15,85.670948,247274160.0,0.0
2025-09-16,84.128228,245924160.0,-113573107.8
2025-09-17,84.371926,245374160.0,-46404559.300000004
2025-09-18,84.414383,245424160.0,4220719.15
2025-09-19,84.963865,245374160.0,-4248193.25
2025-09-22,85.192459,244874160.0,-42596229.5
2025-09-23,85.650434,244574160.0,-25695130.200000003
2025-09-24,86.273218,243324160.0,-107841522.5
2025-09-25,85.440241,242924160.0,-34176096.4
2025-09-26,86.79702,243074160.0,13019553.0
2025-09-29,87.052097,242924160.0,-13057814.55
2025-09-30,87.241335,244024160.0,95965468.5
2025-10-01,88.075714,243324160.0,-61652999.800000004
2025-10-02,87.89612,242974160.0,-30763642.0
2025-10-03,88.903069,242624160.0,-31116074.150000002
2025-10-06,89.771313,242374160.0,-22442828.25
2025-10-07,90.169442,242524160.0,13525416.3
2025-10-08,90.790825,241674160.0,-77172201.25
2025-10-09,90.583837,242274160.0,54350302.2
2025-10-10,90.184484,242774160.0,45092242.0
2025-10-13,90.859815,243074160.0,27257944.5
2025-10-14,91.693693,244324160.0,114617116.25
2025-10-15,92.872772,245024160.0,65010940.4
2025-10-16,91.913501,246524160.0,137870251.5
2025-10-17,91.560536,249024160.0,228901340.0
2025-10-20,91.509931,247424160.0,-146415889.6
2025-10-21,90.608068,249624160.0,199337749.6
2025-10-22,90.380757,250174160.0,49709416.35
2025-10-23,90.31591,250674160.0,45157955.0
2025-10-24,91.384302,252224160.0,141645668.1
2025-10-27,91.635461,252674160.0,41235957.45
2025-10-28,90.110549,252574160.0,-9011054.9
2025-10-29,90.095569,252574160.0,0.0
2025-10-30,89.735912,252574160.0,0.0
2025-10-31,89.070677,253274160.0,62349473.900000006
2025-11-03,89.133053,252974160.0,-26739915.900000002
2025-11-04,88.809082,251324160.0,-146534985.3
2025-11-05,88.840129,250924160.0,-35536051.6
2025-11-06,88.457082,251674160.0,66342811.5
2025-11-07,89.698416,251674160.0,0.0
2025-11-10,89.652163,251024160.0,-58273905.95
2025-11-11,89.699485,251024160.0,0.0
2025-11-12,89.909994,251124160.0,8990999.4
2025-11-13,88.682107,250874160.0,-22170526.75
2025-11-14,88.772937,250024160.0,-75456996.45
2025-11-17,89.574295,249674160.0,-31351003.250000004
2025-11-18,89.185007,249774160.0,8918500.7
2025-11-19,88.484691,249774160.0,0.0
2025-11-20,88.033302,248724160.0,-92434967.10000001
2025-11-21,88.129476,248824160.0,8812947.6
2025-11-24,89.127335,248974160.0,13369100.25
2025-11-25,88.818605,248474160.0,-44409302.5
2025-11-26,89.990333,247324160.0,-103488882.95
2025-11-28,90.638598,248724160.0,126894037.2
2025-12-01,88.516338,248524160.0,-17703267.6
2025-12-02,87.879728,247674160.0,-74697768.8
2025-12-03,87.594918,246724160.0,-83215172.10000001
2025-12-04,87.406771,246274160.0,-39333046.95
2025-12-05,43.291728,496148320.0,10817484168.94848
2025-12-08,42.728896,498448320.0,98276460.8
2025-12-09,42.740584,501498320.0,130358781.19999999
2025-12-10,42.711155,506098320.0,196471313.0
2025-12-11,43.04041,510648320.0,195833865.5
2025-12-12,42.837582,512348320.0,72823889.39999999
2025-12-15,43.219735,512798320.0,19448880.75
2025-12-16,43.064031,511498320.0,-55983240.3
2025-12-17,42.732245,510748320.0,-32049183.75
2025-12-18,43.192855,508648320.0,-90704995.5
2025-12-19,42.615329,509698320.0,44746095.45
2025-12-22,42.480029,511448320.0,74340050.75
2025-12-23,42.603591,510398320.0,-44733770.550000004
2025-12-24,42.837784,509098320.0,-55689119.199999996
2025-12-26,42.784497,509198320.0,4278449.7
2025-12-29,42.863415,511898320.0,115731220.50000001
2025-12-30,42.949476,510848320.0,-45096949.8
2025-12-31,42.685467,509898320.0,-40551193.650000006
2026-01-02,43.19165,507448320.0,-105819542.5
2026-01-05,42.691815,508748320.0,55499359.5
2026-01-06,42.900269,509198320.0,19305121.05
2026-01-07,41.855793,509348320.0,6278368.95
2026-01-08,41.989554,505748320.0,-151162394.4
2026-01-09,42.508094,507498320.0,74389164.5
2026-01-12,42.58889,506498320.0,-42588890.0
2026-01-13,42.85557,507098320.0,25713342.0
2026-01-14,43.171469,509548320.0,105770099.05000001
2026-01-15,43.621548,511298320.0,76337709.0
2026-01-16,43.398572,513398320.0,91137001.2
2026-01-20,42.951908,511448320.0,-83756220.60000001
2026-01-21,43.036785,511248320.0,-8607357.0
2026-01-22,42.720193,509798320.0,-61944279.85
2026-01-23,42.551372,511248320.0,61699489.4
2026-01-26,42.881346,511248320.0,0.0
2026-01-27,43.415333,511798320.0,23878433.15
2026-01-28,43.313724,511948320.0,6497058.6
2026-01-29,43.346549,510548320.0,-60685168.6
2026-01-30,43.266043,513048320.0,108165107.50000001
2026-02-02,42.604458,508648320.0,-187459615.20000002
2026-02-03,43.266185,508598320.0,-2163309.25
2026-02-04,43.077464,508598320.0,0.0
2026-02-05,43.12441,508248320.0,-15093543.5
2026-02-06,43.357158,509498320.0,54196447.5
2026-02-09,43.499204,506048320.0,-150072253.79999998
2026-02-10,44.211479,503848320.0,-97265253.8
2026-02-11,44.594465,505348320.0,66891697.5
2026-02-12,45.26295,506648320.0,58841834.99999999
2026-02-13,46.516956,507898320.0,58146195.0
2026-02-17,46.379067,510548320.0,122904527.55
2026-02-18,45.604506,509498320.0,-47884731.3
2026-02-19,46.125682,510648320.0,53044534.3
2026-02-20,46.333622,510148320.0,-23166811.0
2026-02-23,46.670517,509948320.0,-9334103.399999999
2026-02-24,47.180375,513798320.0,181644443.75
2026-02-25,47.348371,509748320.0,-191760902.55
2026-02-26,47.169522,509748320.0,0.0
2026-02-27,47.735101,510248320.0,23867550.5
2026-03-02,47.381663,516348320.0,289028144.3
2026-03-03,47.075487,516848320.0,23537743.5
2026-03-04,47.26844,522598320.0,271793530.0
2026-03-05,46.917424,524348320.0,82105492.0
2026-03-06,46.738205,523998320.0,-16358371.75
2026-03-09,46.83039,522898320.0,-51513429.0
2026-03-10,46.555244,525448320.0,118715872.2
2026-03-11,46.180212,527948320.0,115450530.0
2026-03-12,46.515637,529648320.0,79076582.89999999
2026-03-13,46.962026,530298320.0,30525316.900000002
2026-03-16,47.238203,533848320.0,167695620.65
2026-03-17,47.117573,533898320.0,2355878.65
2026-03-18,46.743274,535198320.0,60766256.2
2026-03-19,46.537345,536198320.0,46537345.0
2026-03-20,44.627548,534898320.0,-58015812.4
2026-03-23,44.772449,528998320.0,-264157449.10000002
2026-03-24,45.102162,531348320.0,105990080.7
2026-03-25,45.238574,529948320.0,-63334003.6
2026-03-26,45.342112,530448320.0,22671056.0
2026-03-27,45.618696,529548320.0,-41056826.4
2026-03-30,45.919558,528948320.0,-27551734.8
2026-03-31,45.883087,532198320.0,149120032.75
2026-04-01,46.08997,528498320.0,-170532889.0
2026-04-02,46.351109,529998320.0,69526663.5
2026-04-06,46.154503,531498320.0,69231754.5
2026-04-07,46.28552,535248320.0,173570700.0
2026-04-08,46.758252,536848320.0,74813203.2
2026-04-09,47.152179,537898320.0,49509787.949999996
2026-04-10,46.944719,542098320.0,197167819.79999998
2026-04-13,46.38744,542298320.0,9277488.0
2026-04-14,46.470375,541798320.0,-23235187.5
2026-04-15,46.037767,540748320.0,-48339655.35
2026-04-16,46.343855,538898320.0,-85736131.75
2026-04-17,46.150032,532998320.0,-272285188.8
2026-04-20,45.729721,530648320.0,-107464844.35
2026-04-21,44.928399,530248320.0,-17971359.599999998
2026-04-22,44.855096,527548320.0,-121108759.2
2026-04-23,46.109687,524498320.0,-140634545.35
2026-04-24,46.183336,522648320.0,-85439171.6
2026-04-27,46.172457,514398320.0,-380922770.25
2026-04-28,46.234715,513448320.0,-43922979.25
2026-04-29,45.665557,513948320.0,22832778.5
2026-04-30,46.839077,513498320.0,-21077584.650000002
2026-05-01,46.533115,515398320.0,88412918.5
2026-05-04,46.378535,515498320.0,4637853.5
2026-05-05,46.383025,512698320.0,-129872470.00000001
2026-05-06,45.713033,510498320.0,-100568672.60000001
2026-05-07,45.108587,509698320.0,-36086869.6
2026-05-08,44.721348,510848320.0,51429550.199999996
2026-05-11,45.156868,508348320.0,-112892170.0
2026-05-12,45.208499,507948320.0,-18083399.6
2026-05-13,44.649781,504748320.0,-142879299.2
2026-05-14,44.906311,503348320.0,-62868835.400000006
2026-05-15,43.859471,504848320.0,65789206.5
2026-05-18,43.916985,510548320.0,250326814.49999997
2026-05-19,44.351703,506948320.0,-159666130.8
2026-05-20,44.527503,504798320.0,-95734131.45
2026-05-21,44.990568,505098320.0,13497170.4
2026-05-22,45.352769,500598320.0,-204087460.5
2026-05-26,45.34385,500298320.0,-13603155.000000002
2026-05-27,45.124685,500298320.0,0.0
2026-05-28,44.616939,502148320.0,82541337.15
2026-05-29,44.430201,503148320.0,44430201.0
2026-06-01,43.07872,503848320.0,30155103.999999996
2026-06-02,43.909034,503748320.0,-4390903.399999999
2026-06-03,43.672969,505398320.0,72060398.85000001
2026-06-04,43.953195,512398320.0,307672365.0
2026-06-05,44.3466,508498320.0,-172951740.0
2026-06-08,43.494601,506098320.0,-104387042.4
2026-06-09,44.005734,506048320.0,-2200286.6999999997
2026-06-10,44.009789,506698320.0,28606362.849999998
2026-06-11,44.040719,506548320.0,-6606107.850000001
2026-06-12,44.533656,510498320.0,175907941.2
2026-06-15,44.752046,511648320.0,51464852.9
2026-06-16,45.05896,508898320.0,-123912140.0
2026-06-17,44.476158,508598320.0,-13342847.399999999
2026-06-18,44.767432,505598320.0,-134302296.0
2026-06-22,44.714524,506448320.0,38007345.4
2026-06-23,45.083772,509548320.0,139759693.20000002
2026-06-24,45.557663,508448320.0,-50113429.3
2026-06-25,45.858366,511398320.0,135282179.7
2026-06-26,46.244345,512698320.0,60117648.5
2026-06-29,46.027254,514998320.0,105862684.2
2026-06-30,45.343326,509698320.0,-240319627.79999998
2026-07-01,44.752358,511748320.0,91742333.9
2026-07-02,45.765069,517648320.0,270013907.09999996
2026-07-06,45.280291,518348320.0,31696203.7
2026-07-07,45.703851,519698320.0,61700198.85
2026-07-08,45.3694,521298320.0,72591040.0
2026-07-09,45.121513,521048320.0,-11280378.25
2026-07-10,45.397424,520348320.0,-31778196.8
2026-07-13,45.702034,519798320.0,-25136118.7
2026-07-14,45.678565,517998320.0,-82221417.0
2026-07-15,45.232309,517998320.0,0.0
2026-07-16,45.486504,519648320.0,75052731.6
2026-07-17,45.158326,519098320.0,-24837079.3
2026-07-20,44.918993,518198320.0,-40427093.7
2026-07-21,44.926516,516098320.0,-94345683.6
2026-07-22,45.953313,514598320.0,-68929969.5
2026-07-23,46.193889,514648320.0,2309694.4499999997
2026-07-24,46.275368,514498320.0,-6941305.2
2026-07-27,45.662943,515598320.0,50229237.3
2026-07-28,45.496472,515498320.0,-4549647.199999999
2026-07-29,44.884931,517998320.0,112212327.5
2026-07-30,44.64731,516798320.0,-53576772.0
2026-07-31,44.328752,520298320.0,155150632.0
2026-08-03,44.368308,520448320.0,6655246.2
2026-08-04,44.100178,520998320.0,24255097.9
2026-08-05,43.656569,520898320.0,-4365656.899999999
2026-08-06,43.381023,519498320.0,-60733432.199999996
2026-08-07,43.603243,520398320.0,39242918.699999996
2026-08-10,43.135916,520398320.0,0.0
2026-08-11,43.618438,518598320.0,-78513188.39999999
2026-08-12,43.850097,518448320.0,-6577514.55
2026-08-13,44.02502,517948320.0,-22012510.0
2026-08-14,44.302486,517748320.0,-8860497.200000001
2026-08-17,44.16307,516248320.0,-66244605.0
2026-08-18,44.004334,516998320.0,33003250.5
2026-08-19,44.01383,514698320.0,-101231809.0
2026-08-20,43.76674,513648320.0,-45955077.0
2026-08-21,42.754917,514248320.0,25652950.2
2026-08-24,43.20424,514248320.0,0.0
2026-08-25,43.294167,515198320.0,41129458.65
2026-08-26,43.495735,515748320.0,23922654.25
2026-08-27,43.169179,515748320.0,0.0
2026-08-28,42.717059,515298320.0,-19222676.55
2026-08-31,42.213311,517298320.0,84426622.0
2026-09-01,42.570936,518648320.0,57470763.6
2026-09-02,42.652273,518898320.0,10663068.25
2026-09-03,43.015068,520148320.0,53768835.0
2026-09-04,43.06505,519198320.0,-40911797.5
2026-09-08,43.439568,518548320.0,-28235719.2
2026-09-09,42.944753,519148320.0,25766851.8
2026-09-10,42.521464,519148320.0,0.0
2026-09-11,42.376416,519098320.0,-2118820.8
2026-09-14,41.808164,519598320.0,20904082.0
2026-09-15,41.319168,520898320.0,53714918.4
2026-09-16,41.324501,520848320.0,-2066225.0499999998
2026-09-17,41.680115,517198320.0,-152132419.75
2026-09-18,41.098392,514648320.0,-104800899.6
2026-09-21,40.64072,515448320.0,32512576.0
2026-09-22,40.52173,523198320.0,314043407.5
2026-09-23,39.76208,526498320.0,131214863.99999999
2026-09-24,39.370265,526198320.0,-11811079.500000002
2026-09-25,39.524136,532198320.0,237144816.0
2026-09-28,39.265941,535898320.0,145283981.7
2026-09-29,39.714111,535348320.0,-21842761.05
2026-09-30,39.429683,540898320.0,218834740.64999998
2026-10-01,39.671619,557048320.0,640696646.85
2026-10-02,39.819308,566598320.0,380274391.4
2026-10-05,39.955185,568048320.0,57935018.25
